[2025-05-10T14:19:20.711+0000] {manager.py:487} INFO - Processing files using up to 1 processes at a time 
[2025-05-10T14:19:20.712+0000] {manager.py:488} INFO - Process each file at most once every 30 seconds
[2025-05-10T14:19:20.714+0000] {manager.py:489} INFO - Checking for new files in /opt/airflow/dags every 300 seconds
[2025-05-10T14:19:20.714+0000] {manager.py:759} INFO - Searching for files in /opt/airflow/dags
[2025-05-10T14:19:20.719+0000] {manager.py:762} INFO - There are 1 files in /opt/airflow/dags
[2025-05-10T14:19:21.052+0000] {manager.py:893} INFO - 
================================================================================
DAG File Processing Stats

File Path                         PID    Runtime      # DAGs    # Errors  Last Runtime    Last Run
--------------------------------  -----  ---------  --------  ----------  --------------  -------------------
/opt/airflow/dags/example_etl.py                           1           0  0.30s           2025-05-10T14:19:21
================================================================================
[2025-05-10T14:19:52.061+0000] {manager.py:893} INFO - 
================================================================================
DAG File Processing Stats

File Path                         PID    Runtime      # DAGs    # Errors  Last Runtime    Last Run
--------------------------------  -----  ---------  --------  ----------  --------------  -------------------
/opt/airflow/dags/example_etl.py                           1           0  0.11s           2025-05-10T14:19:52
================================================================================
[2025-05-10T14:20:22.294+0000] {manager.py:893} INFO - 
================================================================================
DAG File Processing Stats

File Path                         PID    Runtime      # DAGs    # Errors  Last Runtime    Last Run
--------------------------------  -----  ---------  --------  ----------  --------------  -------------------
/opt/airflow/dags/example_etl.py                           1           0  0.11s           2025-05-10T14:20:22
================================================================================
[2025-05-10T14:20:52.475+0000] {manager.py:893} INFO - 
================================================================================
DAG File Processing Stats

File Path                         PID    Runtime      # DAGs    # Errors  Last Runtime    Last Run
--------------------------------  -----  ---------  --------  ----------  --------------  -------------------
/opt/airflow/dags/example_etl.py                           1           0  0.11s           2025-05-10T14:20:52
================================================================================
[2025-05-10T14:21:22.691+0000] {manager.py:893} INFO - 
================================================================================
DAG File Processing Stats

File Path                         PID    Runtime      # DAGs    # Errors  Last Runtime    Last Run
--------------------------------  -----  ---------  --------  ----------  --------------  -------------------
/opt/airflow/dags/example_etl.py                           1           0  0.11s           2025-05-10T14:21:22
================================================================================
[2025-05-10T14:21:52.896+0000] {manager.py:893} INFO - 
================================================================================
DAG File Processing Stats

File Path                         PID    Runtime      # DAGs    # Errors  Last Runtime    Last Run
--------------------------------  -----  ---------  --------  ----------  --------------  -------------------
/opt/airflow/dags/example_etl.py                           1           0  0.11s           2025-05-10T14:21:52
================================================================================
[2025-05-10T14:22:23.149+0000] {manager.py:893} INFO - 
================================================================================
DAG File Processing Stats

File Path                         PID    Runtime      # DAGs    # Errors  Last Runtime    Last Run
--------------------------------  -----  ---------  --------  ----------  --------------  -------------------
/opt/airflow/dags/example_etl.py                           1           0  0.11s           2025-05-10T14:22:23
================================================================================
[2025-05-10T14:22:53.351+0000] {manager.py:893} INFO - 
================================================================================
DAG File Processing Stats

File Path                         PID    Runtime      # DAGs    # Errors  Last Runtime    Last Run
--------------------------------  -----  ---------  --------  ----------  --------------  -------------------
/opt/airflow/dags/example_etl.py                           1           0  0.11s           2025-05-10T14:22:53
================================================================================
[2025-05-10T14:23:23.555+0000] {manager.py:893} INFO - 
================================================================================
DAG File Processing Stats

File Path                         PID    Runtime      # DAGs    # Errors  Last Runtime    Last Run
--------------------------------  -----  ---------  --------  ----------  --------------  -------------------
/opt/airflow/dags/example_etl.py                           1           0  0.11s           2025-05-10T14:23:23
================================================================================
[2025-05-10T14:23:53.756+0000] {manager.py:893} INFO - 
================================================================================
DAG File Processing Stats

File Path                         PID    Runtime      # DAGs    # Errors  Last Runtime    Last Run
--------------------------------  -----  ---------  --------  ----------  --------------  -------------------
/opt/airflow/dags/example_etl.py                           1           0  0.11s           2025-05-10T14:23:53
================================================================================
[2025-05-10T14:24:20.730+0000] {manager.py:759} INFO - Searching for files in /opt/airflow/dags
[2025-05-10T14:24:20.736+0000] {manager.py:762} INFO - There are 1 files in /opt/airflow/dags
[2025-05-10T14:24:23.975+0000] {manager.py:893} INFO - 
================================================================================
DAG File Processing Stats

File Path                         PID    Runtime      # DAGs    # Errors  Last Runtime    Last Run
--------------------------------  -----  ---------  --------  ----------  --------------  -------------------
/opt/airflow/dags/example_etl.py                           1           0  0.11s           2025-05-10T14:24:23
================================================================================
[2025-05-10T14:24:54.212+0000] {manager.py:893} INFO - 
================================================================================
DAG File Processing Stats

File Path                         PID    Runtime      # DAGs    # Errors  Last Runtime    Last Run
--------------------------------  -----  ---------  --------  ----------  --------------  -------------------
/opt/airflow/dags/example_etl.py                           1           0  0.11s           2025-05-10T14:24:54
================================================================================
[2025-05-10T14:25:24.424+0000] {manager.py:893} INFO - 
================================================================================
DAG File Processing Stats

File Path                         PID    Runtime      # DAGs    # Errors  Last Runtime    Last Run
--------------------------------  -----  ---------  --------  ----------  --------------  -------------------
/opt/airflow/dags/example_etl.py                           1           0  0.11s           2025-05-10T14:25:24
================================================================================
[2025-05-10T14:25:54.652+0000] {manager.py:893} INFO - 
================================================================================
DAG File Processing Stats

File Path                         PID    Runtime      # DAGs    # Errors  Last Runtime    Last Run
--------------------------------  -----  ---------  --------  ----------  --------------  -------------------
/opt/airflow/dags/example_etl.py                           1           0  0.10s           2025-05-10T14:25:54
================================================================================
[2025-05-10T14:26:24.889+0000] {manager.py:893} INFO - 
================================================================================
DAG File Processing Stats

File Path                         PID    Runtime      # DAGs    # Errors  Last Runtime    Last Run
--------------------------------  -----  ---------  --------  ----------  --------------  -------------------
/opt/airflow/dags/example_etl.py                           1           0  0.10s           2025-05-10T14:26:24
================================================================================
[2025-05-10T14:26:55.099+0000] {manager.py:893} INFO - 
================================================================================
DAG File Processing Stats

File Path                         PID    Runtime      # DAGs    # Errors  Last Runtime    Last Run
--------------------------------  -----  ---------  --------  ----------  --------------  -------------------
/opt/airflow/dags/example_etl.py                           1           0  0.11s           2025-05-10T14:26:55
================================================================================
[2025-05-10T14:27:25.331+0000] {manager.py:893} INFO - 
================================================================================
DAG File Processing Stats

File Path                         PID    Runtime      # DAGs    # Errors  Last Runtime    Last Run
--------------------------------  -----  ---------  --------  ----------  --------------  -------------------
/opt/airflow/dags/example_etl.py                           1           0  0.11s           2025-05-10T14:27:25
================================================================================
[2025-05-10T14:27:55.543+0000] {manager.py:893} INFO - 
================================================================================
DAG File Processing Stats

File Path                         PID    Runtime      # DAGs    # Errors  Last Runtime    Last Run
--------------------------------  -----  ---------  --------  ----------  --------------  -------------------
/opt/airflow/dags/example_etl.py                           1           0  0.11s           2025-05-10T14:27:55
================================================================================
[2025-05-10T14:28:25.782+0000] {manager.py:893} INFO - 
================================================================================
DAG File Processing Stats

File Path                         PID    Runtime      # DAGs    # Errors  Last Runtime    Last Run
--------------------------------  -----  ---------  --------  ----------  --------------  -------------------
/opt/airflow/dags/example_etl.py                           1           0  0.11s           2025-05-10T14:28:25
================================================================================
[2025-05-10T14:28:33.970+0000] {manager.py:469} INFO - Exiting gracefully upon receiving signal 15
[2025-05-10T14:29:01.728+0000] {manager.py:487} INFO - Processing files using up to 1 processes at a time 
[2025-05-10T14:29:01.728+0000] {manager.py:488} INFO - Process each file at most once every 30 seconds
[2025-05-10T14:29:01.729+0000] {manager.py:489} INFO - Checking for new files in /opt/airflow/dags every 300 seconds
[2025-05-10T14:29:01.729+0000] {manager.py:759} INFO - Searching for files in /opt/airflow/dags
[2025-05-10T14:29:01.730+0000] {manager.py:762} INFO - There are 1 files in /opt/airflow/dags
[2025-05-10T14:29:01.959+0000] {manager.py:893} INFO - 
================================================================================
DAG File Processing Stats

File Path                         PID    Runtime      # DAGs    # Errors  Last Runtime    Last Run
--------------------------------  -----  ---------  --------  ----------  --------------  -------------------
/opt/airflow/dags/example_etl.py                           1           0  0.20s           2025-05-10T14:29:01
================================================================================
[2025-05-10T14:29:33.086+0000] {manager.py:893} INFO - 
================================================================================
DAG File Processing Stats

File Path                         PID    Runtime      # DAGs    # Errors  Last Runtime    Last Run
--------------------------------  -----  ---------  --------  ----------  --------------  -------------------
/opt/airflow/dags/example_etl.py                           1           0  0.11s           2025-05-10T14:29:33
================================================================================
[2025-05-10T14:30:03.354+0000] {manager.py:893} INFO - 
================================================================================
DAG File Processing Stats

File Path                         PID    Runtime      # DAGs    # Errors  Last Runtime    Last Run
--------------------------------  -----  ---------  --------  ----------  --------------  -------------------
/opt/airflow/dags/example_etl.py                           1           0  0.10s           2025-05-10T14:30:03
================================================================================
[2025-05-10T14:30:33.555+0000] {manager.py:893} INFO - 
================================================================================
DAG File Processing Stats

File Path                         PID    Runtime      # DAGs    # Errors  Last Runtime    Last Run
--------------------------------  -----  ---------  --------  ----------  --------------  -------------------
/opt/airflow/dags/example_etl.py                           1           0  0.10s           2025-05-10T14:30:33
================================================================================
[2025-05-10T14:31:03.826+0000] {manager.py:893} INFO - 
================================================================================
DAG File Processing Stats

File Path                         PID    Runtime      # DAGs    # Errors  Last Runtime    Last Run
--------------------------------  -----  ---------  --------  ----------  --------------  -------------------
/opt/airflow/dags/example_etl.py                           1           0  0.11s           2025-05-10T14:31:03
================================================================================
[2025-05-10T14:31:34.076+0000] {manager.py:893} INFO - 
================================================================================
DAG File Processing Stats

File Path                         PID    Runtime      # DAGs    # Errors  Last Runtime    Last Run
--------------------------------  -----  ---------  --------  ----------  --------------  -------------------
/opt/airflow/dags/example_etl.py                           1           0  0.11s           2025-05-10T14:31:34
================================================================================
[2025-05-10T14:32:04.327+0000] {manager.py:893} INFO - 
================================================================================
DAG File Processing Stats

File Path                         PID    Runtime      # DAGs    # Errors  Last Runtime    Last Run
--------------------------------  -----  ---------  --------  ----------  --------------  -------------------
/opt/airflow/dags/example_etl.py                           1           0  0.11s           2025-05-10T14:32:04
================================================================================
[2025-05-10T14:32:34.548+0000] {manager.py:893} INFO - 
================================================================================
DAG File Processing Stats

File Path                         PID    Runtime      # DAGs    # Errors  Last Runtime    Last Run
--------------------------------  -----  ---------  --------  ----------  --------------  -------------------
/opt/airflow/dags/example_etl.py                           1           0  0.11s           2025-05-10T14:32:34
================================================================================
[2025-05-10T14:33:04.823+0000] {manager.py:893} INFO - 
================================================================================
DAG File Processing Stats

File Path                         PID    Runtime      # DAGs    # Errors  Last Runtime    Last Run
--------------------------------  -----  ---------  --------  ----------  --------------  -------------------
/opt/airflow/dags/example_etl.py                           1           0  0.11s           2025-05-10T14:33:04
================================================================================
[2025-05-10T14:33:35.018+0000] {manager.py:893} INFO - 
================================================================================
DAG File Processing Stats

File Path                         PID    Runtime      # DAGs    # Errors  Last Runtime    Last Run
--------------------------------  -----  ---------  --------  ----------  --------------  -------------------
/opt/airflow/dags/example_etl.py                           1           0  0.11s           2025-05-10T14:33:35
================================================================================
[2025-05-10T14:34:01.743+0000] {manager.py:759} INFO - Searching for files in /opt/airflow/dags
[2025-05-10T14:34:01.752+0000] {manager.py:762} INFO - There are 1 files in /opt/airflow/dags
[2025-05-10T14:34:05.284+0000] {manager.py:893} INFO - 
================================================================================
DAG File Processing Stats

File Path                         PID    Runtime      # DAGs    # Errors  Last Runtime    Last Run
--------------------------------  -----  ---------  --------  ----------  --------------  -------------------
/opt/airflow/dags/example_etl.py                           1           0  0.11s           2025-05-10T14:34:05
================================================================================
[2025-05-10T14:34:35.493+0000] {manager.py:893} INFO - 
================================================================================
DAG File Processing Stats

File Path                         PID    Runtime      # DAGs    # Errors  Last Runtime    Last Run
--------------------------------  -----  ---------  --------  ----------  --------------  -------------------
/opt/airflow/dags/example_etl.py                           1           0  0.10s           2025-05-10T14:34:35
================================================================================
[2025-05-10T14:35:05.737+0000] {manager.py:893} INFO - 
================================================================================
DAG File Processing Stats

File Path                         PID    Runtime      # DAGs    # Errors  Last Runtime    Last Run
--------------------------------  -----  ---------  --------  ----------  --------------  -------------------
/opt/airflow/dags/example_etl.py                           1           0  0.10s           2025-05-10T14:35:05
================================================================================
[2025-05-10T14:35:36.028+0000] {manager.py:893} INFO - 
================================================================================
DAG File Processing Stats

File Path                         PID    Runtime      # DAGs    # Errors  Last Runtime    Last Run
--------------------------------  -----  ---------  --------  ----------  --------------  -------------------
/opt/airflow/dags/example_etl.py                           1           0  0.11s           2025-05-10T14:35:36
================================================================================
[2025-05-10T14:36:06.265+0000] {manager.py:893} INFO - 
================================================================================
DAG File Processing Stats

File Path                         PID    Runtime      # DAGs    # Errors  Last Runtime    Last Run
--------------------------------  -----  ---------  --------  ----------  --------------  -------------------
/opt/airflow/dags/example_etl.py                           1           0  0.11s           2025-05-10T14:36:06
================================================================================
[2025-05-10T14:36:36.490+0000] {manager.py:893} INFO - 
================================================================================
DAG File Processing Stats

File Path                         PID    Runtime      # DAGs    # Errors  Last Runtime    Last Run
--------------------------------  -----  ---------  --------  ----------  --------------  -------------------
/opt/airflow/dags/example_etl.py                           1           0  0.10s           2025-05-10T14:36:36
================================================================================
[2025-05-10T14:37:06.696+0000] {manager.py:893} INFO - 
================================================================================
DAG File Processing Stats

File Path                         PID    Runtime      # DAGs    # Errors  Last Runtime    Last Run
--------------------------------  -----  ---------  --------  ----------  --------------  -------------------
/opt/airflow/dags/example_etl.py                           1           0  0.11s           2025-05-10T14:37:06
================================================================================
[2025-05-10T14:37:36.945+0000] {manager.py:893} INFO - 
================================================================================
DAG File Processing Stats

File Path                         PID    Runtime      # DAGs    # Errors  Last Runtime    Last Run
--------------------------------  -----  ---------  --------  ----------  --------------  -------------------
/opt/airflow/dags/example_etl.py                           1           0  0.11s           2025-05-10T14:37:36
================================================================================
[2025-05-10T14:38:07.194+0000] {manager.py:893} INFO - 
================================================================================
DAG File Processing Stats

File Path                         PID    Runtime      # DAGs    # Errors  Last Runtime    Last Run
--------------------------------  -----  ---------  --------  ----------  --------------  -------------------
/opt/airflow/dags/example_etl.py                           1           0  0.11s           2025-05-10T14:38:07
================================================================================
[2025-05-10T14:38:37.406+0000] {manager.py:893} INFO - 
================================================================================
DAG File Processing Stats

File Path                         PID    Runtime      # DAGs    # Errors  Last Runtime    Last Run
--------------------------------  -----  ---------  --------  ----------  --------------  -------------------
/opt/airflow/dags/example_etl.py                           1           0  0.11s           2025-05-10T14:38:37
================================================================================
[2025-05-10T14:39:01.802+0000] {manager.py:759} INFO - Searching for files in /opt/airflow/dags
[2025-05-10T14:39:01.807+0000] {manager.py:762} INFO - There are 1 files in /opt/airflow/dags
[2025-05-10T14:39:07.633+0000] {manager.py:893} INFO - 
================================================================================
DAG File Processing Stats

File Path                         PID    Runtime      # DAGs    # Errors  Last Runtime    Last Run
--------------------------------  -----  ---------  --------  ----------  --------------  -------------------
/opt/airflow/dags/example_etl.py                           1           0  0.11s           2025-05-10T14:39:07
================================================================================
[2025-05-10T14:39:37.855+0000] {manager.py:893} INFO - 
================================================================================
DAG File Processing Stats

File Path                         PID    Runtime      # DAGs    # Errors  Last Runtime    Last Run
--------------------------------  -----  ---------  --------  ----------  --------------  -------------------
/opt/airflow/dags/example_etl.py                           1           0  0.10s           2025-05-10T14:39:37
================================================================================
[2025-05-10T14:40:08.119+0000] {manager.py:893} INFO - 
================================================================================
DAG File Processing Stats

File Path                         PID    Runtime      # DAGs    # Errors  Last Runtime    Last Run
--------------------------------  -----  ---------  --------  ----------  --------------  -------------------
/opt/airflow/dags/example_etl.py                           1           0  0.11s           2025-05-10T14:40:08
================================================================================
[2025-05-10T14:40:38.379+0000] {manager.py:893} INFO - 
================================================================================
DAG File Processing Stats

File Path                         PID    Runtime      # DAGs    # Errors  Last Runtime    Last Run
--------------------------------  -----  ---------  --------  ----------  --------------  -------------------
/opt/airflow/dags/example_etl.py                           1           0  0.11s           2025-05-10T14:40:38
================================================================================
[2025-05-10T14:41:08.616+0000] {manager.py:893} INFO - 
================================================================================
DAG File Processing Stats

File Path                         PID    Runtime      # DAGs    # Errors  Last Runtime    Last Run
--------------------------------  -----  ---------  --------  ----------  --------------  -------------------
/opt/airflow/dags/example_etl.py                           1           0  0.11s           2025-05-10T14:41:08
================================================================================
[2025-05-10T14:41:38.837+0000] {manager.py:893} INFO - 
================================================================================
DAG File Processing Stats

File Path                         PID    Runtime      # DAGs    # Errors  Last Runtime    Last Run
--------------------------------  -----  ---------  --------  ----------  --------------  -------------------
/opt/airflow/dags/example_etl.py                           1           0  0.11s           2025-05-10T14:41:38
================================================================================
[2025-05-10T14:42:09.064+0000] {manager.py:893} INFO - 
================================================================================
DAG File Processing Stats

File Path                         PID    Runtime      # DAGs    # Errors  Last Runtime    Last Run
--------------------------------  -----  ---------  --------  ----------  --------------  -------------------
/opt/airflow/dags/example_etl.py                           1           0  0.11s           2025-05-10T14:42:09
================================================================================
[2025-05-10T14:42:39.335+0000] {manager.py:893} INFO - 
================================================================================
DAG File Processing Stats

File Path                         PID    Runtime      # DAGs    # Errors  Last Runtime    Last Run
--------------------------------  -----  ---------  --------  ----------  --------------  -------------------
/opt/airflow/dags/example_etl.py                           1           0  0.11s           2025-05-10T14:42:39
================================================================================
[2025-05-10T14:42:43.297+0000] {manager.py:469} INFO - Exiting gracefully upon receiving signal 15
[2025-05-10T14:43:03.287+0000] {manager.py:487} INFO - Processing files using up to 1 processes at a time 
[2025-05-10T14:43:03.288+0000] {manager.py:488} INFO - Process each file at most once every 30 seconds
[2025-05-10T14:43:03.288+0000] {manager.py:489} INFO - Checking for new files in /opt/airflow/dags every 300 seconds
[2025-05-10T14:43:03.288+0000] {manager.py:759} INFO - Searching for files in /opt/airflow/dags
[2025-05-10T14:43:03.291+0000] {manager.py:762} INFO - There are 2 files in /opt/airflow/dags
[2025-05-10T14:43:03.416+0000] {manager.py:893} INFO - 
================================================================================
DAG File Processing Stats

File Path                             PID    Runtime      # DAGs    # Errors  Last Runtime    Last Run
------------------------------------  -----  ---------  --------  ----------  --------------  -------------------
/opt/airflow/dags/example_etl.py                               0           0
/opt/airflow/dags/train_model_dag.py                           1           0  0.10s           2025-05-10T14:43:03
================================================================================
[2025-05-10T14:43:34.639+0000] {manager.py:893} INFO - 
================================================================================
DAG File Processing Stats

File Path                             PID    Runtime      # DAGs    # Errors  Last Runtime    Last Run
------------------------------------  -----  ---------  --------  ----------  --------------  -------------------
/opt/airflow/dags/train_model_dag.py                           1           0  0.21s           2025-05-10T14:43:34
/opt/airflow/dags/example_etl.py                               1           0  0.10s           2025-05-10T14:43:04
================================================================================
[2025-05-10T14:44:04.775+0000] {manager.py:893} INFO - 
================================================================================
DAG File Processing Stats

File Path                             PID    Runtime      # DAGs    # Errors  Last Runtime    Last Run
------------------------------------  -----  ---------  --------  ----------  --------------  -------------------
/opt/airflow/dags/train_model_dag.py                           1           0  0.11s           2025-05-10T14:44:04
/opt/airflow/dags/example_etl.py                               1           0  0.11s           2025-05-10T14:43:35
================================================================================
[2025-05-10T14:44:35.029+0000] {manager.py:893} INFO - 
================================================================================
DAG File Processing Stats

File Path                             PID    Runtime      # DAGs    # Errors  Last Runtime    Last Run
------------------------------------  -----  ---------  --------  ----------  --------------  -------------------
/opt/airflow/dags/train_model_dag.py                           1           0  0.10s           2025-05-10T14:44:35
/opt/airflow/dags/example_etl.py                               1           0  0.11s           2025-05-10T14:44:05
================================================================================
[2025-05-10T14:45:05.307+0000] {manager.py:893} INFO - 
================================================================================
DAG File Processing Stats

File Path                             PID    Runtime      # DAGs    # Errors  Last Runtime    Last Run
------------------------------------  -----  ---------  --------  ----------  --------------  -------------------
/opt/airflow/dags/train_model_dag.py                           1           0  0.11s           2025-05-10T14:45:05
/opt/airflow/dags/example_etl.py                               1           0  0.11s           2025-05-10T14:44:36
================================================================================
[2025-05-10T14:45:35.543+0000] {manager.py:893} INFO - 
================================================================================
DAG File Processing Stats

File Path                             PID    Runtime      # DAGs    # Errors  Last Runtime    Last Run
------------------------------------  -----  ---------  --------  ----------  --------------  -------------------
/opt/airflow/dags/train_model_dag.py                           1           0  0.11s           2025-05-10T14:45:35
/opt/airflow/dags/example_etl.py                               1           0  0.11s           2025-05-10T14:45:06
================================================================================
[2025-05-10T14:46:05.786+0000] {manager.py:893} INFO - 
================================================================================
DAG File Processing Stats

File Path                             PID    Runtime      # DAGs    # Errors  Last Runtime    Last Run
------------------------------------  -----  ---------  --------  ----------  --------------  -------------------
/opt/airflow/dags/train_model_dag.py                           1           0  0.11s           2025-05-10T14:46:05
/opt/airflow/dags/example_etl.py                               1           0  0.11s           2025-05-10T14:45:36
================================================================================
[2025-05-10T14:46:35.988+0000] {manager.py:893} INFO - 
================================================================================
DAG File Processing Stats

File Path                             PID    Runtime      # DAGs    # Errors  Last Runtime    Last Run
------------------------------------  -----  ---------  --------  ----------  --------------  -------------------
/opt/airflow/dags/train_model_dag.py                           1           0  0.11s           2025-05-10T14:46:35
/opt/airflow/dags/example_etl.py                               1           0  0.11s           2025-05-10T14:46:06
================================================================================
[2025-05-10T14:47:06.236+0000] {manager.py:893} INFO - 
================================================================================
DAG File Processing Stats

File Path                             PID    Runtime      # DAGs    # Errors  Last Runtime    Last Run
------------------------------------  -----  ---------  --------  ----------  --------------  -------------------
/opt/airflow/dags/train_model_dag.py                           1           0  0.11s           2025-05-10T14:47:01
/opt/airflow/dags/example_etl.py                               1           0  0.10s           2025-05-10T14:46:37
================================================================================
[2025-05-10T14:47:31.201+0000] {manager.py:469} INFO - Exiting gracefully upon receiving signal 15
[2025-05-10T14:47:57.678+0000] {manager.py:487} INFO - Processing files using up to 1 processes at a time 
[2025-05-10T14:47:57.679+0000] {manager.py:488} INFO - Process each file at most once every 30 seconds
[2025-05-10T14:47:57.680+0000] {manager.py:489} INFO - Checking for new files in /opt/airflow/dags every 300 seconds
[2025-05-10T14:47:57.681+0000] {manager.py:759} INFO - Searching for files in /opt/airflow/dags
[2025-05-10T14:47:57.683+0000] {manager.py:762} INFO - There are 2 files in /opt/airflow/dags
[2025-05-10T14:47:57.809+0000] {manager.py:893} INFO - 
================================================================================
DAG File Processing Stats

File Path                             PID    Runtime      # DAGs    # Errors  Last Runtime    Last Run
------------------------------------  -----  ---------  --------  ----------  --------------  -------------------
/opt/airflow/dags/example_etl.py                               0           0
/opt/airflow/dags/train_model_dag.py                           1           0  0.10s           2025-05-10T14:47:57
================================================================================
[2025-05-10T14:48:28.010+0000] {manager.py:893} INFO - 
================================================================================
DAG File Processing Stats

File Path                             PID    Runtime      # DAGs    # Errors  Last Runtime    Last Run
------------------------------------  -----  ---------  --------  ----------  --------------  -------------------
/opt/airflow/dags/train_model_dag.py                           1           0  0.11s           2025-05-10T14:48:28
/opt/airflow/dags/example_etl.py                               1           0  0.10s           2025-05-10T14:47:58
================================================================================
[2025-05-10T14:48:58.359+0000] {manager.py:893} INFO - 
================================================================================
DAG File Processing Stats

File Path                             PID    Runtime      # DAGs    # Errors  Last Runtime    Last Run
------------------------------------  -----  ---------  --------  ----------  --------------  -------------------
/opt/airflow/dags/train_model_dag.py                           1           0  0.11s           2025-05-10T14:48:58
/opt/airflow/dags/example_etl.py                               1           0  0.11s           2025-05-10T14:48:29
================================================================================
[2025-05-10T14:49:28.724+0000] {manager.py:893} INFO - 
================================================================================
DAG File Processing Stats

File Path                             PID    Runtime      # DAGs    # Errors  Last Runtime    Last Run
------------------------------------  -----  ---------  --------  ----------  --------------  -------------------
/opt/airflow/dags/train_model_dag.py                           1           0  0.11s           2025-05-10T14:49:28
/opt/airflow/dags/example_etl.py                               1           0  0.11s           2025-05-10T14:48:59
================================================================================
[2025-05-10T14:49:59.055+0000] {manager.py:893} INFO - 
================================================================================
DAG File Processing Stats

File Path                             PID    Runtime      # DAGs    # Errors  Last Runtime    Last Run
------------------------------------  -----  ---------  --------  ----------  --------------  -------------------
/opt/airflow/dags/train_model_dag.py                           1           0  0.10s           2025-05-10T14:49:59
/opt/airflow/dags/example_etl.py                               1           0  0.11s           2025-05-10T14:49:29
================================================================================
[2025-05-10T14:50:29.303+0000] {manager.py:893} INFO - 
================================================================================
DAG File Processing Stats

File Path                             PID    Runtime      # DAGs    # Errors  Last Runtime    Last Run
------------------------------------  -----  ---------  --------  ----------  --------------  -------------------
/opt/airflow/dags/train_model_dag.py                           1           0  0.10s           2025-05-10T14:50:29
/opt/airflow/dags/example_etl.py                               1           0  0.11s           2025-05-10T14:50:00
================================================================================
[2025-05-10T14:50:59.423+0000] {manager.py:893} INFO - 
================================================================================
DAG File Processing Stats

File Path                             PID    Runtime      # DAGs    # Errors  Last Runtime    Last Run
------------------------------------  -----  ---------  --------  ----------  --------------  -------------------
/opt/airflow/dags/train_model_dag.py                           1           0  0.10s           2025-05-10T14:50:59
/opt/airflow/dags/example_etl.py                               1           0  0.11s           2025-05-10T14:50:30
================================================================================
[2025-05-10T14:51:29.805+0000] {manager.py:893} INFO - 
================================================================================
DAG File Processing Stats

File Path                             PID    Runtime      # DAGs    # Errors  Last Runtime    Last Run
------------------------------------  -----  ---------  --------  ----------  --------------  -------------------
/opt/airflow/dags/train_model_dag.py                           1           0  0.10s           2025-05-10T14:51:29
/opt/airflow/dags/example_etl.py                               1           0  0.11s           2025-05-10T14:51:00
================================================================================
[2025-05-10T14:52:00.162+0000] {manager.py:893} INFO - 
================================================================================
DAG File Processing Stats

File Path                             PID    Runtime      # DAGs    # Errors  Last Runtime    Last Run
------------------------------------  -----  ---------  --------  ----------  --------------  -------------------
/opt/airflow/dags/train_model_dag.py                           1           0  0.10s           2025-05-10T14:52:00
/opt/airflow/dags/example_etl.py                               1           0  0.11s           2025-05-10T14:51:30
================================================================================
[2025-05-10T14:52:30.495+0000] {manager.py:893} INFO - 
================================================================================
DAG File Processing Stats

File Path                             PID    Runtime      # DAGs    # Errors  Last Runtime    Last Run
------------------------------------  -----  ---------  --------  ----------  --------------  -------------------
/opt/airflow/dags/train_model_dag.py                           1           0  0.11s           2025-05-10T14:52:30
/opt/airflow/dags/example_etl.py                               1           0  0.10s           2025-05-10T14:52:01
================================================================================
[2025-05-10T14:52:57.691+0000] {manager.py:759} INFO - Searching for files in /opt/airflow/dags
[2025-05-10T14:52:57.700+0000] {manager.py:762} INFO - There are 2 files in /opt/airflow/dags
[2025-05-10T14:53:00.872+0000] {manager.py:893} INFO - 
================================================================================
DAG File Processing Stats

File Path                             PID    Runtime      # DAGs    # Errors  Last Runtime    Last Run
------------------------------------  -----  ---------  --------  ----------  --------------  -------------------
/opt/airflow/dags/train_model_dag.py                           1           0  0.11s           2025-05-10T14:53:00
/opt/airflow/dags/example_etl.py                               1           0  0.11s           2025-05-10T14:52:31
================================================================================
[2025-05-10T14:53:31.033+0000] {manager.py:893} INFO - 
================================================================================
DAG File Processing Stats

File Path                             PID    Runtime      # DAGs    # Errors  Last Runtime    Last Run
------------------------------------  -----  ---------  --------  ----------  --------------  -------------------
/opt/airflow/dags/train_model_dag.py                           1           0  0.11s           2025-05-10T14:53:31
/opt/airflow/dags/example_etl.py                               1           0  0.11s           2025-05-10T14:53:02
================================================================================
[2025-05-10T14:54:01.173+0000] {manager.py:893} INFO - 
================================================================================
DAG File Processing Stats

File Path                             PID    Runtime      # DAGs    # Errors  Last Runtime    Last Run
------------------------------------  -----  ---------  --------  ----------  --------------  -------------------
/opt/airflow/dags/train_model_dag.py                           1           0  0.11s           2025-05-10T14:54:01
/opt/airflow/dags/example_etl.py                               1           0  0.11s           2025-05-10T14:53:32
================================================================================
[2025-05-10T14:54:31.677+0000] {manager.py:893} INFO - 
================================================================================
DAG File Processing Stats

File Path                             PID    Runtime      # DAGs    # Errors  Last Runtime    Last Run
------------------------------------  -----  ---------  --------  ----------  --------------  -------------------
/opt/airflow/dags/train_model_dag.py                           1           0  0.11s           2025-05-10T14:54:31
/opt/airflow/dags/example_etl.py                               1           0  0.11s           2025-05-10T14:54:02
================================================================================
[2025-05-10T14:55:02.004+0000] {manager.py:893} INFO - 
================================================================================
DAG File Processing Stats

File Path                             PID    Runtime      # DAGs    # Errors  Last Runtime    Last Run
------------------------------------  -----  ---------  --------  ----------  --------------  -------------------
/opt/airflow/dags/train_model_dag.py                           1           0  0.12s           2025-05-10T14:55:02
/opt/airflow/dags/example_etl.py                               1           0  0.10s           2025-05-10T14:54:32
================================================================================
[2025-05-10T14:55:32.335+0000] {manager.py:893} INFO - 
================================================================================
DAG File Processing Stats

File Path                             PID    Runtime      # DAGs    # Errors  Last Runtime    Last Run
------------------------------------  -----  ---------  --------  ----------  --------------  -------------------
/opt/airflow/dags/train_model_dag.py                           1           0  0.11s           2025-05-10T14:55:32
/opt/airflow/dags/example_etl.py                               1           0  0.11s           2025-05-10T14:55:03
================================================================================
[2025-05-10T14:56:02.586+0000] {manager.py:893} INFO - 
================================================================================
DAG File Processing Stats

File Path                             PID    Runtime      # DAGs    # Errors  Last Runtime    Last Run
------------------------------------  -----  ---------  --------  ----------  --------------  -------------------
/opt/airflow/dags/train_model_dag.py                           1           0  0.11s           2025-05-10T14:56:02
/opt/airflow/dags/example_etl.py                               1           0  0.10s           2025-05-10T14:55:33
================================================================================
[2025-05-10T14:56:32.944+0000] {manager.py:893} INFO - 
================================================================================
DAG File Processing Stats

File Path                             PID    Runtime      # DAGs    # Errors  Last Runtime    Last Run
------------------------------------  -----  ---------  --------  ----------  --------------  -------------------
/opt/airflow/dags/train_model_dag.py                           1           0  0.11s           2025-05-10T14:56:32
/opt/airflow/dags/example_etl.py                               1           0  0.11s           2025-05-10T14:56:03
================================================================================
[2025-05-10T14:57:03.306+0000] {manager.py:893} INFO - 
================================================================================
DAG File Processing Stats

File Path                             PID    Runtime      # DAGs    # Errors  Last Runtime    Last Run
------------------------------------  -----  ---------  --------  ----------  --------------  -------------------
/opt/airflow/dags/train_model_dag.py                           1           0  0.11s           2025-05-10T14:57:03
/opt/airflow/dags/example_etl.py                               1           0  0.10s           2025-05-10T14:56:34
================================================================================
[2025-05-10T14:57:33.681+0000] {manager.py:893} INFO - 
================================================================================
DAG File Processing Stats

File Path                             PID    Runtime      # DAGs    # Errors  Last Runtime    Last Run
------------------------------------  -----  ---------  --------  ----------  --------------  -------------------
/opt/airflow/dags/train_model_dag.py                           1           0  0.11s           2025-05-10T14:57:33
/opt/airflow/dags/example_etl.py                               1           0  0.11s           2025-05-10T14:57:04
================================================================================
[2025-05-10T14:57:57.741+0000] {manager.py:759} INFO - Searching for files in /opt/airflow/dags
[2025-05-10T14:57:57.746+0000] {manager.py:762} INFO - There are 2 files in /opt/airflow/dags
[2025-05-10T14:58:04.056+0000] {manager.py:893} INFO - 
================================================================================
DAG File Processing Stats

File Path                             PID    Runtime      # DAGs    # Errors  Last Runtime    Last Run
------------------------------------  -----  ---------  --------  ----------  --------------  -------------------
/opt/airflow/dags/train_model_dag.py                           1           0  0.11s           2025-05-10T14:58:04
/opt/airflow/dags/example_etl.py                               1           0  0.11s           2025-05-10T14:57:34
================================================================================
[2025-05-10T14:58:34.393+0000] {manager.py:893} INFO - 
================================================================================
DAG File Processing Stats

File Path                             PID    Runtime      # DAGs    # Errors  Last Runtime    Last Run
------------------------------------  -----  ---------  --------  ----------  --------------  -------------------
/opt/airflow/dags/train_model_dag.py                           1           0  0.11s           2025-05-10T14:58:34
/opt/airflow/dags/example_etl.py                               1           0  0.11s           2025-05-10T14:58:05
================================================================================
[2025-05-10T14:59:04.740+0000] {manager.py:893} INFO - 
================================================================================
DAG File Processing Stats

File Path                             PID    Runtime      # DAGs    # Errors  Last Runtime    Last Run
------------------------------------  -----  ---------  --------  ----------  --------------  -------------------
/opt/airflow/dags/train_model_dag.py                           1           0  0.11s           2025-05-10T14:59:04
/opt/airflow/dags/example_etl.py                               1           0  0.11s           2025-05-10T14:58:35
================================================================================
[2025-05-10T14:59:35.108+0000] {manager.py:893} INFO - 
================================================================================
DAG File Processing Stats

File Path                             PID    Runtime      # DAGs    # Errors  Last Runtime    Last Run
------------------------------------  -----  ---------  --------  ----------  --------------  -------------------
/opt/airflow/dags/train_model_dag.py                           1           0  0.11s           2025-05-10T14:59:35
/opt/airflow/dags/example_etl.py                               1           0  0.11s           2025-05-10T14:59:05
================================================================================
[2025-05-10T15:00:05.397+0000] {manager.py:893} INFO - 
================================================================================
DAG File Processing Stats

File Path                             PID    Runtime      # DAGs    # Errors  Last Runtime    Last Run
------------------------------------  -----  ---------  --------  ----------  --------------  -------------------
/opt/airflow/dags/train_model_dag.py                           1           0  0.11s           2025-05-10T15:00:05
/opt/airflow/dags/example_etl.py                               1           0  0.11s           2025-05-10T14:59:36
================================================================================
[2025-05-10T15:00:35.742+0000] {manager.py:893} INFO - 
================================================================================
DAG File Processing Stats

File Path                             PID    Runtime      # DAGs    # Errors  Last Runtime    Last Run
------------------------------------  -----  ---------  --------  ----------  --------------  -------------------
/opt/airflow/dags/train_model_dag.py                           1           0  0.11s           2025-05-10T15:00:35
/opt/airflow/dags/example_etl.py                               1           0  0.11s           2025-05-10T15:00:06
================================================================================
[2025-05-10T15:01:06.102+0000] {manager.py:893} INFO - 
================================================================================
DAG File Processing Stats

File Path                             PID    Runtime      # DAGs    # Errors  Last Runtime    Last Run
------------------------------------  -----  ---------  --------  ----------  --------------  -------------------
/opt/airflow/dags/train_model_dag.py                           1           0  0.11s           2025-05-10T15:01:06
/opt/airflow/dags/example_etl.py                               1           0  0.10s           2025-05-10T15:00:36
================================================================================
[2025-05-10T15:01:36.445+0000] {manager.py:893} INFO - 
================================================================================
DAG File Processing Stats

File Path                             PID    Runtime      # DAGs    # Errors  Last Runtime    Last Run
------------------------------------  -----  ---------  --------  ----------  --------------  -------------------
/opt/airflow/dags/train_model_dag.py                           1           0  0.11s           2025-05-10T15:01:36
/opt/airflow/dags/example_etl.py                               1           0  0.11s           2025-05-10T15:01:07
================================================================================
[2025-05-10T15:02:06.791+0000] {manager.py:893} INFO - 
================================================================================
DAG File Processing Stats

File Path                             PID    Runtime      # DAGs    # Errors  Last Runtime    Last Run
------------------------------------  -----  ---------  --------  ----------  --------------  -------------------
/opt/airflow/dags/train_model_dag.py                           1           0  0.11s           2025-05-10T15:02:06
/opt/airflow/dags/example_etl.py                               1           0  0.11s           2025-05-10T15:01:37
================================================================================
[2025-05-10T15:02:37.137+0000] {manager.py:893} INFO - 
================================================================================
DAG File Processing Stats

File Path                             PID    Runtime      # DAGs    # Errors  Last Runtime    Last Run
------------------------------------  -----  ---------  --------  ----------  --------------  -------------------
/opt/airflow/dags/train_model_dag.py                           1           0  0.11s           2025-05-10T15:02:37
/opt/airflow/dags/example_etl.py                               1           0  0.11s           2025-05-10T15:02:07
================================================================================
[2025-05-10T15:02:57.780+0000] {manager.py:759} INFO - Searching for files in /opt/airflow/dags
[2025-05-10T15:02:57.789+0000] {manager.py:762} INFO - There are 2 files in /opt/airflow/dags
[2025-05-10T15:03:07.465+0000] {manager.py:893} INFO - 
================================================================================
DAG File Processing Stats

File Path                             PID    Runtime      # DAGs    # Errors  Last Runtime    Last Run
------------------------------------  -----  ---------  --------  ----------  --------------  -------------------
/opt/airflow/dags/train_model_dag.py                           1           0  0.11s           2025-05-10T15:03:07
/opt/airflow/dags/example_etl.py                               1           0  0.11s           2025-05-10T15:02:38
================================================================================
[2025-05-10T15:03:37.774+0000] {manager.py:893} INFO - 
================================================================================
DAG File Processing Stats

File Path                             PID    Runtime      # DAGs    # Errors  Last Runtime    Last Run
------------------------------------  -----  ---------  --------  ----------  --------------  -------------------
/opt/airflow/dags/train_model_dag.py                           1           0  0.11s           2025-05-10T15:03:37
/opt/airflow/dags/example_etl.py                               1           0  0.11s           2025-05-10T15:03:08
================================================================================
[2025-05-10T15:04:08.116+0000] {manager.py:893} INFO - 
================================================================================
DAG File Processing Stats

File Path                             PID    Runtime      # DAGs    # Errors  Last Runtime    Last Run
------------------------------------  -----  ---------  --------  ----------  --------------  -------------------
/opt/airflow/dags/train_model_dag.py                           1           0  0.11s           2025-05-10T15:04:08
/opt/airflow/dags/example_etl.py                               1           0  0.11s           2025-05-10T15:03:38
================================================================================
[2025-05-10T15:04:38.433+0000] {manager.py:893} INFO - 
================================================================================
DAG File Processing Stats

File Path                             PID    Runtime      # DAGs    # Errors  Last Runtime    Last Run
------------------------------------  -----  ---------  --------  ----------  --------------  -------------------
/opt/airflow/dags/train_model_dag.py                           1           0  0.11s           2025-05-10T15:04:38
/opt/airflow/dags/example_etl.py                               1           0  0.11s           2025-05-10T15:04:09
================================================================================
[2025-05-10T15:05:08.801+0000] {manager.py:893} INFO - 
================================================================================
DAG File Processing Stats

File Path                             PID    Runtime      # DAGs    # Errors  Last Runtime    Last Run
------------------------------------  -----  ---------  --------  ----------  --------------  -------------------
/opt/airflow/dags/train_model_dag.py                           1           0  0.11s           2025-05-10T15:05:08
/opt/airflow/dags/example_etl.py                               1           0  0.11s           2025-05-10T15:04:39
================================================================================
[2025-05-10T15:05:39.161+0000] {manager.py:893} INFO - 
================================================================================
DAG File Processing Stats

File Path                             PID    Runtime      # DAGs    # Errors  Last Runtime    Last Run
------------------------------------  -----  ---------  --------  ----------  --------------  -------------------
/opt/airflow/dags/train_model_dag.py                           1           0  0.11s           2025-05-10T15:05:39
/opt/airflow/dags/example_etl.py                               1           0  0.11s           2025-05-10T15:05:09
================================================================================
[2025-05-10T15:06:09.499+0000] {manager.py:893} INFO - 
================================================================================
DAG File Processing Stats

File Path                             PID    Runtime      # DAGs    # Errors  Last Runtime    Last Run
------------------------------------  -----  ---------  --------  ----------  --------------  -------------------
/opt/airflow/dags/train_model_dag.py                           1           0  0.11s           2025-05-10T15:06:09
/opt/airflow/dags/example_etl.py                               1           0  0.11s           2025-05-10T15:05:40
================================================================================
[2025-05-10T15:06:39.838+0000] {manager.py:893} INFO - 
================================================================================
DAG File Processing Stats

File Path                             PID    Runtime      # DAGs    # Errors  Last Runtime    Last Run
------------------------------------  -----  ---------  --------  ----------  --------------  -------------------
/opt/airflow/dags/train_model_dag.py                           1           0  0.10s           2025-05-10T15:06:39
/opt/airflow/dags/example_etl.py                               1           0  0.11s           2025-05-10T15:06:10
================================================================================
[2025-05-10T15:07:10.171+0000] {manager.py:893} INFO - 
================================================================================
DAG File Processing Stats

File Path                             PID    Runtime      # DAGs    # Errors  Last Runtime    Last Run
------------------------------------  -----  ---------  --------  ----------  --------------  -------------------
/opt/airflow/dags/train_model_dag.py                           1           0  0.11s           2025-05-10T15:07:10
/opt/airflow/dags/example_etl.py                               1           0  0.11s           2025-05-10T15:06:40
================================================================================
[2025-05-10T15:07:40.517+0000] {manager.py:893} INFO - 
================================================================================
DAG File Processing Stats

File Path                             PID    Runtime      # DAGs    # Errors  Last Runtime    Last Run
------------------------------------  -----  ---------  --------  ----------  --------------  -------------------
/opt/airflow/dags/train_model_dag.py                           1           0  0.11s           2025-05-10T15:07:40
/opt/airflow/dags/example_etl.py                               1           0  0.10s           2025-05-10T15:07:11
================================================================================
[2025-05-10T15:07:54.284+0000] {manager.py:469} INFO - Exiting gracefully upon receiving signal 15
[2025-05-10T15:15:18.833+0000] {manager.py:487} INFO - Processing files using up to 1 processes at a time 
[2025-05-10T15:15:18.834+0000] {manager.py:488} INFO - Process each file at most once every 30 seconds
[2025-05-10T15:15:18.836+0000] {manager.py:489} INFO - Checking for new files in /opt/airflow/dags every 300 seconds
[2025-05-10T15:15:18.837+0000] {manager.py:759} INFO - Searching for files in /opt/airflow/dags
[2025-05-10T15:15:18.843+0000] {manager.py:762} INFO - There are 2 files in /opt/airflow/dags
[2025-05-10T15:15:19.094+0000] {manager.py:893} INFO - 
================================================================================
DAG File Processing Stats

File Path                             PID    Runtime      # DAGs    # Errors  Last Runtime    Last Run
------------------------------------  -----  ---------  --------  ----------  --------------  -------------------
/opt/airflow/dags/example_etl.py                               0           0
/opt/airflow/dags/train_model_dag.py                           1           0  0.21s           2025-05-10T15:15:19
================================================================================
[2025-05-10T15:15:49.212+0000] {manager.py:893} INFO - 
================================================================================
DAG File Processing Stats

File Path                             PID    Runtime      # DAGs    # Errors  Last Runtime    Last Run
------------------------------------  -----  ---------  --------  ----------  --------------  -------------------
/opt/airflow/dags/train_model_dag.py                           1           0  0.11s           2025-05-10T15:15:49
/opt/airflow/dags/example_etl.py                               1           0  0.10s           2025-05-10T15:15:20
================================================================================
[2025-05-10T15:16:19.586+0000] {manager.py:893} INFO - 
================================================================================
DAG File Processing Stats

File Path                             PID    Runtime      # DAGs    # Errors  Last Runtime    Last Run
------------------------------------  -----  ---------  --------  ----------  --------------  -------------------
/opt/airflow/dags/train_model_dag.py                           1           0  0.11s           2025-05-10T15:16:19
/opt/airflow/dags/example_etl.py                               1           0  0.10s           2025-05-10T15:15:50
================================================================================
[2025-05-10T15:16:49.932+0000] {manager.py:893} INFO - 
================================================================================
DAG File Processing Stats

File Path                             PID    Runtime      # DAGs    # Errors  Last Runtime    Last Run
------------------------------------  -----  ---------  --------  ----------  --------------  -------------------
/opt/airflow/dags/train_model_dag.py                           1           0  0.11s           2025-05-10T15:16:49
/opt/airflow/dags/example_etl.py                               1           0  0.11s           2025-05-10T15:16:20
================================================================================
[2025-05-10T15:17:20.303+0000] {manager.py:893} INFO - 
================================================================================
DAG File Processing Stats

File Path                             PID    Runtime      # DAGs    # Errors  Last Runtime    Last Run
------------------------------------  -----  ---------  --------  ----------  --------------  -------------------
/opt/airflow/dags/train_model_dag.py                           1           0  0.11s           2025-05-10T15:17:20
/opt/airflow/dags/example_etl.py                               1           0  0.10s           2025-05-10T15:16:51
================================================================================
[2025-05-10T15:17:34.022+0000] {manager.py:469} INFO - Exiting gracefully upon receiving signal 15
[2025-05-10T15:17:51.834+0000] {manager.py:487} INFO - Processing files using up to 1 processes at a time 
[2025-05-10T15:17:51.834+0000] {manager.py:488} INFO - Process each file at most once every 30 seconds
[2025-05-10T15:17:51.834+0000] {manager.py:489} INFO - Checking for new files in /opt/airflow/dags every 300 seconds
[2025-05-10T15:17:51.835+0000] {manager.py:759} INFO - Searching for files in /opt/airflow/dags
[2025-05-10T15:17:51.837+0000] {manager.py:762} INFO - There are 2 files in /opt/airflow/dags
[2025-05-10T15:17:51.967+0000] {manager.py:893} INFO - 
================================================================================
DAG File Processing Stats

File Path                             PID    Runtime      # DAGs    # Errors  Last Runtime    Last Run
------------------------------------  -----  ---------  --------  ----------  --------------  -------------------
/opt/airflow/dags/example_etl.py                               0           0
/opt/airflow/dags/train_model_dag.py                           1           0  0.10s           2025-05-10T15:17:51
================================================================================
[2025-05-10T15:18:22.161+0000] {manager.py:893} INFO - 
================================================================================
DAG File Processing Stats

File Path                             PID    Runtime      # DAGs    # Errors  Last Runtime    Last Run
------------------------------------  -----  ---------  --------  ----------  --------------  -------------------
/opt/airflow/dags/train_model_dag.py                           1           0  0.11s           2025-05-10T15:18:22
/opt/airflow/dags/example_etl.py                               1           0  0.10s           2025-05-10T15:17:53
================================================================================
[2025-05-10T15:18:52.513+0000] {manager.py:893} INFO - 
================================================================================
DAG File Processing Stats

File Path                             PID    Runtime      # DAGs    # Errors  Last Runtime    Last Run
------------------------------------  -----  ---------  --------  ----------  --------------  -------------------
/opt/airflow/dags/train_model_dag.py                           1           0  0.10s           2025-05-10T15:18:52
/opt/airflow/dags/example_etl.py                               1           0  0.11s           2025-05-10T15:18:23
================================================================================
[2025-05-10T15:19:22.852+0000] {manager.py:893} INFO - 
================================================================================
DAG File Processing Stats

File Path                             PID    Runtime      # DAGs    # Errors  Last Runtime    Last Run
------------------------------------  -----  ---------  --------  ----------  --------------  -------------------
/opt/airflow/dags/train_model_dag.py                           1           0  0.11s           2025-05-10T15:19:22
/opt/airflow/dags/example_etl.py                               1           0  0.11s           2025-05-10T15:18:53
================================================================================
[2025-05-10T15:19:53.217+0000] {manager.py:893} INFO - 
================================================================================
DAG File Processing Stats

File Path                             PID    Runtime      # DAGs    # Errors  Last Runtime    Last Run
------------------------------------  -----  ---------  --------  ----------  --------------  -------------------
/opt/airflow/dags/train_model_dag.py                           1           0  0.10s           2025-05-10T15:19:53
/opt/airflow/dags/example_etl.py                               1           0  0.11s           2025-05-10T15:19:23
================================================================================
[2025-05-10T15:20:23.454+0000] {manager.py:893} INFO - 
================================================================================
DAG File Processing Stats

File Path                             PID    Runtime      # DAGs    # Errors  Last Runtime    Last Run
------------------------------------  -----  ---------  --------  ----------  --------------  -------------------
/opt/airflow/dags/train_model_dag.py                           1           0  0.11s           2025-05-10T15:20:23
/opt/airflow/dags/example_etl.py                               1           0  0.10s           2025-05-10T15:19:54
================================================================================
[2025-05-10T15:20:53.803+0000] {manager.py:893} INFO - 
================================================================================
DAG File Processing Stats

File Path                             PID    Runtime      # DAGs    # Errors  Last Runtime    Last Run
------------------------------------  -----  ---------  --------  ----------  --------------  -------------------
/opt/airflow/dags/train_model_dag.py                           1           0  0.11s           2025-05-10T15:20:53
/opt/airflow/dags/example_etl.py                               1           0  0.10s           2025-05-10T15:20:24
================================================================================
[2025-05-10T15:21:24.146+0000] {manager.py:893} INFO - 
================================================================================
DAG File Processing Stats

File Path                             PID    Runtime      # DAGs    # Errors  Last Runtime    Last Run
------------------------------------  -----  ---------  --------  ----------  --------------  -------------------
/opt/airflow/dags/train_model_dag.py                           1           0  0.11s           2025-05-10T15:21:24
/opt/airflow/dags/example_etl.py                               1           0  0.11s           2025-05-10T15:20:54
================================================================================
[2025-05-10T15:21:54.476+0000] {manager.py:893} INFO - 
================================================================================
DAG File Processing Stats

File Path                             PID    Runtime      # DAGs    # Errors  Last Runtime    Last Run
------------------------------------  -----  ---------  --------  ----------  --------------  -------------------
/opt/airflow/dags/train_model_dag.py                           1           0  0.11s           2025-05-10T15:21:54
/opt/airflow/dags/example_etl.py                               1           0  0.10s           2025-05-10T15:21:25
================================================================================
[2025-05-10T15:22:24.839+0000] {manager.py:893} INFO - 
================================================================================
DAG File Processing Stats

File Path                             PID    Runtime      # DAGs    # Errors  Last Runtime    Last Run
------------------------------------  -----  ---------  --------  ----------  --------------  -------------------
/opt/airflow/dags/train_model_dag.py                           1           0  0.11s           2025-05-10T15:22:24
/opt/airflow/dags/example_etl.py                               1           0  0.11s           2025-05-10T15:21:55
================================================================================
[2025-05-10T15:22:51.839+0000] {manager.py:759} INFO - Searching for files in /opt/airflow/dags
[2025-05-10T15:22:51.846+0000] {manager.py:762} INFO - There are 2 files in /opt/airflow/dags
[2025-05-10T15:22:54.975+0000] {manager.py:893} INFO - 
================================================================================
DAG File Processing Stats

File Path                             PID    Runtime      # DAGs    # Errors  Last Runtime    Last Run
------------------------------------  -----  ---------  --------  ----------  --------------  -------------------
/opt/airflow/dags/train_model_dag.py                           1           0  0.10s           2025-05-10T15:22:54
/opt/airflow/dags/example_etl.py                               1           0  0.11s           2025-05-10T15:22:25
================================================================================
[2025-05-10T15:23:25.397+0000] {manager.py:893} INFO - 
================================================================================
DAG File Processing Stats

File Path                             PID    Runtime      # DAGs    # Errors  Last Runtime    Last Run
------------------------------------  -----  ---------  --------  ----------  --------------  -------------------
/opt/airflow/dags/train_model_dag.py                           1           0  0.11s           2025-05-10T15:23:25
/opt/airflow/dags/example_etl.py                               1           0  0.11s           2025-05-10T15:22:56
================================================================================
[2025-05-10T15:23:55.754+0000] {manager.py:893} INFO - 
================================================================================
DAG File Processing Stats

File Path                             PID    Runtime      # DAGs    # Errors  Last Runtime    Last Run
------------------------------------  -----  ---------  --------  ----------  --------------  -------------------
/opt/airflow/dags/train_model_dag.py                           1           0  0.11s           2025-05-10T15:23:55
/opt/airflow/dags/example_etl.py                               1           0  0.11s           2025-05-10T15:23:26
================================================================================
[2025-05-10T15:24:26.092+0000] {manager.py:893} INFO - 
================================================================================
DAG File Processing Stats

File Path                             PID    Runtime      # DAGs    # Errors  Last Runtime    Last Run
------------------------------------  -----  ---------  --------  ----------  --------------  -------------------
/opt/airflow/dags/train_model_dag.py                           1           0  0.11s           2025-05-10T15:24:26
/opt/airflow/dags/example_etl.py                               1           0  0.10s           2025-05-10T15:23:56
================================================================================
[2025-05-10T15:24:56.434+0000] {manager.py:893} INFO - 
================================================================================
DAG File Processing Stats

File Path                             PID    Runtime      # DAGs    # Errors  Last Runtime    Last Run
------------------------------------  -----  ---------  --------  ----------  --------------  -------------------
/opt/airflow/dags/train_model_dag.py                           1           0  0.13s           2025-05-10T15:24:56
/opt/airflow/dags/example_etl.py                               1           0  0.11s           2025-05-10T15:24:27
================================================================================
[2025-05-10T15:25:26.779+0000] {manager.py:893} INFO - 
================================================================================
DAG File Processing Stats

File Path                             PID    Runtime      # DAGs    # Errors  Last Runtime    Last Run
------------------------------------  -----  ---------  --------  ----------  --------------  -------------------
/opt/airflow/dags/train_model_dag.py                           1           0  0.11s           2025-05-10T15:25:26
/opt/airflow/dags/example_etl.py                               1           0  0.11s           2025-05-10T15:24:57
================================================================================
[2025-05-10T15:25:57.099+0000] {manager.py:893} INFO - 
================================================================================
DAG File Processing Stats

File Path                             PID    Runtime      # DAGs    # Errors  Last Runtime    Last Run
------------------------------------  -----  ---------  --------  ----------  --------------  -------------------
/opt/airflow/dags/train_model_dag.py                           1           0  0.11s           2025-05-10T15:25:57
/opt/airflow/dags/example_etl.py                               1           0  0.11s           2025-05-10T15:25:27
================================================================================
[2025-05-10T15:26:27.437+0000] {manager.py:893} INFO - 
================================================================================
DAG File Processing Stats

File Path                             PID    Runtime      # DAGs    # Errors  Last Runtime    Last Run
------------------------------------  -----  ---------  --------  ----------  --------------  -------------------
/opt/airflow/dags/train_model_dag.py                           1           0  0.11s           2025-05-10T15:26:27
/opt/airflow/dags/example_etl.py                               1           0  0.11s           2025-05-10T15:25:58
================================================================================
[2025-05-10T15:26:57.814+0000] {manager.py:893} INFO - 
================================================================================
DAG File Processing Stats

File Path                             PID    Runtime      # DAGs    # Errors  Last Runtime    Last Run
------------------------------------  -----  ---------  --------  ----------  --------------  -------------------
/opt/airflow/dags/train_model_dag.py                           1           0  0.11s           2025-05-10T15:26:57
/opt/airflow/dags/example_etl.py                               1           0  0.10s           2025-05-10T15:26:28
================================================================================
[2025-05-10T15:27:28.008+0000] {manager.py:893} INFO - 
================================================================================
DAG File Processing Stats

File Path                             PID    Runtime      # DAGs    # Errors  Last Runtime    Last Run
------------------------------------  -----  ---------  --------  ----------  --------------  -------------------
/opt/airflow/dags/train_model_dag.py                           1           0  0.11s           2025-05-10T15:27:28
/opt/airflow/dags/example_etl.py                               1           0  0.11s           2025-05-10T15:26:58
================================================================================
[2025-05-10T15:27:51.889+0000] {manager.py:759} INFO - Searching for files in /opt/airflow/dags
[2025-05-10T15:27:51.895+0000] {manager.py:762} INFO - There are 2 files in /opt/airflow/dags
[2025-05-10T15:27:58.359+0000] {manager.py:893} INFO - 
================================================================================
DAG File Processing Stats

File Path                             PID    Runtime      # DAGs    # Errors  Last Runtime    Last Run
------------------------------------  -----  ---------  --------  ----------  --------------  -------------------
/opt/airflow/dags/train_model_dag.py                           1           0  0.11s           2025-05-10T15:27:58
/opt/airflow/dags/example_etl.py                               1           0  0.11s           2025-05-10T15:27:29
================================================================================
[2025-05-10T15:28:28.690+0000] {manager.py:893} INFO - 
================================================================================
DAG File Processing Stats

File Path                             PID    Runtime      # DAGs    # Errors  Last Runtime    Last Run
------------------------------------  -----  ---------  --------  ----------  --------------  -------------------
/opt/airflow/dags/train_model_dag.py                           1           0  0.11s           2025-05-10T15:28:28
/opt/airflow/dags/example_etl.py                               1           0  0.10s           2025-05-10T15:27:59
================================================================================
[2025-05-10T15:28:59.052+0000] {manager.py:893} INFO - 
================================================================================
DAG File Processing Stats

File Path                             PID    Runtime      # DAGs    # Errors  Last Runtime    Last Run
------------------------------------  -----  ---------  --------  ----------  --------------  -------------------
/opt/airflow/dags/train_model_dag.py                           1           0  0.11s           2025-05-10T15:28:59
/opt/airflow/dags/example_etl.py                               1           0  0.10s           2025-05-10T15:28:29
================================================================================
[2025-05-10T15:29:29.392+0000] {manager.py:893} INFO - 
================================================================================
DAG File Processing Stats

File Path                             PID    Runtime      # DAGs    # Errors  Last Runtime    Last Run
------------------------------------  -----  ---------  --------  ----------  --------------  -------------------
/opt/airflow/dags/train_model_dag.py                           1           0  0.11s           2025-05-10T15:29:29
/opt/airflow/dags/example_etl.py                               1           0  0.11s           2025-05-10T15:29:00
================================================================================
[2025-05-10T15:29:59.746+0000] {manager.py:893} INFO - 
================================================================================
DAG File Processing Stats

File Path                             PID    Runtime      # DAGs    # Errors  Last Runtime    Last Run
------------------------------------  -----  ---------  --------  ----------  --------------  -------------------
/opt/airflow/dags/train_model_dag.py                           1           0  0.10s           2025-05-10T15:29:59
/opt/airflow/dags/example_etl.py                               1           0  0.11s           2025-05-10T15:29:30
================================================================================
[2025-05-10T15:30:30.082+0000] {manager.py:893} INFO - 
================================================================================
DAG File Processing Stats

File Path                             PID    Runtime      # DAGs    # Errors  Last Runtime    Last Run
------------------------------------  -----  ---------  --------  ----------  --------------  -------------------
/opt/airflow/dags/train_model_dag.py                           1           0  0.11s           2025-05-10T15:30:30
/opt/airflow/dags/example_etl.py                               1           0  0.10s           2025-05-10T15:30:00
================================================================================
[2025-05-10T15:31:00.436+0000] {manager.py:893} INFO - 
================================================================================
DAG File Processing Stats

File Path                             PID    Runtime      # DAGs    # Errors  Last Runtime    Last Run
------------------------------------  -----  ---------  --------  ----------  --------------  -------------------
/opt/airflow/dags/train_model_dag.py                           1           0  0.11s           2025-05-10T15:31:00
/opt/airflow/dags/example_etl.py                               1           0  0.11s           2025-05-10T15:30:31
================================================================================
[2025-05-10T15:31:30.938+0000] {manager.py:893} INFO - 
================================================================================
DAG File Processing Stats

File Path                             PID    Runtime      # DAGs    # Errors  Last Runtime    Last Run
------------------------------------  -----  ---------  --------  ----------  --------------  -------------------
/opt/airflow/dags/train_model_dag.py                           1           0  0.11s           2025-05-10T15:31:30
/opt/airflow/dags/example_etl.py                               1           0  0.10s           2025-05-10T15:31:01
================================================================================
[2025-05-10T15:32:01.273+0000] {manager.py:893} INFO - 
================================================================================
DAG File Processing Stats

File Path                             PID    Runtime      # DAGs    # Errors  Last Runtime    Last Run
------------------------------------  -----  ---------  --------  ----------  --------------  -------------------
/opt/airflow/dags/train_model_dag.py                           1           0  0.11s           2025-05-10T15:32:01
/opt/airflow/dags/example_etl.py                               1           0  0.10s           2025-05-10T15:31:32
================================================================================
[2025-05-10T15:32:31.587+0000] {manager.py:893} INFO - 
================================================================================
DAG File Processing Stats

File Path                             PID    Runtime      # DAGs    # Errors  Last Runtime    Last Run
------------------------------------  -----  ---------  --------  ----------  --------------  -------------------
/opt/airflow/dags/train_model_dag.py                           1           0  0.11s           2025-05-10T15:32:31
/opt/airflow/dags/example_etl.py                               1           0  0.11s           2025-05-10T15:32:02
================================================================================
[2025-05-10T15:32:51.927+0000] {manager.py:759} INFO - Searching for files in /opt/airflow/dags
[2025-05-10T15:32:51.936+0000] {manager.py:762} INFO - There are 2 files in /opt/airflow/dags
[2025-05-10T15:33:01.944+0000] {manager.py:893} INFO - 
================================================================================
DAG File Processing Stats

File Path                             PID    Runtime      # DAGs    # Errors  Last Runtime    Last Run
------------------------------------  -----  ---------  --------  ----------  --------------  -------------------
/opt/airflow/dags/train_model_dag.py                           1           0  0.11s           2025-05-10T15:33:01
/opt/airflow/dags/example_etl.py                               1           0  0.10s           2025-05-10T15:32:32
================================================================================
[2025-05-10T15:33:32.258+0000] {manager.py:893} INFO - 
================================================================================
DAG File Processing Stats

File Path                             PID    Runtime      # DAGs    # Errors  Last Runtime    Last Run
------------------------------------  -----  ---------  --------  ----------  --------------  -------------------
/opt/airflow/dags/train_model_dag.py                           1           0  0.11s           2025-05-10T15:33:32
/opt/airflow/dags/example_etl.py                               1           0  0.11s           2025-05-10T15:33:03
================================================================================
[2025-05-10T15:34:02.603+0000] {manager.py:893} INFO - 
================================================================================
DAG File Processing Stats

File Path                             PID    Runtime      # DAGs    # Errors  Last Runtime    Last Run
------------------------------------  -----  ---------  --------  ----------  --------------  -------------------
/opt/airflow/dags/train_model_dag.py                           1           0  0.11s           2025-05-10T15:34:02
/opt/airflow/dags/example_etl.py                               1           0  0.11s           2025-05-10T15:33:33
================================================================================
[2025-05-10T15:34:32.967+0000] {manager.py:893} INFO - 
================================================================================
DAG File Processing Stats

File Path                             PID    Runtime      # DAGs    # Errors  Last Runtime    Last Run
------------------------------------  -----  ---------  --------  ----------  --------------  -------------------
/opt/airflow/dags/train_model_dag.py                           1           0  0.11s           2025-05-10T15:34:32
/opt/airflow/dags/example_etl.py                               1           0  0.11s           2025-05-10T15:34:03
================================================================================
[2025-05-10T15:35:03.320+0000] {manager.py:893} INFO - 
================================================================================
DAG File Processing Stats

File Path                             PID    Runtime      # DAGs    # Errors  Last Runtime    Last Run
------------------------------------  -----  ---------  --------  ----------  --------------  -------------------
/opt/airflow/dags/train_model_dag.py                           1           0  0.11s           2025-05-10T15:35:03
/opt/airflow/dags/example_etl.py                               1           0  0.11s           2025-05-10T15:34:34
================================================================================
[2025-05-10T15:35:33.646+0000] {manager.py:893} INFO - 
================================================================================
DAG File Processing Stats

File Path                             PID    Runtime      # DAGs    # Errors  Last Runtime    Last Run
------------------------------------  -----  ---------  --------  ----------  --------------  -------------------
/opt/airflow/dags/train_model_dag.py                           1           0  0.11s           2025-05-10T15:35:33
/opt/airflow/dags/example_etl.py                               1           0  0.11s           2025-05-10T15:35:04
================================================================================
[2025-05-10T15:36:03.961+0000] {manager.py:893} INFO - 
================================================================================
DAG File Processing Stats

File Path                             PID    Runtime      # DAGs    # Errors  Last Runtime    Last Run
------------------------------------  -----  ---------  --------  ----------  --------------  -------------------
/opt/airflow/dags/train_model_dag.py                           1           0  0.11s           2025-05-10T15:36:03
/opt/airflow/dags/example_etl.py                               1           0  0.11s           2025-05-10T15:35:34
================================================================================
[2025-05-10T15:36:34.324+0000] {manager.py:893} INFO - 
================================================================================
DAG File Processing Stats

File Path                             PID    Runtime      # DAGs    # Errors  Last Runtime    Last Run
------------------------------------  -----  ---------  --------  ----------  --------------  -------------------
/opt/airflow/dags/train_model_dag.py                           1           0  0.11s           2025-05-10T15:36:34
/opt/airflow/dags/example_etl.py                               1           0  0.10s           2025-05-10T15:36:05
================================================================================
[2025-05-10T15:37:04.669+0000] {manager.py:893} INFO - 
================================================================================
DAG File Processing Stats

File Path                             PID    Runtime      # DAGs    # Errors  Last Runtime    Last Run
------------------------------------  -----  ---------  --------  ----------  --------------  -------------------
/opt/airflow/dags/train_model_dag.py                           1           0  0.11s           2025-05-10T15:37:04
/opt/airflow/dags/example_etl.py                               1           0  0.11s           2025-05-10T15:36:35
================================================================================
[2025-05-10T15:37:35.019+0000] {manager.py:893} INFO - 
================================================================================
DAG File Processing Stats

File Path                             PID    Runtime      # DAGs    # Errors  Last Runtime    Last Run
------------------------------------  -----  ---------  --------  ----------  --------------  -------------------
/opt/airflow/dags/train_model_dag.py                           1           0  0.11s           2025-05-10T15:37:35
/opt/airflow/dags/example_etl.py                               1           0  0.11s           2025-05-10T15:37:05
================================================================================
[2025-05-10T15:37:51.986+0000] {manager.py:759} INFO - Searching for files in /opt/airflow/dags
[2025-05-10T15:37:51.995+0000] {manager.py:762} INFO - There are 2 files in /opt/airflow/dags
[2025-05-10T15:38:05.364+0000] {manager.py:893} INFO - 
================================================================================
DAG File Processing Stats

File Path                             PID    Runtime      # DAGs    # Errors  Last Runtime    Last Run
------------------------------------  -----  ---------  --------  ----------  --------------  -------------------
/opt/airflow/dags/train_model_dag.py                           1           0  0.10s           2025-05-10T15:38:05
/opt/airflow/dags/example_etl.py                               1           0  0.11s           2025-05-10T15:37:36
================================================================================
[2025-05-10T15:38:35.674+0000] {manager.py:893} INFO - 
================================================================================
DAG File Processing Stats

File Path                             PID    Runtime      # DAGs    # Errors  Last Runtime    Last Run
------------------------------------  -----  ---------  --------  ----------  --------------  -------------------
/opt/airflow/dags/train_model_dag.py                           1           0  0.11s           2025-05-10T15:38:35
/opt/airflow/dags/example_etl.py                               1           0  0.10s           2025-05-10T15:38:06
================================================================================
[2025-05-10T15:39:06.001+0000] {manager.py:893} INFO - 
================================================================================
DAG File Processing Stats

File Path                             PID    Runtime      # DAGs    # Errors  Last Runtime    Last Run
------------------------------------  -----  ---------  --------  ----------  --------------  -------------------
/opt/airflow/dags/train_model_dag.py                           1           0  0.11s           2025-05-10T15:39:06
/opt/airflow/dags/example_etl.py                               1           0  0.10s           2025-05-10T15:38:36
================================================================================
[2025-05-10T15:39:36.335+0000] {manager.py:893} INFO - 
================================================================================
DAG File Processing Stats

File Path                             PID    Runtime      # DAGs    # Errors  Last Runtime    Last Run
------------------------------------  -----  ---------  --------  ----------  --------------  -------------------
/opt/airflow/dags/train_model_dag.py                           1           0  0.11s           2025-05-10T15:39:36
/opt/airflow/dags/example_etl.py                               1           0  0.11s           2025-05-10T15:39:06
================================================================================
[2025-05-10T15:40:06.642+0000] {manager.py:893} INFO - 
================================================================================
DAG File Processing Stats

File Path                             PID    Runtime      # DAGs    # Errors  Last Runtime    Last Run
------------------------------------  -----  ---------  --------  ----------  --------------  -------------------
/opt/airflow/dags/train_model_dag.py                           1           0  0.11s           2025-05-10T15:40:06
/opt/airflow/dags/example_etl.py                               1           0  0.11s           2025-05-10T15:39:36
================================================================================
[2025-05-10T15:40:36.979+0000] {manager.py:893} INFO - 
================================================================================
DAG File Processing Stats

File Path                             PID    Runtime      # DAGs    # Errors  Last Runtime    Last Run
------------------------------------  -----  ---------  --------  ----------  --------------  -------------------
/opt/airflow/dags/train_model_dag.py                           1           0  0.11s           2025-05-10T15:40:36
/opt/airflow/dags/example_etl.py                               1           0  0.10s           2025-05-10T15:40:07
================================================================================
[2025-05-10T15:41:07.327+0000] {manager.py:893} INFO - 
================================================================================
DAG File Processing Stats

File Path                             PID    Runtime      # DAGs    # Errors  Last Runtime    Last Run
------------------------------------  -----  ---------  --------  ----------  --------------  -------------------
/opt/airflow/dags/train_model_dag.py                           1           0  0.11s           2025-05-10T15:41:07
/opt/airflow/dags/example_etl.py                               1           0  0.10s           2025-05-10T15:40:37
================================================================================
[2025-05-10T15:41:37.657+0000] {manager.py:893} INFO - 
================================================================================
DAG File Processing Stats

File Path                             PID    Runtime      # DAGs    # Errors  Last Runtime    Last Run
------------------------------------  -----  ---------  --------  ----------  --------------  -------------------
/opt/airflow/dags/train_model_dag.py                           1           0  0.11s           2025-05-10T15:41:37
/opt/airflow/dags/example_etl.py                               1           0  0.10s           2025-05-10T15:41:07
================================================================================
[2025-05-10T15:42:07.879+0000] {manager.py:893} INFO - 
================================================================================
DAG File Processing Stats

File Path                             PID    Runtime      # DAGs    # Errors  Last Runtime    Last Run
------------------------------------  -----  ---------  --------  ----------  --------------  -------------------
/opt/airflow/dags/train_model_dag.py                           1           0  0.11s           2025-05-10T15:42:07
/opt/airflow/dags/example_etl.py                               1           0  0.10s           2025-05-10T15:41:38
================================================================================
[2025-05-10T15:42:38.201+0000] {manager.py:893} INFO - 
================================================================================
DAG File Processing Stats

File Path                             PID    Runtime      # DAGs    # Errors  Last Runtime    Last Run
------------------------------------  -----  ---------  --------  ----------  --------------  -------------------
/opt/airflow/dags/train_model_dag.py                           1           0  0.21s           2025-05-10T15:42:38
/opt/airflow/dags/example_etl.py                               1           0  0.11s           2025-05-10T15:42:09
================================================================================
[2025-05-10T15:42:52.032+0000] {manager.py:759} INFO - Searching for files in /opt/airflow/dags
[2025-05-10T15:42:52.039+0000] {manager.py:762} INFO - There are 2 files in /opt/airflow/dags
[2025-05-10T15:43:08.403+0000] {manager.py:893} INFO - 
================================================================================
DAG File Processing Stats

File Path                             PID    Runtime      # DAGs    # Errors  Last Runtime    Last Run
------------------------------------  -----  ---------  --------  ----------  --------------  -------------------
/opt/airflow/dags/train_model_dag.py                           1           0  0.11s           2025-05-10T15:43:08
/opt/airflow/dags/example_etl.py                               1           0  0.10s           2025-05-10T15:42:39
================================================================================
[2025-05-10T15:43:38.601+0000] {manager.py:893} INFO - 
================================================================================
DAG File Processing Stats

File Path                             PID    Runtime      # DAGs    # Errors  Last Runtime    Last Run
------------------------------------  -----  ---------  --------  ----------  --------------  -------------------
/opt/airflow/dags/train_model_dag.py                           1           0  0.11s           2025-05-10T15:43:38
/opt/airflow/dags/example_etl.py                               1           0  0.10s           2025-05-10T15:43:09
================================================================================
[2025-05-10T15:44:08.813+0000] {manager.py:893} INFO - 
================================================================================
DAG File Processing Stats

File Path                             PID    Runtime      # DAGs    # Errors  Last Runtime    Last Run
------------------------------------  -----  ---------  --------  ----------  --------------  -------------------
/opt/airflow/dags/train_model_dag.py                           1           0  0.11s           2025-05-10T15:44:08
/opt/airflow/dags/example_etl.py                               1           0  0.10s           2025-05-10T15:43:39
================================================================================
[2025-05-10T15:44:39.005+0000] {manager.py:893} INFO - 
================================================================================
DAG File Processing Stats

File Path                             PID    Runtime      # DAGs    # Errors  Last Runtime    Last Run
------------------------------------  -----  ---------  --------  ----------  --------------  -------------------
/opt/airflow/dags/train_model_dag.py                           1           0  0.11s           2025-05-10T15:44:39
/opt/airflow/dags/example_etl.py                               1           0  0.11s           2025-05-10T15:44:09
================================================================================
[2025-05-10T15:45:09.224+0000] {manager.py:893} INFO - 
================================================================================
DAG File Processing Stats

File Path                             PID    Runtime      # DAGs    # Errors  Last Runtime    Last Run
------------------------------------  -----  ---------  --------  ----------  --------------  -------------------
/opt/airflow/dags/train_model_dag.py                           1           0  0.11s           2025-05-10T15:45:09
/opt/airflow/dags/example_etl.py                               1           0  0.11s           2025-05-10T15:44:40
================================================================================
[2025-05-10T15:45:39.404+0000] {manager.py:893} INFO - 
================================================================================
DAG File Processing Stats

File Path                             PID    Runtime      # DAGs    # Errors  Last Runtime    Last Run
------------------------------------  -----  ---------  --------  ----------  --------------  -------------------
/opt/airflow/dags/train_model_dag.py                           1           0  0.11s           2025-05-10T15:45:39
/opt/airflow/dags/example_etl.py                               1           0  0.10s           2025-05-10T15:45:10
================================================================================
[2025-05-10T15:46:09.600+0000] {manager.py:893} INFO - 
================================================================================
DAG File Processing Stats

File Path                             PID    Runtime      # DAGs    # Errors  Last Runtime    Last Run
------------------------------------  -----  ---------  --------  ----------  --------------  -------------------
/opt/airflow/dags/train_model_dag.py                           1           0  0.10s           2025-05-10T15:46:09
/opt/airflow/dags/example_etl.py                               1           0  0.11s           2025-05-10T15:45:40
================================================================================
[2025-05-10T15:46:39.800+0000] {manager.py:893} INFO - 
================================================================================
DAG File Processing Stats

File Path                             PID    Runtime      # DAGs    # Errors  Last Runtime    Last Run
------------------------------------  -----  ---------  --------  ----------  --------------  -------------------
/opt/airflow/dags/train_model_dag.py                           1           0  0.10s           2025-05-10T15:46:39
/opt/airflow/dags/example_etl.py                               1           0  0.11s           2025-05-10T15:46:10
================================================================================
[2025-05-10T15:47:10.019+0000] {manager.py:893} INFO - 
================================================================================
DAG File Processing Stats

File Path                             PID    Runtime      # DAGs    # Errors  Last Runtime    Last Run
------------------------------------  -----  ---------  --------  ----------  --------------  -------------------
/opt/airflow/dags/train_model_dag.py                           1           0  0.11s           2025-05-10T15:47:10
/opt/airflow/dags/example_etl.py                               1           0  0.10s           2025-05-10T15:46:40
================================================================================
[2025-05-10T15:47:40.335+0000] {manager.py:893} INFO - 
================================================================================
DAG File Processing Stats

File Path                             PID    Runtime      # DAGs    # Errors  Last Runtime    Last Run
------------------------------------  -----  ---------  --------  ----------  --------------  -------------------
/opt/airflow/dags/train_model_dag.py                           1           0  0.21s           2025-05-10T15:47:40
/opt/airflow/dags/example_etl.py                               1           0  0.10s           2025-05-10T15:47:11
================================================================================
[2025-05-10T15:47:52.089+0000] {manager.py:759} INFO - Searching for files in /opt/airflow/dags
[2025-05-10T15:47:52.100+0000] {manager.py:762} INFO - There are 2 files in /opt/airflow/dags
[2025-05-10T15:48:10.542+0000] {manager.py:893} INFO - 
================================================================================
DAG File Processing Stats

File Path                             PID    Runtime      # DAGs    # Errors  Last Runtime    Last Run
------------------------------------  -----  ---------  --------  ----------  --------------  -------------------
/opt/airflow/dags/train_model_dag.py                           1           0  0.12s           2025-05-10T15:48:10
/opt/airflow/dags/example_etl.py                               1           0  0.30s           2025-05-10T15:47:41
================================================================================
[2025-05-10T15:48:40.755+0000] {manager.py:893} INFO - 
================================================================================
DAG File Processing Stats

File Path                             PID    Runtime      # DAGs    # Errors  Last Runtime    Last Run
------------------------------------  -----  ---------  --------  ----------  --------------  -------------------
/opt/airflow/dags/train_model_dag.py                           1           0  0.11s           2025-05-10T15:48:40
/opt/airflow/dags/example_etl.py                               1           0  0.11s           2025-05-10T15:48:11
================================================================================
[2025-05-10T15:49:10.947+0000] {manager.py:893} INFO - 
================================================================================
DAG File Processing Stats

File Path                             PID    Runtime      # DAGs    # Errors  Last Runtime    Last Run
------------------------------------  -----  ---------  --------  ----------  --------------  -------------------
/opt/airflow/dags/train_model_dag.py                           1           0  0.10s           2025-05-10T15:49:10
/opt/airflow/dags/example_etl.py                               1           0  0.10s           2025-05-10T15:48:41
================================================================================
[2025-05-10T15:49:41.144+0000] {manager.py:893} INFO - 
================================================================================
DAG File Processing Stats

File Path                             PID    Runtime      # DAGs    # Errors  Last Runtime    Last Run
------------------------------------  -----  ---------  --------  ----------  --------------  -------------------
/opt/airflow/dags/train_model_dag.py                           1           0  0.10s           2025-05-10T15:49:41
/opt/airflow/dags/example_etl.py                               1           0  0.11s           2025-05-10T15:49:12
================================================================================
[2025-05-10T15:50:11.318+0000] {manager.py:893} INFO - 
================================================================================
DAG File Processing Stats

File Path                             PID    Runtime      # DAGs    # Errors  Last Runtime    Last Run
------------------------------------  -----  ---------  --------  ----------  --------------  -------------------
/opt/airflow/dags/train_model_dag.py                           1           0  0.10s           2025-05-10T15:50:11
/opt/airflow/dags/example_etl.py                               1           0  0.10s           2025-05-10T15:49:42
================================================================================
[2025-05-10T15:50:41.489+0000] {manager.py:893} INFO - 
================================================================================
DAG File Processing Stats

File Path                             PID    Runtime      # DAGs    # Errors  Last Runtime    Last Run
------------------------------------  -----  ---------  --------  ----------  --------------  -------------------
/opt/airflow/dags/train_model_dag.py                           1           0  0.11s           2025-05-10T15:50:41
/opt/airflow/dags/example_etl.py                               1           0  0.11s           2025-05-10T15:50:12
================================================================================
[2025-05-10T15:51:11.696+0000] {manager.py:893} INFO - 
================================================================================
DAG File Processing Stats

File Path                             PID    Runtime      # DAGs    # Errors  Last Runtime    Last Run
------------------------------------  -----  ---------  --------  ----------  --------------  -------------------
/opt/airflow/dags/train_model_dag.py                           1           0  0.11s           2025-05-10T15:51:11
/opt/airflow/dags/example_etl.py                               1           0  0.11s           2025-05-10T15:50:42
================================================================================
[2025-05-10T15:51:41.933+0000] {manager.py:893} INFO - 
================================================================================
DAG File Processing Stats

File Path                             PID    Runtime      # DAGs    # Errors  Last Runtime    Last Run
------------------------------------  -----  ---------  --------  ----------  --------------  -------------------
/opt/airflow/dags/train_model_dag.py                           1           0  0.11s           2025-05-10T15:51:41
/opt/airflow/dags/example_etl.py                               1           0  0.11s           2025-05-10T15:51:12
================================================================================
[2025-05-10T15:52:12.138+0000] {manager.py:893} INFO - 
================================================================================
DAG File Processing Stats

File Path                             PID    Runtime      # DAGs    # Errors  Last Runtime    Last Run
------------------------------------  -----  ---------  --------  ----------  --------------  -------------------
/opt/airflow/dags/train_model_dag.py                           1           0  0.11s           2025-05-10T15:52:12
/opt/airflow/dags/example_etl.py                               1           0  0.11s           2025-05-10T15:51:42
================================================================================
[2025-05-10T15:52:42.349+0000] {manager.py:893} INFO - 
================================================================================
DAG File Processing Stats

File Path                             PID    Runtime      # DAGs    # Errors  Last Runtime    Last Run
------------------------------------  -----  ---------  --------  ----------  --------------  -------------------
/opt/airflow/dags/train_model_dag.py                           1           0  0.11s           2025-05-10T15:52:42
/opt/airflow/dags/example_etl.py                               1           0  0.11s           2025-05-10T15:52:13
================================================================================
[2025-05-10T15:52:52.157+0000] {manager.py:759} INFO - Searching for files in /opt/airflow/dags
[2025-05-10T15:52:52.164+0000] {manager.py:762} INFO - There are 2 files in /opt/airflow/dags
[2025-05-10T15:53:12.541+0000] {manager.py:893} INFO - 
================================================================================
DAG File Processing Stats

File Path                             PID    Runtime      # DAGs    # Errors  Last Runtime    Last Run
------------------------------------  -----  ---------  --------  ----------  --------------  -------------------
/opt/airflow/dags/train_model_dag.py                           1           0  0.11s           2025-05-10T15:53:12
/opt/airflow/dags/example_etl.py                               1           0  0.11s           2025-05-10T15:52:43
================================================================================
[2025-05-10T15:53:42.732+0000] {manager.py:893} INFO - 
================================================================================
DAG File Processing Stats

File Path                             PID    Runtime      # DAGs    # Errors  Last Runtime    Last Run
------------------------------------  -----  ---------  --------  ----------  --------------  -------------------
/opt/airflow/dags/train_model_dag.py                           1           0  0.11s           2025-05-10T15:53:42
/opt/airflow/dags/example_etl.py                               1           0  0.11s           2025-05-10T15:53:13
================================================================================
[2025-05-10T15:54:12.931+0000] {manager.py:893} INFO - 
================================================================================
DAG File Processing Stats

File Path                             PID    Runtime      # DAGs    # Errors  Last Runtime    Last Run
------------------------------------  -----  ---------  --------  ----------  --------------  -------------------
/opt/airflow/dags/train_model_dag.py                           1           0  0.11s           2025-05-10T15:54:12
/opt/airflow/dags/example_etl.py                               1           0  0.10s           2025-05-10T15:53:43
================================================================================
[2025-05-10T15:54:43.125+0000] {manager.py:893} INFO - 
================================================================================
DAG File Processing Stats

File Path                             PID    Runtime      # DAGs    # Errors  Last Runtime    Last Run
------------------------------------  -----  ---------  --------  ----------  --------------  -------------------
/opt/airflow/dags/train_model_dag.py                           1           0  0.11s           2025-05-10T15:54:43
/opt/airflow/dags/example_etl.py                               1           0  0.11s           2025-05-10T15:54:13
================================================================================
[2025-05-10T15:55:13.306+0000] {manager.py:893} INFO - 
================================================================================
DAG File Processing Stats

File Path                             PID    Runtime      # DAGs    # Errors  Last Runtime    Last Run
------------------------------------  -----  ---------  --------  ----------  --------------  -------------------
/opt/airflow/dags/train_model_dag.py                           1           0  0.10s           2025-05-10T15:55:13
/opt/airflow/dags/example_etl.py                               1           0  0.10s           2025-05-10T15:54:43
================================================================================
[2025-05-10T15:55:43.447+0000] {manager.py:893} INFO - 
================================================================================
DAG File Processing Stats

File Path                             PID    Runtime      # DAGs    # Errors  Last Runtime    Last Run
------------------------------------  -----  ---------  --------  ----------  --------------  -------------------
/opt/airflow/dags/train_model_dag.py                           1           0  0.10s           2025-05-10T15:55:43
/opt/airflow/dags/example_etl.py                               1           0  0.11s           2025-05-10T15:55:14
================================================================================
[2025-05-10T15:56:13.653+0000] {manager.py:893} INFO - 
================================================================================
DAG File Processing Stats

File Path                             PID    Runtime      # DAGs    # Errors  Last Runtime    Last Run
------------------------------------  -----  ---------  --------  ----------  --------------  -------------------
/opt/airflow/dags/train_model_dag.py                           1           0  0.11s           2025-05-10T15:56:13
/opt/airflow/dags/example_etl.py                               1           0  0.10s           2025-05-10T15:55:44
================================================================================
[2025-05-10T15:56:43.871+0000] {manager.py:893} INFO - 
================================================================================
DAG File Processing Stats

File Path                             PID    Runtime      # DAGs    # Errors  Last Runtime    Last Run
------------------------------------  -----  ---------  --------  ----------  --------------  -------------------
/opt/airflow/dags/train_model_dag.py                           1           0  0.11s           2025-05-10T15:56:43
/opt/airflow/dags/example_etl.py                               1           0  0.11s           2025-05-10T15:56:14
================================================================================
[2025-05-10T15:57:14.047+0000] {manager.py:893} INFO - 
================================================================================
DAG File Processing Stats

File Path                             PID    Runtime      # DAGs    # Errors  Last Runtime    Last Run
------------------------------------  -----  ---------  --------  ----------  --------------  -------------------
/opt/airflow/dags/train_model_dag.py                           1           0  0.11s           2025-05-10T15:57:14
/opt/airflow/dags/example_etl.py                               1           0  0.11s           2025-05-10T15:56:44
================================================================================
[2025-05-10T15:57:44.248+0000] {manager.py:893} INFO - 
================================================================================
DAG File Processing Stats

File Path                             PID    Runtime      # DAGs    # Errors  Last Runtime    Last Run
------------------------------------  -----  ---------  --------  ----------  --------------  -------------------
/opt/airflow/dags/train_model_dag.py                           1           0  0.11s           2025-05-10T15:57:44
/opt/airflow/dags/example_etl.py                               1           0  0.10s           2025-05-10T15:57:14
================================================================================
[2025-05-10T15:57:52.196+0000] {manager.py:759} INFO - Searching for files in /opt/airflow/dags
[2025-05-10T15:57:52.203+0000] {manager.py:762} INFO - There are 2 files in /opt/airflow/dags
[2025-05-10T15:58:14.457+0000] {manager.py:893} INFO - 
================================================================================
DAG File Processing Stats

File Path                             PID    Runtime      # DAGs    # Errors  Last Runtime    Last Run
------------------------------------  -----  ---------  --------  ----------  --------------  -------------------
/opt/airflow/dags/train_model_dag.py                           1           0  0.11s           2025-05-10T15:58:14
/opt/airflow/dags/example_etl.py                               1           0  0.11s           2025-05-10T15:57:44
================================================================================
[2025-05-10T15:58:44.641+0000] {manager.py:893} INFO - 
================================================================================
DAG File Processing Stats

File Path                             PID    Runtime      # DAGs    # Errors  Last Runtime    Last Run
------------------------------------  -----  ---------  --------  ----------  --------------  -------------------
/opt/airflow/dags/train_model_dag.py                           1           0  0.11s           2025-05-10T15:58:44
/opt/airflow/dags/example_etl.py                               1           0  0.10s           2025-05-10T15:58:15
================================================================================
[2025-05-10T15:59:14.844+0000] {manager.py:893} INFO - 
================================================================================
DAG File Processing Stats

File Path                             PID    Runtime      # DAGs    # Errors  Last Runtime    Last Run
------------------------------------  -----  ---------  --------  ----------  --------------  -------------------
/opt/airflow/dags/train_model_dag.py                           1           0  0.11s           2025-05-10T15:59:14
/opt/airflow/dags/example_etl.py                               1           0  0.10s           2025-05-10T15:58:45
================================================================================
[2025-05-10T15:59:45.038+0000] {manager.py:893} INFO - 
================================================================================
DAG File Processing Stats

File Path                             PID    Runtime      # DAGs    # Errors  Last Runtime    Last Run
------------------------------------  -----  ---------  --------  ----------  --------------  -------------------
/opt/airflow/dags/train_model_dag.py                           1           0  0.11s           2025-05-10T15:59:45
/opt/airflow/dags/example_etl.py                               1           0  0.10s           2025-05-10T15:59:15
================================================================================
[2025-05-10T16:00:15.239+0000] {manager.py:893} INFO - 
================================================================================
DAG File Processing Stats

File Path                             PID    Runtime      # DAGs    # Errors  Last Runtime    Last Run
------------------------------------  -----  ---------  --------  ----------  --------------  -------------------
/opt/airflow/dags/train_model_dag.py                           1           0  0.11s           2025-05-10T16:00:15
/opt/airflow/dags/example_etl.py                               1           0  0.11s           2025-05-10T15:59:45
================================================================================
[2025-05-10T16:00:45.425+0000] {manager.py:893} INFO - 
================================================================================
DAG File Processing Stats

File Path                             PID    Runtime      # DAGs    # Errors  Last Runtime    Last Run
------------------------------------  -----  ---------  --------  ----------  --------------  -------------------
/opt/airflow/dags/train_model_dag.py                           1           0  0.11s           2025-05-10T16:00:45
/opt/airflow/dags/example_etl.py                               1           0  0.10s           2025-05-10T16:00:15
================================================================================
[2025-05-10T16:01:15.637+0000] {manager.py:893} INFO - 
================================================================================
DAG File Processing Stats

File Path                             PID    Runtime      # DAGs    # Errors  Last Runtime    Last Run
------------------------------------  -----  ---------  --------  ----------  --------------  -------------------
/opt/airflow/dags/train_model_dag.py                           1           0  0.11s           2025-05-10T16:01:15
/opt/airflow/dags/example_etl.py                               1           0  0.10s           2025-05-10T16:00:45
================================================================================
[2025-05-10T16:01:45.853+0000] {manager.py:893} INFO - 
================================================================================
DAG File Processing Stats

File Path                             PID    Runtime      # DAGs    # Errors  Last Runtime    Last Run
------------------------------------  -----  ---------  --------  ----------  --------------  -------------------
/opt/airflow/dags/train_model_dag.py                           1           0  0.11s           2025-05-10T16:01:45
/opt/airflow/dags/example_etl.py                               1           0  0.11s           2025-05-10T16:01:16
================================================================================
[2025-05-10T16:02:16.058+0000] {manager.py:893} INFO - 
================================================================================
DAG File Processing Stats

File Path                             PID    Runtime      # DAGs    # Errors  Last Runtime    Last Run
------------------------------------  -----  ---------  --------  ----------  --------------  -------------------
/opt/airflow/dags/train_model_dag.py                           1           0  0.11s           2025-05-10T16:02:16
/opt/airflow/dags/example_etl.py                               1           0  0.11s           2025-05-10T16:01:46
================================================================================
[2025-05-10T16:02:46.264+0000] {manager.py:893} INFO - 
================================================================================
DAG File Processing Stats

File Path                             PID    Runtime      # DAGs    # Errors  Last Runtime    Last Run
------------------------------------  -----  ---------  --------  ----------  --------------  -------------------
/opt/airflow/dags/train_model_dag.py                           1           0  0.11s           2025-05-10T16:02:46
/opt/airflow/dags/example_etl.py                               1           0  0.10s           2025-05-10T16:02:16
================================================================================
[2025-05-10T16:02:52.244+0000] {manager.py:759} INFO - Searching for files in /opt/airflow/dags
[2025-05-10T16:02:52.249+0000] {manager.py:762} INFO - There are 2 files in /opt/airflow/dags
[2025-05-10T16:03:16.473+0000] {manager.py:893} INFO - 
================================================================================
DAG File Processing Stats

File Path                             PID    Runtime      # DAGs    # Errors  Last Runtime    Last Run
------------------------------------  -----  ---------  --------  ----------  --------------  -------------------
/opt/airflow/dags/train_model_dag.py                           1           0  0.11s           2025-05-10T16:03:16
/opt/airflow/dags/example_etl.py                               1           0  0.11s           2025-05-10T16:02:46
================================================================================
[2025-05-10T16:03:46.683+0000] {manager.py:893} INFO - 
================================================================================
DAG File Processing Stats

File Path                             PID    Runtime      # DAGs    # Errors  Last Runtime    Last Run
------------------------------------  -----  ---------  --------  ----------  --------------  -------------------
/opt/airflow/dags/train_model_dag.py                           1           0  0.11s           2025-05-10T16:03:46
/opt/airflow/dags/example_etl.py                               1           0  0.11s           2025-05-10T16:03:16
================================================================================
[2025-05-10T16:04:16.904+0000] {manager.py:893} INFO - 
================================================================================
DAG File Processing Stats

File Path                             PID    Runtime      # DAGs    # Errors  Last Runtime    Last Run
------------------------------------  -----  ---------  --------  ----------  --------------  -------------------
/opt/airflow/dags/train_model_dag.py                           1           0  0.11s           2025-05-10T16:04:16
/opt/airflow/dags/example_etl.py                               1           0  0.10s           2025-05-10T16:03:46
================================================================================
[2025-05-10T16:04:47.130+0000] {manager.py:893} INFO - 
================================================================================
DAG File Processing Stats

File Path                             PID    Runtime      # DAGs    # Errors  Last Runtime    Last Run
------------------------------------  -----  ---------  --------  ----------  --------------  -------------------
/opt/airflow/dags/train_model_dag.py                           1           0  0.11s           2025-05-10T16:04:47
/opt/airflow/dags/example_etl.py                               1           0  0.10s           2025-05-10T16:04:17
================================================================================
[2025-05-10T16:05:17.323+0000] {manager.py:893} INFO - 
================================================================================
DAG File Processing Stats

File Path                             PID    Runtime      # DAGs    # Errors  Last Runtime    Last Run
------------------------------------  -----  ---------  --------  ----------  --------------  -------------------
/opt/airflow/dags/train_model_dag.py                           1           0  0.11s           2025-05-10T16:05:17
/opt/airflow/dags/example_etl.py                               1           0  0.11s           2025-05-10T16:04:48
================================================================================
[2025-05-10T16:05:47.479+0000] {manager.py:893} INFO - 
================================================================================
DAG File Processing Stats

File Path                             PID    Runtime      # DAGs    # Errors  Last Runtime    Last Run
------------------------------------  -----  ---------  --------  ----------  --------------  -------------------
/opt/airflow/dags/train_model_dag.py                           1           0  0.11s           2025-05-10T16:05:47
/opt/airflow/dags/example_etl.py                               1           0  0.10s           2025-05-10T16:05:18
================================================================================
[2025-05-10T16:06:17.660+0000] {manager.py:893} INFO - 
================================================================================
DAG File Processing Stats

File Path                             PID    Runtime      # DAGs    # Errors  Last Runtime    Last Run
------------------------------------  -----  ---------  --------  ----------  --------------  -------------------
/opt/airflow/dags/train_model_dag.py                           1           0  0.11s           2025-05-10T16:06:17
/opt/airflow/dags/example_etl.py                               1           0  0.11s           2025-05-10T16:05:48
================================================================================
[2025-05-10T16:06:47.836+0000] {manager.py:893} INFO - 
================================================================================
DAG File Processing Stats

File Path                             PID    Runtime      # DAGs    # Errors  Last Runtime    Last Run
------------------------------------  -----  ---------  --------  ----------  --------------  -------------------
/opt/airflow/dags/train_model_dag.py                           1           0  0.11s           2025-05-10T16:06:47
/opt/airflow/dags/example_etl.py                               1           0  0.11s           2025-05-10T16:06:18
================================================================================
[2025-05-10T16:07:17.980+0000] {manager.py:893} INFO - 
================================================================================
DAG File Processing Stats

File Path                             PID    Runtime      # DAGs    # Errors  Last Runtime    Last Run
------------------------------------  -----  ---------  --------  ----------  --------------  -------------------
/opt/airflow/dags/train_model_dag.py                           1           0  0.11s           2025-05-10T16:07:17
/opt/airflow/dags/example_etl.py                               1           0  0.11s           2025-05-10T16:06:48
================================================================================
[2025-05-10T16:07:48.143+0000] {manager.py:893} INFO - 
================================================================================
DAG File Processing Stats

File Path                             PID    Runtime      # DAGs    # Errors  Last Runtime    Last Run
------------------------------------  -----  ---------  --------  ----------  --------------  -------------------
/opt/airflow/dags/train_model_dag.py                           1           0  0.11s           2025-05-10T16:07:48
/opt/airflow/dags/example_etl.py                               1           0  0.11s           2025-05-10T16:07:19
================================================================================
[2025-05-10T16:07:52.287+0000] {manager.py:759} INFO - Searching for files in /opt/airflow/dags
[2025-05-10T16:07:52.292+0000] {manager.py:762} INFO - There are 2 files in /opt/airflow/dags
[2025-05-10T16:08:18.332+0000] {manager.py:893} INFO - 
================================================================================
DAG File Processing Stats

File Path                             PID    Runtime      # DAGs    # Errors  Last Runtime    Last Run
------------------------------------  -----  ---------  --------  ----------  --------------  -------------------
/opt/airflow/dags/train_model_dag.py                           1           0  0.11s           2025-05-10T16:08:18
/opt/airflow/dags/example_etl.py                               1           0  0.11s           2025-05-10T16:07:49
================================================================================
[2025-05-10T16:08:48.501+0000] {manager.py:893} INFO - 
================================================================================
DAG File Processing Stats

File Path                             PID    Runtime      # DAGs    # Errors  Last Runtime    Last Run
------------------------------------  -----  ---------  --------  ----------  --------------  -------------------
/opt/airflow/dags/train_model_dag.py                           1           0  0.11s           2025-05-10T16:08:48
/opt/airflow/dags/example_etl.py                               1           0  0.11s           2025-05-10T16:08:19
================================================================================
[2025-05-10T16:09:18.682+0000] {manager.py:893} INFO - 
================================================================================
DAG File Processing Stats

File Path                             PID    Runtime      # DAGs    # Errors  Last Runtime    Last Run
------------------------------------  -----  ---------  --------  ----------  --------------  -------------------
/opt/airflow/dags/train_model_dag.py                           1           0  0.11s           2025-05-10T16:09:18
/opt/airflow/dags/example_etl.py                               1           0  0.11s           2025-05-10T16:08:49
================================================================================
[2025-05-10T16:09:48.861+0000] {manager.py:893} INFO - 
================================================================================
DAG File Processing Stats

File Path                             PID    Runtime      # DAGs    # Errors  Last Runtime    Last Run
------------------------------------  -----  ---------  --------  ----------  --------------  -------------------
/opt/airflow/dags/train_model_dag.py                           1           0  0.11s           2025-05-10T16:09:48
/opt/airflow/dags/example_etl.py                               1           0  0.11s           2025-05-10T16:09:19
================================================================================
[2025-05-10T16:10:19.050+0000] {manager.py:893} INFO - 
================================================================================
DAG File Processing Stats

File Path                             PID    Runtime      # DAGs    # Errors  Last Runtime    Last Run
------------------------------------  -----  ---------  --------  ----------  --------------  -------------------
/opt/airflow/dags/train_model_dag.py                           1           0  0.11s           2025-05-10T16:10:19
/opt/airflow/dags/example_etl.py                               1           0  0.11s           2025-05-10T16:09:50
================================================================================
[2025-05-10T16:10:49.224+0000] {manager.py:893} INFO - 
================================================================================
DAG File Processing Stats

File Path                             PID    Runtime      # DAGs    # Errors  Last Runtime    Last Run
------------------------------------  -----  ---------  --------  ----------  --------------  -------------------
/opt/airflow/dags/train_model_dag.py                           1           0  0.11s           2025-05-10T16:10:49
/opt/airflow/dags/example_etl.py                               1           0  0.11s           2025-05-10T16:10:20
================================================================================
[2025-05-10T16:11:19.390+0000] {manager.py:893} INFO - 
================================================================================
DAG File Processing Stats

File Path                             PID    Runtime      # DAGs    # Errors  Last Runtime    Last Run
------------------------------------  -----  ---------  --------  ----------  --------------  -------------------
/opt/airflow/dags/train_model_dag.py                           1           0  0.10s           2025-05-10T16:11:19
/opt/airflow/dags/example_etl.py                               1           0  0.10s           2025-05-10T16:10:50
================================================================================
[2025-05-10T16:11:49.549+0000] {manager.py:893} INFO - 
================================================================================
DAG File Processing Stats

File Path                             PID    Runtime      # DAGs    # Errors  Last Runtime    Last Run
------------------------------------  -----  ---------  --------  ----------  --------------  -------------------
/opt/airflow/dags/train_model_dag.py                           1           0  0.11s           2025-05-10T16:11:49
/opt/airflow/dags/example_etl.py                               1           0  0.11s           2025-05-10T16:11:20
================================================================================
[2025-05-10T16:12:19.725+0000] {manager.py:893} INFO - 
================================================================================
DAG File Processing Stats

File Path                             PID    Runtime      # DAGs    # Errors  Last Runtime    Last Run
------------------------------------  -----  ---------  --------  ----------  --------------  -------------------
/opt/airflow/dags/train_model_dag.py                           1           0  0.10s           2025-05-10T16:12:19
/opt/airflow/dags/example_etl.py                               1           0  0.10s           2025-05-10T16:11:50
================================================================================
[2025-05-10T16:12:49.899+0000] {manager.py:893} INFO - 
================================================================================
DAG File Processing Stats

File Path                             PID    Runtime      # DAGs    # Errors  Last Runtime    Last Run
------------------------------------  -----  ---------  --------  ----------  --------------  -------------------
/opt/airflow/dags/train_model_dag.py                           1           0  0.11s           2025-05-10T16:12:49
/opt/airflow/dags/example_etl.py                               1           0  0.11s           2025-05-10T16:12:20
================================================================================
[2025-05-10T16:12:52.321+0000] {manager.py:759} INFO - Searching for files in /opt/airflow/dags
[2025-05-10T16:12:52.330+0000] {manager.py:762} INFO - There are 2 files in /opt/airflow/dags
[2025-05-10T16:13:20.070+0000] {manager.py:893} INFO - 
================================================================================
DAG File Processing Stats

File Path                             PID    Runtime      # DAGs    # Errors  Last Runtime    Last Run
------------------------------------  -----  ---------  --------  ----------  --------------  -------------------
/opt/airflow/dags/train_model_dag.py                           1           0  0.11s           2025-05-10T16:13:20
/opt/airflow/dags/example_etl.py                               1           0  0.11s           2025-05-10T16:12:51
================================================================================
[2025-05-10T16:13:50.244+0000] {manager.py:893} INFO - 
================================================================================
DAG File Processing Stats

File Path                             PID    Runtime      # DAGs    # Errors  Last Runtime    Last Run
------------------------------------  -----  ---------  --------  ----------  --------------  -------------------
/opt/airflow/dags/train_model_dag.py                           1           0  0.11s           2025-05-10T16:13:50
/opt/airflow/dags/example_etl.py                               1           0  0.10s           2025-05-10T16:13:21
================================================================================
[2025-05-10T16:14:20.400+0000] {manager.py:893} INFO - 
================================================================================
DAG File Processing Stats

File Path                             PID    Runtime      # DAGs    # Errors  Last Runtime    Last Run
------------------------------------  -----  ---------  --------  ----------  --------------  -------------------
/opt/airflow/dags/train_model_dag.py                           1           0  0.11s           2025-05-10T16:14:20
/opt/airflow/dags/example_etl.py                               1           0  0.10s           2025-05-10T16:13:51
================================================================================
[2025-05-10T16:14:50.563+0000] {manager.py:893} INFO - 
================================================================================
DAG File Processing Stats

File Path                             PID    Runtime      # DAGs    # Errors  Last Runtime    Last Run
------------------------------------  -----  ---------  --------  ----------  --------------  -------------------
/opt/airflow/dags/train_model_dag.py                           1           0  0.11s           2025-05-10T16:14:50
/opt/airflow/dags/example_etl.py                               1           0  0.10s           2025-05-10T16:14:21
================================================================================
[2025-05-10T16:15:20.740+0000] {manager.py:893} INFO - 
================================================================================
DAG File Processing Stats

File Path                             PID    Runtime      # DAGs    # Errors  Last Runtime    Last Run
------------------------------------  -----  ---------  --------  ----------  --------------  -------------------
/opt/airflow/dags/train_model_dag.py                           1           0  0.11s           2025-05-10T16:15:20
/opt/airflow/dags/example_etl.py                               1           0  0.10s           2025-05-10T16:14:51
================================================================================
[2025-05-10T16:15:50.909+0000] {manager.py:893} INFO - 
================================================================================
DAG File Processing Stats

File Path                             PID    Runtime      # DAGs    # Errors  Last Runtime    Last Run
------------------------------------  -----  ---------  --------  ----------  --------------  -------------------
/opt/airflow/dags/train_model_dag.py                           1           0  0.11s           2025-05-10T16:15:50
/opt/airflow/dags/example_etl.py                               1           0  0.11s           2025-05-10T16:15:21
================================================================================
[2025-05-10T16:16:21.074+0000] {manager.py:893} INFO - 
================================================================================
DAG File Processing Stats

File Path                             PID    Runtime      # DAGs    # Errors  Last Runtime    Last Run
------------------------------------  -----  ---------  --------  ----------  --------------  -------------------
/opt/airflow/dags/train_model_dag.py                           1           0  0.11s           2025-05-10T16:16:21
/opt/airflow/dags/example_etl.py                               1           0  0.11s           2025-05-10T16:15:52
================================================================================
[2025-05-10T16:16:51.236+0000] {manager.py:893} INFO - 
================================================================================
DAG File Processing Stats

File Path                             PID    Runtime      # DAGs    # Errors  Last Runtime    Last Run
------------------------------------  -----  ---------  --------  ----------  --------------  -------------------
/opt/airflow/dags/train_model_dag.py                           1           0  0.11s           2025-05-10T16:16:51
/opt/airflow/dags/example_etl.py                               1           0  0.11s           2025-05-10T16:16:22
================================================================================
[2025-05-10T16:17:21.392+0000] {manager.py:893} INFO - 
================================================================================
DAG File Processing Stats

File Path                             PID    Runtime      # DAGs    # Errors  Last Runtime    Last Run
------------------------------------  -----  ---------  --------  ----------  --------------  -------------------
/opt/airflow/dags/train_model_dag.py                           1           0  0.10s           2025-05-10T16:17:21
/opt/airflow/dags/example_etl.py                               1           0  0.10s           2025-05-10T16:16:52
================================================================================
[2025-05-10T16:17:51.540+0000] {manager.py:893} INFO - 
================================================================================
DAG File Processing Stats

File Path                             PID    Runtime      # DAGs    # Errors  Last Runtime    Last Run
------------------------------------  -----  ---------  --------  ----------  --------------  -------------------
/opt/airflow/dags/train_model_dag.py                           1           0  0.10s           2025-05-10T16:17:51
/opt/airflow/dags/example_etl.py                               1           0  0.11s           2025-05-10T16:17:22
================================================================================
[2025-05-10T16:17:52.378+0000] {manager.py:759} INFO - Searching for files in /opt/airflow/dags
[2025-05-10T16:17:52.385+0000] {manager.py:762} INFO - There are 2 files in /opt/airflow/dags
[2025-05-10T16:18:21.721+0000] {manager.py:893} INFO - 
================================================================================
DAG File Processing Stats

File Path                             PID    Runtime      # DAGs    # Errors  Last Runtime    Last Run
------------------------------------  -----  ---------  --------  ----------  --------------  -------------------
/opt/airflow/dags/train_model_dag.py                           1           0  0.11s           2025-05-10T16:18:21
/opt/airflow/dags/example_etl.py                               1           0  0.10s           2025-05-10T16:17:52
================================================================================
[2025-05-10T16:18:51.909+0000] {manager.py:893} INFO - 
================================================================================
DAG File Processing Stats

File Path                             PID    Runtime      # DAGs    # Errors  Last Runtime    Last Run
------------------------------------  -----  ---------  --------  ----------  --------------  -------------------
/opt/airflow/dags/train_model_dag.py                           1           0  0.11s           2025-05-10T16:18:51
/opt/airflow/dags/example_etl.py                               1           0  0.11s           2025-05-10T16:18:23
================================================================================
[2025-05-10T16:19:22.094+0000] {manager.py:893} INFO - 
================================================================================
DAG File Processing Stats

File Path                             PID    Runtime      # DAGs    # Errors  Last Runtime    Last Run
------------------------------------  -----  ---------  --------  ----------  --------------  -------------------
/opt/airflow/dags/train_model_dag.py                           1           0  0.11s           2025-05-10T16:19:22
/opt/airflow/dags/example_etl.py                               1           0  0.11s           2025-05-10T16:18:54
================================================================================
[2025-05-10T16:19:52.264+0000] {manager.py:893} INFO - 
================================================================================
DAG File Processing Stats

File Path                             PID    Runtime      # DAGs    # Errors  Last Runtime    Last Run
------------------------------------  -----  ---------  --------  ----------  --------------  -------------------
/opt/airflow/dags/train_model_dag.py                           1           0  0.11s           2025-05-10T16:19:52
/opt/airflow/dags/example_etl.py                               1           0  0.10s           2025-05-10T16:19:25
================================================================================
[2025-05-10T16:20:22.438+0000] {manager.py:893} INFO - 
================================================================================
DAG File Processing Stats

File Path                             PID    Runtime      # DAGs    # Errors  Last Runtime    Last Run
------------------------------------  -----  ---------  --------  ----------  --------------  -------------------
/opt/airflow/dags/train_model_dag.py                           1           0  0.11s           2025-05-10T16:20:22
/opt/airflow/dags/example_etl.py                               1           0  0.11s           2025-05-10T16:19:56
================================================================================
[2025-05-10T16:20:52.620+0000] {manager.py:893} INFO - 
================================================================================
DAG File Processing Stats

File Path                             PID    Runtime      # DAGs    # Errors  Last Runtime    Last Run
------------------------------------  -----  ---------  --------  ----------  --------------  -------------------
/opt/airflow/dags/train_model_dag.py                           1           0  0.11s           2025-05-10T16:20:52
/opt/airflow/dags/example_etl.py                               1           0  0.10s           2025-05-10T16:20:26
================================================================================
[2025-05-10T16:21:22.805+0000] {manager.py:893} INFO - 
================================================================================
DAG File Processing Stats

File Path                             PID    Runtime      # DAGs    # Errors  Last Runtime    Last Run
------------------------------------  -----  ---------  --------  ----------  --------------  -------------------
/opt/airflow/dags/train_model_dag.py                           1           0  0.11s           2025-05-10T16:21:22
/opt/airflow/dags/example_etl.py                               1           0  0.11s           2025-05-10T16:20:56
================================================================================
[2025-05-10T16:21:52.973+0000] {manager.py:893} INFO - 
================================================================================
DAG File Processing Stats

File Path                             PID    Runtime      # DAGs    # Errors  Last Runtime    Last Run
------------------------------------  -----  ---------  --------  ----------  --------------  -------------------
/opt/airflow/dags/train_model_dag.py                           1           0  0.10s           2025-05-10T16:21:52
/opt/airflow/dags/example_etl.py                               1           0  0.11s           2025-05-10T16:21:27
================================================================================
[2025-05-10T16:22:23.144+0000] {manager.py:893} INFO - 
================================================================================
DAG File Processing Stats

File Path                             PID    Runtime      # DAGs    # Errors  Last Runtime    Last Run
------------------------------------  -----  ---------  --------  ----------  --------------  -------------------
/opt/airflow/dags/train_model_dag.py                           1           0  0.11s           2025-05-10T16:22:23
/opt/airflow/dags/example_etl.py                               1           0  0.11s           2025-05-10T16:21:57
================================================================================
[2025-05-10T16:22:52.429+0000] {manager.py:759} INFO - Searching for files in /opt/airflow/dags
[2025-05-10T16:22:52.437+0000] {manager.py:762} INFO - There are 2 files in /opt/airflow/dags
[2025-05-10T16:22:53.317+0000] {manager.py:893} INFO - 
================================================================================
DAG File Processing Stats

File Path                             PID    Runtime      # DAGs    # Errors  Last Runtime    Last Run
------------------------------------  -----  ---------  --------  ----------  --------------  -------------------
/opt/airflow/dags/train_model_dag.py                           1           0  0.11s           2025-05-10T16:22:53
/opt/airflow/dags/example_etl.py                               1           0  0.11s           2025-05-10T16:22:27
================================================================================
[2025-05-10T16:23:23.478+0000] {manager.py:893} INFO - 
================================================================================
DAG File Processing Stats

File Path                             PID    Runtime      # DAGs    # Errors  Last Runtime    Last Run
------------------------------------  -----  ---------  --------  ----------  --------------  -------------------
/opt/airflow/dags/train_model_dag.py                           1           0  0.11s           2025-05-10T16:23:23
/opt/airflow/dags/example_etl.py                               1           0  0.10s           2025-05-10T16:22:58
================================================================================
[2025-05-10T16:23:53.654+0000] {manager.py:893} INFO - 
================================================================================
DAG File Processing Stats

File Path                             PID    Runtime      # DAGs    # Errors  Last Runtime    Last Run
------------------------------------  -----  ---------  --------  ----------  --------------  -------------------
/opt/airflow/dags/train_model_dag.py                           1           0  0.11s           2025-05-10T16:23:53
/opt/airflow/dags/example_etl.py                               1           0  0.11s           2025-05-10T16:23:28
================================================================================
[2025-05-10T16:24:23.838+0000] {manager.py:893} INFO - 
================================================================================
DAG File Processing Stats

File Path                             PID    Runtime      # DAGs    # Errors  Last Runtime    Last Run
------------------------------------  -----  ---------  --------  ----------  --------------  -------------------
/opt/airflow/dags/train_model_dag.py                           1           0  0.11s           2025-05-10T16:24:23
/opt/airflow/dags/example_etl.py                               1           0  0.11s           2025-05-10T16:23:58
================================================================================
[2025-05-10T16:24:54.001+0000] {manager.py:893} INFO - 
================================================================================
DAG File Processing Stats

File Path                             PID    Runtime      # DAGs    # Errors  Last Runtime    Last Run
------------------------------------  -----  ---------  --------  ----------  --------------  -------------------
/opt/airflow/dags/train_model_dag.py                           1           0  0.10s           2025-05-10T16:24:54
/opt/airflow/dags/example_etl.py                               1           0  0.11s           2025-05-10T16:24:29
================================================================================
[2025-05-10T16:25:24.168+0000] {manager.py:893} INFO - 
================================================================================
DAG File Processing Stats

File Path                             PID    Runtime      # DAGs    # Errors  Last Runtime    Last Run
------------------------------------  -----  ---------  --------  ----------  --------------  -------------------
/opt/airflow/dags/train_model_dag.py                           1           0  0.10s           2025-05-10T16:25:24
/opt/airflow/dags/example_etl.py                               1           0  0.11s           2025-05-10T16:24:59
================================================================================
[2025-05-10T16:25:54.323+0000] {manager.py:893} INFO - 
================================================================================
DAG File Processing Stats

File Path                             PID    Runtime      # DAGs    # Errors  Last Runtime    Last Run
------------------------------------  -----  ---------  --------  ----------  --------------  -------------------
/opt/airflow/dags/train_model_dag.py                           1           0  0.11s           2025-05-10T16:25:54
/opt/airflow/dags/example_etl.py                               1           0  0.11s           2025-05-10T16:25:29
================================================================================
[2025-05-10T16:26:24.487+0000] {manager.py:893} INFO - 
================================================================================
DAG File Processing Stats

File Path                             PID    Runtime      # DAGs    # Errors  Last Runtime    Last Run
------------------------------------  -----  ---------  --------  ----------  --------------  -------------------
/opt/airflow/dags/train_model_dag.py                           1           0  0.11s           2025-05-10T16:26:24
/opt/airflow/dags/example_etl.py                               1           0  0.11s           2025-05-10T16:26:00
================================================================================
[2025-05-10T16:26:54.675+0000] {manager.py:893} INFO - 
================================================================================
DAG File Processing Stats

File Path                             PID    Runtime      # DAGs    # Errors  Last Runtime    Last Run
------------------------------------  -----  ---------  --------  ----------  --------------  -------------------
/opt/airflow/dags/train_model_dag.py                           1           0  0.11s           2025-05-10T16:26:54
/opt/airflow/dags/example_etl.py                               1           0  0.11s           2025-05-10T16:26:30
================================================================================
[2025-05-10T16:27:24.839+0000] {manager.py:893} INFO - 
================================================================================
DAG File Processing Stats

File Path                             PID    Runtime      # DAGs    # Errors  Last Runtime    Last Run
------------------------------------  -----  ---------  --------  ----------  --------------  -------------------
/opt/airflow/dags/train_model_dag.py                           1           0  0.11s           2025-05-10T16:27:24
/opt/airflow/dags/example_etl.py                               1           0  0.11s           2025-05-10T16:27:00
================================================================================
[2025-05-10T16:27:52.484+0000] {manager.py:759} INFO - Searching for files in /opt/airflow/dags
[2025-05-10T16:27:52.491+0000] {manager.py:762} INFO - There are 2 files in /opt/airflow/dags
[2025-05-10T16:27:55.014+0000] {manager.py:893} INFO - 
================================================================================
DAG File Processing Stats

File Path                             PID    Runtime      # DAGs    # Errors  Last Runtime    Last Run
------------------------------------  -----  ---------  --------  ----------  --------------  -------------------
/opt/airflow/dags/train_model_dag.py                           1           0  0.11s           2025-05-10T16:27:55
/opt/airflow/dags/example_etl.py                               1           0  0.11s           2025-05-10T16:27:31
================================================================================
[2025-05-10T16:28:25.203+0000] {manager.py:893} INFO - 
================================================================================
DAG File Processing Stats

File Path                             PID    Runtime      # DAGs    # Errors  Last Runtime    Last Run
------------------------------------  -----  ---------  --------  ----------  --------------  -------------------
/opt/airflow/dags/train_model_dag.py                           1           0  0.11s           2025-05-10T16:28:25
/opt/airflow/dags/example_etl.py                               1           0  0.11s           2025-05-10T16:28:01
================================================================================
[2025-05-10T16:28:55.369+0000] {manager.py:893} INFO - 
================================================================================
DAG File Processing Stats

File Path                             PID    Runtime      # DAGs    # Errors  Last Runtime    Last Run
------------------------------------  -----  ---------  --------  ----------  --------------  -------------------
/opt/airflow/dags/train_model_dag.py                           1           0  0.10s           2025-05-10T16:28:55
/opt/airflow/dags/example_etl.py                               1           0  0.11s           2025-05-10T16:28:31
================================================================================
[2025-05-10T16:29:25.530+0000] {manager.py:893} INFO - 
================================================================================
DAG File Processing Stats

File Path                             PID    Runtime      # DAGs    # Errors  Last Runtime    Last Run
------------------------------------  -----  ---------  --------  ----------  --------------  -------------------
/opt/airflow/dags/train_model_dag.py                           1           0  0.11s           2025-05-10T16:29:25
/opt/airflow/dags/example_etl.py                               1           0  0.11s           2025-05-10T16:29:02
================================================================================
[2025-05-10T16:29:55.707+0000] {manager.py:893} INFO - 
================================================================================
DAG File Processing Stats

File Path                             PID    Runtime      # DAGs    # Errors  Last Runtime    Last Run
------------------------------------  -----  ---------  --------  ----------  --------------  -------------------
/opt/airflow/dags/train_model_dag.py                           1           0  0.11s           2025-05-10T16:29:55
/opt/airflow/dags/example_etl.py                               1           0  0.11s           2025-05-10T16:29:32
================================================================================
[2025-05-10T16:30:25.884+0000] {manager.py:893} INFO - 
================================================================================
DAG File Processing Stats

File Path                             PID    Runtime      # DAGs    # Errors  Last Runtime    Last Run
------------------------------------  -----  ---------  --------  ----------  --------------  -------------------
/opt/airflow/dags/train_model_dag.py                           1           0  0.11s           2025-05-10T16:30:25
/opt/airflow/dags/example_etl.py                               1           0  0.11s           2025-05-10T16:30:02
================================================================================
[2025-05-10T16:30:56.061+0000] {manager.py:893} INFO - 
================================================================================
DAG File Processing Stats

File Path                             PID    Runtime      # DAGs    # Errors  Last Runtime    Last Run
------------------------------------  -----  ---------  --------  ----------  --------------  -------------------
/opt/airflow/dags/train_model_dag.py                           1           0  0.11s           2025-05-10T16:30:56
/opt/airflow/dags/example_etl.py                               1           0  0.11s           2025-05-10T16:30:33
================================================================================
[2025-05-10T16:31:26.344+0000] {manager.py:893} INFO - 
================================================================================
DAG File Processing Stats

File Path                             PID    Runtime      # DAGs    # Errors  Last Runtime    Last Run
------------------------------------  -----  ---------  --------  ----------  --------------  -------------------
/opt/airflow/dags/train_model_dag.py                           1           0  0.22s           2025-05-10T16:31:26
/opt/airflow/dags/example_etl.py                               1           0  0.11s           2025-05-10T16:31:03
================================================================================
[2025-05-10T16:31:56.528+0000] {manager.py:893} INFO - 
================================================================================
DAG File Processing Stats

File Path                             PID    Runtime      # DAGs    # Errors  Last Runtime    Last Run
------------------------------------  -----  ---------  --------  ----------  --------------  -------------------
/opt/airflow/dags/train_model_dag.py                           1           0  0.11s           2025-05-10T16:31:56
/opt/airflow/dags/example_etl.py                               1           0  0.11s           2025-05-10T16:31:33
================================================================================
[2025-05-10T16:32:26.697+0000] {manager.py:893} INFO - 
================================================================================
DAG File Processing Stats

File Path                             PID    Runtime      # DAGs    # Errors  Last Runtime    Last Run
------------------------------------  -----  ---------  --------  ----------  --------------  -------------------
/opt/airflow/dags/train_model_dag.py                           1           0  0.11s           2025-05-10T16:32:26
/opt/airflow/dags/example_etl.py                               1           0  0.11s           2025-05-10T16:32:04
================================================================================
[2025-05-10T16:32:52.538+0000] {manager.py:759} INFO - Searching for files in /opt/airflow/dags
[2025-05-10T16:32:52.544+0000] {manager.py:762} INFO - There are 2 files in /opt/airflow/dags
[2025-05-10T16:32:56.867+0000] {manager.py:893} INFO - 
================================================================================
DAG File Processing Stats

File Path                             PID    Runtime      # DAGs    # Errors  Last Runtime    Last Run
------------------------------------  -----  ---------  --------  ----------  --------------  -------------------
/opt/airflow/dags/train_model_dag.py                           1           0  0.11s           2025-05-10T16:32:56
/opt/airflow/dags/example_etl.py                               1           0  0.11s           2025-05-10T16:32:34
================================================================================
[2025-05-10T16:33:27.050+0000] {manager.py:893} INFO - 
================================================================================
DAG File Processing Stats

File Path                             PID    Runtime      # DAGs    # Errors  Last Runtime    Last Run
------------------------------------  -----  ---------  --------  ----------  --------------  -------------------
/opt/airflow/dags/train_model_dag.py                           1           0  0.11s           2025-05-10T16:33:27
/opt/airflow/dags/example_etl.py                               1           0  0.10s           2025-05-10T16:33:04
================================================================================
[2025-05-10T16:33:57.226+0000] {manager.py:893} INFO - 
================================================================================
DAG File Processing Stats

File Path                             PID    Runtime      # DAGs    # Errors  Last Runtime    Last Run
------------------------------------  -----  ---------  --------  ----------  --------------  -------------------
/opt/airflow/dags/train_model_dag.py                           1           0  0.11s           2025-05-10T16:33:57
/opt/airflow/dags/example_etl.py                               1           0  0.10s           2025-05-10T16:33:35
================================================================================
[2025-05-10T16:34:27.400+0000] {manager.py:893} INFO - 
================================================================================
DAG File Processing Stats

File Path                             PID    Runtime      # DAGs    # Errors  Last Runtime    Last Run
------------------------------------  -----  ---------  --------  ----------  --------------  -------------------
/opt/airflow/dags/train_model_dag.py                           1           0  0.10s           2025-05-10T16:34:27
/opt/airflow/dags/example_etl.py                               1           0  0.10s           2025-05-10T16:34:05
================================================================================
[2025-05-10T16:34:57.561+0000] {manager.py:893} INFO - 
================================================================================
DAG File Processing Stats

File Path                             PID    Runtime      # DAGs    # Errors  Last Runtime    Last Run
------------------------------------  -----  ---------  --------  ----------  --------------  -------------------
/opt/airflow/dags/train_model_dag.py                           1           0  0.11s           2025-05-10T16:34:57
/opt/airflow/dags/example_etl.py                               1           0  0.11s           2025-05-10T16:34:35
================================================================================
[2025-05-10T16:35:27.737+0000] {manager.py:893} INFO - 
================================================================================
DAG File Processing Stats

File Path                             PID    Runtime      # DAGs    # Errors  Last Runtime    Last Run
------------------------------------  -----  ---------  --------  ----------  --------------  -------------------
/opt/airflow/dags/train_model_dag.py                           1           0  0.11s           2025-05-10T16:35:27
/opt/airflow/dags/example_etl.py                               1           0  0.11s           2025-05-10T16:35:06
================================================================================
[2025-05-10T16:35:57.927+0000] {manager.py:893} INFO - 
================================================================================
DAG File Processing Stats

File Path                             PID    Runtime      # DAGs    # Errors  Last Runtime    Last Run
------------------------------------  -----  ---------  --------  ----------  --------------  -------------------
/opt/airflow/dags/train_model_dag.py                           1           0  0.11s           2025-05-10T16:35:57
/opt/airflow/dags/example_etl.py                               1           0  0.31s           2025-05-10T16:35:36
================================================================================
[2025-05-10T16:36:28.108+0000] {manager.py:893} INFO - 
================================================================================
DAG File Processing Stats

File Path                             PID    Runtime      # DAGs    # Errors  Last Runtime    Last Run
------------------------------------  -----  ---------  --------  ----------  --------------  -------------------
/opt/airflow/dags/train_model_dag.py                           1           0  0.11s           2025-05-10T16:36:28
/opt/airflow/dags/example_etl.py                               1           0  0.11s           2025-05-10T16:36:07
================================================================================
[2025-05-10T16:36:58.283+0000] {manager.py:893} INFO - 
================================================================================
DAG File Processing Stats

File Path                             PID    Runtime      # DAGs    # Errors  Last Runtime    Last Run
------------------------------------  -----  ---------  --------  ----------  --------------  -------------------
/opt/airflow/dags/train_model_dag.py                           1           0  0.11s           2025-05-10T16:36:58
/opt/airflow/dags/example_etl.py                               1           0  0.11s           2025-05-10T16:36:37
================================================================================
[2025-05-10T16:37:28.455+0000] {manager.py:893} INFO - 
================================================================================
DAG File Processing Stats

File Path                             PID    Runtime      # DAGs    # Errors  Last Runtime    Last Run
------------------------------------  -----  ---------  --------  ----------  --------------  -------------------
/opt/airflow/dags/train_model_dag.py                           1           0  0.11s           2025-05-10T16:37:28
/opt/airflow/dags/example_etl.py                               1           0  0.11s           2025-05-10T16:37:07
================================================================================
[2025-05-10T16:37:52.583+0000] {manager.py:759} INFO - Searching for files in /opt/airflow/dags
[2025-05-10T16:37:52.590+0000] {manager.py:762} INFO - There are 2 files in /opt/airflow/dags
[2025-05-10T16:37:58.625+0000] {manager.py:893} INFO - 
================================================================================
DAG File Processing Stats

File Path                             PID    Runtime      # DAGs    # Errors  Last Runtime    Last Run
------------------------------------  -----  ---------  --------  ----------  --------------  -------------------
/opt/airflow/dags/train_model_dag.py                           1           0  0.11s           2025-05-10T16:37:58
/opt/airflow/dags/example_etl.py                               1           0  0.11s           2025-05-10T16:37:38
================================================================================
[2025-05-10T16:38:28.795+0000] {manager.py:893} INFO - 
================================================================================
DAG File Processing Stats

File Path                             PID    Runtime      # DAGs    # Errors  Last Runtime    Last Run
------------------------------------  -----  ---------  --------  ----------  --------------  -------------------
/opt/airflow/dags/train_model_dag.py                           1           0  0.11s           2025-05-10T16:38:28
/opt/airflow/dags/example_etl.py                               1           0  0.11s           2025-05-10T16:38:08
================================================================================
[2025-05-10T16:38:58.964+0000] {manager.py:893} INFO - 
================================================================================
DAG File Processing Stats

File Path                             PID    Runtime      # DAGs    # Errors  Last Runtime    Last Run
------------------------------------  -----  ---------  --------  ----------  --------------  -------------------
/opt/airflow/dags/train_model_dag.py                           1           0  0.11s           2025-05-10T16:38:58
/opt/airflow/dags/example_etl.py                               1           0  0.11s           2025-05-10T16:38:38
================================================================================
[2025-05-10T16:39:29.137+0000] {manager.py:893} INFO - 
================================================================================
DAG File Processing Stats

File Path                             PID    Runtime      # DAGs    # Errors  Last Runtime    Last Run
------------------------------------  -----  ---------  --------  ----------  --------------  -------------------
/opt/airflow/dags/train_model_dag.py                           1           0  0.11s           2025-05-10T16:39:29
/opt/airflow/dags/example_etl.py                               1           0  0.11s           2025-05-10T16:39:09
================================================================================
[2025-05-10T16:39:59.318+0000] {manager.py:893} INFO - 
================================================================================
DAG File Processing Stats

File Path                             PID    Runtime      # DAGs    # Errors  Last Runtime    Last Run
------------------------------------  -----  ---------  --------  ----------  --------------  -------------------
/opt/airflow/dags/train_model_dag.py                           1           0  0.11s           2025-05-10T16:39:59
/opt/airflow/dags/example_etl.py                               1           0  0.11s           2025-05-10T16:39:39
================================================================================
[2025-05-10T16:40:29.493+0000] {manager.py:893} INFO - 
================================================================================
DAG File Processing Stats

File Path                             PID    Runtime      # DAGs    # Errors  Last Runtime    Last Run
------------------------------------  -----  ---------  --------  ----------  --------------  -------------------
/opt/airflow/dags/train_model_dag.py                           1           0  0.11s           2025-05-10T16:40:29
/opt/airflow/dags/example_etl.py                               1           0  0.11s           2025-05-10T16:40:09
================================================================================
[2025-05-10T16:40:59.676+0000] {manager.py:893} INFO - 
================================================================================
DAG File Processing Stats

File Path                             PID    Runtime      # DAGs    # Errors  Last Runtime    Last Run
------------------------------------  -----  ---------  --------  ----------  --------------  -------------------
/opt/airflow/dags/train_model_dag.py                           1           0  0.11s           2025-05-10T16:40:59
/opt/airflow/dags/example_etl.py                               1           0  0.11s           2025-05-10T16:40:39
================================================================================
[2025-05-10T16:41:29.842+0000] {manager.py:893} INFO - 
================================================================================
DAG File Processing Stats

File Path                             PID    Runtime      # DAGs    # Errors  Last Runtime    Last Run
------------------------------------  -----  ---------  --------  ----------  --------------  -------------------
/opt/airflow/dags/train_model_dag.py                           1           0  0.10s           2025-05-10T16:41:29
/opt/airflow/dags/example_etl.py                               1           0  0.11s           2025-05-10T16:41:09
================================================================================
[2025-05-10T16:42:00.014+0000] {manager.py:893} INFO - 
================================================================================
DAG File Processing Stats

File Path                             PID    Runtime      # DAGs    # Errors  Last Runtime    Last Run
------------------------------------  -----  ---------  --------  ----------  --------------  -------------------
/opt/airflow/dags/train_model_dag.py                           1           0  0.11s           2025-05-10T16:42:00
/opt/airflow/dags/example_etl.py                               1           0  0.10s           2025-05-10T16:41:40
================================================================================
[2025-05-10T16:42:30.188+0000] {manager.py:893} INFO - 
================================================================================
DAG File Processing Stats

File Path                             PID    Runtime      # DAGs    # Errors  Last Runtime    Last Run
------------------------------------  -----  ---------  --------  ----------  --------------  -------------------
/opt/airflow/dags/train_model_dag.py                           1           0  0.10s           2025-05-10T16:42:30
/opt/airflow/dags/example_etl.py                               1           0  0.11s           2025-05-10T16:42:10
================================================================================
[2025-05-10T16:42:52.630+0000] {manager.py:759} INFO - Searching for files in /opt/airflow/dags
[2025-05-10T16:42:52.635+0000] {manager.py:762} INFO - There are 2 files in /opt/airflow/dags
[2025-05-10T16:43:00.350+0000] {manager.py:893} INFO - 
================================================================================
DAG File Processing Stats

File Path                             PID    Runtime      # DAGs    # Errors  Last Runtime    Last Run
------------------------------------  -----  ---------  --------  ----------  --------------  -------------------
/opt/airflow/dags/train_model_dag.py                           1           0  0.11s           2025-05-10T16:43:00
/opt/airflow/dags/example_etl.py                               1           0  0.11s           2025-05-10T16:42:40
================================================================================
[2025-05-10T16:43:30.521+0000] {manager.py:893} INFO - 
================================================================================
DAG File Processing Stats

File Path                             PID    Runtime      # DAGs    # Errors  Last Runtime    Last Run
------------------------------------  -----  ---------  --------  ----------  --------------  -------------------
/opt/airflow/dags/train_model_dag.py                           1           0  0.11s           2025-05-10T16:43:30
/opt/airflow/dags/example_etl.py                               1           0  0.11s           2025-05-10T16:43:10
================================================================================
[2025-05-10T16:44:00.679+0000] {manager.py:893} INFO - 
================================================================================
DAG File Processing Stats

File Path                             PID    Runtime      # DAGs    # Errors  Last Runtime    Last Run
------------------------------------  -----  ---------  --------  ----------  --------------  -------------------
/opt/airflow/dags/train_model_dag.py                           1           0  0.11s           2025-05-10T16:44:00
/opt/airflow/dags/example_etl.py                               1           0  0.11s           2025-05-10T16:43:40
================================================================================
[2025-05-10T16:44:30.837+0000] {manager.py:893} INFO - 
================================================================================
DAG File Processing Stats

File Path                             PID    Runtime      # DAGs    # Errors  Last Runtime    Last Run
------------------------------------  -----  ---------  --------  ----------  --------------  -------------------
/opt/airflow/dags/train_model_dag.py                           1           0  0.10s           2025-05-10T16:44:30
/opt/airflow/dags/example_etl.py                               1           0  0.11s           2025-05-10T16:44:11
================================================================================
[2025-05-10T16:45:01.003+0000] {manager.py:893} INFO - 
================================================================================
DAG File Processing Stats

File Path                             PID    Runtime      # DAGs    # Errors  Last Runtime    Last Run
------------------------------------  -----  ---------  --------  ----------  --------------  -------------------
/opt/airflow/dags/train_model_dag.py                           1           0  0.11s           2025-05-10T16:45:01
/opt/airflow/dags/example_etl.py                               1           0  0.10s           2025-05-10T16:44:41
================================================================================
[2025-05-10T16:45:31.194+0000] {manager.py:893} INFO - 
================================================================================
DAG File Processing Stats

File Path                             PID    Runtime      # DAGs    # Errors  Last Runtime    Last Run
------------------------------------  -----  ---------  --------  ----------  --------------  -------------------
/opt/airflow/dags/train_model_dag.py                           1           0  0.11s           2025-05-10T16:45:31
/opt/airflow/dags/example_etl.py                               1           0  0.11s           2025-05-10T16:45:11
================================================================================
[2025-05-10T16:46:01.341+0000] {manager.py:893} INFO - 
================================================================================
DAG File Processing Stats

File Path                             PID    Runtime      # DAGs    # Errors  Last Runtime    Last Run
------------------------------------  -----  ---------  --------  ----------  --------------  -------------------
/opt/airflow/dags/train_model_dag.py                           1           0  0.10s           2025-05-10T16:46:01
/opt/airflow/dags/example_etl.py                               1           0  0.10s           2025-05-10T16:45:41
================================================================================
[2025-05-10T16:46:31.527+0000] {manager.py:893} INFO - 
================================================================================
DAG File Processing Stats

File Path                             PID    Runtime      # DAGs    # Errors  Last Runtime    Last Run
------------------------------------  -----  ---------  --------  ----------  --------------  -------------------
/opt/airflow/dags/train_model_dag.py                           1           0  0.11s           2025-05-10T16:46:31
/opt/airflow/dags/example_etl.py                               1           0  0.11s           2025-05-10T16:46:11
================================================================================
[2025-05-10T16:47:01.706+0000] {manager.py:893} INFO - 
================================================================================
DAG File Processing Stats

File Path                             PID    Runtime      # DAGs    # Errors  Last Runtime    Last Run
------------------------------------  -----  ---------  --------  ----------  --------------  -------------------
/opt/airflow/dags/train_model_dag.py                           1           0  0.11s           2025-05-10T16:47:01
/opt/airflow/dags/example_etl.py                               1           0  0.11s           2025-05-10T16:46:42
================================================================================
[2025-05-10T16:47:31.886+0000] {manager.py:893} INFO - 
================================================================================
DAG File Processing Stats

File Path                             PID    Runtime      # DAGs    # Errors  Last Runtime    Last Run
------------------------------------  -----  ---------  --------  ----------  --------------  -------------------
/opt/airflow/dags/train_model_dag.py                           1           0  0.11s           2025-05-10T16:47:31
/opt/airflow/dags/example_etl.py                               1           0  0.11s           2025-05-10T16:47:12
================================================================================
[2025-05-10T16:47:52.660+0000] {manager.py:759} INFO - Searching for files in /opt/airflow/dags
[2025-05-10T16:47:52.666+0000] {manager.py:762} INFO - There are 2 files in /opt/airflow/dags
[2025-05-10T16:48:02.064+0000] {manager.py:893} INFO - 
================================================================================
DAG File Processing Stats

File Path                             PID    Runtime      # DAGs    # Errors  Last Runtime    Last Run
------------------------------------  -----  ---------  --------  ----------  --------------  -------------------
/opt/airflow/dags/train_model_dag.py                           1           0  0.11s           2025-05-10T16:48:02
/opt/airflow/dags/example_etl.py                               1           0  0.11s           2025-05-10T16:47:42
================================================================================
[2025-05-10T16:48:32.258+0000] {manager.py:893} INFO - 
================================================================================
DAG File Processing Stats

File Path                             PID    Runtime      # DAGs    # Errors  Last Runtime    Last Run
------------------------------------  -----  ---------  --------  ----------  --------------  -------------------
/opt/airflow/dags/train_model_dag.py                           1           0  0.11s           2025-05-10T16:48:32
/opt/airflow/dags/example_etl.py                               1           0  0.11s           2025-05-10T16:48:12
================================================================================
[2025-05-10T16:49:02.422+0000] {manager.py:893} INFO - 
================================================================================
DAG File Processing Stats

File Path                             PID    Runtime      # DAGs    # Errors  Last Runtime    Last Run
------------------------------------  -----  ---------  --------  ----------  --------------  -------------------
/opt/airflow/dags/train_model_dag.py                           1           0  0.11s           2025-05-10T16:49:02
/opt/airflow/dags/example_etl.py                               1           0  0.11s           2025-05-10T16:48:43
================================================================================
[2025-05-10T16:49:32.598+0000] {manager.py:893} INFO - 
================================================================================
DAG File Processing Stats

File Path                             PID    Runtime      # DAGs    # Errors  Last Runtime    Last Run
------------------------------------  -----  ---------  --------  ----------  --------------  -------------------
/opt/airflow/dags/train_model_dag.py                           1           0  0.10s           2025-05-10T16:49:32
/opt/airflow/dags/example_etl.py                               1           0  0.11s           2025-05-10T16:49:13
================================================================================
[2025-05-10T16:50:02.785+0000] {manager.py:893} INFO - 
================================================================================
DAG File Processing Stats

File Path                             PID    Runtime      # DAGs    # Errors  Last Runtime    Last Run
------------------------------------  -----  ---------  --------  ----------  --------------  -------------------
/opt/airflow/dags/train_model_dag.py                           1           0  0.11s           2025-05-10T16:50:02
/opt/airflow/dags/example_etl.py                               1           0  0.11s           2025-05-10T16:49:43
================================================================================
[2025-05-10T16:50:32.955+0000] {manager.py:893} INFO - 
================================================================================
DAG File Processing Stats

File Path                             PID    Runtime      # DAGs    # Errors  Last Runtime    Last Run
------------------------------------  -----  ---------  --------  ----------  --------------  -------------------
/opt/airflow/dags/train_model_dag.py                           1           0  0.11s           2025-05-10T16:50:32
/opt/airflow/dags/example_etl.py                               1           0  0.11s           2025-05-10T16:50:13
================================================================================
[2025-05-10T16:51:03.104+0000] {manager.py:893} INFO - 
================================================================================
DAG File Processing Stats

File Path                             PID    Runtime      # DAGs    # Errors  Last Runtime    Last Run
------------------------------------  -----  ---------  --------  ----------  --------------  -------------------
/opt/airflow/dags/train_model_dag.py                           1           0  0.11s           2025-05-10T16:51:03
/opt/airflow/dags/example_etl.py                               1           0  0.10s           2025-05-10T16:50:43
================================================================================
[2025-05-10T16:51:33.265+0000] {manager.py:893} INFO - 
================================================================================
DAG File Processing Stats

File Path                             PID    Runtime      # DAGs    # Errors  Last Runtime    Last Run
------------------------------------  -----  ---------  --------  ----------  --------------  -------------------
/opt/airflow/dags/train_model_dag.py                           1           0  0.11s           2025-05-10T16:51:33
/opt/airflow/dags/example_etl.py                               1           0  0.11s           2025-05-10T16:51:14
================================================================================
[2025-05-10T16:52:03.408+0000] {manager.py:893} INFO - 
================================================================================
DAG File Processing Stats

File Path                             PID    Runtime      # DAGs    # Errors  Last Runtime    Last Run
------------------------------------  -----  ---------  --------  ----------  --------------  -------------------
/opt/airflow/dags/train_model_dag.py                           1           0  0.10s           2025-05-10T16:52:03
/opt/airflow/dags/example_etl.py                               1           0  0.10s           2025-05-10T16:51:44
================================================================================
[2025-05-10T16:52:33.592+0000] {manager.py:893} INFO - 
================================================================================
DAG File Processing Stats

File Path                             PID    Runtime      # DAGs    # Errors  Last Runtime    Last Run
------------------------------------  -----  ---------  --------  ----------  --------------  -------------------
/opt/airflow/dags/train_model_dag.py                           1           0  0.11s           2025-05-10T16:52:33
/opt/airflow/dags/example_etl.py                               1           0  0.11s           2025-05-10T16:52:14
================================================================================
[2025-05-10T16:52:52.710+0000] {manager.py:759} INFO - Searching for files in /opt/airflow/dags
[2025-05-10T16:52:52.720+0000] {manager.py:762} INFO - There are 2 files in /opt/airflow/dags
[2025-05-10T16:53:03.770+0000] {manager.py:893} INFO - 
================================================================================
DAG File Processing Stats

File Path                             PID    Runtime      # DAGs    # Errors  Last Runtime    Last Run
------------------------------------  -----  ---------  --------  ----------  --------------  -------------------
/opt/airflow/dags/train_model_dag.py                           1           0  0.11s           2025-05-10T16:53:03
/opt/airflow/dags/example_etl.py                               1           0  0.11s           2025-05-10T16:52:44
================================================================================
[2025-05-10T16:53:33.932+0000] {manager.py:893} INFO - 
================================================================================
DAG File Processing Stats

File Path                             PID    Runtime      # DAGs    # Errors  Last Runtime    Last Run
------------------------------------  -----  ---------  --------  ----------  --------------  -------------------
/opt/airflow/dags/train_model_dag.py                           1           0  0.11s           2025-05-10T16:53:33
/opt/airflow/dags/example_etl.py                               1           0  0.11s           2025-05-10T16:53:14
================================================================================
[2025-05-10T16:54:04.114+0000] {manager.py:893} INFO - 
================================================================================
DAG File Processing Stats

File Path                             PID    Runtime      # DAGs    # Errors  Last Runtime    Last Run
------------------------------------  -----  ---------  --------  ----------  --------------  -------------------
/opt/airflow/dags/train_model_dag.py                           1           0  0.11s           2025-05-10T16:54:04
/opt/airflow/dags/example_etl.py                               1           0  0.11s           2025-05-10T16:53:45
================================================================================
[2025-05-10T16:54:34.283+0000] {manager.py:893} INFO - 
================================================================================
DAG File Processing Stats

File Path                             PID    Runtime      # DAGs    # Errors  Last Runtime    Last Run
------------------------------------  -----  ---------  --------  ----------  --------------  -------------------
/opt/airflow/dags/train_model_dag.py                           1           0  0.11s           2025-05-10T16:54:34
/opt/airflow/dags/example_etl.py                               1           0  0.10s           2025-05-10T16:54:15
================================================================================
[2025-05-10T16:55:04.438+0000] {manager.py:893} INFO - 
================================================================================
DAG File Processing Stats

File Path                             PID    Runtime      # DAGs    # Errors  Last Runtime    Last Run
------------------------------------  -----  ---------  --------  ----------  --------------  -------------------
/opt/airflow/dags/train_model_dag.py                           1           0  0.11s           2025-05-10T16:55:04
/opt/airflow/dags/example_etl.py                               1           0  0.10s           2025-05-10T16:54:45
================================================================================
[2025-05-10T16:55:34.608+0000] {manager.py:893} INFO - 
================================================================================
DAG File Processing Stats

File Path                             PID    Runtime      # DAGs    # Errors  Last Runtime    Last Run
------------------------------------  -----  ---------  --------  ----------  --------------  -------------------
/opt/airflow/dags/train_model_dag.py                           1           0  0.10s           2025-05-10T16:55:34
/opt/airflow/dags/example_etl.py                               1           0  0.11s           2025-05-10T16:55:15
================================================================================
[2025-05-10T16:56:04.782+0000] {manager.py:893} INFO - 
================================================================================
DAG File Processing Stats

File Path                             PID    Runtime      # DAGs    # Errors  Last Runtime    Last Run
------------------------------------  -----  ---------  --------  ----------  --------------  -------------------
/opt/airflow/dags/train_model_dag.py                           1           0  0.11s           2025-05-10T16:56:04
/opt/airflow/dags/example_etl.py                               1           0  0.10s           2025-05-10T16:55:45
================================================================================
[2025-05-10T16:56:34.964+0000] {manager.py:893} INFO - 
================================================================================
DAG File Processing Stats

File Path                             PID    Runtime      # DAGs    # Errors  Last Runtime    Last Run
------------------------------------  -----  ---------  --------  ----------  --------------  -------------------
/opt/airflow/dags/train_model_dag.py                           1           0  0.11s           2025-05-10T16:56:34
/opt/airflow/dags/example_etl.py                               1           0  0.11s           2025-05-10T16:56:16
================================================================================
[2025-05-10T16:57:05.148+0000] {manager.py:893} INFO - 
================================================================================
DAG File Processing Stats

File Path                             PID    Runtime      # DAGs    # Errors  Last Runtime    Last Run
------------------------------------  -----  ---------  --------  ----------  --------------  -------------------
/opt/airflow/dags/train_model_dag.py                           1           0  0.11s           2025-05-10T16:57:05
/opt/airflow/dags/example_etl.py                               1           0  0.11s           2025-05-10T16:56:46
================================================================================
[2025-05-10T16:57:35.333+0000] {manager.py:893} INFO - 
================================================================================
DAG File Processing Stats

File Path                             PID    Runtime      # DAGs    # Errors  Last Runtime    Last Run
------------------------------------  -----  ---------  --------  ----------  --------------  -------------------
/opt/airflow/dags/train_model_dag.py                           1           0  0.11s           2025-05-10T16:57:35
/opt/airflow/dags/example_etl.py                               1           0  0.11s           2025-05-10T16:57:16
================================================================================
[2025-05-10T16:57:52.768+0000] {manager.py:759} INFO - Searching for files in /opt/airflow/dags
[2025-05-10T16:57:52.777+0000] {manager.py:762} INFO - There are 2 files in /opt/airflow/dags
[2025-05-10T16:58:05.500+0000] {manager.py:893} INFO - 
================================================================================
DAG File Processing Stats

File Path                             PID    Runtime      # DAGs    # Errors  Last Runtime    Last Run
------------------------------------  -----  ---------  --------  ----------  --------------  -------------------
/opt/airflow/dags/train_model_dag.py                           1           0  0.11s           2025-05-10T16:58:05
/opt/airflow/dags/example_etl.py                               1           0  0.11s           2025-05-10T16:57:46
================================================================================
[2025-05-10T16:58:35.671+0000] {manager.py:893} INFO - 
================================================================================
DAG File Processing Stats

File Path                             PID    Runtime      # DAGs    # Errors  Last Runtime    Last Run
------------------------------------  -----  ---------  --------  ----------  --------------  -------------------
/opt/airflow/dags/train_model_dag.py                           1           0  0.11s           2025-05-10T16:58:35
/opt/airflow/dags/example_etl.py                               1           0  0.11s           2025-05-10T16:58:16
================================================================================
[2025-05-10T16:59:05.850+0000] {manager.py:893} INFO - 
================================================================================
DAG File Processing Stats

File Path                             PID    Runtime      # DAGs    # Errors  Last Runtime    Last Run
------------------------------------  -----  ---------  --------  ----------  --------------  -------------------
/opt/airflow/dags/train_model_dag.py                           1           0  0.11s           2025-05-10T16:59:05
/opt/airflow/dags/example_etl.py                               1           0  0.10s           2025-05-10T16:58:46
================================================================================
[2025-05-10T16:59:36.022+0000] {manager.py:893} INFO - 
================================================================================
DAG File Processing Stats

File Path                             PID    Runtime      # DAGs    # Errors  Last Runtime    Last Run
------------------------------------  -----  ---------  --------  ----------  --------------  -------------------
/opt/airflow/dags/train_model_dag.py                           1           0  0.10s           2025-05-10T16:59:36
/opt/airflow/dags/example_etl.py                               1           0  0.10s           2025-05-10T16:59:17
================================================================================
[2025-05-10T17:00:06.192+0000] {manager.py:893} INFO - 
================================================================================
DAG File Processing Stats

File Path                             PID    Runtime      # DAGs    # Errors  Last Runtime    Last Run
------------------------------------  -----  ---------  --------  ----------  --------------  -------------------
/opt/airflow/dags/train_model_dag.py                           1           0  0.11s           2025-05-10T17:00:06
/opt/airflow/dags/example_etl.py                               1           0  0.11s           2025-05-10T16:59:47
================================================================================
[2025-05-10T17:00:36.343+0000] {manager.py:893} INFO - 
================================================================================
DAG File Processing Stats

File Path                             PID    Runtime      # DAGs    # Errors  Last Runtime    Last Run
------------------------------------  -----  ---------  --------  ----------  --------------  -------------------
/opt/airflow/dags/train_model_dag.py                           1           0  0.11s           2025-05-10T17:00:36
/opt/airflow/dags/example_etl.py                               1           0  0.10s           2025-05-10T17:00:17
================================================================================
[2025-05-10T17:01:06.601+0000] {manager.py:893} INFO - 
================================================================================
DAG File Processing Stats

File Path                             PID    Runtime      # DAGs    # Errors  Last Runtime    Last Run
------------------------------------  -----  ---------  --------  ----------  --------------  -------------------
/opt/airflow/dags/train_model_dag.py                           1           0  0.21s           2025-05-10T17:01:06
/opt/airflow/dags/example_etl.py                               1           0  0.10s           2025-05-10T17:00:47
================================================================================
[2025-05-10T17:01:36.762+0000] {manager.py:893} INFO - 
================================================================================
DAG File Processing Stats

File Path                             PID    Runtime      # DAGs    # Errors  Last Runtime    Last Run
------------------------------------  -----  ---------  --------  ----------  --------------  -------------------
/opt/airflow/dags/train_model_dag.py                           1           0  0.11s           2025-05-10T17:01:36
/opt/airflow/dags/example_etl.py                               1           0  0.11s           2025-05-10T17:01:17
================================================================================
[2025-05-10T17:02:06.937+0000] {manager.py:893} INFO - 
================================================================================
DAG File Processing Stats

File Path                             PID    Runtime      # DAGs    # Errors  Last Runtime    Last Run
------------------------------------  -----  ---------  --------  ----------  --------------  -------------------
/opt/airflow/dags/train_model_dag.py                           1           0  0.11s           2025-05-10T17:02:06
/opt/airflow/dags/example_etl.py                               1           0  0.11s           2025-05-10T17:01:48
================================================================================
[2025-05-10T17:02:37.110+0000] {manager.py:893} INFO - 
================================================================================
DAG File Processing Stats

File Path                             PID    Runtime      # DAGs    # Errors  Last Runtime    Last Run
------------------------------------  -----  ---------  --------  ----------  --------------  -------------------
/opt/airflow/dags/train_model_dag.py                           1           0  0.11s           2025-05-10T17:02:37
/opt/airflow/dags/example_etl.py                               1           0  0.10s           2025-05-10T17:02:18
================================================================================
[2025-05-10T17:02:52.827+0000] {manager.py:759} INFO - Searching for files in /opt/airflow/dags
[2025-05-10T17:02:52.835+0000] {manager.py:762} INFO - There are 2 files in /opt/airflow/dags
[2025-05-10T17:03:07.269+0000] {manager.py:893} INFO - 
================================================================================
DAG File Processing Stats

File Path                             PID    Runtime      # DAGs    # Errors  Last Runtime    Last Run
------------------------------------  -----  ---------  --------  ----------  --------------  -------------------
/opt/airflow/dags/train_model_dag.py                           1           0  0.10s           2025-05-10T17:03:07
/opt/airflow/dags/example_etl.py                               1           0  0.11s           2025-05-10T17:02:48
================================================================================
[2025-05-10T17:03:37.435+0000] {manager.py:893} INFO - 
================================================================================
DAG File Processing Stats

File Path                             PID    Runtime      # DAGs    # Errors  Last Runtime    Last Run
------------------------------------  -----  ---------  --------  ----------  --------------  -------------------
/opt/airflow/dags/train_model_dag.py                           1           0  0.10s           2025-05-10T17:03:37
/opt/airflow/dags/example_etl.py                               1           0  0.10s           2025-05-10T17:03:18
================================================================================
[2025-05-10T17:04:07.608+0000] {manager.py:893} INFO - 
================================================================================
DAG File Processing Stats

File Path                             PID    Runtime      # DAGs    # Errors  Last Runtime    Last Run
------------------------------------  -----  ---------  --------  ----------  --------------  -------------------
/opt/airflow/dags/train_model_dag.py                           1           0  0.11s           2025-05-10T17:04:07
/opt/airflow/dags/example_etl.py                               1           0  0.11s           2025-05-10T17:03:48
================================================================================
[2025-05-10T17:04:37.769+0000] {manager.py:893} INFO - 
================================================================================
DAG File Processing Stats

File Path                             PID    Runtime      # DAGs    # Errors  Last Runtime    Last Run
------------------------------------  -----  ---------  --------  ----------  --------------  -------------------
/opt/airflow/dags/train_model_dag.py                           1           0  0.11s           2025-05-10T17:04:37
/opt/airflow/dags/example_etl.py                               1           0  0.11s           2025-05-10T17:04:19
================================================================================
[2025-05-10T17:05:07.934+0000] {manager.py:893} INFO - 
================================================================================
DAG File Processing Stats

File Path                             PID    Runtime      # DAGs    # Errors  Last Runtime    Last Run
------------------------------------  -----  ---------  --------  ----------  --------------  -------------------
/opt/airflow/dags/train_model_dag.py                           1           0  0.11s           2025-05-10T17:05:07
/opt/airflow/dags/example_etl.py                               1           0  0.11s           2025-05-10T17:04:49
================================================================================
[2025-05-10T17:05:38.104+0000] {manager.py:893} INFO - 
================================================================================
DAG File Processing Stats

File Path                             PID    Runtime      # DAGs    # Errors  Last Runtime    Last Run
------------------------------------  -----  ---------  --------  ----------  --------------  -------------------
/opt/airflow/dags/train_model_dag.py                           1           0  0.11s           2025-05-10T17:05:38
/opt/airflow/dags/example_etl.py                               1           0  0.10s           2025-05-10T17:05:19
================================================================================
[2025-05-10T17:06:08.280+0000] {manager.py:893} INFO - 
================================================================================
DAG File Processing Stats

File Path                             PID    Runtime      # DAGs    # Errors  Last Runtime    Last Run
------------------------------------  -----  ---------  --------  ----------  --------------  -------------------
/opt/airflow/dags/train_model_dag.py                           1           0  0.11s           2025-05-10T17:06:08
/opt/airflow/dags/example_etl.py                               1           0  0.11s           2025-05-10T17:05:49
================================================================================
[2025-05-10T17:06:38.441+0000] {manager.py:893} INFO - 
================================================================================
DAG File Processing Stats

File Path                             PID    Runtime      # DAGs    # Errors  Last Runtime    Last Run
------------------------------------  -----  ---------  --------  ----------  --------------  -------------------
/opt/airflow/dags/train_model_dag.py                           1           0  0.11s           2025-05-10T17:06:38
/opt/airflow/dags/example_etl.py                               1           0  0.11s           2025-05-10T17:06:19
================================================================================
[2025-05-10T17:07:08.593+0000] {manager.py:893} INFO - 
================================================================================
DAG File Processing Stats

File Path                             PID    Runtime      # DAGs    # Errors  Last Runtime    Last Run
------------------------------------  -----  ---------  --------  ----------  --------------  -------------------
/opt/airflow/dags/train_model_dag.py                           1           0  0.10s           2025-05-10T17:07:08
/opt/airflow/dags/example_etl.py                               1           0  0.21s           2025-05-10T17:06:50
================================================================================
[2025-05-10T17:07:38.970+0000] {manager.py:893} INFO - 
================================================================================
DAG File Processing Stats

File Path                             PID    Runtime      # DAGs    # Errors  Last Runtime    Last Run
------------------------------------  -----  ---------  --------  ----------  --------------  -------------------
/opt/airflow/dags/train_model_dag.py                           1           0  0.31s           2025-05-10T17:07:38
/opt/airflow/dags/example_etl.py                               1           0  0.10s           2025-05-10T17:07:20
================================================================================
[2025-05-10T17:07:52.849+0000] {manager.py:759} INFO - Searching for files in /opt/airflow/dags
[2025-05-10T17:07:52.857+0000] {manager.py:762} INFO - There are 2 files in /opt/airflow/dags
[2025-05-10T17:08:09.144+0000] {manager.py:893} INFO - 
================================================================================
DAG File Processing Stats

File Path                             PID    Runtime      # DAGs    # Errors  Last Runtime    Last Run
------------------------------------  -----  ---------  --------  ----------  --------------  -------------------
/opt/airflow/dags/train_model_dag.py                           1           0  0.11s           2025-05-10T17:08:09
/opt/airflow/dags/example_etl.py                               1           0  0.11s           2025-05-10T17:07:50
================================================================================
[2025-05-10T17:08:39.287+0000] {manager.py:893} INFO - 
================================================================================
DAG File Processing Stats

File Path                             PID    Runtime      # DAGs    # Errors  Last Runtime    Last Run
------------------------------------  -----  ---------  --------  ----------  --------------  -------------------
/opt/airflow/dags/train_model_dag.py                           1           0  0.11s           2025-05-10T17:08:39
/opt/airflow/dags/example_etl.py                               1           0  0.10s           2025-05-10T17:08:20
================================================================================
[2025-05-10T17:09:09.462+0000] {manager.py:893} INFO - 
================================================================================
DAG File Processing Stats

File Path                             PID    Runtime      # DAGs    # Errors  Last Runtime    Last Run
------------------------------------  -----  ---------  --------  ----------  --------------  -------------------
/opt/airflow/dags/train_model_dag.py                           1           0  0.11s           2025-05-10T17:09:09
/opt/airflow/dags/example_etl.py                               1           0  0.11s           2025-05-10T17:08:50
================================================================================
[2025-05-10T17:09:39.644+0000] {manager.py:893} INFO - 
================================================================================
DAG File Processing Stats

File Path                             PID    Runtime      # DAGs    # Errors  Last Runtime    Last Run
------------------------------------  -----  ---------  --------  ----------  --------------  -------------------
/opt/airflow/dags/train_model_dag.py                           1           0  0.11s           2025-05-10T17:09:39
/opt/airflow/dags/example_etl.py                               1           0  0.11s           2025-05-10T17:09:21
================================================================================
[2025-05-10T17:10:09.830+0000] {manager.py:893} INFO - 
================================================================================
DAG File Processing Stats

File Path                             PID    Runtime      # DAGs    # Errors  Last Runtime    Last Run
------------------------------------  -----  ---------  --------  ----------  --------------  -------------------
/opt/airflow/dags/train_model_dag.py                           1           0  0.11s           2025-05-10T17:10:09
/opt/airflow/dags/example_etl.py                               1           0  0.11s           2025-05-10T17:09:51
================================================================================
[2025-05-10T17:10:40.002+0000] {manager.py:893} INFO - 
================================================================================
DAG File Processing Stats

File Path                             PID    Runtime      # DAGs    # Errors  Last Runtime    Last Run
------------------------------------  -----  ---------  --------  ----------  --------------  -------------------
/opt/airflow/dags/train_model_dag.py                           1           0  0.11s           2025-05-10T17:10:40
/opt/airflow/dags/example_etl.py                               1           0  0.11s           2025-05-10T17:10:21
================================================================================
[2025-05-10T17:11:10.185+0000] {manager.py:893} INFO - 
================================================================================
DAG File Processing Stats

File Path                             PID    Runtime      # DAGs    # Errors  Last Runtime    Last Run
------------------------------------  -----  ---------  --------  ----------  --------------  -------------------
/opt/airflow/dags/train_model_dag.py                           1           0  0.11s           2025-05-10T17:11:10
/opt/airflow/dags/example_etl.py                               1           0  0.11s           2025-05-10T17:10:51
================================================================================
[2025-05-10T17:11:40.356+0000] {manager.py:893} INFO - 
================================================================================
DAG File Processing Stats

File Path                             PID    Runtime      # DAGs    # Errors  Last Runtime    Last Run
------------------------------------  -----  ---------  --------  ----------  --------------  -------------------
/opt/airflow/dags/train_model_dag.py                           1           0  0.11s           2025-05-10T17:11:40
/opt/airflow/dags/example_etl.py                               1           0  0.11s           2025-05-10T17:11:21
================================================================================
[2025-05-10T17:12:10.522+0000] {manager.py:893} INFO - 
================================================================================
DAG File Processing Stats

File Path                             PID    Runtime      # DAGs    # Errors  Last Runtime    Last Run
------------------------------------  -----  ---------  --------  ----------  --------------  -------------------
/opt/airflow/dags/train_model_dag.py                           1           0  0.11s           2025-05-10T17:12:10
/opt/airflow/dags/example_etl.py                               1           0  0.11s           2025-05-10T17:11:52
================================================================================
[2025-05-10T17:12:40.679+0000] {manager.py:893} INFO - 
================================================================================
DAG File Processing Stats

File Path                             PID    Runtime      # DAGs    # Errors  Last Runtime    Last Run
------------------------------------  -----  ---------  --------  ----------  --------------  -------------------
/opt/airflow/dags/train_model_dag.py                           1           0  0.10s           2025-05-10T17:12:40
/opt/airflow/dags/example_etl.py                               1           0  0.11s           2025-05-10T17:12:22
================================================================================
[2025-05-10T17:12:52.902+0000] {manager.py:759} INFO - Searching for files in /opt/airflow/dags
[2025-05-10T17:12:52.909+0000] {manager.py:762} INFO - There are 2 files in /opt/airflow/dags
[2025-05-10T17:13:10.841+0000] {manager.py:893} INFO - 
================================================================================
DAG File Processing Stats

File Path                             PID    Runtime      # DAGs    # Errors  Last Runtime    Last Run
------------------------------------  -----  ---------  --------  ----------  --------------  -------------------
/opt/airflow/dags/train_model_dag.py                           1           0  0.10s           2025-05-10T17:13:10
/opt/airflow/dags/example_etl.py                               1           0  0.11s           2025-05-10T17:12:52
================================================================================
[2025-05-10T17:13:41.012+0000] {manager.py:893} INFO - 
================================================================================
DAG File Processing Stats

File Path                             PID    Runtime      # DAGs    # Errors  Last Runtime    Last Run
------------------------------------  -----  ---------  --------  ----------  --------------  -------------------
/opt/airflow/dags/train_model_dag.py                           1           0  0.11s           2025-05-10T17:13:41
/opt/airflow/dags/example_etl.py                               1           0  0.11s           2025-05-10T17:13:22
================================================================================
[2025-05-10T17:14:11.199+0000] {manager.py:893} INFO - 
================================================================================
DAG File Processing Stats

File Path                             PID    Runtime      # DAGs    # Errors  Last Runtime    Last Run
------------------------------------  -----  ---------  --------  ----------  --------------  -------------------
/opt/airflow/dags/train_model_dag.py                           1           0  0.11s           2025-05-10T17:14:11
/opt/airflow/dags/example_etl.py                               1           0  0.11s           2025-05-10T17:13:52
================================================================================
[2025-05-10T17:14:41.362+0000] {manager.py:893} INFO - 
================================================================================
DAG File Processing Stats

File Path                             PID    Runtime      # DAGs    # Errors  Last Runtime    Last Run
------------------------------------  -----  ---------  --------  ----------  --------------  -------------------
/opt/airflow/dags/train_model_dag.py                           1           0  0.10s           2025-05-10T17:14:41
/opt/airflow/dags/example_etl.py                               1           0  0.11s           2025-05-10T17:14:23
================================================================================
[2025-05-10T17:15:11.509+0000] {manager.py:893} INFO - 
================================================================================
DAG File Processing Stats

File Path                             PID    Runtime      # DAGs    # Errors  Last Runtime    Last Run
------------------------------------  -----  ---------  --------  ----------  --------------  -------------------
/opt/airflow/dags/train_model_dag.py                           1           0  0.11s           2025-05-10T17:15:11
/opt/airflow/dags/example_etl.py                               1           0  0.11s           2025-05-10T17:14:53
================================================================================
[2025-05-10T17:15:41.715+0000] {manager.py:893} INFO - 
================================================================================
DAG File Processing Stats

File Path                             PID    Runtime      # DAGs    # Errors  Last Runtime    Last Run
------------------------------------  -----  ---------  --------  ----------  --------------  -------------------
/opt/airflow/dags/train_model_dag.py                           1           0  0.11s           2025-05-10T17:15:41
/opt/airflow/dags/example_etl.py                               1           0  0.11s           2025-05-10T17:15:23
================================================================================
[2025-05-10T17:16:11.894+0000] {manager.py:893} INFO - 
================================================================================
DAG File Processing Stats

File Path                             PID    Runtime      # DAGs    # Errors  Last Runtime    Last Run
------------------------------------  -----  ---------  --------  ----------  --------------  -------------------
/opt/airflow/dags/train_model_dag.py                           1           0  0.11s           2025-05-10T17:16:11
/opt/airflow/dags/example_etl.py                               1           0  0.11s           2025-05-10T17:15:53
================================================================================
[2025-05-10T17:16:42.068+0000] {manager.py:893} INFO - 
================================================================================
DAG File Processing Stats

File Path                             PID    Runtime      # DAGs    # Errors  Last Runtime    Last Run
------------------------------------  -----  ---------  --------  ----------  --------------  -------------------
/opt/airflow/dags/train_model_dag.py                           1           0  0.11s           2025-05-10T17:16:42
/opt/airflow/dags/example_etl.py                               1           0  0.11s           2025-05-10T17:16:23
================================================================================
[2025-05-10T17:17:12.351+0000] {manager.py:893} INFO - 
================================================================================
DAG File Processing Stats

File Path                             PID    Runtime      # DAGs    # Errors  Last Runtime    Last Run
------------------------------------  -----  ---------  --------  ----------  --------------  -------------------
/opt/airflow/dags/train_model_dag.py                           1           0  0.21s           2025-05-10T17:17:12
/opt/airflow/dags/example_etl.py                               1           0  0.11s           2025-05-10T17:16:54
================================================================================
[2025-05-10T17:17:42.524+0000] {manager.py:893} INFO - 
================================================================================
DAG File Processing Stats

File Path                             PID    Runtime      # DAGs    # Errors  Last Runtime    Last Run
------------------------------------  -----  ---------  --------  ----------  --------------  -------------------
/opt/airflow/dags/train_model_dag.py                           1           0  0.11s           2025-05-10T17:17:42
/opt/airflow/dags/example_etl.py                               1           0  0.11s           2025-05-10T17:17:24
================================================================================
[2025-05-10T17:17:52.949+0000] {manager.py:759} INFO - Searching for files in /opt/airflow/dags
[2025-05-10T17:17:52.953+0000] {manager.py:762} INFO - There are 2 files in /opt/airflow/dags
[2025-05-10T17:18:12.716+0000] {manager.py:893} INFO - 
================================================================================
DAG File Processing Stats

File Path                             PID    Runtime      # DAGs    # Errors  Last Runtime    Last Run
------------------------------------  -----  ---------  --------  ----------  --------------  -------------------
/opt/airflow/dags/train_model_dag.py                           1           0  0.11s           2025-05-10T17:18:12
/opt/airflow/dags/example_etl.py                               1           0  0.11s           2025-05-10T17:17:54
================================================================================
[2025-05-10T17:18:42.878+0000] {manager.py:893} INFO - 
================================================================================
DAG File Processing Stats

File Path                             PID    Runtime      # DAGs    # Errors  Last Runtime    Last Run
------------------------------------  -----  ---------  --------  ----------  --------------  -------------------
/opt/airflow/dags/train_model_dag.py                           1           0  0.11s           2025-05-10T17:18:42
/opt/airflow/dags/example_etl.py                               1           0  0.11s           2025-05-10T17:18:24
================================================================================
[2025-05-10T17:19:13.054+0000] {manager.py:893} INFO - 
================================================================================
DAG File Processing Stats

File Path                             PID    Runtime      # DAGs    # Errors  Last Runtime    Last Run
------------------------------------  -----  ---------  --------  ----------  --------------  -------------------
/opt/airflow/dags/train_model_dag.py                           1           0  0.11s           2025-05-10T17:19:13
/opt/airflow/dags/example_etl.py                               1           0  0.11s           2025-05-10T17:18:55
================================================================================
[2025-05-10T17:19:43.232+0000] {manager.py:893} INFO - 
================================================================================
DAG File Processing Stats

File Path                             PID    Runtime      # DAGs    # Errors  Last Runtime    Last Run
------------------------------------  -----  ---------  --------  ----------  --------------  -------------------
/opt/airflow/dags/train_model_dag.py                           1           0  0.10s           2025-05-10T17:19:43
/opt/airflow/dags/example_etl.py                               1           0  0.11s           2025-05-10T17:19:25
================================================================================
[2025-05-10T17:20:13.405+0000] {manager.py:893} INFO - 
================================================================================
DAG File Processing Stats

File Path                             PID    Runtime      # DAGs    # Errors  Last Runtime    Last Run
------------------------------------  -----  ---------  --------  ----------  --------------  -------------------
/opt/airflow/dags/train_model_dag.py                           1           0  0.10s           2025-05-10T17:20:13
/opt/airflow/dags/example_etl.py                               1           0  0.10s           2025-05-10T17:19:55
================================================================================
[2025-05-10T17:20:43.587+0000] {manager.py:893} INFO - 
================================================================================
DAG File Processing Stats

File Path                             PID    Runtime      # DAGs    # Errors  Last Runtime    Last Run
------------------------------------  -----  ---------  --------  ----------  --------------  -------------------
/opt/airflow/dags/train_model_dag.py                           1           0  0.11s           2025-05-10T17:20:43
/opt/airflow/dags/example_etl.py                               1           0  0.11s           2025-05-10T17:20:25
================================================================================
[2025-05-10T17:21:13.752+0000] {manager.py:893} INFO - 
================================================================================
DAG File Processing Stats

File Path                             PID    Runtime      # DAGs    # Errors  Last Runtime    Last Run
------------------------------------  -----  ---------  --------  ----------  --------------  -------------------
/opt/airflow/dags/train_model_dag.py                           1           0  0.11s           2025-05-10T17:21:13
/opt/airflow/dags/example_etl.py                               1           0  0.11s           2025-05-10T17:20:55
================================================================================
[2025-05-10T17:21:43.922+0000] {manager.py:893} INFO - 
================================================================================
DAG File Processing Stats

File Path                             PID    Runtime      # DAGs    # Errors  Last Runtime    Last Run
------------------------------------  -----  ---------  --------  ----------  --------------  -------------------
/opt/airflow/dags/train_model_dag.py                           1           0  0.11s           2025-05-10T17:21:43
/opt/airflow/dags/example_etl.py                               1           0  0.11s           2025-05-10T17:21:26
================================================================================
[2025-05-10T17:22:14.080+0000] {manager.py:893} INFO - 
================================================================================
DAG File Processing Stats

File Path                             PID    Runtime      # DAGs    # Errors  Last Runtime    Last Run
------------------------------------  -----  ---------  --------  ----------  --------------  -------------------
/opt/airflow/dags/train_model_dag.py                           1           0  0.11s           2025-05-10T17:22:14
/opt/airflow/dags/example_etl.py                               1           0  0.11s           2025-05-10T17:21:56
================================================================================
[2025-05-10T17:22:44.265+0000] {manager.py:893} INFO - 
================================================================================
DAG File Processing Stats

File Path                             PID    Runtime      # DAGs    # Errors  Last Runtime    Last Run
------------------------------------  -----  ---------  --------  ----------  --------------  -------------------
/opt/airflow/dags/train_model_dag.py                           1           0  0.11s           2025-05-10T17:22:44
/opt/airflow/dags/example_etl.py                               1           0  0.11s           2025-05-10T17:22:26
================================================================================
[2025-05-10T17:22:52.996+0000] {manager.py:759} INFO - Searching for files in /opt/airflow/dags
[2025-05-10T17:22:53.015+0000] {manager.py:762} INFO - There are 2 files in /opt/airflow/dags
[2025-05-10T17:23:14.431+0000] {manager.py:893} INFO - 
================================================================================
DAG File Processing Stats

File Path                             PID    Runtime      # DAGs    # Errors  Last Runtime    Last Run
------------------------------------  -----  ---------  --------  ----------  --------------  -------------------
/opt/airflow/dags/train_model_dag.py                           1           0  0.11s           2025-05-10T17:23:14
/opt/airflow/dags/example_etl.py                               1           0  0.21s           2025-05-10T17:22:56
================================================================================
[2025-05-10T17:23:44.593+0000] {manager.py:893} INFO - 
================================================================================
DAG File Processing Stats

File Path                             PID    Runtime      # DAGs    # Errors  Last Runtime    Last Run
------------------------------------  -----  ---------  --------  ----------  --------------  -------------------
/opt/airflow/dags/train_model_dag.py                           1           0  0.11s           2025-05-10T17:23:44
/opt/airflow/dags/example_etl.py                               1           0  0.11s           2025-05-10T17:23:26
================================================================================
[2025-05-10T17:24:14.763+0000] {manager.py:893} INFO - 
================================================================================
DAG File Processing Stats

File Path                             PID    Runtime      # DAGs    # Errors  Last Runtime    Last Run
------------------------------------  -----  ---------  --------  ----------  --------------  -------------------
/opt/airflow/dags/train_model_dag.py                           1           0  0.11s           2025-05-10T17:24:14
/opt/airflow/dags/example_etl.py                               1           0  0.11s           2025-05-10T17:23:57
================================================================================
[2025-05-10T17:24:44.937+0000] {manager.py:893} INFO - 
================================================================================
DAG File Processing Stats

File Path                             PID    Runtime      # DAGs    # Errors  Last Runtime    Last Run
------------------------------------  -----  ---------  --------  ----------  --------------  -------------------
/opt/airflow/dags/train_model_dag.py                           1           0  0.11s           2025-05-10T17:24:44
/opt/airflow/dags/example_etl.py                               1           0  0.10s           2025-05-10T17:24:27
================================================================================
[2025-05-10T17:25:15.105+0000] {manager.py:893} INFO - 
================================================================================
DAG File Processing Stats

File Path                             PID    Runtime      # DAGs    # Errors  Last Runtime    Last Run
------------------------------------  -----  ---------  --------  ----------  --------------  -------------------
/opt/airflow/dags/train_model_dag.py                           1           0  0.11s           2025-05-10T17:25:15
/opt/airflow/dags/example_etl.py                               1           0  0.10s           2025-05-10T17:24:57
================================================================================
[2025-05-10T17:25:45.280+0000] {manager.py:893} INFO - 
================================================================================
DAG File Processing Stats

File Path                             PID    Runtime      # DAGs    # Errors  Last Runtime    Last Run
------------------------------------  -----  ---------  --------  ----------  --------------  -------------------
/opt/airflow/dags/train_model_dag.py                           1           0  0.11s           2025-05-10T17:25:45
/opt/airflow/dags/example_etl.py                               1           0  0.11s           2025-05-10T17:25:27
================================================================================
[2025-05-10T17:26:15.445+0000] {manager.py:893} INFO - 
================================================================================
DAG File Processing Stats

File Path                             PID    Runtime      # DAGs    # Errors  Last Runtime    Last Run
------------------------------------  -----  ---------  --------  ----------  --------------  -------------------
/opt/airflow/dags/train_model_dag.py                           1           0  0.10s           2025-05-10T17:26:15
/opt/airflow/dags/example_etl.py                               1           0  0.10s           2025-05-10T17:25:57
================================================================================
[2025-05-10T17:26:45.621+0000] {manager.py:893} INFO - 
================================================================================
DAG File Processing Stats

File Path                             PID    Runtime      # DAGs    # Errors  Last Runtime    Last Run
------------------------------------  -----  ---------  --------  ----------  --------------  -------------------
/opt/airflow/dags/train_model_dag.py                           1           0  0.11s           2025-05-10T17:26:45
/opt/airflow/dags/example_etl.py                               1           0  0.11s           2025-05-10T17:26:28
================================================================================
[2025-05-10T17:27:15.777+0000] {manager.py:893} INFO - 
================================================================================
DAG File Processing Stats

File Path                             PID    Runtime      # DAGs    # Errors  Last Runtime    Last Run
------------------------------------  -----  ---------  --------  ----------  --------------  -------------------
/opt/airflow/dags/train_model_dag.py                           1           0  0.10s           2025-05-10T17:27:15
/opt/airflow/dags/example_etl.py                               1           0  0.11s           2025-05-10T17:26:58
================================================================================
[2025-05-10T17:27:45.949+0000] {manager.py:893} INFO - 
================================================================================
DAG File Processing Stats

File Path                             PID    Runtime      # DAGs    # Errors  Last Runtime    Last Run
------------------------------------  -----  ---------  --------  ----------  --------------  -------------------
/opt/airflow/dags/train_model_dag.py                           1           0  0.11s           2025-05-10T17:27:45
/opt/airflow/dags/example_etl.py                               1           0  0.11s           2025-05-10T17:27:28
================================================================================
[2025-05-10T17:27:53.109+0000] {manager.py:759} INFO - Searching for files in /opt/airflow/dags
[2025-05-10T17:27:53.118+0000] {manager.py:762} INFO - There are 2 files in /opt/airflow/dags
[2025-05-10T17:28:16.139+0000] {manager.py:893} INFO - 
================================================================================
DAG File Processing Stats

File Path                             PID    Runtime      # DAGs    # Errors  Last Runtime    Last Run
------------------------------------  -----  ---------  --------  ----------  --------------  -------------------
/opt/airflow/dags/train_model_dag.py                           1           0  0.11s           2025-05-10T17:28:16
/opt/airflow/dags/example_etl.py                               1           0  0.20s           2025-05-10T17:27:58
================================================================================
[2025-05-10T17:28:46.297+0000] {manager.py:893} INFO - 
================================================================================
DAG File Processing Stats

File Path                             PID    Runtime      # DAGs    # Errors  Last Runtime    Last Run
------------------------------------  -----  ---------  --------  ----------  --------------  -------------------
/opt/airflow/dags/train_model_dag.py                           1           0  0.10s           2025-05-10T17:28:46
/opt/airflow/dags/example_etl.py                               1           0  0.11s           2025-05-10T17:28:29
================================================================================
[2025-05-10T17:29:16.447+0000] {manager.py:893} INFO - 
================================================================================
DAG File Processing Stats

File Path                             PID    Runtime      # DAGs    # Errors  Last Runtime    Last Run
------------------------------------  -----  ---------  --------  ----------  --------------  -------------------
/opt/airflow/dags/train_model_dag.py                           1           0  0.10s           2025-05-10T17:29:16
/opt/airflow/dags/example_etl.py                               1           0  0.10s           2025-05-10T17:28:59
================================================================================
[2025-05-10T17:29:46.595+0000] {manager.py:893} INFO - 
================================================================================
DAG File Processing Stats

File Path                             PID    Runtime      # DAGs    # Errors  Last Runtime    Last Run
------------------------------------  -----  ---------  --------  ----------  --------------  -------------------
/opt/airflow/dags/train_model_dag.py                           1           0  0.10s           2025-05-10T17:29:46
/opt/airflow/dags/example_etl.py                               1           0  0.10s           2025-05-10T17:29:29
================================================================================
[2025-05-10T17:30:16.761+0000] {manager.py:893} INFO - 
================================================================================
DAG File Processing Stats

File Path                             PID    Runtime      # DAGs    # Errors  Last Runtime    Last Run
------------------------------------  -----  ---------  --------  ----------  --------------  -------------------
/opt/airflow/dags/train_model_dag.py                           1           0  0.11s           2025-05-10T17:30:16
/opt/airflow/dags/example_etl.py                               1           0  0.10s           2025-05-10T17:29:59
================================================================================
[2025-05-10T17:30:46.905+0000] {manager.py:893} INFO - 
================================================================================
DAG File Processing Stats

File Path                             PID    Runtime      # DAGs    # Errors  Last Runtime    Last Run
------------------------------------  -----  ---------  --------  ----------  --------------  -------------------
/opt/airflow/dags/train_model_dag.py                           1           0  0.11s           2025-05-10T17:30:46
/opt/airflow/dags/example_etl.py                               1           0  0.10s           2025-05-10T17:30:29
================================================================================
[2025-05-10T17:31:17.082+0000] {manager.py:893} INFO - 
================================================================================
DAG File Processing Stats

File Path                             PID    Runtime      # DAGs    # Errors  Last Runtime    Last Run
------------------------------------  -----  ---------  --------  ----------  --------------  -------------------
/opt/airflow/dags/train_model_dag.py                           1           0  0.11s           2025-05-10T17:31:17
/opt/airflow/dags/example_etl.py                               1           0  0.11s           2025-05-10T17:30:59
================================================================================
[2025-05-10T17:31:47.262+0000] {manager.py:893} INFO - 
================================================================================
DAG File Processing Stats

File Path                             PID    Runtime      # DAGs    # Errors  Last Runtime    Last Run
------------------------------------  -----  ---------  --------  ----------  --------------  -------------------
/opt/airflow/dags/train_model_dag.py                           1           0  0.11s           2025-05-10T17:31:47
/opt/airflow/dags/example_etl.py                               1           0  0.11s           2025-05-10T17:31:30
================================================================================
[2025-05-10T17:32:17.424+0000] {manager.py:893} INFO - 
================================================================================
DAG File Processing Stats

File Path                             PID    Runtime      # DAGs    # Errors  Last Runtime    Last Run
------------------------------------  -----  ---------  --------  ----------  --------------  -------------------
/opt/airflow/dags/train_model_dag.py                           1           0  0.10s           2025-05-10T17:32:17
/opt/airflow/dags/example_etl.py                               1           0  0.11s           2025-05-10T17:32:00
================================================================================
[2025-05-10T17:32:47.591+0000] {manager.py:893} INFO - 
================================================================================
DAG File Processing Stats

File Path                             PID    Runtime      # DAGs    # Errors  Last Runtime    Last Run
------------------------------------  -----  ---------  --------  ----------  --------------  -------------------
/opt/airflow/dags/train_model_dag.py                           1           0  0.11s           2025-05-10T17:32:47
/opt/airflow/dags/example_etl.py                               1           0  0.11s           2025-05-10T17:32:30
================================================================================
[2025-05-10T17:32:53.161+0000] {manager.py:759} INFO - Searching for files in /opt/airflow/dags
[2025-05-10T17:32:53.169+0000] {manager.py:762} INFO - There are 2 files in /opt/airflow/dags
[2025-05-10T17:33:17.759+0000] {manager.py:893} INFO - 
================================================================================
DAG File Processing Stats

File Path                             PID    Runtime      # DAGs    # Errors  Last Runtime    Last Run
------------------------------------  -----  ---------  --------  ----------  --------------  -------------------
/opt/airflow/dags/train_model_dag.py                           1           0  0.10s           2025-05-10T17:33:17
/opt/airflow/dags/example_etl.py                               1           0  0.10s           2025-05-10T17:33:00
================================================================================
[2025-05-10T17:33:47.933+0000] {manager.py:893} INFO - 
================================================================================
DAG File Processing Stats

File Path                             PID    Runtime      # DAGs    # Errors  Last Runtime    Last Run
------------------------------------  -----  ---------  --------  ----------  --------------  -------------------
/opt/airflow/dags/train_model_dag.py                           1           0  0.11s           2025-05-10T17:33:47
/opt/airflow/dags/example_etl.py                               1           0  0.10s           2025-05-10T17:33:30
================================================================================
[2025-05-10T17:34:18.107+0000] {manager.py:893} INFO - 
================================================================================
DAG File Processing Stats

File Path                             PID    Runtime      # DAGs    # Errors  Last Runtime    Last Run
------------------------------------  -----  ---------  --------  ----------  --------------  -------------------
/opt/airflow/dags/train_model_dag.py                           1           0  0.11s           2025-05-10T17:34:18
/opt/airflow/dags/example_etl.py                               1           0  0.11s           2025-05-10T17:34:01
================================================================================
[2025-05-10T17:34:48.280+0000] {manager.py:893} INFO - 
================================================================================
DAG File Processing Stats

File Path                             PID    Runtime      # DAGs    # Errors  Last Runtime    Last Run
------------------------------------  -----  ---------  --------  ----------  --------------  -------------------
/opt/airflow/dags/train_model_dag.py                           1           0  0.11s           2025-05-10T17:34:48
/opt/airflow/dags/example_etl.py                               1           0  0.11s           2025-05-10T17:34:31
================================================================================
[2025-05-10T17:35:18.444+0000] {manager.py:893} INFO - 
================================================================================
DAG File Processing Stats

File Path                             PID    Runtime      # DAGs    # Errors  Last Runtime    Last Run
------------------------------------  -----  ---------  --------  ----------  --------------  -------------------
/opt/airflow/dags/train_model_dag.py                           1           0  0.11s           2025-05-10T17:35:18
/opt/airflow/dags/example_etl.py                               1           0  0.10s           2025-05-10T17:35:01
================================================================================
[2025-05-10T17:35:48.614+0000] {manager.py:893} INFO - 
================================================================================
DAG File Processing Stats

File Path                             PID    Runtime      # DAGs    # Errors  Last Runtime    Last Run
------------------------------------  -----  ---------  --------  ----------  --------------  -------------------
/opt/airflow/dags/train_model_dag.py                           1           0  0.11s           2025-05-10T17:35:48
/opt/airflow/dags/example_etl.py                               1           0  0.10s           2025-05-10T17:35:31
================================================================================
[2025-05-11T14:00:14.228+0000] {manager.py:759} INFO - Searching for files in /opt/airflow/dags
[2025-05-11T14:00:14.509+0000] {manager.py:762} INFO - There are 2 files in /opt/airflow/dags
[2025-05-11T14:00:15.650+0000] {manager.py:893} INFO - 
================================================================================
DAG File Processing Stats

File Path                             PID    Runtime      # DAGs    # Errors  Last Runtime    Last Run
------------------------------------  -----  ---------  --------  ----------  --------------  -------------------
/opt/airflow/dags/train_model_dag.py                           1           0  1.04s           2025-05-11T14:00:15
/opt/airflow/dags/example_etl.py                               1           0  0.10s           2025-05-10T17:35:31
================================================================================
[2025-05-11T14:00:46.339+0000] {manager.py:893} INFO - 
================================================================================
DAG File Processing Stats

File Path                             PID    Runtime      # DAGs    # Errors  Last Runtime    Last Run
------------------------------------  -----  ---------  --------  ----------  --------------  -------------------
/opt/airflow/dags/train_model_dag.py                           1           0  0.11s           2025-05-11T14:00:46
/opt/airflow/dags/example_etl.py                               1           0  0.21s           2025-05-11T14:00:16
================================================================================
[2025-05-11T14:01:16.638+0000] {manager.py:893} INFO - 
================================================================================
DAG File Processing Stats

File Path                             PID    Runtime      # DAGs    # Errors  Last Runtime    Last Run
------------------------------------  -----  ---------  --------  ----------  --------------  -------------------
/opt/airflow/dags/train_model_dag.py                           1           0  0.11s           2025-05-11T14:01:16
/opt/airflow/dags/example_etl.py                               1           0  0.11s           2025-05-11T14:00:47
================================================================================
[2025-05-11T14:01:47.117+0000] {manager.py:893} INFO - 
================================================================================
DAG File Processing Stats

File Path                             PID    Runtime      # DAGs    # Errors  Last Runtime    Last Run
------------------------------------  -----  ---------  --------  ----------  --------------  -------------------
/opt/airflow/dags/train_model_dag.py                           1           0  0.31s           2025-05-11T14:01:47
/opt/airflow/dags/example_etl.py                               1           0  0.10s           2025-05-11T14:01:17
================================================================================
[2025-05-11T14:02:17.248+0000] {manager.py:893} INFO - 
================================================================================
DAG File Processing Stats

File Path                             PID    Runtime      # DAGs    # Errors  Last Runtime    Last Run
------------------------------------  -----  ---------  --------  ----------  --------------  -------------------
/opt/airflow/dags/train_model_dag.py                           1           0  0.11s           2025-05-11T14:02:17
/opt/airflow/dags/example_etl.py                               1           0  0.10s           2025-05-11T14:01:47
================================================================================
[2025-05-11T14:02:47.567+0000] {manager.py:893} INFO - 
================================================================================
DAG File Processing Stats

File Path                             PID    Runtime      # DAGs    # Errors  Last Runtime    Last Run
------------------------------------  -----  ---------  --------  ----------  --------------  -------------------
/opt/airflow/dags/train_model_dag.py                           1           0  0.11s           2025-05-11T14:02:47
/opt/airflow/dags/example_etl.py                               1           0  0.10s           2025-05-11T14:02:18
================================================================================
[2025-05-11T14:03:18.148+0000] {manager.py:893} INFO - 
================================================================================
DAG File Processing Stats

File Path                             PID    Runtime      # DAGs    # Errors  Last Runtime    Last Run
------------------------------------  -----  ---------  --------  ----------  --------------  -------------------
/opt/airflow/dags/train_model_dag.py                           1           0  0.11s           2025-05-11T14:03:18
/opt/airflow/dags/example_etl.py                               1           0  0.10s           2025-05-11T14:02:48
================================================================================
[2025-05-11T14:03:49.147+0000] {manager.py:893} INFO - 
================================================================================
DAG File Processing Stats

File Path                             PID    Runtime      # DAGs    # Errors  Last Runtime    Last Run
------------------------------------  -----  ---------  --------  ----------  --------------  -------------------
/opt/airflow/dags/train_model_dag.py                           1           0  0.11s           2025-05-11T14:03:49
/opt/airflow/dags/example_etl.py                               1           0  0.11s           2025-05-11T14:03:18
================================================================================
[2025-05-11T14:04:19.606+0000] {manager.py:893} INFO - 
================================================================================
DAG File Processing Stats

File Path                             PID    Runtime      # DAGs    # Errors  Last Runtime    Last Run
------------------------------------  -----  ---------  --------  ----------  --------------  -------------------
/opt/airflow/dags/train_model_dag.py                           1           0  0.11s           2025-05-11T14:04:19
/opt/airflow/dags/example_etl.py                               1           0  0.10s           2025-05-11T14:03:49
================================================================================
[2025-05-11T14:04:49.961+0000] {manager.py:893} INFO - 
================================================================================
DAG File Processing Stats

File Path                             PID    Runtime      # DAGs    # Errors  Last Runtime    Last Run
------------------------------------  -----  ---------  --------  ----------  --------------  -------------------
/opt/airflow/dags/train_model_dag.py                           1           0  0.11s           2025-05-11T14:04:49
/opt/airflow/dags/example_etl.py                               1           0  0.10s           2025-05-11T14:04:20
================================================================================
[2025-05-11T14:06:44.480+0000] {manager.py:759} INFO - Searching for files in /opt/airflow/dags
[2025-05-11T14:06:44.484+0000] {manager.py:762} INFO - There are 2 files in /opt/airflow/dags
[2025-05-11T14:06:52.480+0000] {manager.py:893} INFO - 
================================================================================
DAG File Processing Stats

File Path                             PID    Runtime      # DAGs    # Errors  Last Runtime    Last Run
------------------------------------  -----  ---------  --------  ----------  --------------  -------------------
/opt/airflow/dags/train_model_dag.py                           1           0  0.10s           2025-05-11T14:06:44
/opt/airflow/dags/example_etl.py                               1           0  0.21s           2025-05-11T14:06:45
================================================================================
[2025-05-11T14:08:47.578+0000] {manager.py:893} INFO - 
================================================================================
DAG File Processing Stats

File Path                             PID    Runtime      # DAGs    # Errors  Last Runtime    Last Run
------------------------------------  -----  ---------  --------  ----------  --------------  -------------------
/opt/airflow/dags/train_model_dag.py                           1           0  0.10s           2025-05-11T14:08:39
/opt/airflow/dags/example_etl.py                               1           0  0.10s           2025-05-11T14:08:40
================================================================================
[2025-05-11T14:09:17.849+0000] {manager.py:893} INFO - 
================================================================================
DAG File Processing Stats

File Path                             PID    Runtime      # DAGs    # Errors  Last Runtime    Last Run
------------------------------------  -----  ---------  --------  ----------  --------------  -------------------
/opt/airflow/dags/train_model_dag.py                           1           0  0.10s           2025-05-11T14:09:10
/opt/airflow/dags/example_etl.py                               1           0  0.10s           2025-05-11T14:09:10
================================================================================
[2025-05-11T14:11:20.356+0000] {manager.py:893} INFO - 
================================================================================
DAG File Processing Stats

File Path                             PID    Runtime      # DAGs    # Errors  Last Runtime    Last Run
------------------------------------  -----  ---------  --------  ----------  --------------  -------------------
/opt/airflow/dags/train_model_dag.py                           1           0  0.10s           2025-05-11T14:11:11
/opt/airflow/dags/example_etl.py                               1           0  0.13s           2025-05-11T14:11:12
================================================================================
[2025-05-11T14:12:45.934+0000] {manager.py:759} INFO - Searching for files in /opt/airflow/dags
[2025-05-11T14:12:45.942+0000] {manager.py:762} INFO - There are 2 files in /opt/airflow/dags
[2025-05-11T14:12:54.972+0000] {manager.py:893} INFO - 
================================================================================
DAG File Processing Stats

File Path                             PID    Runtime      # DAGs    # Errors  Last Runtime    Last Run
------------------------------------  -----  ---------  --------  ----------  --------------  -------------------
/opt/airflow/dags/train_model_dag.py                           1           0  0.11s           2025-05-11T14:12:46
/opt/airflow/dags/example_etl.py                               1           0  0.10s           2025-05-11T14:12:46
================================================================================
[2025-05-11T14:13:25.191+0000] {manager.py:893} INFO - 
================================================================================
DAG File Processing Stats

File Path                             PID    Runtime      # DAGs    # Errors  Last Runtime    Last Run
------------------------------------  -----  ---------  --------  ----------  --------------  -------------------
/opt/airflow/dags/train_model_dag.py                           1           0  0.11s           2025-05-11T14:13:16
/opt/airflow/dags/example_etl.py                               1           0  0.10s           2025-05-11T14:13:17
================================================================================
[2025-05-11T14:23:33.561+0000] {manager.py:759} INFO - Searching for files in /opt/airflow/dags
[2025-05-11T14:23:33.567+0000] {manager.py:762} INFO - There are 2 files in /opt/airflow/dags
[2025-05-11T14:23:42.701+0000] {manager.py:893} INFO - 
================================================================================
DAG File Processing Stats

File Path                             PID    Runtime      # DAGs    # Errors  Last Runtime    Last Run
------------------------------------  -----  ---------  --------  ----------  --------------  -------------------
/opt/airflow/dags/train_model_dag.py                           1           0  0.11s           2025-05-11T14:23:33
/opt/airflow/dags/example_etl.py                               1           0  0.10s           2025-05-11T14:23:34
================================================================================
[2025-05-11T14:24:12.925+0000] {manager.py:893} INFO - 
================================================================================
DAG File Processing Stats

File Path                             PID    Runtime      # DAGs    # Errors  Last Runtime    Last Run
------------------------------------  -----  ---------  --------  ----------  --------------  -------------------
/opt/airflow/dags/train_model_dag.py                           1           0  0.10s           2025-05-11T14:24:03
/opt/airflow/dags/example_etl.py                               1           0  0.11s           2025-05-11T14:24:05
================================================================================
[2025-05-11T14:24:43.133+0000] {manager.py:893} INFO - 
================================================================================
DAG File Processing Stats

File Path                             PID    Runtime      # DAGs    # Errors  Last Runtime    Last Run
------------------------------------  -----  ---------  --------  ----------  --------------  -------------------
/opt/airflow/dags/train_model_dag.py                           1           0  0.10s           2025-05-11T14:24:34
/opt/airflow/dags/example_etl.py                               1           0  0.11s           2025-05-11T14:24:35
================================================================================
[2025-05-11T14:25:13.332+0000] {manager.py:893} INFO - 
================================================================================
DAG File Processing Stats

File Path                             PID    Runtime      # DAGs    # Errors  Last Runtime    Last Run
------------------------------------  -----  ---------  --------  ----------  --------------  -------------------
/opt/airflow/dags/train_model_dag.py                           1           0  0.11s           2025-05-11T14:25:05
/opt/airflow/dags/example_etl.py                               1           0  0.10s           2025-05-11T14:25:06
================================================================================
[2025-05-11T14:25:43.598+0000] {manager.py:893} INFO - 
================================================================================
DAG File Processing Stats

File Path                             PID    Runtime      # DAGs    # Errors  Last Runtime    Last Run
------------------------------------  -----  ---------  --------  ----------  --------------  -------------------
/opt/airflow/dags/train_model_dag.py                           1           0  0.11s           2025-05-11T14:25:35
/opt/airflow/dags/example_etl.py                               1           0  0.10s           2025-05-11T14:25:36
================================================================================
[2025-05-11T14:26:13.870+0000] {manager.py:893} INFO - 
================================================================================
DAG File Processing Stats

File Path                             PID    Runtime      # DAGs    # Errors  Last Runtime    Last Run
------------------------------------  -----  ---------  --------  ----------  --------------  -------------------
/opt/airflow/dags/train_model_dag.py                           1           0  0.10s           2025-05-11T14:26:05
/opt/airflow/dags/example_etl.py                               1           0  0.11s           2025-05-11T14:26:06
================================================================================
[2025-05-11T14:28:19.489+0000] {manager.py:893} INFO - 
================================================================================
DAG File Processing Stats

File Path                             PID    Runtime      # DAGs    # Errors  Last Runtime    Last Run
------------------------------------  -----  ---------  --------  ----------  --------------  -------------------
/opt/airflow/dags/train_model_dag.py                           1           0  0.11s           2025-05-11T14:28:08
/opt/airflow/dags/example_etl.py                               1           0  0.11s           2025-05-11T14:28:09
================================================================================
[2025-05-11T14:28:34.438+0000] {manager.py:759} INFO - Searching for files in /opt/airflow/dags
[2025-05-11T14:28:34.447+0000] {manager.py:762} INFO - There are 2 files in /opt/airflow/dags
[2025-05-11T14:28:49.782+0000] {manager.py:893} INFO - 
================================================================================
DAG File Processing Stats

File Path                             PID    Runtime      # DAGs    # Errors  Last Runtime    Last Run
------------------------------------  -----  ---------  --------  ----------  --------------  -------------------
/opt/airflow/dags/train_model_dag.py                           1           0  0.11s           2025-05-11T14:28:38
/opt/airflow/dags/example_etl.py                               1           0  0.10s           2025-05-11T14:28:39
================================================================================
[2025-05-11T14:29:20.124+0000] {manager.py:893} INFO - 
================================================================================
DAG File Processing Stats

File Path                             PID    Runtime      # DAGs    # Errors  Last Runtime    Last Run
------------------------------------  -----  ---------  --------  ----------  --------------  -------------------
/opt/airflow/dags/train_model_dag.py                           1           0  0.10s           2025-05-11T14:29:09
/opt/airflow/dags/example_etl.py                               1           0  0.11s           2025-05-11T14:29:10
================================================================================
[2025-05-11T14:29:50.461+0000] {manager.py:893} INFO - 
================================================================================
DAG File Processing Stats

File Path                             PID    Runtime      # DAGs    # Errors  Last Runtime    Last Run
------------------------------------  -----  ---------  --------  ----------  --------------  -------------------
/opt/airflow/dags/train_model_dag.py                           1           0  0.10s           2025-05-11T14:29:39
/opt/airflow/dags/example_etl.py                               1           0  0.11s           2025-05-11T14:29:40
================================================================================
[2025-05-11T14:30:20.747+0000] {manager.py:893} INFO - 
================================================================================
DAG File Processing Stats

File Path                             PID    Runtime      # DAGs    # Errors  Last Runtime    Last Run
------------------------------------  -----  ---------  --------  ----------  --------------  -------------------
/opt/airflow/dags/train_model_dag.py                           1           0  0.11s           2025-05-11T14:30:10
/opt/airflow/dags/example_etl.py                               1           0  0.10s           2025-05-11T14:30:10
================================================================================
[2025-05-11T14:30:50.873+0000] {manager.py:893} INFO - 
================================================================================
DAG File Processing Stats

File Path                             PID    Runtime      # DAGs    # Errors  Last Runtime    Last Run
------------------------------------  -----  ---------  --------  ----------  --------------  -------------------
/opt/airflow/dags/train_model_dag.py                           1           0  0.11s           2025-05-11T14:30:41
/opt/airflow/dags/example_etl.py                               1           0  0.10s           2025-05-11T14:30:41
================================================================================
[2025-05-11T14:31:21.646+0000] {manager.py:893} INFO - 
================================================================================
DAG File Processing Stats

File Path                             PID    Runtime      # DAGs    # Errors  Last Runtime    Last Run
------------------------------------  -----  ---------  --------  ----------  --------------  -------------------
/opt/airflow/dags/train_model_dag.py                           1           0  0.31s           2025-05-11T14:31:11
/opt/airflow/dags/example_etl.py                               1           0  0.10s           2025-05-11T14:31:11
================================================================================
[2025-05-11T14:31:51.903+0000] {manager.py:893} INFO - 
================================================================================
DAG File Processing Stats

File Path                             PID    Runtime      # DAGs    # Errors  Last Runtime    Last Run
------------------------------------  -----  ---------  --------  ----------  --------------  -------------------
/opt/airflow/dags/train_model_dag.py                           1           0  0.10s           2025-05-11T14:31:41
/opt/airflow/dags/example_etl.py                               1           0  0.10s           2025-05-11T14:31:43
================================================================================
[2025-05-11T14:32:22.070+0000] {manager.py:893} INFO - 
================================================================================
DAG File Processing Stats

File Path                             PID    Runtime      # DAGs    # Errors  Last Runtime    Last Run
------------------------------------  -----  ---------  --------  ----------  --------------  -------------------
/opt/airflow/dags/train_model_dag.py                           1           0  0.10s           2025-05-11T14:32:12
/opt/airflow/dags/example_etl.py                               1           0  0.10s           2025-05-11T14:32:13
================================================================================
[2025-05-11T14:32:52.245+0000] {manager.py:893} INFO - 
================================================================================
DAG File Processing Stats

File Path                             PID    Runtime      # DAGs    # Errors  Last Runtime    Last Run
------------------------------------  -----  ---------  --------  ----------  --------------  -------------------
/opt/airflow/dags/train_model_dag.py                           1           0  0.11s           2025-05-11T14:32:42
/opt/airflow/dags/example_etl.py                               1           0  0.10s           2025-05-11T14:32:43
================================================================================
[2025-05-11T14:33:22.408+0000] {manager.py:893} INFO - 
================================================================================
DAG File Processing Stats

File Path                             PID    Runtime      # DAGs    # Errors  Last Runtime    Last Run
------------------------------------  -----  ---------  --------  ----------  --------------  -------------------
/opt/airflow/dags/train_model_dag.py                           1           0  0.11s           2025-05-11T14:33:12
/opt/airflow/dags/example_etl.py                               1           0  0.10s           2025-05-11T14:33:13
================================================================================
[2025-05-11T14:33:34.568+0000] {manager.py:759} INFO - Searching for files in /opt/airflow/dags
[2025-05-11T14:33:34.579+0000] {manager.py:762} INFO - There are 2 files in /opt/airflow/dags
[2025-05-11T14:33:52.608+0000] {manager.py:893} INFO - 
================================================================================
DAG File Processing Stats

File Path                             PID    Runtime      # DAGs    # Errors  Last Runtime    Last Run
------------------------------------  -----  ---------  --------  ----------  --------------  -------------------
/opt/airflow/dags/train_model_dag.py                           1           0  0.13s           2025-05-11T14:33:42
/opt/airflow/dags/example_etl.py                               1           0  0.10s           2025-05-11T14:33:43
================================================================================
[2025-05-11T14:34:22.718+0000] {manager.py:893} INFO - 
================================================================================
DAG File Processing Stats

File Path                             PID    Runtime      # DAGs    # Errors  Last Runtime    Last Run
------------------------------------  -----  ---------  --------  ----------  --------------  -------------------
/opt/airflow/dags/train_model_dag.py                           1           0  0.10s           2025-05-11T14:34:12
/opt/airflow/dags/example_etl.py                               1           0  0.11s           2025-05-11T14:34:13
================================================================================
[2025-05-11T14:34:52.885+0000] {manager.py:893} INFO - 
================================================================================
DAG File Processing Stats

File Path                             PID    Runtime      # DAGs    # Errors  Last Runtime    Last Run
------------------------------------  -----  ---------  --------  ----------  --------------  -------------------
/opt/airflow/dags/train_model_dag.py                           1           0  0.10s           2025-05-11T14:34:42
/opt/airflow/dags/example_etl.py                               1           0  0.11s           2025-05-11T14:34:44
================================================================================
[2025-05-11T14:35:23.060+0000] {manager.py:893} INFO - 
================================================================================
DAG File Processing Stats

File Path                             PID    Runtime      # DAGs    # Errors  Last Runtime    Last Run
------------------------------------  -----  ---------  --------  ----------  --------------  -------------------
/opt/airflow/dags/train_model_dag.py                           1           0  0.11s           2025-05-11T14:35:13
/opt/airflow/dags/example_etl.py                               1           0  0.11s           2025-05-11T14:35:14
================================================================================
[2025-05-11T14:35:53.232+0000] {manager.py:893} INFO - 
================================================================================
DAG File Processing Stats

File Path                             PID    Runtime      # DAGs    # Errors  Last Runtime    Last Run
------------------------------------  -----  ---------  --------  ----------  --------------  -------------------
/opt/airflow/dags/train_model_dag.py                           1           0  0.11s           2025-05-11T14:35:43
/opt/airflow/dags/example_etl.py                               1           0  0.11s           2025-05-11T14:35:44
================================================================================
[2025-05-11T14:36:23.408+0000] {manager.py:893} INFO - 
================================================================================
DAG File Processing Stats

File Path                             PID    Runtime      # DAGs    # Errors  Last Runtime    Last Run
------------------------------------  -----  ---------  --------  ----------  --------------  -------------------
/opt/airflow/dags/train_model_dag.py                           1           0  0.11s           2025-05-11T14:36:13
/opt/airflow/dags/example_etl.py                               1           0  0.11s           2025-05-11T14:36:14
================================================================================
[2025-05-11T14:36:53.562+0000] {manager.py:893} INFO - 
================================================================================
DAG File Processing Stats

File Path                             PID    Runtime      # DAGs    # Errors  Last Runtime    Last Run
------------------------------------  -----  ---------  --------  ----------  --------------  -------------------
/opt/airflow/dags/train_model_dag.py                           1           0  0.10s           2025-05-11T14:36:43
/opt/airflow/dags/example_etl.py                               1           0  0.11s           2025-05-11T14:36:45
================================================================================
[2025-05-11T14:37:23.726+0000] {manager.py:893} INFO - 
================================================================================
DAG File Processing Stats

File Path                             PID    Runtime      # DAGs    # Errors  Last Runtime    Last Run
------------------------------------  -----  ---------  --------  ----------  --------------  -------------------
/opt/airflow/dags/train_model_dag.py                           1           0  0.10s           2025-05-11T14:37:13
/opt/airflow/dags/example_etl.py                               1           0  0.11s           2025-05-11T14:37:15
================================================================================
[2025-05-11T14:37:53.898+0000] {manager.py:893} INFO - 
================================================================================
DAG File Processing Stats

File Path                             PID    Runtime      # DAGs    # Errors  Last Runtime    Last Run
------------------------------------  -----  ---------  --------  ----------  --------------  -------------------
/opt/airflow/dags/train_model_dag.py                           1           0  0.11s           2025-05-11T14:37:43
/opt/airflow/dags/example_etl.py                               1           0  0.10s           2025-05-11T14:37:45
================================================================================
[2025-05-11T14:38:23.908+0000] {manager.py:893} INFO - 
================================================================================
DAG File Processing Stats

File Path                             PID    Runtime      # DAGs    # Errors  Last Runtime    Last Run
------------------------------------  -----  ---------  --------  ----------  --------------  -------------------
/opt/airflow/dags/train_model_dag.py                           1           0  0.11s           2025-05-11T14:38:14
/opt/airflow/dags/example_etl.py                               1           0  0.11s           2025-05-11T14:38:15
================================================================================
[2025-05-11T14:38:34.908+0000] {manager.py:759} INFO - Searching for files in /opt/airflow/dags
[2025-05-11T14:38:34.914+0000] {manager.py:762} INFO - There are 2 files in /opt/airflow/dags
[2025-05-11T14:38:54.186+0000] {manager.py:893} INFO - 
================================================================================
DAG File Processing Stats

File Path                             PID    Runtime      # DAGs    # Errors  Last Runtime    Last Run
------------------------------------  -----  ---------  --------  ----------  --------------  -------------------
/opt/airflow/dags/train_model_dag.py                           1           0  0.11s           2025-05-11T14:38:44
/opt/airflow/dags/example_etl.py                               1           0  0.11s           2025-05-11T14:38:46
================================================================================
[2025-05-11T14:39:24.410+0000] {manager.py:893} INFO - 
================================================================================
DAG File Processing Stats

File Path                             PID    Runtime      # DAGs    # Errors  Last Runtime    Last Run
------------------------------------  -----  ---------  --------  ----------  --------------  -------------------
/opt/airflow/dags/train_model_dag.py                           1           0  0.11s           2025-05-11T14:39:14
/opt/airflow/dags/example_etl.py                               1           0  0.11s           2025-05-11T14:39:17
================================================================================
[2025-05-11T14:39:54.583+0000] {manager.py:893} INFO - 
================================================================================
DAG File Processing Stats

File Path                             PID    Runtime      # DAGs    # Errors  Last Runtime    Last Run
------------------------------------  -----  ---------  --------  ----------  --------------  -------------------
/opt/airflow/dags/train_model_dag.py                           1           0  0.11s           2025-05-11T14:39:44
/opt/airflow/dags/example_etl.py                               1           0  0.11s           2025-05-11T14:39:47
================================================================================
[2025-05-11T14:40:24.745+0000] {manager.py:893} INFO - 
================================================================================
DAG File Processing Stats

File Path                             PID    Runtime      # DAGs    # Errors  Last Runtime    Last Run
------------------------------------  -----  ---------  --------  ----------  --------------  -------------------
/opt/airflow/dags/train_model_dag.py                           1           0  0.10s           2025-05-11T14:40:14
/opt/airflow/dags/example_etl.py                               1           0  0.11s           2025-05-11T14:40:17
================================================================================
[2025-05-11T14:40:54.921+0000] {manager.py:893} INFO - 
================================================================================
DAG File Processing Stats

File Path                             PID    Runtime      # DAGs    # Errors  Last Runtime    Last Run
------------------------------------  -----  ---------  --------  ----------  --------------  -------------------
/opt/airflow/dags/train_model_dag.py                           1           0  0.11s           2025-05-11T14:40:44
/opt/airflow/dags/example_etl.py                               1           0  0.11s           2025-05-11T14:40:48
================================================================================
[2025-05-11T14:41:25.077+0000] {manager.py:893} INFO - 
================================================================================
DAG File Processing Stats

File Path                             PID    Runtime      # DAGs    # Errors  Last Runtime    Last Run
------------------------------------  -----  ---------  --------  ----------  --------------  -------------------
/opt/airflow/dags/train_model_dag.py                           1           0  0.11s           2025-05-11T14:41:15
/opt/airflow/dags/example_etl.py                               1           0  0.11s           2025-05-11T14:41:18
================================================================================
[2025-05-11T14:41:55.250+0000] {manager.py:893} INFO - 
================================================================================
DAG File Processing Stats

File Path                             PID    Runtime      # DAGs    # Errors  Last Runtime    Last Run
------------------------------------  -----  ---------  --------  ----------  --------------  -------------------
/opt/airflow/dags/train_model_dag.py                           1           0  0.11s           2025-05-11T14:41:45
/opt/airflow/dags/example_etl.py                               1           0  0.11s           2025-05-11T14:41:48
================================================================================
[2025-05-11T14:42:25.420+0000] {manager.py:893} INFO - 
================================================================================
DAG File Processing Stats

File Path                             PID    Runtime      # DAGs    # Errors  Last Runtime    Last Run
------------------------------------  -----  ---------  --------  ----------  --------------  -------------------
/opt/airflow/dags/train_model_dag.py                           1           0  0.11s           2025-05-11T14:42:15
/opt/airflow/dags/example_etl.py                               1           0  0.10s           2025-05-11T14:42:18
================================================================================
[2025-05-11T14:42:55.577+0000] {manager.py:893} INFO - 
================================================================================
DAG File Processing Stats

File Path                             PID    Runtime      # DAGs    # Errors  Last Runtime    Last Run
------------------------------------  -----  ---------  --------  ----------  --------------  -------------------
/opt/airflow/dags/train_model_dag.py                           1           0  0.10s           2025-05-11T14:42:45
/opt/airflow/dags/example_etl.py                               1           0  0.11s           2025-05-11T14:42:49
================================================================================
[2025-05-11T14:43:25.731+0000] {manager.py:893} INFO - 
================================================================================
DAG File Processing Stats

File Path                             PID    Runtime      # DAGs    # Errors  Last Runtime    Last Run
------------------------------------  -----  ---------  --------  ----------  --------------  -------------------
/opt/airflow/dags/train_model_dag.py                           1           0  0.10s           2025-05-11T14:43:15
/opt/airflow/dags/example_etl.py                               1           0  0.11s           2025-05-11T14:43:20
================================================================================
[2025-05-11T14:43:35.131+0000] {manager.py:759} INFO - Searching for files in /opt/airflow/dags
[2025-05-11T14:43:35.138+0000] {manager.py:762} INFO - There are 2 files in /opt/airflow/dags
[2025-05-11T14:43:55.889+0000] {manager.py:893} INFO - 
================================================================================
DAG File Processing Stats

File Path                             PID    Runtime      # DAGs    # Errors  Last Runtime    Last Run
------------------------------------  -----  ---------  --------  ----------  --------------  -------------------
/opt/airflow/dags/train_model_dag.py                           1           0  0.11s           2025-05-11T14:43:45
/opt/airflow/dags/example_etl.py                               1           0  0.11s           2025-05-11T14:43:50
================================================================================
[2025-05-11T14:44:26.041+0000] {manager.py:893} INFO - 
================================================================================
DAG File Processing Stats

File Path                             PID    Runtime      # DAGs    # Errors  Last Runtime    Last Run
------------------------------------  -----  ---------  --------  ----------  --------------  -------------------
/opt/airflow/dags/train_model_dag.py                           1           0  0.11s           2025-05-11T14:44:16
/opt/airflow/dags/example_etl.py                               1           0  0.11s           2025-05-11T14:44:20
================================================================================
[2025-05-11T14:44:56.210+0000] {manager.py:893} INFO - 
================================================================================
DAG File Processing Stats

File Path                             PID    Runtime      # DAGs    # Errors  Last Runtime    Last Run
------------------------------------  -----  ---------  --------  ----------  --------------  -------------------
/opt/airflow/dags/train_model_dag.py                           1           0  0.11s           2025-05-11T14:44:46
/opt/airflow/dags/example_etl.py                               1           0  0.11s           2025-05-11T14:44:50
================================================================================
[2025-05-11T14:45:26.367+0000] {manager.py:893} INFO - 
================================================================================
DAG File Processing Stats

File Path                             PID    Runtime      # DAGs    # Errors  Last Runtime    Last Run
------------------------------------  -----  ---------  --------  ----------  --------------  -------------------
/opt/airflow/dags/train_model_dag.py                           1           0  0.11s           2025-05-11T14:45:16
/opt/airflow/dags/example_etl.py                               1           0  0.10s           2025-05-11T14:45:21
================================================================================
[2025-05-11T14:45:56.538+0000] {manager.py:893} INFO - 
================================================================================
DAG File Processing Stats

File Path                             PID    Runtime      # DAGs    # Errors  Last Runtime    Last Run
------------------------------------  -----  ---------  --------  ----------  --------------  -------------------
/opt/airflow/dags/train_model_dag.py                           1           0  0.11s           2025-05-11T14:45:46
/opt/airflow/dags/example_etl.py                               1           0  0.10s           2025-05-11T14:45:51
================================================================================
[2025-05-11T14:46:26.701+0000] {manager.py:893} INFO - 
================================================================================
DAG File Processing Stats

File Path                             PID    Runtime      # DAGs    # Errors  Last Runtime    Last Run
------------------------------------  -----  ---------  --------  ----------  --------------  -------------------
/opt/airflow/dags/train_model_dag.py                           1           0  0.11s           2025-05-11T14:46:16
/opt/airflow/dags/example_etl.py                               1           0  0.10s           2025-05-11T14:46:21
================================================================================
[2025-05-11T14:46:56.866+0000] {manager.py:893} INFO - 
================================================================================
DAG File Processing Stats

File Path                             PID    Runtime      # DAGs    # Errors  Last Runtime    Last Run
------------------------------------  -----  ---------  --------  ----------  --------------  -------------------
/opt/airflow/dags/train_model_dag.py                           1           0  0.11s           2025-05-11T14:46:46
/opt/airflow/dags/example_etl.py                               1           0  0.11s           2025-05-11T14:46:51
================================================================================
[2025-05-11T14:47:26.969+0000] {manager.py:893} INFO - 
================================================================================
DAG File Processing Stats

File Path                             PID    Runtime      # DAGs    # Errors  Last Runtime    Last Run
------------------------------------  -----  ---------  --------  ----------  --------------  -------------------
/opt/airflow/dags/train_model_dag.py                           1           0  0.11s           2025-05-11T14:47:16
/opt/airflow/dags/example_etl.py                               1           0  0.10s           2025-05-11T14:47:22
================================================================================
[2025-05-11T14:47:57.190+0000] {manager.py:893} INFO - 
================================================================================
DAG File Processing Stats

File Path                             PID    Runtime      # DAGs    # Errors  Last Runtime    Last Run
------------------------------------  -----  ---------  --------  ----------  --------------  -------------------
/opt/airflow/dags/train_model_dag.py                           1           0  0.11s           2025-05-11T14:47:47
/opt/airflow/dags/example_etl.py                               1           0  0.11s           2025-05-11T14:47:52
================================================================================
[2025-05-11T14:48:27.351+0000] {manager.py:893} INFO - 
================================================================================
DAG File Processing Stats

File Path                             PID    Runtime      # DAGs    # Errors  Last Runtime    Last Run
------------------------------------  -----  ---------  --------  ----------  --------------  -------------------
/opt/airflow/dags/train_model_dag.py                           1           0  0.11s           2025-05-11T14:48:17
/opt/airflow/dags/example_etl.py                               1           0  0.11s           2025-05-11T14:48:22
================================================================================
[2025-05-11T14:48:35.446+0000] {manager.py:759} INFO - Searching for files in /opt/airflow/dags
[2025-05-11T14:48:35.450+0000] {manager.py:762} INFO - There are 2 files in /opt/airflow/dags
[2025-05-11T14:48:57.516+0000] {manager.py:893} INFO - 
================================================================================
DAG File Processing Stats

File Path                             PID    Runtime      # DAGs    # Errors  Last Runtime    Last Run
------------------------------------  -----  ---------  --------  ----------  --------------  -------------------
/opt/airflow/dags/train_model_dag.py                           1           0  0.10s           2025-05-11T14:48:47
/opt/airflow/dags/example_etl.py                               1           0  0.11s           2025-05-11T14:48:52
================================================================================
[2025-05-11T14:49:27.691+0000] {manager.py:893} INFO - 
================================================================================
DAG File Processing Stats

File Path                             PID    Runtime      # DAGs    # Errors  Last Runtime    Last Run
------------------------------------  -----  ---------  --------  ----------  --------------  -------------------
/opt/airflow/dags/train_model_dag.py                           1           0  0.10s           2025-05-11T14:49:17
/opt/airflow/dags/example_etl.py                               1           0  0.11s           2025-05-11T14:49:22
================================================================================
[2025-05-11T14:49:57.857+0000] {manager.py:893} INFO - 
================================================================================
DAG File Processing Stats

File Path                             PID    Runtime      # DAGs    # Errors  Last Runtime    Last Run
------------------------------------  -----  ---------  --------  ----------  --------------  -------------------
/opt/airflow/dags/train_model_dag.py                           1           0  0.11s           2025-05-11T14:49:47
/opt/airflow/dags/example_etl.py                               1           0  0.10s           2025-05-11T14:49:53
================================================================================
[2025-05-11T14:50:28.025+0000] {manager.py:893} INFO - 
================================================================================
DAG File Processing Stats

File Path                             PID    Runtime      # DAGs    # Errors  Last Runtime    Last Run
------------------------------------  -----  ---------  --------  ----------  --------------  -------------------
/opt/airflow/dags/train_model_dag.py                           1           0  0.11s           2025-05-11T14:50:17
/opt/airflow/dags/example_etl.py                               1           0  0.10s           2025-05-11T14:50:23
================================================================================
[2025-05-11T14:50:58.197+0000] {manager.py:893} INFO - 
================================================================================
DAG File Processing Stats

File Path                             PID    Runtime      # DAGs    # Errors  Last Runtime    Last Run
------------------------------------  -----  ---------  --------  ----------  --------------  -------------------
/opt/airflow/dags/train_model_dag.py                           1           0  0.11s           2025-05-11T14:50:48
/opt/airflow/dags/example_etl.py                               1           0  0.11s           2025-05-11T14:50:53
================================================================================
[2025-05-11T14:51:28.365+0000] {manager.py:893} INFO - 
================================================================================
DAG File Processing Stats

File Path                             PID    Runtime      # DAGs    # Errors  Last Runtime    Last Run
------------------------------------  -----  ---------  --------  ----------  --------------  -------------------
/opt/airflow/dags/train_model_dag.py                           1           0  0.11s           2025-05-11T14:51:18
/opt/airflow/dags/example_etl.py                               1           0  0.10s           2025-05-11T14:51:23
================================================================================
[2025-05-11T14:51:58.523+0000] {manager.py:893} INFO - 
================================================================================
DAG File Processing Stats

File Path                             PID    Runtime      # DAGs    # Errors  Last Runtime    Last Run
------------------------------------  -----  ---------  --------  ----------  --------------  -------------------
/opt/airflow/dags/train_model_dag.py                           1           0  0.11s           2025-05-11T14:51:48
/opt/airflow/dags/example_etl.py                               1           0  0.11s           2025-05-11T14:51:53
================================================================================
[2025-05-11T14:52:28.684+0000] {manager.py:893} INFO - 
================================================================================
DAG File Processing Stats

File Path                             PID    Runtime      # DAGs    # Errors  Last Runtime    Last Run
------------------------------------  -----  ---------  --------  ----------  --------------  -------------------
/opt/airflow/dags/train_model_dag.py                           1           0  0.11s           2025-05-11T14:52:18
/opt/airflow/dags/example_etl.py                               1           0  0.10s           2025-05-11T14:52:24
================================================================================
[2025-05-11T14:52:58.851+0000] {manager.py:893} INFO - 
================================================================================
DAG File Processing Stats

File Path                             PID    Runtime      # DAGs    # Errors  Last Runtime    Last Run
------------------------------------  -----  ---------  --------  ----------  --------------  -------------------
/opt/airflow/dags/train_model_dag.py                           1           0  0.10s           2025-05-11T14:52:48
/opt/airflow/dags/example_etl.py                               1           0  0.11s           2025-05-11T14:52:54
================================================================================
[2025-05-11T14:53:29.026+0000] {manager.py:893} INFO - 
================================================================================
DAG File Processing Stats

File Path                             PID    Runtime      # DAGs    # Errors  Last Runtime    Last Run
------------------------------------  -----  ---------  --------  ----------  --------------  -------------------
/opt/airflow/dags/train_model_dag.py                           1           0  0.11s           2025-05-11T14:53:18
/opt/airflow/dags/example_etl.py                               1           0  0.10s           2025-05-11T14:53:24
================================================================================
[2025-05-11T14:53:36.084+0000] {manager.py:759} INFO - Searching for files in /opt/airflow/dags
[2025-05-11T14:53:36.089+0000] {manager.py:762} INFO - There are 2 files in /opt/airflow/dags
[2025-05-11T14:53:59.191+0000] {manager.py:893} INFO - 
================================================================================
DAG File Processing Stats

File Path                             PID    Runtime      # DAGs    # Errors  Last Runtime    Last Run
------------------------------------  -----  ---------  --------  ----------  --------------  -------------------
/opt/airflow/dags/train_model_dag.py                           1           0  0.11s           2025-05-11T14:53:49
/opt/airflow/dags/example_etl.py                               1           0  0.10s           2025-05-11T14:53:54
================================================================================
[2025-05-11T14:54:29.370+0000] {manager.py:893} INFO - 
================================================================================
DAG File Processing Stats

File Path                             PID    Runtime      # DAGs    # Errors  Last Runtime    Last Run
------------------------------------  -----  ---------  --------  ----------  --------------  -------------------
/opt/airflow/dags/train_model_dag.py                           1           0  0.11s           2025-05-11T14:54:19
/opt/airflow/dags/example_etl.py                               1           0  0.11s           2025-05-11T14:54:24
================================================================================
[2025-05-11T14:54:59.534+0000] {manager.py:893} INFO - 
================================================================================
DAG File Processing Stats

File Path                             PID    Runtime      # DAGs    # Errors  Last Runtime    Last Run
------------------------------------  -----  ---------  --------  ----------  --------------  -------------------
/opt/airflow/dags/train_model_dag.py                           1           0  0.11s           2025-05-11T14:54:49
/opt/airflow/dags/example_etl.py                               1           0  0.11s           2025-05-11T14:54:55
================================================================================
[2025-05-11T14:55:29.708+0000] {manager.py:893} INFO - 
================================================================================
DAG File Processing Stats

File Path                             PID    Runtime      # DAGs    # Errors  Last Runtime    Last Run
------------------------------------  -----  ---------  --------  ----------  --------------  -------------------
/opt/airflow/dags/train_model_dag.py                           1           0  0.11s           2025-05-11T14:55:19
/opt/airflow/dags/example_etl.py                               1           0  0.11s           2025-05-11T14:55:25
================================================================================
[2025-05-11T14:55:59.882+0000] {manager.py:893} INFO - 
================================================================================
DAG File Processing Stats

File Path                             PID    Runtime      # DAGs    # Errors  Last Runtime    Last Run
------------------------------------  -----  ---------  --------  ----------  --------------  -------------------
/opt/airflow/dags/train_model_dag.py                           1           0  0.11s           2025-05-11T14:55:49
/opt/airflow/dags/example_etl.py                               1           0  0.11s           2025-05-11T14:55:55
================================================================================
[2025-05-11T14:56:30.057+0000] {manager.py:893} INFO - 
================================================================================
DAG File Processing Stats

File Path                             PID    Runtime      # DAGs    # Errors  Last Runtime    Last Run
------------------------------------  -----  ---------  --------  ----------  --------------  -------------------
/opt/airflow/dags/train_model_dag.py                           1           0  0.11s           2025-05-11T14:56:20
/opt/airflow/dags/example_etl.py                               1           0  0.11s           2025-05-11T14:56:25
================================================================================
[2025-05-11T14:57:00.086+0000] {manager.py:893} INFO - 
================================================================================
DAG File Processing Stats

File Path                             PID    Runtime      # DAGs    # Errors  Last Runtime    Last Run
------------------------------------  -----  ---------  --------  ----------  --------------  -------------------
/opt/airflow/dags/train_model_dag.py                           1           0  0.11s           2025-05-11T14:56:50
/opt/airflow/dags/example_etl.py                               1           0  0.10s           2025-05-11T14:56:56
================================================================================
[2025-05-11T14:57:30.336+0000] {manager.py:893} INFO - 
================================================================================
DAG File Processing Stats

File Path                             PID    Runtime      # DAGs    # Errors  Last Runtime    Last Run
------------------------------------  -----  ---------  --------  ----------  --------------  -------------------
/opt/airflow/dags/train_model_dag.py                           1           0  0.11s           2025-05-11T14:57:20
/opt/airflow/dags/example_etl.py                               1           0  0.11s           2025-05-11T14:57:26
================================================================================
[2025-05-11T14:58:00.732+0000] {manager.py:893} INFO - 
================================================================================
DAG File Processing Stats

File Path                             PID    Runtime      # DAGs    # Errors  Last Runtime    Last Run
------------------------------------  -----  ---------  --------  ----------  --------------  -------------------
/opt/airflow/dags/train_model_dag.py                           1           0  0.31s           2025-05-11T14:57:50
/opt/airflow/dags/example_etl.py                               1           0  0.11s           2025-05-11T14:57:56
================================================================================
[2025-05-11T14:58:30.897+0000] {manager.py:893} INFO - 
================================================================================
DAG File Processing Stats

File Path                             PID    Runtime      # DAGs    # Errors  Last Runtime    Last Run
------------------------------------  -----  ---------  --------  ----------  --------------  -------------------
/opt/airflow/dags/train_model_dag.py                           1           0  0.10s           2025-05-11T14:58:20
/opt/airflow/dags/example_etl.py                               1           0  0.11s           2025-05-11T14:58:27
================================================================================
[2025-05-11T14:58:36.931+0000] {manager.py:759} INFO - Searching for files in /opt/airflow/dags
[2025-05-11T14:58:36.937+0000] {manager.py:762} INFO - There are 2 files in /opt/airflow/dags
[2025-05-11T14:59:01.066+0000] {manager.py:893} INFO - 
================================================================================
DAG File Processing Stats

File Path                             PID    Runtime      # DAGs    # Errors  Last Runtime    Last Run
------------------------------------  -----  ---------  --------  ----------  --------------  -------------------
/opt/airflow/dags/train_model_dag.py                           1           0  0.10s           2025-05-11T14:58:51
/opt/airflow/dags/example_etl.py                               1           0  0.11s           2025-05-11T14:58:57
================================================================================
[2025-05-11T14:59:31.217+0000] {manager.py:893} INFO - 
================================================================================
DAG File Processing Stats

File Path                             PID    Runtime      # DAGs    # Errors  Last Runtime    Last Run
------------------------------------  -----  ---------  --------  ----------  --------------  -------------------
/opt/airflow/dags/train_model_dag.py                           1           0  0.10s           2025-05-11T14:59:21
/opt/airflow/dags/example_etl.py                               1           0  0.10s           2025-05-11T14:59:27
================================================================================
[2025-05-11T15:00:01.384+0000] {manager.py:893} INFO - 
================================================================================
DAG File Processing Stats

File Path                             PID    Runtime      # DAGs    # Errors  Last Runtime    Last Run
------------------------------------  -----  ---------  --------  ----------  --------------  -------------------
/opt/airflow/dags/train_model_dag.py                           1           0  0.11s           2025-05-11T14:59:51
/opt/airflow/dags/example_etl.py                               1           0  0.10s           2025-05-11T14:59:57
================================================================================
[2025-05-11T15:00:31.540+0000] {manager.py:893} INFO - 
================================================================================
DAG File Processing Stats

File Path                             PID    Runtime      # DAGs    # Errors  Last Runtime    Last Run
------------------------------------  -----  ---------  --------  ----------  --------------  -------------------
/opt/airflow/dags/train_model_dag.py                           1           0  0.10s           2025-05-11T15:00:21
/opt/airflow/dags/example_etl.py                               1           0  0.11s           2025-05-11T15:00:27
================================================================================
[2025-05-11T15:01:01.706+0000] {manager.py:893} INFO - 
================================================================================
DAG File Processing Stats

File Path                             PID    Runtime      # DAGs    # Errors  Last Runtime    Last Run
------------------------------------  -----  ---------  --------  ----------  --------------  -------------------
/opt/airflow/dags/train_model_dag.py                           1           0  0.10s           2025-05-11T15:00:51
/opt/airflow/dags/example_etl.py                               1           0  0.11s           2025-05-11T15:00:58
================================================================================
[2025-05-11T15:01:31.882+0000] {manager.py:893} INFO - 
================================================================================
DAG File Processing Stats

File Path                             PID    Runtime      # DAGs    # Errors  Last Runtime    Last Run
------------------------------------  -----  ---------  --------  ----------  --------------  -------------------
/opt/airflow/dags/train_model_dag.py                           1           0  0.11s           2025-05-11T15:01:21
/opt/airflow/dags/example_etl.py                               1           0  0.11s           2025-05-11T15:01:28
================================================================================
[2025-05-11T15:02:02.064+0000] {manager.py:893} INFO - 
================================================================================
DAG File Processing Stats

File Path                             PID    Runtime      # DAGs    # Errors  Last Runtime    Last Run
------------------------------------  -----  ---------  --------  ----------  --------------  -------------------
/opt/airflow/dags/train_model_dag.py                           1           0  0.11s           2025-05-11T15:01:52
/opt/airflow/dags/example_etl.py                               1           0  0.10s           2025-05-11T15:01:58
================================================================================
[2025-05-11T15:02:32.221+0000] {manager.py:893} INFO - 
================================================================================
DAG File Processing Stats

File Path                             PID    Runtime      # DAGs    # Errors  Last Runtime    Last Run
------------------------------------  -----  ---------  --------  ----------  --------------  -------------------
/opt/airflow/dags/train_model_dag.py                           1           0  0.10s           2025-05-11T15:02:22
/opt/airflow/dags/example_etl.py                               1           0  0.10s           2025-05-11T15:02:28
================================================================================
[2025-05-11T15:03:02.386+0000] {manager.py:893} INFO - 
================================================================================
DAG File Processing Stats

File Path                             PID    Runtime      # DAGs    # Errors  Last Runtime    Last Run
------------------------------------  -----  ---------  --------  ----------  --------------  -------------------
/opt/airflow/dags/train_model_dag.py                           1           0  0.10s           2025-05-11T15:02:52
/opt/airflow/dags/example_etl.py                               1           0  0.11s           2025-05-11T15:02:59
================================================================================
[2025-05-11T15:03:32.546+0000] {manager.py:893} INFO - 
================================================================================
DAG File Processing Stats

File Path                             PID    Runtime      # DAGs    # Errors  Last Runtime    Last Run
------------------------------------  -----  ---------  --------  ----------  --------------  -------------------
/opt/airflow/dags/train_model_dag.py                           1           0  0.10s           2025-05-11T15:03:22
/opt/airflow/dags/example_etl.py                               1           0  0.11s           2025-05-11T15:03:29
================================================================================
[2025-05-11T15:03:37.215+0000] {manager.py:759} INFO - Searching for files in /opt/airflow/dags
[2025-05-11T15:03:37.222+0000] {manager.py:762} INFO - There are 2 files in /opt/airflow/dags
[2025-05-11T15:04:02.713+0000] {manager.py:893} INFO - 
================================================================================
DAG File Processing Stats

File Path                             PID    Runtime      # DAGs    # Errors  Last Runtime    Last Run
------------------------------------  -----  ---------  --------  ----------  --------------  -------------------
/opt/airflow/dags/train_model_dag.py                           1           0  0.10s           2025-05-11T15:03:52
/opt/airflow/dags/example_etl.py                               1           0  0.10s           2025-05-11T15:03:59
================================================================================
[2025-05-11T15:04:32.883+0000] {manager.py:893} INFO - 
================================================================================
DAG File Processing Stats

File Path                             PID    Runtime      # DAGs    # Errors  Last Runtime    Last Run
------------------------------------  -----  ---------  --------  ----------  --------------  -------------------
/opt/airflow/dags/train_model_dag.py                           1           0  0.11s           2025-05-11T15:04:22
/opt/airflow/dags/example_etl.py                               1           0  0.11s           2025-05-11T15:04:29
================================================================================
[2025-05-11T15:05:03.049+0000] {manager.py:893} INFO - 
================================================================================
DAG File Processing Stats

File Path                             PID    Runtime      # DAGs    # Errors  Last Runtime    Last Run
------------------------------------  -----  ---------  --------  ----------  --------------  -------------------
/opt/airflow/dags/train_model_dag.py                           1           0  0.10s           2025-05-11T15:04:53
/opt/airflow/dags/example_etl.py                               1           0  0.10s           2025-05-11T15:04:59
================================================================================
[2025-05-11T15:05:33.090+0000] {manager.py:893} INFO - 
================================================================================
DAG File Processing Stats

File Path                             PID    Runtime      # DAGs    # Errors  Last Runtime    Last Run
------------------------------------  -----  ---------  --------  ----------  --------------  -------------------
/opt/airflow/dags/train_model_dag.py                           1           0  0.10s           2025-05-11T15:05:23
/opt/airflow/dags/example_etl.py                               1           0  0.11s           2025-05-11T15:05:30
================================================================================
[2025-05-11T15:06:03.327+0000] {manager.py:893} INFO - 
================================================================================
DAG File Processing Stats

File Path                             PID    Runtime      # DAGs    # Errors  Last Runtime    Last Run
------------------------------------  -----  ---------  --------  ----------  --------------  -------------------
/opt/airflow/dags/train_model_dag.py                           1           0  0.10s           2025-05-11T15:05:53
/opt/airflow/dags/example_etl.py                               1           0  0.11s           2025-05-11T15:06:00
================================================================================
[2025-05-11T15:06:33.504+0000] {manager.py:893} INFO - 
================================================================================
DAG File Processing Stats

File Path                             PID    Runtime      # DAGs    # Errors  Last Runtime    Last Run
------------------------------------  -----  ---------  --------  ----------  --------------  -------------------
/opt/airflow/dags/train_model_dag.py                           1           0  0.10s           2025-05-11T15:06:23
/opt/airflow/dags/example_etl.py                               1           0  0.10s           2025-05-11T15:06:30
================================================================================
[2025-05-11T15:07:03.691+0000] {manager.py:893} INFO - 
================================================================================
DAG File Processing Stats

File Path                             PID    Runtime      # DAGs    # Errors  Last Runtime    Last Run
------------------------------------  -----  ---------  --------  ----------  --------------  -------------------
/opt/airflow/dags/train_model_dag.py                           1           0  0.21s           2025-05-11T15:06:53
/opt/airflow/dags/example_etl.py                               1           0  0.11s           2025-05-11T15:07:00
================================================================================
[2025-05-11T15:07:33.894+0000] {manager.py:893} INFO - 
================================================================================
DAG File Processing Stats

File Path                             PID    Runtime      # DAGs    # Errors  Last Runtime    Last Run
------------------------------------  -----  ---------  --------  ----------  --------------  -------------------
/opt/airflow/dags/train_model_dag.py                           1           0  0.10s           2025-05-11T15:07:23
/opt/airflow/dags/example_etl.py                               1           0  0.11s           2025-05-11T15:07:31
================================================================================
[2025-05-11T15:08:04.112+0000] {manager.py:893} INFO - 
================================================================================
DAG File Processing Stats

File Path                             PID    Runtime      # DAGs    # Errors  Last Runtime    Last Run
------------------------------------  -----  ---------  --------  ----------  --------------  -------------------
/opt/airflow/dags/train_model_dag.py                           1           0  0.11s           2025-05-11T15:07:54
/opt/airflow/dags/example_etl.py                               1           0  0.11s           2025-05-11T15:08:01
================================================================================
[2025-05-11T15:08:34.292+0000] {manager.py:893} INFO - 
================================================================================
DAG File Processing Stats

File Path                             PID    Runtime      # DAGs    # Errors  Last Runtime    Last Run
------------------------------------  -----  ---------  --------  ----------  --------------  -------------------
/opt/airflow/dags/train_model_dag.py                           1           0  0.11s           2025-05-11T15:08:24
/opt/airflow/dags/example_etl.py                               1           0  0.10s           2025-05-11T15:08:31
================================================================================
[2025-05-11T15:08:37.386+0000] {manager.py:759} INFO - Searching for files in /opt/airflow/dags
[2025-05-11T15:08:37.392+0000] {manager.py:762} INFO - There are 2 files in /opt/airflow/dags
[2025-05-11T15:09:04.463+0000] {manager.py:893} INFO - 
================================================================================
DAG File Processing Stats

File Path                             PID    Runtime      # DAGs    # Errors  Last Runtime    Last Run
------------------------------------  -----  ---------  --------  ----------  --------------  -------------------
/opt/airflow/dags/train_model_dag.py                           1           0  0.11s           2025-05-11T15:08:54
/opt/airflow/dags/example_etl.py                               1           0  0.11s           2025-05-11T15:09:01
================================================================================
[2025-05-11T15:09:34.631+0000] {manager.py:893} INFO - 
================================================================================
DAG File Processing Stats

File Path                             PID    Runtime      # DAGs    # Errors  Last Runtime    Last Run
------------------------------------  -----  ---------  --------  ----------  --------------  -------------------
/opt/airflow/dags/train_model_dag.py                           1           0  0.11s           2025-05-11T15:09:24
/opt/airflow/dags/example_etl.py                               1           0  0.10s           2025-05-11T15:09:31
================================================================================
[2025-05-11T15:10:04.789+0000] {manager.py:893} INFO - 
================================================================================
DAG File Processing Stats

File Path                             PID    Runtime      # DAGs    # Errors  Last Runtime    Last Run
------------------------------------  -----  ---------  --------  ----------  --------------  -------------------
/opt/airflow/dags/train_model_dag.py                           1           0  0.11s           2025-05-11T15:09:54
/opt/airflow/dags/example_etl.py                               1           0  0.11s           2025-05-11T15:10:02
================================================================================
[2025-05-11T15:10:34.966+0000] {manager.py:893} INFO - 
================================================================================
DAG File Processing Stats

File Path                             PID    Runtime      # DAGs    # Errors  Last Runtime    Last Run
------------------------------------  -----  ---------  --------  ----------  --------------  -------------------
/opt/airflow/dags/train_model_dag.py                           1           0  0.11s           2025-05-11T15:10:24
/opt/airflow/dags/example_etl.py                               1           0  0.11s           2025-05-11T15:10:32
================================================================================
[2025-05-11T15:11:05.143+0000] {manager.py:893} INFO - 
================================================================================
DAG File Processing Stats

File Path                             PID    Runtime      # DAGs    # Errors  Last Runtime    Last Run
------------------------------------  -----  ---------  --------  ----------  --------------  -------------------
/opt/airflow/dags/train_model_dag.py                           1           0  0.11s           2025-05-11T15:10:55
/opt/airflow/dags/example_etl.py                               1           0  0.11s           2025-05-11T15:11:02
================================================================================
[2025-05-11T15:11:35.313+0000] {manager.py:893} INFO - 
================================================================================
DAG File Processing Stats

File Path                             PID    Runtime      # DAGs    # Errors  Last Runtime    Last Run
------------------------------------  -----  ---------  --------  ----------  --------------  -------------------
/opt/airflow/dags/train_model_dag.py                           1           0  0.10s           2025-05-11T15:11:25
/opt/airflow/dags/example_etl.py                               1           0  0.10s           2025-05-11T15:11:32
================================================================================
[2025-05-11T15:12:05.481+0000] {manager.py:893} INFO - 
================================================================================
DAG File Processing Stats

File Path                             PID    Runtime      # DAGs    # Errors  Last Runtime    Last Run
------------------------------------  -----  ---------  --------  ----------  --------------  -------------------
/opt/airflow/dags/train_model_dag.py                           1           0  0.11s           2025-05-11T15:11:55
/opt/airflow/dags/example_etl.py                               1           0  0.10s           2025-05-11T15:12:03
================================================================================
[2025-05-11T15:12:35.648+0000] {manager.py:893} INFO - 
================================================================================
DAG File Processing Stats

File Path                             PID    Runtime      # DAGs    # Errors  Last Runtime    Last Run
------------------------------------  -----  ---------  --------  ----------  --------------  -------------------
/opt/airflow/dags/train_model_dag.py                           1           0  0.11s           2025-05-11T15:12:25
/opt/airflow/dags/example_etl.py                               1           0  0.10s           2025-05-11T15:12:33
================================================================================
[2025-05-11T15:13:05.821+0000] {manager.py:893} INFO - 
================================================================================
DAG File Processing Stats

File Path                             PID    Runtime      # DAGs    # Errors  Last Runtime    Last Run
------------------------------------  -----  ---------  --------  ----------  --------------  -------------------
/opt/airflow/dags/train_model_dag.py                           1           0  0.11s           2025-05-11T15:12:55
/opt/airflow/dags/example_etl.py                               1           0  0.10s           2025-05-11T15:13:03
================================================================================
[2025-05-11T15:13:35.995+0000] {manager.py:893} INFO - 
================================================================================
DAG File Processing Stats

File Path                             PID    Runtime      # DAGs    # Errors  Last Runtime    Last Run
------------------------------------  -----  ---------  --------  ----------  --------------  -------------------
/opt/airflow/dags/train_model_dag.py                           1           0  0.11s           2025-05-11T15:13:25
/opt/airflow/dags/example_etl.py                               1           0  0.10s           2025-05-11T15:13:33
================================================================================
[2025-05-11T15:13:38.063+0000] {manager.py:759} INFO - Searching for files in /opt/airflow/dags
[2025-05-11T15:13:38.067+0000] {manager.py:762} INFO - There are 2 files in /opt/airflow/dags
[2025-05-11T15:14:06.164+0000] {manager.py:893} INFO - 
================================================================================
DAG File Processing Stats

File Path                             PID    Runtime      # DAGs    # Errors  Last Runtime    Last Run
------------------------------------  -----  ---------  --------  ----------  --------------  -------------------
/opt/airflow/dags/train_model_dag.py                           1           0  0.11s           2025-05-11T15:13:56
/opt/airflow/dags/example_etl.py                               1           0  0.11s           2025-05-11T15:14:04
================================================================================
[2025-05-11T15:14:36.323+0000] {manager.py:893} INFO - 
================================================================================
DAG File Processing Stats

File Path                             PID    Runtime      # DAGs    # Errors  Last Runtime    Last Run
------------------------------------  -----  ---------  --------  ----------  --------------  -------------------
/opt/airflow/dags/train_model_dag.py                           1           0  0.10s           2025-05-11T15:14:26
/opt/airflow/dags/example_etl.py                               1           0  0.10s           2025-05-11T15:14:34
================================================================================
[2025-05-11T15:15:06.479+0000] {manager.py:893} INFO - 
================================================================================
DAG File Processing Stats

File Path                             PID    Runtime      # DAGs    # Errors  Last Runtime    Last Run
------------------------------------  -----  ---------  --------  ----------  --------------  -------------------
/opt/airflow/dags/train_model_dag.py                           1           0  0.10s           2025-05-11T15:14:56
/opt/airflow/dags/example_etl.py                               1           0  0.11s           2025-05-11T15:15:04
================================================================================
[2025-05-11T15:15:36.504+0000] {manager.py:893} INFO - 
================================================================================
DAG File Processing Stats

File Path                             PID    Runtime      # DAGs    # Errors  Last Runtime    Last Run
------------------------------------  -----  ---------  --------  ----------  --------------  -------------------
/opt/airflow/dags/train_model_dag.py                           1           0  0.11s           2025-05-11T15:15:26
/opt/airflow/dags/example_etl.py                               1           0  0.10s           2025-05-11T15:15:34
================================================================================
[2025-05-11T15:16:06.799+0000] {manager.py:893} INFO - 
================================================================================
DAG File Processing Stats

File Path                             PID    Runtime      # DAGs    # Errors  Last Runtime    Last Run
------------------------------------  -----  ---------  --------  ----------  --------------  -------------------
/opt/airflow/dags/train_model_dag.py                           1           0  0.11s           2025-05-11T15:15:56
/opt/airflow/dags/example_etl.py                               1           0  0.11s           2025-05-11T15:16:05
================================================================================
[2025-05-11T15:16:36.969+0000] {manager.py:893} INFO - 
================================================================================
DAG File Processing Stats

File Path                             PID    Runtime      # DAGs    # Errors  Last Runtime    Last Run
------------------------------------  -----  ---------  --------  ----------  --------------  -------------------
/opt/airflow/dags/train_model_dag.py                           1           0  0.11s           2025-05-11T15:16:26
/opt/airflow/dags/example_etl.py                               1           0  0.11s           2025-05-11T15:16:35
================================================================================
[2025-05-11T15:17:07.143+0000] {manager.py:893} INFO - 
================================================================================
DAG File Processing Stats

File Path                             PID    Runtime      # DAGs    # Errors  Last Runtime    Last Run
------------------------------------  -----  ---------  --------  ----------  --------------  -------------------
/opt/airflow/dags/train_model_dag.py                           1           0  0.11s           2025-05-11T15:16:57
/opt/airflow/dags/example_etl.py                               1           0  0.11s           2025-05-11T15:17:05
================================================================================
[2025-05-11T15:17:37.310+0000] {manager.py:893} INFO - 
================================================================================
DAG File Processing Stats

File Path                             PID    Runtime      # DAGs    # Errors  Last Runtime    Last Run
------------------------------------  -----  ---------  --------  ----------  --------------  -------------------
/opt/airflow/dags/train_model_dag.py                           1           0  0.11s           2025-05-11T15:17:27
/opt/airflow/dags/example_etl.py                               1           0  0.11s           2025-05-11T15:17:35
================================================================================
[2025-05-11T15:18:07.478+0000] {manager.py:893} INFO - 
================================================================================
DAG File Processing Stats

File Path                             PID    Runtime      # DAGs    # Errors  Last Runtime    Last Run
------------------------------------  -----  ---------  --------  ----------  --------------  -------------------
/opt/airflow/dags/train_model_dag.py                           1           0  0.11s           2025-05-11T15:17:57
/opt/airflow/dags/example_etl.py                               1           0  0.10s           2025-05-11T15:18:05
================================================================================
[2025-05-11T15:18:37.654+0000] {manager.py:893} INFO - 
================================================================================
DAG File Processing Stats

File Path                             PID    Runtime      # DAGs    # Errors  Last Runtime    Last Run
------------------------------------  -----  ---------  --------  ----------  --------------  -------------------
/opt/airflow/dags/train_model_dag.py                           1           0  0.11s           2025-05-11T15:18:27
/opt/airflow/dags/example_etl.py                               1           0  0.11s           2025-05-11T15:18:36
================================================================================
[2025-05-11T15:18:38.987+0000] {manager.py:759} INFO - Searching for files in /opt/airflow/dags
[2025-05-11T15:18:38.998+0000] {manager.py:762} INFO - There are 2 files in /opt/airflow/dags
[2025-05-11T15:19:07.829+0000] {manager.py:893} INFO - 
================================================================================
DAG File Processing Stats

File Path                             PID    Runtime      # DAGs    # Errors  Last Runtime    Last Run
------------------------------------  -----  ---------  --------  ----------  --------------  -------------------
/opt/airflow/dags/train_model_dag.py                           1           0  0.11s           2025-05-11T15:18:57
/opt/airflow/dags/example_etl.py                               1           0  0.10s           2025-05-11T15:19:06
================================================================================
[2025-05-11T15:19:38.099+0000] {manager.py:893} INFO - 
================================================================================
DAG File Processing Stats

File Path                             PID    Runtime      # DAGs    # Errors  Last Runtime    Last Run
------------------------------------  -----  ---------  --------  ----------  --------------  -------------------
/opt/airflow/dags/train_model_dag.py                           1           0  0.21s           2025-05-11T15:19:28
/opt/airflow/dags/example_etl.py                               1           0  0.10s           2025-05-11T15:19:36
================================================================================
[2025-05-11T15:23:30.059+0000] {manager.py:893} INFO - 
================================================================================
DAG File Processing Stats

File Path                             PID    Runtime      # DAGs    # Errors  Last Runtime    Last Run
------------------------------------  -----  ---------  --------  ----------  --------------  -------------------
/opt/airflow/dags/train_model_dag.py                           1           0  0.52s           2025-05-11T15:23:01
/opt/airflow/dags/example_etl.py                               1           0  0.11s           2025-05-11T15:23:02
================================================================================
[2025-05-11T15:25:10.115+0000] {manager.py:759} INFO - Searching for files in /opt/airflow/dags
[2025-05-11T15:25:10.133+0000] {manager.py:762} INFO - There are 2 files in /opt/airflow/dags
[2025-05-11T15:25:39.129+0000] {manager.py:893} INFO - 
================================================================================
DAG File Processing Stats

File Path                             PID    Runtime      # DAGs    # Errors  Last Runtime    Last Run
------------------------------------  -----  ---------  --------  ----------  --------------  -------------------
/opt/airflow/dags/train_model_dag.py                           1           0  0.21s           2025-05-11T15:25:10
/opt/airflow/dags/example_etl.py                               1           0  0.11s           2025-05-11T15:25:11
================================================================================
[2025-05-11T15:26:09.227+0000] {manager.py:893} INFO - 
================================================================================
DAG File Processing Stats

File Path                             PID    Runtime      # DAGs    # Errors  Last Runtime    Last Run
------------------------------------  -----  ---------  --------  ----------  --------------  -------------------
/opt/airflow/dags/train_model_dag.py                           1           0  0.11s           2025-05-11T15:25:41
/opt/airflow/dags/example_etl.py                               1           0  0.11s           2025-05-11T15:25:42
================================================================================
[2025-05-11T15:26:39.339+0000] {manager.py:893} INFO - 
================================================================================
DAG File Processing Stats

File Path                             PID    Runtime      # DAGs    # Errors  Last Runtime    Last Run
------------------------------------  -----  ---------  --------  ----------  --------------  -------------------
/opt/airflow/dags/train_model_dag.py                           1           0  0.11s           2025-05-11T15:26:11
/opt/airflow/dags/example_etl.py                               1           0  0.11s           2025-05-11T15:26:12
================================================================================
[2025-05-11T15:27:09.460+0000] {manager.py:893} INFO - 
================================================================================
DAG File Processing Stats

File Path                             PID    Runtime      # DAGs    # Errors  Last Runtime    Last Run
------------------------------------  -----  ---------  --------  ----------  --------------  -------------------
/opt/airflow/dags/train_model_dag.py                           1           0  0.11s           2025-05-11T15:26:41
/opt/airflow/dags/example_etl.py                               1           0  0.11s           2025-05-11T15:26:43
================================================================================
[2025-05-11T15:27:11.821+0000] {manager.py:469} INFO - Exiting gracefully upon receiving signal 15
[2025-05-11T15:27:23.202+0000] {manager.py:487} INFO - Processing files using up to 1 processes at a time 
[2025-05-11T15:27:23.202+0000] {manager.py:488} INFO - Process each file at most once every 30 seconds
[2025-05-11T15:27:23.203+0000] {manager.py:489} INFO - Checking for new files in /opt/airflow/dags every 300 seconds
[2025-05-11T15:27:23.203+0000] {manager.py:759} INFO - Searching for files in /opt/airflow/dags
[2025-05-11T15:27:23.205+0000] {manager.py:762} INFO - There are 2 files in /opt/airflow/dags
[2025-05-11T15:27:23.332+0000] {manager.py:893} INFO - 
================================================================================
DAG File Processing Stats

File Path                             PID    Runtime      # DAGs    # Errors  Last Runtime    Last Run
------------------------------------  -----  ---------  --------  ----------  --------------  -------------------
/opt/airflow/dags/example_etl.py                               0           0
/opt/airflow/dags/train_model_dag.py                           1           0  0.10s           2025-05-11T15:27:23
================================================================================
[2025-05-11T15:27:53.456+0000] {manager.py:893} INFO - 
================================================================================
DAG File Processing Stats

File Path                             PID    Runtime      # DAGs    # Errors  Last Runtime    Last Run
------------------------------------  -----  ---------  --------  ----------  --------------  -------------------
/opt/airflow/dags/train_model_dag.py                           1           0  0.11s           2025-05-11T15:27:53
/opt/airflow/dags/example_etl.py                               1           0  0.10s           2025-05-11T15:27:24
================================================================================
[2025-05-11T15:28:23.832+0000] {manager.py:893} INFO - 
================================================================================
DAG File Processing Stats

File Path                             PID    Runtime      # DAGs    # Errors  Last Runtime    Last Run
------------------------------------  -----  ---------  --------  ----------  --------------  -------------------
/opt/airflow/dags/train_model_dag.py                           1           0  0.11s           2025-05-11T15:28:23
/opt/airflow/dags/example_etl.py                               1           0  0.10s           2025-05-11T15:27:55
================================================================================
[2025-05-11T15:28:54.154+0000] {manager.py:893} INFO - 
================================================================================
DAG File Processing Stats

File Path                             PID    Runtime      # DAGs    # Errors  Last Runtime    Last Run
------------------------------------  -----  ---------  --------  ----------  --------------  -------------------
/opt/airflow/dags/train_model_dag.py                           1           0  0.11s           2025-05-11T15:28:54
/opt/airflow/dags/example_etl.py                               1           0  0.10s           2025-05-11T15:28:25
================================================================================
[2025-05-11T15:29:24.469+0000] {manager.py:893} INFO - 
================================================================================
DAG File Processing Stats

File Path                             PID    Runtime      # DAGs    # Errors  Last Runtime    Last Run
------------------------------------  -----  ---------  --------  ----------  --------------  -------------------
/opt/airflow/dags/train_model_dag.py                           1           0  0.11s           2025-05-11T15:29:24
/opt/airflow/dags/example_etl.py                               1           0  0.11s           2025-05-11T15:28:56
================================================================================
[2025-05-11T15:29:54.711+0000] {manager.py:893} INFO - 
================================================================================
DAG File Processing Stats

File Path                             PID    Runtime      # DAGs    # Errors  Last Runtime    Last Run
------------------------------------  -----  ---------  --------  ----------  --------------  -------------------
/opt/airflow/dags/train_model_dag.py                           1           0  0.11s           2025-05-11T15:29:54
/opt/airflow/dags/example_etl.py                               1           0  0.11s           2025-05-11T15:29:26
================================================================================
[2025-05-11T15:30:25.014+0000] {manager.py:893} INFO - 
================================================================================
DAG File Processing Stats

File Path                             PID    Runtime      # DAGs    # Errors  Last Runtime    Last Run
------------------------------------  -----  ---------  --------  ----------  --------------  -------------------
/opt/airflow/dags/train_model_dag.py                           1           0  0.11s           2025-05-11T15:30:25
/opt/airflow/dags/example_etl.py                               1           0  0.11s           2025-05-11T15:29:56
================================================================================
[2025-05-11T15:30:55.342+0000] {manager.py:893} INFO - 
================================================================================
DAG File Processing Stats

File Path                             PID    Runtime      # DAGs    # Errors  Last Runtime    Last Run
------------------------------------  -----  ---------  --------  ----------  --------------  -------------------
/opt/airflow/dags/train_model_dag.py                           1           0  0.11s           2025-05-11T15:30:55
/opt/airflow/dags/example_etl.py                               1           0  0.11s           2025-05-11T15:30:27
================================================================================
[2025-05-11T15:31:25.666+0000] {manager.py:893} INFO - 
================================================================================
DAG File Processing Stats

File Path                             PID    Runtime      # DAGs    # Errors  Last Runtime    Last Run
------------------------------------  -----  ---------  --------  ----------  --------------  -------------------
/opt/airflow/dags/train_model_dag.py                           1           0  0.11s           2025-05-11T15:31:25
/opt/airflow/dags/example_etl.py                               1           0  0.11s           2025-05-11T15:30:57
================================================================================
[2025-05-11T15:31:56.053+0000] {manager.py:893} INFO - 
================================================================================
DAG File Processing Stats

File Path                             PID    Runtime      # DAGs    # Errors  Last Runtime    Last Run
------------------------------------  -----  ---------  --------  ----------  --------------  -------------------
/opt/airflow/dags/train_model_dag.py                           1           0  0.20s           2025-05-11T15:31:56
/opt/airflow/dags/example_etl.py                               1           0  0.11s           2025-05-11T15:31:27
================================================================================
[2025-05-11T15:32:23.213+0000] {manager.py:759} INFO - Searching for files in /opt/airflow/dags
[2025-05-11T15:32:23.226+0000] {manager.py:762} INFO - There are 2 files in /opt/airflow/dags
[2025-05-11T15:32:26.384+0000] {manager.py:893} INFO - 
================================================================================
DAG File Processing Stats

File Path                             PID    Runtime      # DAGs    # Errors  Last Runtime    Last Run
------------------------------------  -----  ---------  --------  ----------  --------------  -------------------
/opt/airflow/dags/train_model_dag.py                           1           0  0.11s           2025-05-11T15:32:26
/opt/airflow/dags/example_etl.py                               1           0  0.10s           2025-05-11T15:31:58
================================================================================
[2025-05-11T15:32:56.742+0000] {manager.py:893} INFO - 
================================================================================
DAG File Processing Stats

File Path                             PID    Runtime      # DAGs    # Errors  Last Runtime    Last Run
------------------------------------  -----  ---------  --------  ----------  --------------  -------------------
/opt/airflow/dags/train_model_dag.py                           1           0  0.11s           2025-05-11T15:32:56
/opt/airflow/dags/example_etl.py                               1           0  0.11s           2025-05-11T15:32:28
================================================================================
[2025-05-11T15:33:27.096+0000] {manager.py:893} INFO - 
================================================================================
DAG File Processing Stats

File Path                             PID    Runtime      # DAGs    # Errors  Last Runtime    Last Run
------------------------------------  -----  ---------  --------  ----------  --------------  -------------------
/opt/airflow/dags/train_model_dag.py                           1           0  0.11s           2025-05-11T15:33:27
/opt/airflow/dags/example_etl.py                               1           0  0.11s           2025-05-11T15:32:58
================================================================================
[2025-05-11T15:33:57.440+0000] {manager.py:893} INFO - 
================================================================================
DAG File Processing Stats

File Path                             PID    Runtime      # DAGs    # Errors  Last Runtime    Last Run
------------------------------------  -----  ---------  --------  ----------  --------------  -------------------
/opt/airflow/dags/train_model_dag.py                           1           0  0.11s           2025-05-11T15:33:57
/opt/airflow/dags/example_etl.py                               1           0  0.11s           2025-05-11T15:33:29
================================================================================
[2025-05-11T15:34:27.605+0000] {manager.py:893} INFO - 
================================================================================
DAG File Processing Stats

File Path                             PID    Runtime      # DAGs    # Errors  Last Runtime    Last Run
------------------------------------  -----  ---------  --------  ----------  --------------  -------------------
/opt/airflow/dags/train_model_dag.py                           1           0  0.11s           2025-05-11T15:34:27
/opt/airflow/dags/example_etl.py                               1           0  0.11s           2025-05-11T15:33:59
================================================================================
[2025-05-11T15:34:58.024+0000] {manager.py:893} INFO - 
================================================================================
DAG File Processing Stats

File Path                             PID    Runtime      # DAGs    # Errors  Last Runtime    Last Run
------------------------------------  -----  ---------  --------  ----------  --------------  -------------------
/opt/airflow/dags/train_model_dag.py                           1           0  0.11s           2025-05-11T15:34:58
/opt/airflow/dags/example_etl.py                               1           0  0.11s           2025-05-11T15:34:29
================================================================================
[2025-05-11T15:35:28.490+0000] {manager.py:893} INFO - 
================================================================================
DAG File Processing Stats

File Path                             PID    Runtime      # DAGs    # Errors  Last Runtime    Last Run
------------------------------------  -----  ---------  --------  ----------  --------------  -------------------
/opt/airflow/dags/train_model_dag.py                           1           0  0.21s           2025-05-11T15:35:28
/opt/airflow/dags/example_etl.py                               1           0  0.10s           2025-05-11T15:35:00
================================================================================
[2025-05-11T15:35:58.862+0000] {manager.py:893} INFO - 
================================================================================
DAG File Processing Stats

File Path                             PID    Runtime      # DAGs    # Errors  Last Runtime    Last Run
------------------------------------  -----  ---------  --------  ----------  --------------  -------------------
/opt/airflow/dags/train_model_dag.py                           1           0  0.11s           2025-05-11T15:35:58
/opt/airflow/dags/example_etl.py                               1           0  0.11s           2025-05-11T15:35:30
================================================================================
[2025-05-11T15:36:29.059+0000] {manager.py:893} INFO - 
================================================================================
DAG File Processing Stats

File Path                             PID    Runtime      # DAGs    # Errors  Last Runtime    Last Run
------------------------------------  -----  ---------  --------  ----------  --------------  -------------------
/opt/airflow/dags/train_model_dag.py                           1           0  0.11s           2025-05-11T15:36:29
/opt/airflow/dags/example_etl.py                               1           0  0.11s           2025-05-11T15:36:01
================================================================================
[2025-05-11T15:36:59.386+0000] {manager.py:893} INFO - 
================================================================================
DAG File Processing Stats

File Path                             PID    Runtime      # DAGs    # Errors  Last Runtime    Last Run
------------------------------------  -----  ---------  --------  ----------  --------------  -------------------
/opt/airflow/dags/train_model_dag.py                           1           0  0.11s           2025-05-11T15:36:59
/opt/airflow/dags/example_etl.py                               1           0  0.10s           2025-05-11T15:36:31
================================================================================
[2025-05-11T15:37:23.277+0000] {manager.py:759} INFO - Searching for files in /opt/airflow/dags
[2025-05-11T15:37:23.291+0000] {manager.py:762} INFO - There are 2 files in /opt/airflow/dags
[2025-05-11T15:37:29.708+0000] {manager.py:893} INFO - 
================================================================================
DAG File Processing Stats

File Path                             PID    Runtime      # DAGs    # Errors  Last Runtime    Last Run
------------------------------------  -----  ---------  --------  ----------  --------------  -------------------
/opt/airflow/dags/train_model_dag.py                           1           0  0.11s           2025-05-11T15:37:29
/opt/airflow/dags/example_etl.py                               1           0  0.10s           2025-05-11T15:37:01
================================================================================
[2025-05-11T15:38:00.025+0000] {manager.py:893} INFO - 
================================================================================
DAG File Processing Stats

File Path                             PID    Runtime      # DAGs    # Errors  Last Runtime    Last Run
------------------------------------  -----  ---------  --------  ----------  --------------  -------------------
/opt/airflow/dags/train_model_dag.py                           1           0  0.10s           2025-05-11T15:38:00
/opt/airflow/dags/example_etl.py                               1           0  0.11s           2025-05-11T15:37:31
================================================================================
[2025-05-11T15:38:30.370+0000] {manager.py:893} INFO - 
================================================================================
DAG File Processing Stats

File Path                             PID    Runtime      # DAGs    # Errors  Last Runtime    Last Run
------------------------------------  -----  ---------  --------  ----------  --------------  -------------------
/opt/airflow/dags/train_model_dag.py                           1           0  0.11s           2025-05-11T15:38:30
/opt/airflow/dags/example_etl.py                               1           0  0.11s           2025-05-11T15:38:02
================================================================================
[2025-05-11T15:39:00.669+0000] {manager.py:893} INFO - 
================================================================================
DAG File Processing Stats

File Path                             PID    Runtime      # DAGs    # Errors  Last Runtime    Last Run
------------------------------------  -----  ---------  --------  ----------  --------------  -------------------
/opt/airflow/dags/train_model_dag.py                           1           0  0.11s           2025-05-11T15:39:00
/opt/airflow/dags/example_etl.py                               1           0  0.10s           2025-05-11T15:38:32
================================================================================
[2025-05-11T15:39:31.009+0000] {manager.py:893} INFO - 
================================================================================
DAG File Processing Stats

File Path                             PID    Runtime      # DAGs    # Errors  Last Runtime    Last Run
------------------------------------  -----  ---------  --------  ----------  --------------  -------------------
/opt/airflow/dags/train_model_dag.py                           1           0  0.11s           2025-05-11T15:39:31
/opt/airflow/dags/example_etl.py                               1           0  0.11s           2025-05-11T15:39:02
================================================================================
[2025-05-11T15:40:01.339+0000] {manager.py:893} INFO - 
================================================================================
DAG File Processing Stats

File Path                             PID    Runtime      # DAGs    # Errors  Last Runtime    Last Run
------------------------------------  -----  ---------  --------  ----------  --------------  -------------------
/opt/airflow/dags/train_model_dag.py                           1           0  0.11s           2025-05-11T15:40:01
/opt/airflow/dags/example_etl.py                               1           0  0.10s           2025-05-11T15:39:33
================================================================================
[2025-05-11T15:40:31.683+0000] {manager.py:893} INFO - 
================================================================================
DAG File Processing Stats

File Path                             PID    Runtime      # DAGs    # Errors  Last Runtime    Last Run
------------------------------------  -----  ---------  --------  ----------  --------------  -------------------
/opt/airflow/dags/train_model_dag.py                           1           0  0.11s           2025-05-11T15:40:31
/opt/airflow/dags/example_etl.py                               1           0  0.11s           2025-05-11T15:40:03
================================================================================
[2025-05-11T15:41:02.028+0000] {manager.py:893} INFO - 
================================================================================
DAG File Processing Stats

File Path                             PID    Runtime      # DAGs    # Errors  Last Runtime    Last Run
------------------------------------  -----  ---------  --------  ----------  --------------  -------------------
/opt/airflow/dags/train_model_dag.py                           1           0  0.11s           2025-05-11T15:41:02
/opt/airflow/dags/example_etl.py                               1           0  0.11s           2025-05-11T15:40:33
================================================================================
[2025-05-11T15:41:32.391+0000] {manager.py:893} INFO - 
================================================================================
DAG File Processing Stats

File Path                             PID    Runtime      # DAGs    # Errors  Last Runtime    Last Run
------------------------------------  -----  ---------  --------  ----------  --------------  -------------------
/opt/airflow/dags/train_model_dag.py                           1           0  0.11s           2025-05-11T15:41:32
/opt/airflow/dags/example_etl.py                               1           0  0.10s           2025-05-11T15:41:04
================================================================================
[2025-05-11T15:42:02.756+0000] {manager.py:893} INFO - 
================================================================================
DAG File Processing Stats

File Path                             PID    Runtime      # DAGs    # Errors  Last Runtime    Last Run
------------------------------------  -----  ---------  --------  ----------  --------------  -------------------
/opt/airflow/dags/train_model_dag.py                           1           0  0.11s           2025-05-11T15:42:02
/opt/airflow/dags/example_etl.py                               1           0  0.11s           2025-05-11T15:41:34
================================================================================
[2025-05-11T15:42:23.337+0000] {manager.py:759} INFO - Searching for files in /opt/airflow/dags
[2025-05-11T15:42:23.348+0000] {manager.py:762} INFO - There are 2 files in /opt/airflow/dags
[2025-05-11T15:42:33.072+0000] {manager.py:893} INFO - 
================================================================================
DAG File Processing Stats

File Path                             PID    Runtime      # DAGs    # Errors  Last Runtime    Last Run
------------------------------------  -----  ---------  --------  ----------  --------------  -------------------
/opt/airflow/dags/train_model_dag.py                           1           0  0.11s           2025-05-11T15:42:33
/opt/airflow/dags/example_etl.py                               1           0  0.11s           2025-05-11T15:42:04
================================================================================
[2025-05-11T15:43:03.383+0000] {manager.py:893} INFO - 
================================================================================
DAG File Processing Stats

File Path                             PID    Runtime      # DAGs    # Errors  Last Runtime    Last Run
------------------------------------  -----  ---------  --------  ----------  --------------  -------------------
/opt/airflow/dags/train_model_dag.py                           1           0  0.11s           2025-05-11T15:43:03
/opt/airflow/dags/example_etl.py                               1           0  0.11s           2025-05-11T15:42:35
================================================================================
[2025-05-11T15:43:33.725+0000] {manager.py:893} INFO - 
================================================================================
DAG File Processing Stats

File Path                             PID    Runtime      # DAGs    # Errors  Last Runtime    Last Run
------------------------------------  -----  ---------  --------  ----------  --------------  -------------------
/opt/airflow/dags/train_model_dag.py                           1           0  0.11s           2025-05-11T15:43:33
/opt/airflow/dags/example_etl.py                               1           0  0.11s           2025-05-11T15:43:05
================================================================================
[2025-05-11T15:44:04.059+0000] {manager.py:893} INFO - 
================================================================================
DAG File Processing Stats

File Path                             PID    Runtime      # DAGs    # Errors  Last Runtime    Last Run
------------------------------------  -----  ---------  --------  ----------  --------------  -------------------
/opt/airflow/dags/train_model_dag.py                           1           0  0.10s           2025-05-11T15:44:04
/opt/airflow/dags/example_etl.py                               1           0  0.10s           2025-05-11T15:43:35
================================================================================
[2025-05-11T15:44:34.378+0000] {manager.py:893} INFO - 
================================================================================
DAG File Processing Stats

File Path                             PID    Runtime      # DAGs    # Errors  Last Runtime    Last Run
------------------------------------  -----  ---------  --------  ----------  --------------  -------------------
/opt/airflow/dags/train_model_dag.py                           1           0  0.11s           2025-05-11T15:44:34
/opt/airflow/dags/example_etl.py                               1           0  0.10s           2025-05-11T15:44:06
================================================================================
[2025-05-11T15:45:04.724+0000] {manager.py:893} INFO - 
================================================================================
DAG File Processing Stats

File Path                             PID    Runtime      # DAGs    # Errors  Last Runtime    Last Run
------------------------------------  -----  ---------  --------  ----------  --------------  -------------------
/opt/airflow/dags/train_model_dag.py                           1           0  0.11s           2025-05-11T15:45:04
/opt/airflow/dags/example_etl.py                               1           0  0.10s           2025-05-11T15:44:36
================================================================================
[2025-05-11T15:45:35.060+0000] {manager.py:893} INFO - 
================================================================================
DAG File Processing Stats

File Path                             PID    Runtime      # DAGs    # Errors  Last Runtime    Last Run
------------------------------------  -----  ---------  --------  ----------  --------------  -------------------
/opt/airflow/dags/train_model_dag.py                           1           0  0.11s           2025-05-11T15:45:35
/opt/airflow/dags/example_etl.py                               1           0  0.11s           2025-05-11T15:45:06
================================================================================
[2025-05-11T15:46:05.346+0000] {manager.py:893} INFO - 
================================================================================
DAG File Processing Stats

File Path                             PID    Runtime      # DAGs    # Errors  Last Runtime    Last Run
------------------------------------  -----  ---------  --------  ----------  --------------  -------------------
/opt/airflow/dags/train_model_dag.py                           1           0  0.10s           2025-05-11T15:46:05
/opt/airflow/dags/example_etl.py                               1           0  0.11s           2025-05-11T15:45:36
================================================================================
[2025-05-11T15:46:35.707+0000] {manager.py:893} INFO - 
================================================================================
DAG File Processing Stats

File Path                             PID    Runtime      # DAGs    # Errors  Last Runtime    Last Run
------------------------------------  -----  ---------  --------  ----------  --------------  -------------------
/opt/airflow/dags/train_model_dag.py                           1           0  0.13s           2025-05-11T15:46:35
/opt/airflow/dags/example_etl.py                               1           0  0.10s           2025-05-11T15:46:06
================================================================================
[2025-05-11T15:47:06.068+0000] {manager.py:893} INFO - 
================================================================================
DAG File Processing Stats

File Path                             PID    Runtime      # DAGs    # Errors  Last Runtime    Last Run
------------------------------------  -----  ---------  --------  ----------  --------------  -------------------
/opt/airflow/dags/train_model_dag.py                           1           0  0.11s           2025-05-11T15:47:06
/opt/airflow/dags/example_etl.py                               1           0  0.11s           2025-05-11T15:46:37
================================================================================
[2025-05-11T15:47:23.395+0000] {manager.py:759} INFO - Searching for files in /opt/airflow/dags
[2025-05-11T15:47:23.404+0000] {manager.py:762} INFO - There are 2 files in /opt/airflow/dags
[2025-05-11T15:47:36.377+0000] {manager.py:893} INFO - 
================================================================================
DAG File Processing Stats

File Path                             PID    Runtime      # DAGs    # Errors  Last Runtime    Last Run
------------------------------------  -----  ---------  --------  ----------  --------------  -------------------
/opt/airflow/dags/train_model_dag.py                           1           0  0.10s           2025-05-11T15:47:36
/opt/airflow/dags/example_etl.py                               1           0  0.11s           2025-05-11T15:47:07
================================================================================
[2025-05-11T15:48:06.718+0000] {manager.py:893} INFO - 
================================================================================
DAG File Processing Stats

File Path                             PID    Runtime      # DAGs    # Errors  Last Runtime    Last Run
------------------------------------  -----  ---------  --------  ----------  --------------  -------------------
/opt/airflow/dags/train_model_dag.py                           1           0  0.11s           2025-05-11T15:48:06
/opt/airflow/dags/example_etl.py                               1           0  0.11s           2025-05-11T15:47:37
================================================================================
[2025-05-11T15:48:37.067+0000] {manager.py:893} INFO - 
================================================================================
DAG File Processing Stats

File Path                             PID    Runtime      # DAGs    # Errors  Last Runtime    Last Run
------------------------------------  -----  ---------  --------  ----------  --------------  -------------------
/opt/airflow/dags/train_model_dag.py                           1           0  0.11s           2025-05-11T15:48:37
/opt/airflow/dags/example_etl.py                               1           0  0.11s           2025-05-11T15:48:07
================================================================================
[2025-05-11T15:49:07.400+0000] {manager.py:893} INFO - 
================================================================================
DAG File Processing Stats

File Path                             PID    Runtime      # DAGs    # Errors  Last Runtime    Last Run
------------------------------------  -----  ---------  --------  ----------  --------------  -------------------
/opt/airflow/dags/train_model_dag.py                           1           0  0.11s           2025-05-11T15:49:07
/opt/airflow/dags/example_etl.py                               1           0  0.11s           2025-05-11T15:48:37
================================================================================
[2025-05-11T15:49:37.757+0000] {manager.py:893} INFO - 
================================================================================
DAG File Processing Stats

File Path                             PID    Runtime      # DAGs    # Errors  Last Runtime    Last Run
------------------------------------  -----  ---------  --------  ----------  --------------  -------------------
/opt/airflow/dags/train_model_dag.py                           1           0  0.11s           2025-05-11T15:49:37
/opt/airflow/dags/example_etl.py                               1           0  0.10s           2025-05-11T15:49:08
================================================================================
[2025-05-11T15:50:08.106+0000] {manager.py:893} INFO - 
================================================================================
DAG File Processing Stats

File Path                             PID    Runtime      # DAGs    # Errors  Last Runtime    Last Run
------------------------------------  -----  ---------  --------  ----------  --------------  -------------------
/opt/airflow/dags/train_model_dag.py                           1           0  0.11s           2025-05-11T15:50:08
/opt/airflow/dags/example_etl.py                               1           0  0.11s           2025-05-11T15:49:38
================================================================================
