[2025-05-10T14:19:20.751+0000] {processor.py:157} INFO - Started process (PID=25) to work on /opt/airflow/dags/example_etl.py
[2025-05-10T14:19:20.751+0000] {processor.py:829} INFO - Processing file /opt/airflow/dags/example_etl.py for tasks to queue
[2025-05-10T14:19:20.752+0000] {logging_mixin.py:151} INFO - [2025-05-10T14:19:20.751+0000] {dagbag.py:539} INFO - Filling up the DagBag from /opt/airflow/dags/example_etl.py
[2025-05-10T14:19:20.772+0000] {processor.py:839} INFO - DAG(s) dict_keys(['example_etl']) retrieved from /opt/airflow/dags/example_etl.py
[2025-05-10T14:19:20.931+0000] {logging_mixin.py:151} INFO - [2025-05-10T14:19:20.931+0000] {manager.py:499} INFO - Created Permission View: %s
[2025-05-10T14:19:20.936+0000] {logging_mixin.py:151} INFO - [2025-05-10T14:19:20.935+0000] {manager.py:499} INFO - Created Permission View: %s
[2025-05-10T14:19:20.940+0000] {logging_mixin.py:151} INFO - [2025-05-10T14:19:20.940+0000] {manager.py:499} INFO - Created Permission View: %s
[2025-05-10T14:19:20.940+0000] {logging_mixin.py:151} INFO - [2025-05-10T14:19:20.940+0000] {security.py:708} INFO - Not syncing DAG-level permissions for DAG 'DAG:example_etl' as access control is unset.
[2025-05-10T14:19:20.940+0000] {logging_mixin.py:151} INFO - [2025-05-10T14:19:20.940+0000] {dag.py:2915} INFO - Sync 1 DAGs
[2025-05-10T14:19:20.945+0000] {logging_mixin.py:151} INFO - [2025-05-10T14:19:20.945+0000] {dag.py:2937} INFO - Creating ORM DAG for example_etl
[2025-05-10T14:19:20.949+0000] {logging_mixin.py:151} INFO - [2025-05-10T14:19:20.949+0000] {dag.py:3696} INFO - Setting next_dagrun for example_etl to 2025-05-09T00:00:00+00:00, run_after=2025-05-10T00:00:00+00:00
[2025-05-10T14:19:20.956+0000] {processor.py:179} INFO - Processing /opt/airflow/dags/example_etl.py took 0.206 seconds
[2025-05-10T14:19:51.967+0000] {processor.py:157} INFO - Started process (PID=26) to work on /opt/airflow/dags/example_etl.py
[2025-05-10T14:19:51.969+0000] {processor.py:829} INFO - Processing file /opt/airflow/dags/example_etl.py for tasks to queue
[2025-05-10T14:19:51.970+0000] {logging_mixin.py:151} INFO - [2025-05-10T14:19:51.970+0000] {dagbag.py:539} INFO - Filling up the DagBag from /opt/airflow/dags/example_etl.py
[2025-05-10T14:19:51.986+0000] {processor.py:839} INFO - DAG(s) dict_keys(['example_etl']) retrieved from /opt/airflow/dags/example_etl.py
[2025-05-10T14:19:52.005+0000] {logging_mixin.py:151} INFO - [2025-05-10T14:19:52.005+0000] {dag.py:2915} INFO - Sync 1 DAGs
[2025-05-10T14:19:52.017+0000] {logging_mixin.py:151} INFO - [2025-05-10T14:19:52.017+0000] {dag.py:3696} INFO - Setting next_dagrun for example_etl to 2025-05-09T00:00:00+00:00, run_after=2025-05-10T00:00:00+00:00
[2025-05-10T14:19:52.028+0000] {processor.py:179} INFO - Processing /opt/airflow/dags/example_etl.py took 0.065 seconds
[2025-05-10T14:20:22.199+0000] {processor.py:157} INFO - Started process (PID=27) to work on /opt/airflow/dags/example_etl.py
[2025-05-10T14:20:22.199+0000] {processor.py:829} INFO - Processing file /opt/airflow/dags/example_etl.py for tasks to queue
[2025-05-10T14:20:22.200+0000] {logging_mixin.py:151} INFO - [2025-05-10T14:20:22.200+0000] {dagbag.py:539} INFO - Filling up the DagBag from /opt/airflow/dags/example_etl.py
[2025-05-10T14:20:22.213+0000] {processor.py:839} INFO - DAG(s) dict_keys(['example_etl']) retrieved from /opt/airflow/dags/example_etl.py
[2025-05-10T14:20:22.230+0000] {logging_mixin.py:151} INFO - [2025-05-10T14:20:22.230+0000] {dag.py:2915} INFO - Sync 1 DAGs
[2025-05-10T14:20:22.241+0000] {logging_mixin.py:151} INFO - [2025-05-10T14:20:22.241+0000] {dag.py:3696} INFO - Setting next_dagrun for example_etl to 2025-05-09T00:00:00+00:00, run_after=2025-05-10T00:00:00+00:00
[2025-05-10T14:20:22.251+0000] {processor.py:179} INFO - Processing /opt/airflow/dags/example_etl.py took 0.056 seconds
[2025-05-10T14:20:52.380+0000] {processor.py:157} INFO - Started process (PID=28) to work on /opt/airflow/dags/example_etl.py
[2025-05-10T14:20:52.381+0000] {processor.py:829} INFO - Processing file /opt/airflow/dags/example_etl.py for tasks to queue
[2025-05-10T14:20:52.382+0000] {logging_mixin.py:151} INFO - [2025-05-10T14:20:52.381+0000] {dagbag.py:539} INFO - Filling up the DagBag from /opt/airflow/dags/example_etl.py
[2025-05-10T14:20:52.399+0000] {processor.py:839} INFO - DAG(s) dict_keys(['example_etl']) retrieved from /opt/airflow/dags/example_etl.py
[2025-05-10T14:20:52.416+0000] {logging_mixin.py:151} INFO - [2025-05-10T14:20:52.416+0000] {dag.py:2915} INFO - Sync 1 DAGs
[2025-05-10T14:20:52.428+0000] {logging_mixin.py:151} INFO - [2025-05-10T14:20:52.427+0000] {dag.py:3696} INFO - Setting next_dagrun for example_etl to 2025-05-09T00:00:00+00:00, run_after=2025-05-10T00:00:00+00:00
[2025-05-10T14:20:52.437+0000] {processor.py:179} INFO - Processing /opt/airflow/dags/example_etl.py took 0.060 seconds
[2025-05-10T14:21:22.595+0000] {processor.py:157} INFO - Started process (PID=29) to work on /opt/airflow/dags/example_etl.py
[2025-05-10T14:21:22.596+0000] {processor.py:829} INFO - Processing file /opt/airflow/dags/example_etl.py for tasks to queue
[2025-05-10T14:21:22.596+0000] {logging_mixin.py:151} INFO - [2025-05-10T14:21:22.596+0000] {dagbag.py:539} INFO - Filling up the DagBag from /opt/airflow/dags/example_etl.py
[2025-05-10T14:21:22.610+0000] {processor.py:839} INFO - DAG(s) dict_keys(['example_etl']) retrieved from /opt/airflow/dags/example_etl.py
[2025-05-10T14:21:22.623+0000] {logging_mixin.py:151} INFO - [2025-05-10T14:21:22.623+0000] {dag.py:2915} INFO - Sync 1 DAGs
[2025-05-10T14:21:22.633+0000] {logging_mixin.py:151} INFO - [2025-05-10T14:21:22.632+0000] {dag.py:3696} INFO - Setting next_dagrun for example_etl to 2025-05-09T00:00:00+00:00, run_after=2025-05-10T00:00:00+00:00
[2025-05-10T14:21:22.641+0000] {processor.py:179} INFO - Processing /opt/airflow/dags/example_etl.py took 0.050 seconds
[2025-05-10T14:21:52.802+0000] {processor.py:157} INFO - Started process (PID=30) to work on /opt/airflow/dags/example_etl.py
[2025-05-10T14:21:52.803+0000] {processor.py:829} INFO - Processing file /opt/airflow/dags/example_etl.py for tasks to queue
[2025-05-10T14:21:52.804+0000] {logging_mixin.py:151} INFO - [2025-05-10T14:21:52.804+0000] {dagbag.py:539} INFO - Filling up the DagBag from /opt/airflow/dags/example_etl.py
[2025-05-10T14:21:52.816+0000] {processor.py:839} INFO - DAG(s) dict_keys(['example_etl']) retrieved from /opt/airflow/dags/example_etl.py
[2025-05-10T14:21:52.832+0000] {logging_mixin.py:151} INFO - [2025-05-10T14:21:52.832+0000] {dag.py:2915} INFO - Sync 1 DAGs
[2025-05-10T14:21:52.841+0000] {logging_mixin.py:151} INFO - [2025-05-10T14:21:52.841+0000] {dag.py:3696} INFO - Setting next_dagrun for example_etl to 2025-05-09T00:00:00+00:00, run_after=2025-05-10T00:00:00+00:00
[2025-05-10T14:21:52.851+0000] {processor.py:179} INFO - Processing /opt/airflow/dags/example_etl.py took 0.052 seconds
[2025-05-10T14:22:23.056+0000] {processor.py:157} INFO - Started process (PID=31) to work on /opt/airflow/dags/example_etl.py
[2025-05-10T14:22:23.058+0000] {processor.py:829} INFO - Processing file /opt/airflow/dags/example_etl.py for tasks to queue
[2025-05-10T14:22:23.059+0000] {logging_mixin.py:151} INFO - [2025-05-10T14:22:23.058+0000] {dagbag.py:539} INFO - Filling up the DagBag from /opt/airflow/dags/example_etl.py
[2025-05-10T14:22:23.074+0000] {processor.py:839} INFO - DAG(s) dict_keys(['example_etl']) retrieved from /opt/airflow/dags/example_etl.py
[2025-05-10T14:22:23.095+0000] {logging_mixin.py:151} INFO - [2025-05-10T14:22:23.095+0000] {dag.py:2915} INFO - Sync 1 DAGs
[2025-05-10T14:22:23.106+0000] {logging_mixin.py:151} INFO - [2025-05-10T14:22:23.106+0000] {dag.py:3696} INFO - Setting next_dagrun for example_etl to 2025-05-09T00:00:00+00:00, run_after=2025-05-10T00:00:00+00:00
[2025-05-10T14:22:23.115+0000] {processor.py:179} INFO - Processing /opt/airflow/dags/example_etl.py took 0.063 seconds
[2025-05-10T14:22:53.257+0000] {processor.py:157} INFO - Started process (PID=32) to work on /opt/airflow/dags/example_etl.py
[2025-05-10T14:22:53.258+0000] {processor.py:829} INFO - Processing file /opt/airflow/dags/example_etl.py for tasks to queue
[2025-05-10T14:22:53.259+0000] {logging_mixin.py:151} INFO - [2025-05-10T14:22:53.259+0000] {dagbag.py:539} INFO - Filling up the DagBag from /opt/airflow/dags/example_etl.py
[2025-05-10T14:22:53.278+0000] {processor.py:839} INFO - DAG(s) dict_keys(['example_etl']) retrieved from /opt/airflow/dags/example_etl.py
[2025-05-10T14:22:53.299+0000] {logging_mixin.py:151} INFO - [2025-05-10T14:22:53.298+0000] {dag.py:2915} INFO - Sync 1 DAGs
[2025-05-10T14:22:53.310+0000] {logging_mixin.py:151} INFO - [2025-05-10T14:22:53.310+0000] {dag.py:3696} INFO - Setting next_dagrun for example_etl to 2025-05-09T00:00:00+00:00, run_after=2025-05-10T00:00:00+00:00
[2025-05-10T14:22:53.321+0000] {processor.py:179} INFO - Processing /opt/airflow/dags/example_etl.py took 0.067 seconds
[2025-05-10T14:23:23.464+0000] {processor.py:157} INFO - Started process (PID=33) to work on /opt/airflow/dags/example_etl.py
[2025-05-10T14:23:23.465+0000] {processor.py:829} INFO - Processing file /opt/airflow/dags/example_etl.py for tasks to queue
[2025-05-10T14:23:23.466+0000] {logging_mixin.py:151} INFO - [2025-05-10T14:23:23.466+0000] {dagbag.py:539} INFO - Filling up the DagBag from /opt/airflow/dags/example_etl.py
[2025-05-10T14:23:23.481+0000] {processor.py:839} INFO - DAG(s) dict_keys(['example_etl']) retrieved from /opt/airflow/dags/example_etl.py
[2025-05-10T14:23:23.496+0000] {logging_mixin.py:151} INFO - [2025-05-10T14:23:23.496+0000] {dag.py:2915} INFO - Sync 1 DAGs
[2025-05-10T14:23:23.506+0000] {logging_mixin.py:151} INFO - [2025-05-10T14:23:23.506+0000] {dag.py:3696} INFO - Setting next_dagrun for example_etl to 2025-05-09T00:00:00+00:00, run_after=2025-05-10T00:00:00+00:00
[2025-05-10T14:23:23.516+0000] {processor.py:179} INFO - Processing /opt/airflow/dags/example_etl.py took 0.055 seconds
[2025-05-10T14:23:53.662+0000] {processor.py:157} INFO - Started process (PID=34) to work on /opt/airflow/dags/example_etl.py
[2025-05-10T14:23:53.663+0000] {processor.py:829} INFO - Processing file /opt/airflow/dags/example_etl.py for tasks to queue
[2025-05-10T14:23:53.664+0000] {logging_mixin.py:151} INFO - [2025-05-10T14:23:53.663+0000] {dagbag.py:539} INFO - Filling up the DagBag from /opt/airflow/dags/example_etl.py
[2025-05-10T14:23:53.681+0000] {processor.py:839} INFO - DAG(s) dict_keys(['example_etl']) retrieved from /opt/airflow/dags/example_etl.py
[2025-05-10T14:23:53.702+0000] {logging_mixin.py:151} INFO - [2025-05-10T14:23:53.702+0000] {dag.py:2915} INFO - Sync 1 DAGs
[2025-05-10T14:23:53.713+0000] {logging_mixin.py:151} INFO - [2025-05-10T14:23:53.713+0000] {dag.py:3696} INFO - Setting next_dagrun for example_etl to 2025-05-09T00:00:00+00:00, run_after=2025-05-10T00:00:00+00:00
[2025-05-10T14:23:53.722+0000] {processor.py:179} INFO - Processing /opt/airflow/dags/example_etl.py took 0.065 seconds
[2025-05-10T14:24:23.880+0000] {processor.py:157} INFO - Started process (PID=35) to work on /opt/airflow/dags/example_etl.py
[2025-05-10T14:24:23.882+0000] {processor.py:829} INFO - Processing file /opt/airflow/dags/example_etl.py for tasks to queue
[2025-05-10T14:24:23.884+0000] {logging_mixin.py:151} INFO - [2025-05-10T14:24:23.883+0000] {dagbag.py:539} INFO - Filling up the DagBag from /opt/airflow/dags/example_etl.py
[2025-05-10T14:24:23.908+0000] {processor.py:839} INFO - DAG(s) dict_keys(['example_etl']) retrieved from /opt/airflow/dags/example_etl.py
[2025-05-10T14:24:23.927+0000] {logging_mixin.py:151} INFO - [2025-05-10T14:24:23.927+0000] {dag.py:2915} INFO - Sync 1 DAGs
[2025-05-10T14:24:23.944+0000] {logging_mixin.py:151} INFO - [2025-05-10T14:24:23.944+0000] {dag.py:3696} INFO - Setting next_dagrun for example_etl to 2025-05-09T00:00:00+00:00, run_after=2025-05-10T00:00:00+00:00
[2025-05-10T14:24:23.962+0000] {processor.py:179} INFO - Processing /opt/airflow/dags/example_etl.py took 0.086 seconds
[2025-05-10T14:24:54.116+0000] {processor.py:157} INFO - Started process (PID=36) to work on /opt/airflow/dags/example_etl.py
[2025-05-10T14:24:54.117+0000] {processor.py:829} INFO - Processing file /opt/airflow/dags/example_etl.py for tasks to queue
[2025-05-10T14:24:54.118+0000] {logging_mixin.py:151} INFO - [2025-05-10T14:24:54.118+0000] {dagbag.py:539} INFO - Filling up the DagBag from /opt/airflow/dags/example_etl.py
[2025-05-10T14:24:54.131+0000] {processor.py:839} INFO - DAG(s) dict_keys(['example_etl']) retrieved from /opt/airflow/dags/example_etl.py
[2025-05-10T14:24:54.147+0000] {logging_mixin.py:151} INFO - [2025-05-10T14:24:54.147+0000] {dag.py:2915} INFO - Sync 1 DAGs
[2025-05-10T14:24:54.157+0000] {logging_mixin.py:151} INFO - [2025-05-10T14:24:54.157+0000] {dag.py:3696} INFO - Setting next_dagrun for example_etl to 2025-05-09T00:00:00+00:00, run_after=2025-05-10T00:00:00+00:00
[2025-05-10T14:24:54.166+0000] {processor.py:179} INFO - Processing /opt/airflow/dags/example_etl.py took 0.053 seconds
[2025-05-10T14:25:24.330+0000] {processor.py:157} INFO - Started process (PID=37) to work on /opt/airflow/dags/example_etl.py
[2025-05-10T14:25:24.332+0000] {processor.py:829} INFO - Processing file /opt/airflow/dags/example_etl.py for tasks to queue
[2025-05-10T14:25:24.332+0000] {logging_mixin.py:151} INFO - [2025-05-10T14:25:24.332+0000] {dagbag.py:539} INFO - Filling up the DagBag from /opt/airflow/dags/example_etl.py
[2025-05-10T14:25:24.345+0000] {processor.py:839} INFO - DAG(s) dict_keys(['example_etl']) retrieved from /opt/airflow/dags/example_etl.py
[2025-05-10T14:25:24.360+0000] {logging_mixin.py:151} INFO - [2025-05-10T14:25:24.360+0000] {dag.py:2915} INFO - Sync 1 DAGs
[2025-05-10T14:25:24.369+0000] {logging_mixin.py:151} INFO - [2025-05-10T14:25:24.369+0000] {dag.py:3696} INFO - Setting next_dagrun for example_etl to 2025-05-09T00:00:00+00:00, run_after=2025-05-10T00:00:00+00:00
[2025-05-10T14:25:24.377+0000] {processor.py:179} INFO - Processing /opt/airflow/dags/example_etl.py took 0.051 seconds
[2025-05-10T14:25:54.554+0000] {processor.py:157} INFO - Started process (PID=38) to work on /opt/airflow/dags/example_etl.py
[2025-05-10T14:25:54.554+0000] {processor.py:829} INFO - Processing file /opt/airflow/dags/example_etl.py for tasks to queue
[2025-05-10T14:25:54.555+0000] {logging_mixin.py:151} INFO - [2025-05-10T14:25:54.554+0000] {dagbag.py:539} INFO - Filling up the DagBag from /opt/airflow/dags/example_etl.py
[2025-05-10T14:25:54.561+0000] {processor.py:839} INFO - DAG(s) dict_keys(['example_etl']) retrieved from /opt/airflow/dags/example_etl.py
[2025-05-10T14:25:54.573+0000] {logging_mixin.py:151} INFO - [2025-05-10T14:25:54.573+0000] {dag.py:2915} INFO - Sync 1 DAGs
[2025-05-10T14:25:54.581+0000] {logging_mixin.py:151} INFO - [2025-05-10T14:25:54.581+0000] {dag.py:3696} INFO - Setting next_dagrun for example_etl to 2025-05-09T00:00:00+00:00, run_after=2025-05-10T00:00:00+00:00
[2025-05-10T14:25:54.589+0000] {processor.py:179} INFO - Processing /opt/airflow/dags/example_etl.py took 0.037 seconds
[2025-05-10T14:26:24.792+0000] {processor.py:157} INFO - Started process (PID=39) to work on /opt/airflow/dags/example_etl.py
[2025-05-10T14:26:24.793+0000] {processor.py:829} INFO - Processing file /opt/airflow/dags/example_etl.py for tasks to queue
[2025-05-10T14:26:24.794+0000] {logging_mixin.py:151} INFO - [2025-05-10T14:26:24.793+0000] {dagbag.py:539} INFO - Filling up the DagBag from /opt/airflow/dags/example_etl.py
[2025-05-10T14:26:24.804+0000] {processor.py:839} INFO - DAG(s) dict_keys(['example_etl']) retrieved from /opt/airflow/dags/example_etl.py
[2025-05-10T14:26:24.817+0000] {logging_mixin.py:151} INFO - [2025-05-10T14:26:24.817+0000] {dag.py:2915} INFO - Sync 1 DAGs
[2025-05-10T14:26:24.827+0000] {logging_mixin.py:151} INFO - [2025-05-10T14:26:24.827+0000] {dag.py:3696} INFO - Setting next_dagrun for example_etl to 2025-05-09T00:00:00+00:00, run_after=2025-05-10T00:00:00+00:00
[2025-05-10T14:26:24.835+0000] {processor.py:179} INFO - Processing /opt/airflow/dags/example_etl.py took 0.045 seconds
[2025-05-10T14:26:55.007+0000] {processor.py:157} INFO - Started process (PID=40) to work on /opt/airflow/dags/example_etl.py
[2025-05-10T14:26:55.009+0000] {processor.py:829} INFO - Processing file /opt/airflow/dags/example_etl.py for tasks to queue
[2025-05-10T14:26:55.011+0000] {logging_mixin.py:151} INFO - [2025-05-10T14:26:55.010+0000] {dagbag.py:539} INFO - Filling up the DagBag from /opt/airflow/dags/example_etl.py
[2025-05-10T14:26:55.035+0000] {processor.py:839} INFO - DAG(s) dict_keys(['example_etl']) retrieved from /opt/airflow/dags/example_etl.py
[2025-05-10T14:26:55.055+0000] {logging_mixin.py:151} INFO - [2025-05-10T14:26:55.055+0000] {dag.py:2915} INFO - Sync 1 DAGs
[2025-05-10T14:26:55.065+0000] {logging_mixin.py:151} INFO - [2025-05-10T14:26:55.065+0000] {dag.py:3696} INFO - Setting next_dagrun for example_etl to 2025-05-09T00:00:00+00:00, run_after=2025-05-10T00:00:00+00:00
[2025-05-10T14:26:55.074+0000] {processor.py:179} INFO - Processing /opt/airflow/dags/example_etl.py took 0.070 seconds
[2025-05-10T14:27:25.233+0000] {processor.py:157} INFO - Started process (PID=41) to work on /opt/airflow/dags/example_etl.py
[2025-05-10T14:27:25.234+0000] {processor.py:829} INFO - Processing file /opt/airflow/dags/example_etl.py for tasks to queue
[2025-05-10T14:27:25.235+0000] {logging_mixin.py:151} INFO - [2025-05-10T14:27:25.234+0000] {dagbag.py:539} INFO - Filling up the DagBag from /opt/airflow/dags/example_etl.py
[2025-05-10T14:27:25.247+0000] {processor.py:839} INFO - DAG(s) dict_keys(['example_etl']) retrieved from /opt/airflow/dags/example_etl.py
[2025-05-10T14:27:25.261+0000] {logging_mixin.py:151} INFO - [2025-05-10T14:27:25.261+0000] {dag.py:2915} INFO - Sync 1 DAGs
[2025-05-10T14:27:25.271+0000] {logging_mixin.py:151} INFO - [2025-05-10T14:27:25.271+0000] {dag.py:3696} INFO - Setting next_dagrun for example_etl to 2025-05-09T00:00:00+00:00, run_after=2025-05-10T00:00:00+00:00
[2025-05-10T14:27:25.282+0000] {processor.py:179} INFO - Processing /opt/airflow/dags/example_etl.py took 0.052 seconds
[2025-05-10T14:27:55.446+0000] {processor.py:157} INFO - Started process (PID=42) to work on /opt/airflow/dags/example_etl.py
[2025-05-10T14:27:55.447+0000] {processor.py:829} INFO - Processing file /opt/airflow/dags/example_etl.py for tasks to queue
[2025-05-10T14:27:55.447+0000] {logging_mixin.py:151} INFO - [2025-05-10T14:27:55.447+0000] {dagbag.py:539} INFO - Filling up the DagBag from /opt/airflow/dags/example_etl.py
[2025-05-10T14:27:55.460+0000] {processor.py:839} INFO - DAG(s) dict_keys(['example_etl']) retrieved from /opt/airflow/dags/example_etl.py
[2025-05-10T14:27:55.475+0000] {logging_mixin.py:151} INFO - [2025-05-10T14:27:55.475+0000] {dag.py:2915} INFO - Sync 1 DAGs
[2025-05-10T14:27:55.484+0000] {logging_mixin.py:151} INFO - [2025-05-10T14:27:55.484+0000] {dag.py:3696} INFO - Setting next_dagrun for example_etl to 2025-05-09T00:00:00+00:00, run_after=2025-05-10T00:00:00+00:00
[2025-05-10T14:27:55.493+0000] {processor.py:179} INFO - Processing /opt/airflow/dags/example_etl.py took 0.051 seconds
[2025-05-10T14:28:25.685+0000] {processor.py:157} INFO - Started process (PID=43) to work on /opt/airflow/dags/example_etl.py
[2025-05-10T14:28:25.686+0000] {processor.py:829} INFO - Processing file /opt/airflow/dags/example_etl.py for tasks to queue
[2025-05-10T14:28:25.688+0000] {logging_mixin.py:151} INFO - [2025-05-10T14:28:25.687+0000] {dagbag.py:539} INFO - Filling up the DagBag from /opt/airflow/dags/example_etl.py
[2025-05-10T14:28:25.706+0000] {processor.py:839} INFO - DAG(s) dict_keys(['example_etl']) retrieved from /opt/airflow/dags/example_etl.py
[2025-05-10T14:28:25.724+0000] {logging_mixin.py:151} INFO - [2025-05-10T14:28:25.723+0000] {dag.py:2915} INFO - Sync 1 DAGs
[2025-05-10T14:28:25.734+0000] {logging_mixin.py:151} INFO - [2025-05-10T14:28:25.734+0000] {dag.py:3696} INFO - Setting next_dagrun for example_etl to 2025-05-09T00:00:00+00:00, run_after=2025-05-10T00:00:00+00:00
[2025-05-10T14:28:25.743+0000] {processor.py:179} INFO - Processing /opt/airflow/dags/example_etl.py took 0.061 seconds
[2025-05-10T14:29:01.759+0000] {processor.py:157} INFO - Started process (PID=25) to work on /opt/airflow/dags/example_etl.py
[2025-05-10T14:29:01.759+0000] {processor.py:829} INFO - Processing file /opt/airflow/dags/example_etl.py for tasks to queue
[2025-05-10T14:29:01.760+0000] {logging_mixin.py:151} INFO - [2025-05-10T14:29:01.759+0000] {dagbag.py:539} INFO - Filling up the DagBag from /opt/airflow/dags/example_etl.py
[2025-05-10T14:29:01.770+0000] {processor.py:839} INFO - DAG(s) dict_keys(['example_etl']) retrieved from /opt/airflow/dags/example_etl.py
[2025-05-10T14:29:01.873+0000] {logging_mixin.py:151} INFO - [2025-05-10T14:29:01.873+0000] {manager.py:499} INFO - Created Permission View: %s
[2025-05-10T14:29:01.881+0000] {logging_mixin.py:151} INFO - [2025-05-10T14:29:01.881+0000] {manager.py:499} INFO - Created Permission View: %s
[2025-05-10T14:29:01.889+0000] {logging_mixin.py:151} INFO - [2025-05-10T14:29:01.889+0000] {manager.py:499} INFO - Created Permission View: %s
[2025-05-10T14:29:01.890+0000] {logging_mixin.py:151} INFO - [2025-05-10T14:29:01.890+0000] {security.py:708} INFO - Not syncing DAG-level permissions for DAG 'DAG:example_etl' as access control is unset.
[2025-05-10T14:29:01.890+0000] {logging_mixin.py:151} INFO - [2025-05-10T14:29:01.890+0000] {dag.py:2915} INFO - Sync 1 DAGs
[2025-05-10T14:29:01.899+0000] {logging_mixin.py:151} INFO - [2025-05-10T14:29:01.899+0000] {dag.py:2937} INFO - Creating ORM DAG for example_etl
[2025-05-10T14:29:01.906+0000] {logging_mixin.py:151} INFO - [2025-05-10T14:29:01.906+0000] {dag.py:3696} INFO - Setting next_dagrun for example_etl to 2025-05-09T00:00:00+00:00, run_after=2025-05-10T00:00:00+00:00
[2025-05-10T14:29:01.920+0000] {processor.py:179} INFO - Processing /opt/airflow/dags/example_etl.py took 0.162 seconds
[2025-05-10T14:29:32.990+0000] {processor.py:157} INFO - Started process (PID=26) to work on /opt/airflow/dags/example_etl.py
[2025-05-10T14:29:32.991+0000] {processor.py:829} INFO - Processing file /opt/airflow/dags/example_etl.py for tasks to queue
[2025-05-10T14:29:32.992+0000] {logging_mixin.py:151} INFO - [2025-05-10T14:29:32.991+0000] {dagbag.py:539} INFO - Filling up the DagBag from /opt/airflow/dags/example_etl.py
[2025-05-10T14:29:33.006+0000] {processor.py:839} INFO - DAG(s) dict_keys(['example_etl']) retrieved from /opt/airflow/dags/example_etl.py
[2025-05-10T14:29:33.023+0000] {logging_mixin.py:151} INFO - [2025-05-10T14:29:33.023+0000] {dag.py:2915} INFO - Sync 1 DAGs
[2025-05-10T14:29:33.035+0000] {logging_mixin.py:151} INFO - [2025-05-10T14:29:33.035+0000] {dag.py:3696} INFO - Setting next_dagrun for example_etl to 2025-05-09T00:00:00+00:00, run_after=2025-05-10T00:00:00+00:00
[2025-05-10T14:29:33.044+0000] {processor.py:179} INFO - Processing /opt/airflow/dags/example_etl.py took 0.057 seconds
[2025-05-10T14:30:03.257+0000] {processor.py:157} INFO - Started process (PID=27) to work on /opt/airflow/dags/example_etl.py
[2025-05-10T14:30:03.258+0000] {processor.py:829} INFO - Processing file /opt/airflow/dags/example_etl.py for tasks to queue
[2025-05-10T14:30:03.258+0000] {logging_mixin.py:151} INFO - [2025-05-10T14:30:03.258+0000] {dagbag.py:539} INFO - Filling up the DagBag from /opt/airflow/dags/example_etl.py
[2025-05-10T14:30:03.267+0000] {processor.py:839} INFO - DAG(s) dict_keys(['example_etl']) retrieved from /opt/airflow/dags/example_etl.py
[2025-05-10T14:30:03.280+0000] {logging_mixin.py:151} INFO - [2025-05-10T14:30:03.280+0000] {dag.py:2915} INFO - Sync 1 DAGs
[2025-05-10T14:30:03.291+0000] {logging_mixin.py:151} INFO - [2025-05-10T14:30:03.291+0000] {dag.py:3696} INFO - Setting next_dagrun for example_etl to 2025-05-09T00:00:00+00:00, run_after=2025-05-10T00:00:00+00:00
[2025-05-10T14:30:03.300+0000] {processor.py:179} INFO - Processing /opt/airflow/dags/example_etl.py took 0.045 seconds
[2025-05-10T14:30:33.459+0000] {processor.py:157} INFO - Started process (PID=28) to work on /opt/airflow/dags/example_etl.py
[2025-05-10T14:30:33.460+0000] {processor.py:829} INFO - Processing file /opt/airflow/dags/example_etl.py for tasks to queue
[2025-05-10T14:30:33.461+0000] {logging_mixin.py:151} INFO - [2025-05-10T14:30:33.461+0000] {dagbag.py:539} INFO - Filling up the DagBag from /opt/airflow/dags/example_etl.py
[2025-05-10T14:30:33.471+0000] {processor.py:839} INFO - DAG(s) dict_keys(['example_etl']) retrieved from /opt/airflow/dags/example_etl.py
[2025-05-10T14:30:33.485+0000] {logging_mixin.py:151} INFO - [2025-05-10T14:30:33.485+0000] {dag.py:2915} INFO - Sync 1 DAGs
[2025-05-10T14:30:33.498+0000] {logging_mixin.py:151} INFO - [2025-05-10T14:30:33.497+0000] {dag.py:3696} INFO - Setting next_dagrun for example_etl to 2025-05-09T00:00:00+00:00, run_after=2025-05-10T00:00:00+00:00
[2025-05-10T14:30:33.508+0000] {processor.py:179} INFO - Processing /opt/airflow/dags/example_etl.py took 0.052 seconds
[2025-05-10T14:31:03.732+0000] {processor.py:157} INFO - Started process (PID=29) to work on /opt/airflow/dags/example_etl.py
[2025-05-10T14:31:03.733+0000] {processor.py:829} INFO - Processing file /opt/airflow/dags/example_etl.py for tasks to queue
[2025-05-10T14:31:03.735+0000] {logging_mixin.py:151} INFO - [2025-05-10T14:31:03.734+0000] {dagbag.py:539} INFO - Filling up the DagBag from /opt/airflow/dags/example_etl.py
[2025-05-10T14:31:03.749+0000] {processor.py:839} INFO - DAG(s) dict_keys(['example_etl']) retrieved from /opt/airflow/dags/example_etl.py
[2025-05-10T14:31:03.765+0000] {logging_mixin.py:151} INFO - [2025-05-10T14:31:03.765+0000] {dag.py:2915} INFO - Sync 1 DAGs
[2025-05-10T14:31:03.775+0000] {logging_mixin.py:151} INFO - [2025-05-10T14:31:03.775+0000] {dag.py:3696} INFO - Setting next_dagrun for example_etl to 2025-05-09T00:00:00+00:00, run_after=2025-05-10T00:00:00+00:00
[2025-05-10T14:31:03.784+0000] {processor.py:179} INFO - Processing /opt/airflow/dags/example_etl.py took 0.056 seconds
[2025-05-10T14:31:33.983+0000] {processor.py:157} INFO - Started process (PID=30) to work on /opt/airflow/dags/example_etl.py
[2025-05-10T14:31:33.984+0000] {processor.py:829} INFO - Processing file /opt/airflow/dags/example_etl.py for tasks to queue
[2025-05-10T14:31:33.986+0000] {logging_mixin.py:151} INFO - [2025-05-10T14:31:33.985+0000] {dagbag.py:539} INFO - Filling up the DagBag from /opt/airflow/dags/example_etl.py
[2025-05-10T14:31:34.008+0000] {processor.py:839} INFO - DAG(s) dict_keys(['example_etl']) retrieved from /opt/airflow/dags/example_etl.py
[2025-05-10T14:31:34.033+0000] {logging_mixin.py:151} INFO - [2025-05-10T14:31:34.033+0000] {dag.py:2915} INFO - Sync 1 DAGs
[2025-05-10T14:31:34.049+0000] {logging_mixin.py:151} INFO - [2025-05-10T14:31:34.049+0000] {dag.py:3696} INFO - Setting next_dagrun for example_etl to 2025-05-09T00:00:00+00:00, run_after=2025-05-10T00:00:00+00:00
[2025-05-10T14:31:34.062+0000] {processor.py:179} INFO - Processing /opt/airflow/dags/example_etl.py took 0.083 seconds
[2025-05-10T14:32:04.234+0000] {processor.py:157} INFO - Started process (PID=31) to work on /opt/airflow/dags/example_etl.py
[2025-05-10T14:32:04.235+0000] {processor.py:829} INFO - Processing file /opt/airflow/dags/example_etl.py for tasks to queue
[2025-05-10T14:32:04.236+0000] {logging_mixin.py:151} INFO - [2025-05-10T14:32:04.236+0000] {dagbag.py:539} INFO - Filling up the DagBag from /opt/airflow/dags/example_etl.py
[2025-05-10T14:32:04.250+0000] {processor.py:839} INFO - DAG(s) dict_keys(['example_etl']) retrieved from /opt/airflow/dags/example_etl.py
[2025-05-10T14:32:04.265+0000] {logging_mixin.py:151} INFO - [2025-05-10T14:32:04.265+0000] {dag.py:2915} INFO - Sync 1 DAGs
[2025-05-10T14:32:04.275+0000] {logging_mixin.py:151} INFO - [2025-05-10T14:32:04.275+0000] {dag.py:3696} INFO - Setting next_dagrun for example_etl to 2025-05-09T00:00:00+00:00, run_after=2025-05-10T00:00:00+00:00
[2025-05-10T14:32:04.285+0000] {processor.py:179} INFO - Processing /opt/airflow/dags/example_etl.py took 0.055 seconds
[2025-05-10T14:32:34.457+0000] {processor.py:157} INFO - Started process (PID=32) to work on /opt/airflow/dags/example_etl.py
[2025-05-10T14:32:34.459+0000] {processor.py:829} INFO - Processing file /opt/airflow/dags/example_etl.py for tasks to queue
[2025-05-10T14:32:34.460+0000] {logging_mixin.py:151} INFO - [2025-05-10T14:32:34.459+0000] {dagbag.py:539} INFO - Filling up the DagBag from /opt/airflow/dags/example_etl.py
[2025-05-10T14:32:34.482+0000] {processor.py:839} INFO - DAG(s) dict_keys(['example_etl']) retrieved from /opt/airflow/dags/example_etl.py
[2025-05-10T14:32:34.507+0000] {logging_mixin.py:151} INFO - [2025-05-10T14:32:34.507+0000] {dag.py:2915} INFO - Sync 1 DAGs
[2025-05-10T14:32:34.532+0000] {logging_mixin.py:151} INFO - [2025-05-10T14:32:34.531+0000] {dag.py:3696} INFO - Setting next_dagrun for example_etl to 2025-05-09T00:00:00+00:00, run_after=2025-05-10T00:00:00+00:00
[2025-05-10T14:32:34.543+0000] {processor.py:179} INFO - Processing /opt/airflow/dags/example_etl.py took 0.091 seconds
[2025-05-10T14:33:04.731+0000] {processor.py:157} INFO - Started process (PID=33) to work on /opt/airflow/dags/example_etl.py
[2025-05-10T14:33:04.733+0000] {processor.py:829} INFO - Processing file /opt/airflow/dags/example_etl.py for tasks to queue
[2025-05-10T14:33:04.734+0000] {logging_mixin.py:151} INFO - [2025-05-10T14:33:04.733+0000] {dagbag.py:539} INFO - Filling up the DagBag from /opt/airflow/dags/example_etl.py
[2025-05-10T14:33:04.753+0000] {processor.py:839} INFO - DAG(s) dict_keys(['example_etl']) retrieved from /opt/airflow/dags/example_etl.py
[2025-05-10T14:33:04.775+0000] {logging_mixin.py:151} INFO - [2025-05-10T14:33:04.775+0000] {dag.py:2915} INFO - Sync 1 DAGs
[2025-05-10T14:33:04.789+0000] {logging_mixin.py:151} INFO - [2025-05-10T14:33:04.789+0000] {dag.py:3696} INFO - Setting next_dagrun for example_etl to 2025-05-09T00:00:00+00:00, run_after=2025-05-10T00:00:00+00:00
[2025-05-10T14:33:04.800+0000] {processor.py:179} INFO - Processing /opt/airflow/dags/example_etl.py took 0.073 seconds
[2025-05-10T14:33:34.918+0000] {processor.py:157} INFO - Started process (PID=34) to work on /opt/airflow/dags/example_etl.py
[2025-05-10T14:33:34.918+0000] {processor.py:829} INFO - Processing file /opt/airflow/dags/example_etl.py for tasks to queue
[2025-05-10T14:33:34.919+0000] {logging_mixin.py:151} INFO - [2025-05-10T14:33:34.918+0000] {dagbag.py:539} INFO - Filling up the DagBag from /opt/airflow/dags/example_etl.py
[2025-05-10T14:33:34.926+0000] {processor.py:839} INFO - DAG(s) dict_keys(['example_etl']) retrieved from /opt/airflow/dags/example_etl.py
[2025-05-10T14:33:34.938+0000] {logging_mixin.py:151} INFO - [2025-05-10T14:33:34.938+0000] {dag.py:2915} INFO - Sync 1 DAGs
[2025-05-10T14:33:34.947+0000] {logging_mixin.py:151} INFO - [2025-05-10T14:33:34.947+0000] {dag.py:3696} INFO - Setting next_dagrun for example_etl to 2025-05-09T00:00:00+00:00, run_after=2025-05-10T00:00:00+00:00
[2025-05-10T14:33:34.955+0000] {processor.py:179} INFO - Processing /opt/airflow/dags/example_etl.py took 0.040 seconds
[2025-05-10T14:34:05.188+0000] {processor.py:157} INFO - Started process (PID=35) to work on /opt/airflow/dags/example_etl.py
[2025-05-10T14:34:05.188+0000] {processor.py:829} INFO - Processing file /opt/airflow/dags/example_etl.py for tasks to queue
[2025-05-10T14:34:05.189+0000] {logging_mixin.py:151} INFO - [2025-05-10T14:34:05.189+0000] {dagbag.py:539} INFO - Filling up the DagBag from /opt/airflow/dags/example_etl.py
[2025-05-10T14:34:05.207+0000] {processor.py:839} INFO - DAG(s) dict_keys(['example_etl']) retrieved from /opt/airflow/dags/example_etl.py
[2025-05-10T14:34:05.224+0000] {logging_mixin.py:151} INFO - [2025-05-10T14:34:05.224+0000] {dag.py:2915} INFO - Sync 1 DAGs
[2025-05-10T14:34:05.238+0000] {logging_mixin.py:151} INFO - [2025-05-10T14:34:05.238+0000] {dag.py:3696} INFO - Setting next_dagrun for example_etl to 2025-05-09T00:00:00+00:00, run_after=2025-05-10T00:00:00+00:00
[2025-05-10T14:34:05.251+0000] {processor.py:179} INFO - Processing /opt/airflow/dags/example_etl.py took 0.066 seconds
[2025-05-10T14:34:35.396+0000] {processor.py:157} INFO - Started process (PID=36) to work on /opt/airflow/dags/example_etl.py
[2025-05-10T14:34:35.396+0000] {processor.py:829} INFO - Processing file /opt/airflow/dags/example_etl.py for tasks to queue
[2025-05-10T14:34:35.396+0000] {logging_mixin.py:151} INFO - [2025-05-10T14:34:35.396+0000] {dagbag.py:539} INFO - Filling up the DagBag from /opt/airflow/dags/example_etl.py
[2025-05-10T14:34:35.403+0000] {processor.py:839} INFO - DAG(s) dict_keys(['example_etl']) retrieved from /opt/airflow/dags/example_etl.py
[2025-05-10T14:34:35.412+0000] {logging_mixin.py:151} INFO - [2025-05-10T14:34:35.412+0000] {dag.py:2915} INFO - Sync 1 DAGs
[2025-05-10T14:34:35.420+0000] {logging_mixin.py:151} INFO - [2025-05-10T14:34:35.420+0000] {dag.py:3696} INFO - Setting next_dagrun for example_etl to 2025-05-09T00:00:00+00:00, run_after=2025-05-10T00:00:00+00:00
[2025-05-10T14:34:35.429+0000] {processor.py:179} INFO - Processing /opt/airflow/dags/example_etl.py took 0.035 seconds
[2025-05-10T14:35:05.640+0000] {processor.py:157} INFO - Started process (PID=37) to work on /opt/airflow/dags/example_etl.py
[2025-05-10T14:35:05.642+0000] {processor.py:829} INFO - Processing file /opt/airflow/dags/example_etl.py for tasks to queue
[2025-05-10T14:35:05.642+0000] {logging_mixin.py:151} INFO - [2025-05-10T14:35:05.642+0000] {dagbag.py:539} INFO - Filling up the DagBag from /opt/airflow/dags/example_etl.py
[2025-05-10T14:35:05.651+0000] {processor.py:839} INFO - DAG(s) dict_keys(['example_etl']) retrieved from /opt/airflow/dags/example_etl.py
[2025-05-10T14:35:05.664+0000] {logging_mixin.py:151} INFO - [2025-05-10T14:35:05.664+0000] {dag.py:2915} INFO - Sync 1 DAGs
[2025-05-10T14:35:05.674+0000] {logging_mixin.py:151} INFO - [2025-05-10T14:35:05.674+0000] {dag.py:3696} INFO - Setting next_dagrun for example_etl to 2025-05-09T00:00:00+00:00, run_after=2025-05-10T00:00:00+00:00
[2025-05-10T14:35:05.683+0000] {processor.py:179} INFO - Processing /opt/airflow/dags/example_etl.py took 0.045 seconds
[2025-05-10T14:35:35.929+0000] {processor.py:157} INFO - Started process (PID=38) to work on /opt/airflow/dags/example_etl.py
[2025-05-10T14:35:35.929+0000] {processor.py:829} INFO - Processing file /opt/airflow/dags/example_etl.py for tasks to queue
[2025-05-10T14:35:35.930+0000] {logging_mixin.py:151} INFO - [2025-05-10T14:35:35.930+0000] {dagbag.py:539} INFO - Filling up the DagBag from /opt/airflow/dags/example_etl.py
[2025-05-10T14:35:35.945+0000] {processor.py:839} INFO - DAG(s) dict_keys(['example_etl']) retrieved from /opt/airflow/dags/example_etl.py
[2025-05-10T14:35:35.962+0000] {logging_mixin.py:151} INFO - [2025-05-10T14:35:35.962+0000] {dag.py:2915} INFO - Sync 1 DAGs
[2025-05-10T14:35:35.972+0000] {logging_mixin.py:151} INFO - [2025-05-10T14:35:35.972+0000] {dag.py:3696} INFO - Setting next_dagrun for example_etl to 2025-05-09T00:00:00+00:00, run_after=2025-05-10T00:00:00+00:00
[2025-05-10T14:35:35.985+0000] {processor.py:179} INFO - Processing /opt/airflow/dags/example_etl.py took 0.059 seconds
[2025-05-10T14:36:06.167+0000] {processor.py:157} INFO - Started process (PID=39) to work on /opt/airflow/dags/example_etl.py
[2025-05-10T14:36:06.168+0000] {processor.py:829} INFO - Processing file /opt/airflow/dags/example_etl.py for tasks to queue
[2025-05-10T14:36:06.169+0000] {logging_mixin.py:151} INFO - [2025-05-10T14:36:06.169+0000] {dagbag.py:539} INFO - Filling up the DagBag from /opt/airflow/dags/example_etl.py
[2025-05-10T14:36:06.182+0000] {processor.py:839} INFO - DAG(s) dict_keys(['example_etl']) retrieved from /opt/airflow/dags/example_etl.py
[2025-05-10T14:36:06.199+0000] {logging_mixin.py:151} INFO - [2025-05-10T14:36:06.198+0000] {dag.py:2915} INFO - Sync 1 DAGs
[2025-05-10T14:36:06.219+0000] {logging_mixin.py:151} INFO - [2025-05-10T14:36:06.219+0000] {dag.py:3696} INFO - Setting next_dagrun for example_etl to 2025-05-09T00:00:00+00:00, run_after=2025-05-10T00:00:00+00:00
[2025-05-10T14:36:06.233+0000] {processor.py:179} INFO - Processing /opt/airflow/dags/example_etl.py took 0.068 seconds
[2025-05-10T14:36:36.393+0000] {processor.py:157} INFO - Started process (PID=40) to work on /opt/airflow/dags/example_etl.py
[2025-05-10T14:36:36.394+0000] {processor.py:829} INFO - Processing file /opt/airflow/dags/example_etl.py for tasks to queue
[2025-05-10T14:36:36.395+0000] {logging_mixin.py:151} INFO - [2025-05-10T14:36:36.394+0000] {dagbag.py:539} INFO - Filling up the DagBag from /opt/airflow/dags/example_etl.py
[2025-05-10T14:36:36.404+0000] {processor.py:839} INFO - DAG(s) dict_keys(['example_etl']) retrieved from /opt/airflow/dags/example_etl.py
[2025-05-10T14:36:36.416+0000] {logging_mixin.py:151} INFO - [2025-05-10T14:36:36.416+0000] {dag.py:2915} INFO - Sync 1 DAGs
[2025-05-10T14:36:36.426+0000] {logging_mixin.py:151} INFO - [2025-05-10T14:36:36.426+0000] {dag.py:3696} INFO - Setting next_dagrun for example_etl to 2025-05-09T00:00:00+00:00, run_after=2025-05-10T00:00:00+00:00
[2025-05-10T14:36:36.440+0000] {processor.py:179} INFO - Processing /opt/airflow/dags/example_etl.py took 0.049 seconds
[2025-05-10T14:37:06.600+0000] {processor.py:157} INFO - Started process (PID=41) to work on /opt/airflow/dags/example_etl.py
[2025-05-10T14:37:06.601+0000] {processor.py:829} INFO - Processing file /opt/airflow/dags/example_etl.py for tasks to queue
[2025-05-10T14:37:06.602+0000] {logging_mixin.py:151} INFO - [2025-05-10T14:37:06.602+0000] {dagbag.py:539} INFO - Filling up the DagBag from /opt/airflow/dags/example_etl.py
[2025-05-10T14:37:06.616+0000] {processor.py:839} INFO - DAG(s) dict_keys(['example_etl']) retrieved from /opt/airflow/dags/example_etl.py
[2025-05-10T14:37:06.634+0000] {logging_mixin.py:151} INFO - [2025-05-10T14:37:06.634+0000] {dag.py:2915} INFO - Sync 1 DAGs
[2025-05-10T14:37:06.645+0000] {logging_mixin.py:151} INFO - [2025-05-10T14:37:06.645+0000] {dag.py:3696} INFO - Setting next_dagrun for example_etl to 2025-05-09T00:00:00+00:00, run_after=2025-05-10T00:00:00+00:00
[2025-05-10T14:37:06.655+0000] {processor.py:179} INFO - Processing /opt/airflow/dags/example_etl.py took 0.057 seconds
[2025-05-10T14:37:36.851+0000] {processor.py:157} INFO - Started process (PID=42) to work on /opt/airflow/dags/example_etl.py
[2025-05-10T14:37:36.851+0000] {processor.py:829} INFO - Processing file /opt/airflow/dags/example_etl.py for tasks to queue
[2025-05-10T14:37:36.852+0000] {logging_mixin.py:151} INFO - [2025-05-10T14:37:36.852+0000] {dagbag.py:539} INFO - Filling up the DagBag from /opt/airflow/dags/example_etl.py
[2025-05-10T14:37:36.867+0000] {processor.py:839} INFO - DAG(s) dict_keys(['example_etl']) retrieved from /opt/airflow/dags/example_etl.py
[2025-05-10T14:37:36.883+0000] {logging_mixin.py:151} INFO - [2025-05-10T14:37:36.883+0000] {dag.py:2915} INFO - Sync 1 DAGs
[2025-05-10T14:37:36.892+0000] {logging_mixin.py:151} INFO - [2025-05-10T14:37:36.892+0000] {dag.py:3696} INFO - Setting next_dagrun for example_etl to 2025-05-09T00:00:00+00:00, run_after=2025-05-10T00:00:00+00:00
[2025-05-10T14:37:36.901+0000] {processor.py:179} INFO - Processing /opt/airflow/dags/example_etl.py took 0.054 seconds
[2025-05-10T14:38:07.095+0000] {processor.py:157} INFO - Started process (PID=43) to work on /opt/airflow/dags/example_etl.py
[2025-05-10T14:38:07.096+0000] {processor.py:829} INFO - Processing file /opt/airflow/dags/example_etl.py for tasks to queue
[2025-05-10T14:38:07.097+0000] {logging_mixin.py:151} INFO - [2025-05-10T14:38:07.097+0000] {dagbag.py:539} INFO - Filling up the DagBag from /opt/airflow/dags/example_etl.py
[2025-05-10T14:38:07.110+0000] {processor.py:839} INFO - DAG(s) dict_keys(['example_etl']) retrieved from /opt/airflow/dags/example_etl.py
[2025-05-10T14:38:07.127+0000] {logging_mixin.py:151} INFO - [2025-05-10T14:38:07.127+0000] {dag.py:2915} INFO - Sync 1 DAGs
[2025-05-10T14:38:07.136+0000] {logging_mixin.py:151} INFO - [2025-05-10T14:38:07.136+0000] {dag.py:3696} INFO - Setting next_dagrun for example_etl to 2025-05-09T00:00:00+00:00, run_after=2025-05-10T00:00:00+00:00
[2025-05-10T14:38:07.146+0000] {processor.py:179} INFO - Processing /opt/airflow/dags/example_etl.py took 0.054 seconds
[2025-05-10T14:38:37.312+0000] {processor.py:157} INFO - Started process (PID=44) to work on /opt/airflow/dags/example_etl.py
[2025-05-10T14:38:37.313+0000] {processor.py:829} INFO - Processing file /opt/airflow/dags/example_etl.py for tasks to queue
[2025-05-10T14:38:37.314+0000] {logging_mixin.py:151} INFO - [2025-05-10T14:38:37.313+0000] {dagbag.py:539} INFO - Filling up the DagBag from /opt/airflow/dags/example_etl.py
[2025-05-10T14:38:37.328+0000] {processor.py:839} INFO - DAG(s) dict_keys(['example_etl']) retrieved from /opt/airflow/dags/example_etl.py
[2025-05-10T14:38:37.356+0000] {logging_mixin.py:151} INFO - [2025-05-10T14:38:37.356+0000] {dag.py:2915} INFO - Sync 1 DAGs
[2025-05-10T14:38:37.372+0000] {logging_mixin.py:151} INFO - [2025-05-10T14:38:37.372+0000] {dag.py:3696} INFO - Setting next_dagrun for example_etl to 2025-05-09T00:00:00+00:00, run_after=2025-05-10T00:00:00+00:00
[2025-05-10T14:38:37.385+0000] {processor.py:179} INFO - Processing /opt/airflow/dags/example_etl.py took 0.076 seconds
[2025-05-10T14:39:07.538+0000] {processor.py:157} INFO - Started process (PID=45) to work on /opt/airflow/dags/example_etl.py
[2025-05-10T14:39:07.539+0000] {processor.py:829} INFO - Processing file /opt/airflow/dags/example_etl.py for tasks to queue
[2025-05-10T14:39:07.540+0000] {logging_mixin.py:151} INFO - [2025-05-10T14:39:07.540+0000] {dagbag.py:539} INFO - Filling up the DagBag from /opt/airflow/dags/example_etl.py
[2025-05-10T14:39:07.553+0000] {processor.py:839} INFO - DAG(s) dict_keys(['example_etl']) retrieved from /opt/airflow/dags/example_etl.py
[2025-05-10T14:39:07.570+0000] {logging_mixin.py:151} INFO - [2025-05-10T14:39:07.570+0000] {dag.py:2915} INFO - Sync 1 DAGs
[2025-05-10T14:39:07.580+0000] {logging_mixin.py:151} INFO - [2025-05-10T14:39:07.580+0000] {dag.py:3696} INFO - Setting next_dagrun for example_etl to 2025-05-09T00:00:00+00:00, run_after=2025-05-10T00:00:00+00:00
[2025-05-10T14:39:07.589+0000] {processor.py:179} INFO - Processing /opt/airflow/dags/example_etl.py took 0.054 seconds
[2025-05-10T14:39:37.759+0000] {processor.py:157} INFO - Started process (PID=46) to work on /opt/airflow/dags/example_etl.py
[2025-05-10T14:39:37.759+0000] {processor.py:829} INFO - Processing file /opt/airflow/dags/example_etl.py for tasks to queue
[2025-05-10T14:39:37.760+0000] {logging_mixin.py:151} INFO - [2025-05-10T14:39:37.760+0000] {dagbag.py:539} INFO - Filling up the DagBag from /opt/airflow/dags/example_etl.py
[2025-05-10T14:39:37.769+0000] {processor.py:839} INFO - DAG(s) dict_keys(['example_etl']) retrieved from /opt/airflow/dags/example_etl.py
[2025-05-10T14:39:37.781+0000] {logging_mixin.py:151} INFO - [2025-05-10T14:39:37.781+0000] {dag.py:2915} INFO - Sync 1 DAGs
[2025-05-10T14:39:37.793+0000] {logging_mixin.py:151} INFO - [2025-05-10T14:39:37.792+0000] {dag.py:3696} INFO - Setting next_dagrun for example_etl to 2025-05-09T00:00:00+00:00, run_after=2025-05-10T00:00:00+00:00
[2025-05-10T14:39:37.803+0000] {processor.py:179} INFO - Processing /opt/airflow/dags/example_etl.py took 0.046 seconds
[2025-05-10T14:40:08.027+0000] {processor.py:157} INFO - Started process (PID=47) to work on /opt/airflow/dags/example_etl.py
[2025-05-10T14:40:08.029+0000] {processor.py:829} INFO - Processing file /opt/airflow/dags/example_etl.py for tasks to queue
[2025-05-10T14:40:08.030+0000] {logging_mixin.py:151} INFO - [2025-05-10T14:40:08.030+0000] {dagbag.py:539} INFO - Filling up the DagBag from /opt/airflow/dags/example_etl.py
[2025-05-10T14:40:08.049+0000] {processor.py:839} INFO - DAG(s) dict_keys(['example_etl']) retrieved from /opt/airflow/dags/example_etl.py
[2025-05-10T14:40:08.068+0000] {logging_mixin.py:151} INFO - [2025-05-10T14:40:08.068+0000] {dag.py:2915} INFO - Sync 1 DAGs
[2025-05-10T14:40:08.079+0000] {logging_mixin.py:151} INFO - [2025-05-10T14:40:08.079+0000] {dag.py:3696} INFO - Setting next_dagrun for example_etl to 2025-05-09T00:00:00+00:00, run_after=2025-05-10T00:00:00+00:00
[2025-05-10T14:40:08.087+0000] {processor.py:179} INFO - Processing /opt/airflow/dags/example_etl.py took 0.065 seconds
[2025-05-10T14:40:38.286+0000] {processor.py:157} INFO - Started process (PID=48) to work on /opt/airflow/dags/example_etl.py
[2025-05-10T14:40:38.287+0000] {processor.py:829} INFO - Processing file /opt/airflow/dags/example_etl.py for tasks to queue
[2025-05-10T14:40:38.288+0000] {logging_mixin.py:151} INFO - [2025-05-10T14:40:38.288+0000] {dagbag.py:539} INFO - Filling up the DagBag from /opt/airflow/dags/example_etl.py
[2025-05-10T14:40:38.302+0000] {processor.py:839} INFO - DAG(s) dict_keys(['example_etl']) retrieved from /opt/airflow/dags/example_etl.py
[2025-05-10T14:40:38.319+0000] {logging_mixin.py:151} INFO - [2025-05-10T14:40:38.319+0000] {dag.py:2915} INFO - Sync 1 DAGs
[2025-05-10T14:40:38.334+0000] {logging_mixin.py:151} INFO - [2025-05-10T14:40:38.334+0000] {dag.py:3696} INFO - Setting next_dagrun for example_etl to 2025-05-09T00:00:00+00:00, run_after=2025-05-10T00:00:00+00:00
[2025-05-10T14:40:38.347+0000] {processor.py:179} INFO - Processing /opt/airflow/dags/example_etl.py took 0.064 seconds
[2025-05-10T14:41:08.523+0000] {processor.py:157} INFO - Started process (PID=49) to work on /opt/airflow/dags/example_etl.py
[2025-05-10T14:41:08.524+0000] {processor.py:829} INFO - Processing file /opt/airflow/dags/example_etl.py for tasks to queue
[2025-05-10T14:41:08.525+0000] {logging_mixin.py:151} INFO - [2025-05-10T14:41:08.524+0000] {dagbag.py:539} INFO - Filling up the DagBag from /opt/airflow/dags/example_etl.py
[2025-05-10T14:41:08.542+0000] {processor.py:839} INFO - DAG(s) dict_keys(['example_etl']) retrieved from /opt/airflow/dags/example_etl.py
[2025-05-10T14:41:08.562+0000] {logging_mixin.py:151} INFO - [2025-05-10T14:41:08.562+0000] {dag.py:2915} INFO - Sync 1 DAGs
[2025-05-10T14:41:08.575+0000] {logging_mixin.py:151} INFO - [2025-05-10T14:41:08.575+0000] {dag.py:3696} INFO - Setting next_dagrun for example_etl to 2025-05-09T00:00:00+00:00, run_after=2025-05-10T00:00:00+00:00
[2025-05-10T14:41:08.585+0000] {processor.py:179} INFO - Processing /opt/airflow/dags/example_etl.py took 0.065 seconds
[2025-05-10T14:41:38.744+0000] {processor.py:157} INFO - Started process (PID=50) to work on /opt/airflow/dags/example_etl.py
[2025-05-10T14:41:38.745+0000] {processor.py:829} INFO - Processing file /opt/airflow/dags/example_etl.py for tasks to queue
[2025-05-10T14:41:38.746+0000] {logging_mixin.py:151} INFO - [2025-05-10T14:41:38.746+0000] {dagbag.py:539} INFO - Filling up the DagBag from /opt/airflow/dags/example_etl.py
[2025-05-10T14:41:38.759+0000] {processor.py:839} INFO - DAG(s) dict_keys(['example_etl']) retrieved from /opt/airflow/dags/example_etl.py
[2025-05-10T14:41:38.775+0000] {logging_mixin.py:151} INFO - [2025-05-10T14:41:38.775+0000] {dag.py:2915} INFO - Sync 1 DAGs
[2025-05-10T14:41:38.785+0000] {logging_mixin.py:151} INFO - [2025-05-10T14:41:38.785+0000] {dag.py:3696} INFO - Setting next_dagrun for example_etl to 2025-05-09T00:00:00+00:00, run_after=2025-05-10T00:00:00+00:00
[2025-05-10T14:41:38.795+0000] {processor.py:179} INFO - Processing /opt/airflow/dags/example_etl.py took 0.054 seconds
[2025-05-10T14:42:08.968+0000] {processor.py:157} INFO - Started process (PID=51) to work on /opt/airflow/dags/example_etl.py
[2025-05-10T14:42:08.969+0000] {processor.py:829} INFO - Processing file /opt/airflow/dags/example_etl.py for tasks to queue
[2025-05-10T14:42:08.971+0000] {logging_mixin.py:151} INFO - [2025-05-10T14:42:08.970+0000] {dagbag.py:539} INFO - Filling up the DagBag from /opt/airflow/dags/example_etl.py
[2025-05-10T14:42:08.985+0000] {processor.py:839} INFO - DAG(s) dict_keys(['example_etl']) retrieved from /opt/airflow/dags/example_etl.py
[2025-05-10T14:42:08.999+0000] {logging_mixin.py:151} INFO - [2025-05-10T14:42:08.999+0000] {dag.py:2915} INFO - Sync 1 DAGs
[2025-05-10T14:42:09.011+0000] {logging_mixin.py:151} INFO - [2025-05-10T14:42:09.011+0000] {dag.py:3696} INFO - Setting next_dagrun for example_etl to 2025-05-09T00:00:00+00:00, run_after=2025-05-10T00:00:00+00:00
[2025-05-10T14:42:09.020+0000] {processor.py:179} INFO - Processing /opt/airflow/dags/example_etl.py took 0.056 seconds
[2025-05-10T14:42:39.240+0000] {processor.py:157} INFO - Started process (PID=52) to work on /opt/airflow/dags/example_etl.py
[2025-05-10T14:42:39.241+0000] {processor.py:829} INFO - Processing file /opt/airflow/dags/example_etl.py for tasks to queue
[2025-05-10T14:42:39.242+0000] {logging_mixin.py:151} INFO - [2025-05-10T14:42:39.242+0000] {dagbag.py:539} INFO - Filling up the DagBag from /opt/airflow/dags/example_etl.py
[2025-05-10T14:42:39.254+0000] {processor.py:839} INFO - DAG(s) dict_keys(['example_etl']) retrieved from /opt/airflow/dags/example_etl.py
[2025-05-10T14:42:39.270+0000] {logging_mixin.py:151} INFO - [2025-05-10T14:42:39.269+0000] {dag.py:2915} INFO - Sync 1 DAGs
[2025-05-10T14:42:39.281+0000] {logging_mixin.py:151} INFO - [2025-05-10T14:42:39.281+0000] {dag.py:3696} INFO - Setting next_dagrun for example_etl to 2025-05-09T00:00:00+00:00, run_after=2025-05-10T00:00:00+00:00
[2025-05-10T14:42:39.292+0000] {processor.py:179} INFO - Processing /opt/airflow/dags/example_etl.py took 0.054 seconds
[2025-05-10T14:43:04.458+0000] {processor.py:157} INFO - Started process (PID=26) to work on /opt/airflow/dags/example_etl.py
[2025-05-10T14:43:04.458+0000] {processor.py:829} INFO - Processing file /opt/airflow/dags/example_etl.py for tasks to queue
[2025-05-10T14:43:04.459+0000] {logging_mixin.py:151} INFO - [2025-05-10T14:43:04.458+0000] {dagbag.py:539} INFO - Filling up the DagBag from /opt/airflow/dags/example_etl.py
[2025-05-10T14:43:04.465+0000] {processor.py:839} INFO - DAG(s) dict_keys(['example_etl']) retrieved from /opt/airflow/dags/example_etl.py
[2025-05-10T14:43:04.470+0000] {logging_mixin.py:151} INFO - [2025-05-10T14:43:04.470+0000] {dag.py:2915} INFO - Sync 1 DAGs
[2025-05-10T14:43:04.478+0000] {logging_mixin.py:151} INFO - [2025-05-10T14:43:04.478+0000] {dag.py:3696} INFO - Setting next_dagrun for example_etl to 2025-05-09T00:00:00+00:00, run_after=2025-05-10T00:00:00+00:00
[2025-05-10T14:43:04.487+0000] {processor.py:179} INFO - Processing /opt/airflow/dags/example_etl.py took 0.031 seconds
[2025-05-10T14:43:35.692+0000] {processor.py:157} INFO - Started process (PID=28) to work on /opt/airflow/dags/example_etl.py
[2025-05-10T14:43:35.693+0000] {processor.py:829} INFO - Processing file /opt/airflow/dags/example_etl.py for tasks to queue
[2025-05-10T14:43:35.694+0000] {logging_mixin.py:151} INFO - [2025-05-10T14:43:35.694+0000] {dagbag.py:539} INFO - Filling up the DagBag from /opt/airflow/dags/example_etl.py
[2025-05-10T14:43:35.710+0000] {processor.py:839} INFO - DAG(s) dict_keys(['example_etl']) retrieved from /opt/airflow/dags/example_etl.py
[2025-05-10T14:43:35.728+0000] {logging_mixin.py:151} INFO - [2025-05-10T14:43:35.728+0000] {dag.py:2915} INFO - Sync 1 DAGs
[2025-05-10T14:43:35.739+0000] {logging_mixin.py:151} INFO - [2025-05-10T14:43:35.739+0000] {dag.py:3696} INFO - Setting next_dagrun for example_etl to 2025-05-09T00:00:00+00:00, run_after=2025-05-10T00:00:00+00:00
[2025-05-10T14:43:35.748+0000] {processor.py:179} INFO - Processing /opt/airflow/dags/example_etl.py took 0.061 seconds
[2025-05-10T14:44:05.823+0000] {processor.py:157} INFO - Started process (PID=30) to work on /opt/airflow/dags/example_etl.py
[2025-05-10T14:44:05.824+0000] {processor.py:829} INFO - Processing file /opt/airflow/dags/example_etl.py for tasks to queue
[2025-05-10T14:44:05.825+0000] {logging_mixin.py:151} INFO - [2025-05-10T14:44:05.825+0000] {dagbag.py:539} INFO - Filling up the DagBag from /opt/airflow/dags/example_etl.py
[2025-05-10T14:44:05.838+0000] {processor.py:839} INFO - DAG(s) dict_keys(['example_etl']) retrieved from /opt/airflow/dags/example_etl.py
[2025-05-10T14:44:05.854+0000] {logging_mixin.py:151} INFO - [2025-05-10T14:44:05.854+0000] {dag.py:2915} INFO - Sync 1 DAGs
[2025-05-10T14:44:05.863+0000] {logging_mixin.py:151} INFO - [2025-05-10T14:44:05.863+0000] {dag.py:3696} INFO - Setting next_dagrun for example_etl to 2025-05-09T00:00:00+00:00, run_after=2025-05-10T00:00:00+00:00
[2025-05-10T14:44:05.873+0000] {processor.py:179} INFO - Processing /opt/airflow/dags/example_etl.py took 0.053 seconds
[2025-05-10T14:44:36.058+0000] {processor.py:157} INFO - Started process (PID=32) to work on /opt/airflow/dags/example_etl.py
[2025-05-10T14:44:36.059+0000] {processor.py:829} INFO - Processing file /opt/airflow/dags/example_etl.py for tasks to queue
[2025-05-10T14:44:36.059+0000] {logging_mixin.py:151} INFO - [2025-05-10T14:44:36.059+0000] {dagbag.py:539} INFO - Filling up the DagBag from /opt/airflow/dags/example_etl.py
[2025-05-10T14:44:36.066+0000] {processor.py:839} INFO - DAG(s) dict_keys(['example_etl']) retrieved from /opt/airflow/dags/example_etl.py
[2025-05-10T14:44:36.076+0000] {logging_mixin.py:151} INFO - [2025-05-10T14:44:36.076+0000] {dag.py:2915} INFO - Sync 1 DAGs
[2025-05-10T14:44:36.084+0000] {logging_mixin.py:151} INFO - [2025-05-10T14:44:36.084+0000] {dag.py:3696} INFO - Setting next_dagrun for example_etl to 2025-05-09T00:00:00+00:00, run_after=2025-05-10T00:00:00+00:00
[2025-05-10T14:44:36.093+0000] {processor.py:179} INFO - Processing /opt/airflow/dags/example_etl.py took 0.036 seconds
[2025-05-10T14:45:06.342+0000] {processor.py:157} INFO - Started process (PID=34) to work on /opt/airflow/dags/example_etl.py
[2025-05-10T14:45:06.342+0000] {processor.py:829} INFO - Processing file /opt/airflow/dags/example_etl.py for tasks to queue
[2025-05-10T14:45:06.343+0000] {logging_mixin.py:151} INFO - [2025-05-10T14:45:06.343+0000] {dagbag.py:539} INFO - Filling up the DagBag from /opt/airflow/dags/example_etl.py
[2025-05-10T14:45:06.350+0000] {processor.py:839} INFO - DAG(s) dict_keys(['example_etl']) retrieved from /opt/airflow/dags/example_etl.py
[2025-05-10T14:45:06.365+0000] {logging_mixin.py:151} INFO - [2025-05-10T14:45:06.365+0000] {dag.py:2915} INFO - Sync 1 DAGs
[2025-05-10T14:45:06.377+0000] {logging_mixin.py:151} INFO - [2025-05-10T14:45:06.377+0000] {dag.py:3696} INFO - Setting next_dagrun for example_etl to 2025-05-09T00:00:00+00:00, run_after=2025-05-10T00:00:00+00:00
[2025-05-10T14:45:06.387+0000] {processor.py:179} INFO - Processing /opt/airflow/dags/example_etl.py took 0.047 seconds
[2025-05-10T14:45:36.584+0000] {processor.py:157} INFO - Started process (PID=36) to work on /opt/airflow/dags/example_etl.py
[2025-05-10T14:45:36.585+0000] {processor.py:829} INFO - Processing file /opt/airflow/dags/example_etl.py for tasks to queue
[2025-05-10T14:45:36.586+0000] {logging_mixin.py:151} INFO - [2025-05-10T14:45:36.585+0000] {dagbag.py:539} INFO - Filling up the DagBag from /opt/airflow/dags/example_etl.py
[2025-05-10T14:45:36.598+0000] {processor.py:839} INFO - DAG(s) dict_keys(['example_etl']) retrieved from /opt/airflow/dags/example_etl.py
[2025-05-10T14:45:36.612+0000] {logging_mixin.py:151} INFO - [2025-05-10T14:45:36.612+0000] {dag.py:2915} INFO - Sync 1 DAGs
[2025-05-10T14:45:36.622+0000] {logging_mixin.py:151} INFO - [2025-05-10T14:45:36.622+0000] {dag.py:3696} INFO - Setting next_dagrun for example_etl to 2025-05-09T00:00:00+00:00, run_after=2025-05-10T00:00:00+00:00
[2025-05-10T14:45:36.632+0000] {processor.py:179} INFO - Processing /opt/airflow/dags/example_etl.py took 0.050 seconds
[2025-05-10T14:46:06.827+0000] {processor.py:157} INFO - Started process (PID=38) to work on /opt/airflow/dags/example_etl.py
[2025-05-10T14:46:06.828+0000] {processor.py:829} INFO - Processing file /opt/airflow/dags/example_etl.py for tasks to queue
[2025-05-10T14:46:06.829+0000] {logging_mixin.py:151} INFO - [2025-05-10T14:46:06.828+0000] {dagbag.py:539} INFO - Filling up the DagBag from /opt/airflow/dags/example_etl.py
[2025-05-10T14:46:06.838+0000] {processor.py:839} INFO - DAG(s) dict_keys(['example_etl']) retrieved from /opt/airflow/dags/example_etl.py
[2025-05-10T14:46:06.848+0000] {logging_mixin.py:151} INFO - [2025-05-10T14:46:06.848+0000] {dag.py:2915} INFO - Sync 1 DAGs
[2025-05-10T14:46:06.856+0000] {logging_mixin.py:151} INFO - [2025-05-10T14:46:06.856+0000] {dag.py:3696} INFO - Setting next_dagrun for example_etl to 2025-05-09T00:00:00+00:00, run_after=2025-05-10T00:00:00+00:00
[2025-05-10T14:46:06.864+0000] {processor.py:179} INFO - Processing /opt/airflow/dags/example_etl.py took 0.039 seconds
[2025-05-10T14:46:37.027+0000] {processor.py:157} INFO - Started process (PID=40) to work on /opt/airflow/dags/example_etl.py
[2025-05-10T14:46:37.028+0000] {processor.py:829} INFO - Processing file /opt/airflow/dags/example_etl.py for tasks to queue
[2025-05-10T14:46:37.029+0000] {logging_mixin.py:151} INFO - [2025-05-10T14:46:37.028+0000] {dagbag.py:539} INFO - Filling up the DagBag from /opt/airflow/dags/example_etl.py
[2025-05-10T14:46:37.038+0000] {processor.py:839} INFO - DAG(s) dict_keys(['example_etl']) retrieved from /opt/airflow/dags/example_etl.py
[2025-05-10T14:46:37.051+0000] {logging_mixin.py:151} INFO - [2025-05-10T14:46:37.051+0000] {dag.py:2915} INFO - Sync 1 DAGs
[2025-05-10T14:46:37.060+0000] {logging_mixin.py:151} INFO - [2025-05-10T14:46:37.060+0000] {dag.py:3696} INFO - Setting next_dagrun for example_etl to 2025-05-09T00:00:00+00:00, run_after=2025-05-10T00:00:00+00:00
[2025-05-10T14:46:37.069+0000] {processor.py:179} INFO - Processing /opt/airflow/dags/example_etl.py took 0.044 seconds
[2025-05-10T14:47:07.262+0000] {processor.py:157} INFO - Started process (PID=45) to work on /opt/airflow/dags/example_etl.py
[2025-05-10T14:47:07.263+0000] {processor.py:829} INFO - Processing file /opt/airflow/dags/example_etl.py for tasks to queue
[2025-05-10T14:47:07.263+0000] {logging_mixin.py:151} INFO - [2025-05-10T14:47:07.263+0000] {dagbag.py:539} INFO - Filling up the DagBag from /opt/airflow/dags/example_etl.py
[2025-05-10T14:47:07.272+0000] {processor.py:839} INFO - DAG(s) dict_keys(['example_etl']) retrieved from /opt/airflow/dags/example_etl.py
[2025-05-10T14:47:07.287+0000] {logging_mixin.py:151} INFO - [2025-05-10T14:47:07.287+0000] {dag.py:2915} INFO - Sync 1 DAGs
[2025-05-10T14:47:07.297+0000] {logging_mixin.py:151} INFO - [2025-05-10T14:47:07.297+0000] {dag.py:3696} INFO - Setting next_dagrun for example_etl to 2025-05-09T00:00:00+00:00, run_after=2025-05-10T00:00:00+00:00
[2025-05-10T14:47:07.310+0000] {processor.py:179} INFO - Processing /opt/airflow/dags/example_etl.py took 0.049 seconds
[2025-05-10T14:47:58.845+0000] {processor.py:157} INFO - Started process (PID=26) to work on /opt/airflow/dags/example_etl.py
[2025-05-10T14:47:58.845+0000] {processor.py:829} INFO - Processing file /opt/airflow/dags/example_etl.py for tasks to queue
[2025-05-10T14:47:58.846+0000] {logging_mixin.py:151} INFO - [2025-05-10T14:47:58.846+0000] {dagbag.py:539} INFO - Filling up the DagBag from /opt/airflow/dags/example_etl.py
[2025-05-10T14:47:58.852+0000] {processor.py:839} INFO - DAG(s) dict_keys(['example_etl']) retrieved from /opt/airflow/dags/example_etl.py
[2025-05-10T14:47:58.856+0000] {logging_mixin.py:151} INFO - [2025-05-10T14:47:58.856+0000] {dag.py:2915} INFO - Sync 1 DAGs
[2025-05-10T14:47:58.865+0000] {logging_mixin.py:151} INFO - [2025-05-10T14:47:58.865+0000] {dag.py:3696} INFO - Setting next_dagrun for example_etl to 2025-05-09T00:00:00+00:00, run_after=2025-05-10T00:00:00+00:00
[2025-05-10T14:47:58.875+0000] {processor.py:179} INFO - Processing /opt/airflow/dags/example_etl.py took 0.031 seconds
[2025-05-10T14:48:29.062+0000] {processor.py:157} INFO - Started process (PID=28) to work on /opt/airflow/dags/example_etl.py
[2025-05-10T14:48:29.063+0000] {processor.py:829} INFO - Processing file /opt/airflow/dags/example_etl.py for tasks to queue
[2025-05-10T14:48:29.063+0000] {logging_mixin.py:151} INFO - [2025-05-10T14:48:29.063+0000] {dagbag.py:539} INFO - Filling up the DagBag from /opt/airflow/dags/example_etl.py
[2025-05-10T14:48:29.076+0000] {processor.py:839} INFO - DAG(s) dict_keys(['example_etl']) retrieved from /opt/airflow/dags/example_etl.py
[2025-05-10T14:48:29.091+0000] {logging_mixin.py:151} INFO - [2025-05-10T14:48:29.091+0000] {dag.py:2915} INFO - Sync 1 DAGs
[2025-05-10T14:48:29.100+0000] {logging_mixin.py:151} INFO - [2025-05-10T14:48:29.100+0000] {dag.py:3696} INFO - Setting next_dagrun for example_etl to 2025-05-09T00:00:00+00:00, run_after=2025-05-10T00:00:00+00:00
[2025-05-10T14:48:29.108+0000] {processor.py:179} INFO - Processing /opt/airflow/dags/example_etl.py took 0.050 seconds
[2025-05-10T14:48:59.404+0000] {processor.py:157} INFO - Started process (PID=30) to work on /opt/airflow/dags/example_etl.py
[2025-05-10T14:48:59.404+0000] {processor.py:829} INFO - Processing file /opt/airflow/dags/example_etl.py for tasks to queue
[2025-05-10T14:48:59.405+0000] {logging_mixin.py:151} INFO - [2025-05-10T14:48:59.405+0000] {dagbag.py:539} INFO - Filling up the DagBag from /opt/airflow/dags/example_etl.py
[2025-05-10T14:48:59.416+0000] {processor.py:839} INFO - DAG(s) dict_keys(['example_etl']) retrieved from /opt/airflow/dags/example_etl.py
[2025-05-10T14:48:59.430+0000] {logging_mixin.py:151} INFO - [2025-05-10T14:48:59.430+0000] {dag.py:2915} INFO - Sync 1 DAGs
[2025-05-10T14:48:59.439+0000] {logging_mixin.py:151} INFO - [2025-05-10T14:48:59.439+0000] {dag.py:3696} INFO - Setting next_dagrun for example_etl to 2025-05-09T00:00:00+00:00, run_after=2025-05-10T00:00:00+00:00
[2025-05-10T14:48:59.449+0000] {processor.py:179} INFO - Processing /opt/airflow/dags/example_etl.py took 0.048 seconds
[2025-05-10T14:49:29.777+0000] {processor.py:157} INFO - Started process (PID=32) to work on /opt/airflow/dags/example_etl.py
[2025-05-10T14:49:29.778+0000] {processor.py:829} INFO - Processing file /opt/airflow/dags/example_etl.py for tasks to queue
[2025-05-10T14:49:29.779+0000] {logging_mixin.py:151} INFO - [2025-05-10T14:49:29.779+0000] {dagbag.py:539} INFO - Filling up the DagBag from /opt/airflow/dags/example_etl.py
[2025-05-10T14:49:29.790+0000] {processor.py:839} INFO - DAG(s) dict_keys(['example_etl']) retrieved from /opt/airflow/dags/example_etl.py
[2025-05-10T14:49:29.804+0000] {logging_mixin.py:151} INFO - [2025-05-10T14:49:29.804+0000] {dag.py:2915} INFO - Sync 1 DAGs
[2025-05-10T14:49:29.813+0000] {logging_mixin.py:151} INFO - [2025-05-10T14:49:29.813+0000] {dag.py:3696} INFO - Setting next_dagrun for example_etl to 2025-05-09T00:00:00+00:00, run_after=2025-05-10T00:00:00+00:00
[2025-05-10T14:49:29.823+0000] {processor.py:179} INFO - Processing /opt/airflow/dags/example_etl.py took 0.049 seconds
[2025-05-10T14:50:00.106+0000] {processor.py:157} INFO - Started process (PID=34) to work on /opt/airflow/dags/example_etl.py
[2025-05-10T14:50:00.107+0000] {processor.py:829} INFO - Processing file /opt/airflow/dags/example_etl.py for tasks to queue
[2025-05-10T14:50:00.107+0000] {logging_mixin.py:151} INFO - [2025-05-10T14:50:00.107+0000] {dagbag.py:539} INFO - Filling up the DagBag from /opt/airflow/dags/example_etl.py
[2025-05-10T14:50:00.119+0000] {processor.py:839} INFO - DAG(s) dict_keys(['example_etl']) retrieved from /opt/airflow/dags/example_etl.py
[2025-05-10T14:50:00.134+0000] {logging_mixin.py:151} INFO - [2025-05-10T14:50:00.134+0000] {dag.py:2915} INFO - Sync 1 DAGs
[2025-05-10T14:50:00.143+0000] {logging_mixin.py:151} INFO - [2025-05-10T14:50:00.143+0000] {dag.py:3696} INFO - Setting next_dagrun for example_etl to 2025-05-09T00:00:00+00:00, run_after=2025-05-10T00:00:00+00:00
[2025-05-10T14:50:00.151+0000] {processor.py:179} INFO - Processing /opt/airflow/dags/example_etl.py took 0.049 seconds
[2025-05-10T14:50:30.355+0000] {processor.py:157} INFO - Started process (PID=36) to work on /opt/airflow/dags/example_etl.py
[2025-05-10T14:50:30.356+0000] {processor.py:829} INFO - Processing file /opt/airflow/dags/example_etl.py for tasks to queue
[2025-05-10T14:50:30.357+0000] {logging_mixin.py:151} INFO - [2025-05-10T14:50:30.357+0000] {dagbag.py:539} INFO - Filling up the DagBag from /opt/airflow/dags/example_etl.py
[2025-05-10T14:50:30.370+0000] {processor.py:839} INFO - DAG(s) dict_keys(['example_etl']) retrieved from /opt/airflow/dags/example_etl.py
[2025-05-10T14:50:30.383+0000] {logging_mixin.py:151} INFO - [2025-05-10T14:50:30.383+0000] {dag.py:2915} INFO - Sync 1 DAGs
[2025-05-10T14:50:30.393+0000] {logging_mixin.py:151} INFO - [2025-05-10T14:50:30.393+0000] {dag.py:3696} INFO - Setting next_dagrun for example_etl to 2025-05-09T00:00:00+00:00, run_after=2025-05-10T00:00:00+00:00
[2025-05-10T14:50:30.402+0000] {processor.py:179} INFO - Processing /opt/airflow/dags/example_etl.py took 0.050 seconds
[2025-05-10T14:51:00.545+0000] {processor.py:157} INFO - Started process (PID=38) to work on /opt/airflow/dags/example_etl.py
[2025-05-10T14:51:00.546+0000] {processor.py:829} INFO - Processing file /opt/airflow/dags/example_etl.py for tasks to queue
[2025-05-10T14:51:00.547+0000] {logging_mixin.py:151} INFO - [2025-05-10T14:51:00.546+0000] {dagbag.py:539} INFO - Filling up the DagBag from /opt/airflow/dags/example_etl.py
[2025-05-10T14:51:00.559+0000] {processor.py:839} INFO - DAG(s) dict_keys(['example_etl']) retrieved from /opt/airflow/dags/example_etl.py
[2025-05-10T14:51:00.574+0000] {logging_mixin.py:151} INFO - [2025-05-10T14:51:00.574+0000] {dag.py:2915} INFO - Sync 1 DAGs
[2025-05-10T14:51:00.585+0000] {logging_mixin.py:151} INFO - [2025-05-10T14:51:00.585+0000] {dag.py:3696} INFO - Setting next_dagrun for example_etl to 2025-05-09T00:00:00+00:00, run_after=2025-05-10T00:00:00+00:00
[2025-05-10T14:51:00.594+0000] {processor.py:179} INFO - Processing /opt/airflow/dags/example_etl.py took 0.052 seconds
[2025-05-10T14:51:30.859+0000] {processor.py:157} INFO - Started process (PID=40) to work on /opt/airflow/dags/example_etl.py
[2025-05-10T14:51:30.860+0000] {processor.py:829} INFO - Processing file /opt/airflow/dags/example_etl.py for tasks to queue
[2025-05-10T14:51:30.860+0000] {logging_mixin.py:151} INFO - [2025-05-10T14:51:30.860+0000] {dagbag.py:539} INFO - Filling up the DagBag from /opt/airflow/dags/example_etl.py
[2025-05-10T14:51:30.873+0000] {processor.py:839} INFO - DAG(s) dict_keys(['example_etl']) retrieved from /opt/airflow/dags/example_etl.py
[2025-05-10T14:51:30.889+0000] {logging_mixin.py:151} INFO - [2025-05-10T14:51:30.889+0000] {dag.py:2915} INFO - Sync 1 DAGs
[2025-05-10T14:51:30.898+0000] {logging_mixin.py:151} INFO - [2025-05-10T14:51:30.898+0000] {dag.py:3696} INFO - Setting next_dagrun for example_etl to 2025-05-09T00:00:00+00:00, run_after=2025-05-10T00:00:00+00:00
[2025-05-10T14:51:30.907+0000] {processor.py:179} INFO - Processing /opt/airflow/dags/example_etl.py took 0.051 seconds
[2025-05-10T14:52:01.207+0000] {processor.py:157} INFO - Started process (PID=42) to work on /opt/airflow/dags/example_etl.py
[2025-05-10T14:52:01.208+0000] {processor.py:829} INFO - Processing file /opt/airflow/dags/example_etl.py for tasks to queue
[2025-05-10T14:52:01.208+0000] {logging_mixin.py:151} INFO - [2025-05-10T14:52:01.208+0000] {dagbag.py:539} INFO - Filling up the DagBag from /opt/airflow/dags/example_etl.py
[2025-05-10T14:52:01.215+0000] {processor.py:839} INFO - DAG(s) dict_keys(['example_etl']) retrieved from /opt/airflow/dags/example_etl.py
[2025-05-10T14:52:01.226+0000] {logging_mixin.py:151} INFO - [2025-05-10T14:52:01.226+0000] {dag.py:2915} INFO - Sync 1 DAGs
[2025-05-10T14:52:01.235+0000] {logging_mixin.py:151} INFO - [2025-05-10T14:52:01.235+0000] {dag.py:3696} INFO - Setting next_dagrun for example_etl to 2025-05-09T00:00:00+00:00, run_after=2025-05-10T00:00:00+00:00
[2025-05-10T14:52:01.244+0000] {processor.py:179} INFO - Processing /opt/airflow/dags/example_etl.py took 0.038 seconds
[2025-05-10T14:52:31.542+0000] {processor.py:157} INFO - Started process (PID=44) to work on /opt/airflow/dags/example_etl.py
[2025-05-10T14:52:31.543+0000] {processor.py:829} INFO - Processing file /opt/airflow/dags/example_etl.py for tasks to queue
[2025-05-10T14:52:31.543+0000] {logging_mixin.py:151} INFO - [2025-05-10T14:52:31.543+0000] {dagbag.py:539} INFO - Filling up the DagBag from /opt/airflow/dags/example_etl.py
[2025-05-10T14:52:31.550+0000] {processor.py:839} INFO - DAG(s) dict_keys(['example_etl']) retrieved from /opt/airflow/dags/example_etl.py
[2025-05-10T14:52:31.559+0000] {logging_mixin.py:151} INFO - [2025-05-10T14:52:31.559+0000] {dag.py:2915} INFO - Sync 1 DAGs
[2025-05-10T14:52:31.568+0000] {logging_mixin.py:151} INFO - [2025-05-10T14:52:31.568+0000] {dag.py:3696} INFO - Setting next_dagrun for example_etl to 2025-05-09T00:00:00+00:00, run_after=2025-05-10T00:00:00+00:00
[2025-05-10T14:52:31.577+0000] {processor.py:179} INFO - Processing /opt/airflow/dags/example_etl.py took 0.036 seconds
[2025-05-10T14:53:01.926+0000] {processor.py:157} INFO - Started process (PID=46) to work on /opt/airflow/dags/example_etl.py
[2025-05-10T14:53:01.927+0000] {processor.py:829} INFO - Processing file /opt/airflow/dags/example_etl.py for tasks to queue
[2025-05-10T14:53:01.927+0000] {logging_mixin.py:151} INFO - [2025-05-10T14:53:01.927+0000] {dagbag.py:539} INFO - Filling up the DagBag from /opt/airflow/dags/example_etl.py
[2025-05-10T14:53:01.941+0000] {processor.py:839} INFO - DAG(s) dict_keys(['example_etl']) retrieved from /opt/airflow/dags/example_etl.py
[2025-05-10T14:53:01.956+0000] {logging_mixin.py:151} INFO - [2025-05-10T14:53:01.956+0000] {dag.py:2915} INFO - Sync 1 DAGs
[2025-05-10T14:53:01.965+0000] {logging_mixin.py:151} INFO - [2025-05-10T14:53:01.965+0000] {dag.py:3696} INFO - Setting next_dagrun for example_etl to 2025-05-09T00:00:00+00:00, run_after=2025-05-10T00:00:00+00:00
[2025-05-10T14:53:01.975+0000] {processor.py:179} INFO - Processing /opt/airflow/dags/example_etl.py took 0.053 seconds
[2025-05-10T14:53:32.141+0000] {processor.py:157} INFO - Started process (PID=48) to work on /opt/airflow/dags/example_etl.py
[2025-05-10T14:53:32.141+0000] {processor.py:829} INFO - Processing file /opt/airflow/dags/example_etl.py for tasks to queue
[2025-05-10T14:53:32.142+0000] {logging_mixin.py:151} INFO - [2025-05-10T14:53:32.142+0000] {dagbag.py:539} INFO - Filling up the DagBag from /opt/airflow/dags/example_etl.py
[2025-05-10T14:53:32.150+0000] {processor.py:839} INFO - DAG(s) dict_keys(['example_etl']) retrieved from /opt/airflow/dags/example_etl.py
[2025-05-10T14:53:32.162+0000] {logging_mixin.py:151} INFO - [2025-05-10T14:53:32.162+0000] {dag.py:2915} INFO - Sync 1 DAGs
[2025-05-10T14:53:32.171+0000] {logging_mixin.py:151} INFO - [2025-05-10T14:53:32.171+0000] {dag.py:3696} INFO - Setting next_dagrun for example_etl to 2025-05-09T00:00:00+00:00, run_after=2025-05-10T00:00:00+00:00
[2025-05-10T14:53:32.180+0000] {processor.py:179} INFO - Processing /opt/airflow/dags/example_etl.py took 0.042 seconds
[2025-05-10T14:54:02.382+0000] {processor.py:157} INFO - Started process (PID=50) to work on /opt/airflow/dags/example_etl.py
[2025-05-10T14:54:02.383+0000] {processor.py:829} INFO - Processing file /opt/airflow/dags/example_etl.py for tasks to queue
[2025-05-10T14:54:02.384+0000] {logging_mixin.py:151} INFO - [2025-05-10T14:54:02.383+0000] {dagbag.py:539} INFO - Filling up the DagBag from /opt/airflow/dags/example_etl.py
[2025-05-10T14:54:02.396+0000] {processor.py:839} INFO - DAG(s) dict_keys(['example_etl']) retrieved from /opt/airflow/dags/example_etl.py
[2025-05-10T14:54:02.412+0000] {logging_mixin.py:151} INFO - [2025-05-10T14:54:02.412+0000] {dag.py:2915} INFO - Sync 1 DAGs
[2025-05-10T14:54:02.421+0000] {logging_mixin.py:151} INFO - [2025-05-10T14:54:02.421+0000] {dag.py:3696} INFO - Setting next_dagrun for example_etl to 2025-05-09T00:00:00+00:00, run_after=2025-05-10T00:00:00+00:00
[2025-05-10T14:54:02.430+0000] {processor.py:179} INFO - Processing /opt/airflow/dags/example_etl.py took 0.052 seconds
[2025-05-10T14:54:32.721+0000] {processor.py:157} INFO - Started process (PID=52) to work on /opt/airflow/dags/example_etl.py
[2025-05-10T14:54:32.721+0000] {processor.py:829} INFO - Processing file /opt/airflow/dags/example_etl.py for tasks to queue
[2025-05-10T14:54:32.722+0000] {logging_mixin.py:151} INFO - [2025-05-10T14:54:32.722+0000] {dagbag.py:539} INFO - Filling up the DagBag from /opt/airflow/dags/example_etl.py
[2025-05-10T14:54:32.732+0000] {processor.py:839} INFO - DAG(s) dict_keys(['example_etl']) retrieved from /opt/airflow/dags/example_etl.py
[2025-05-10T14:54:32.744+0000] {logging_mixin.py:151} INFO - [2025-05-10T14:54:32.744+0000] {dag.py:2915} INFO - Sync 1 DAGs
[2025-05-10T14:54:32.755+0000] {logging_mixin.py:151} INFO - [2025-05-10T14:54:32.755+0000] {dag.py:3696} INFO - Setting next_dagrun for example_etl to 2025-05-09T00:00:00+00:00, run_after=2025-05-10T00:00:00+00:00
[2025-05-10T14:54:32.766+0000] {processor.py:179} INFO - Processing /opt/airflow/dags/example_etl.py took 0.048 seconds
[2025-05-10T14:55:03.061+0000] {processor.py:157} INFO - Started process (PID=54) to work on /opt/airflow/dags/example_etl.py
[2025-05-10T14:55:03.062+0000] {processor.py:829} INFO - Processing file /opt/airflow/dags/example_etl.py for tasks to queue
[2025-05-10T14:55:03.063+0000] {logging_mixin.py:151} INFO - [2025-05-10T14:55:03.063+0000] {dagbag.py:539} INFO - Filling up the DagBag from /opt/airflow/dags/example_etl.py
[2025-05-10T14:55:03.076+0000] {processor.py:839} INFO - DAG(s) dict_keys(['example_etl']) retrieved from /opt/airflow/dags/example_etl.py
[2025-05-10T14:55:03.091+0000] {logging_mixin.py:151} INFO - [2025-05-10T14:55:03.091+0000] {dag.py:2915} INFO - Sync 1 DAGs
[2025-05-10T14:55:03.100+0000] {logging_mixin.py:151} INFO - [2025-05-10T14:55:03.100+0000] {dag.py:3696} INFO - Setting next_dagrun for example_etl to 2025-05-09T00:00:00+00:00, run_after=2025-05-10T00:00:00+00:00
[2025-05-10T14:55:03.110+0000] {processor.py:179} INFO - Processing /opt/airflow/dags/example_etl.py took 0.052 seconds
[2025-05-10T14:55:33.376+0000] {processor.py:157} INFO - Started process (PID=56) to work on /opt/airflow/dags/example_etl.py
[2025-05-10T14:55:33.377+0000] {processor.py:829} INFO - Processing file /opt/airflow/dags/example_etl.py for tasks to queue
[2025-05-10T14:55:33.377+0000] {logging_mixin.py:151} INFO - [2025-05-10T14:55:33.377+0000] {dagbag.py:539} INFO - Filling up the DagBag from /opt/airflow/dags/example_etl.py
[2025-05-10T14:55:33.386+0000] {processor.py:839} INFO - DAG(s) dict_keys(['example_etl']) retrieved from /opt/airflow/dags/example_etl.py
[2025-05-10T14:55:33.398+0000] {logging_mixin.py:151} INFO - [2025-05-10T14:55:33.398+0000] {dag.py:2915} INFO - Sync 1 DAGs
[2025-05-10T14:55:33.407+0000] {logging_mixin.py:151} INFO - [2025-05-10T14:55:33.407+0000] {dag.py:3696} INFO - Setting next_dagrun for example_etl to 2025-05-09T00:00:00+00:00, run_after=2025-05-10T00:00:00+00:00
[2025-05-10T14:55:33.415+0000] {processor.py:179} INFO - Processing /opt/airflow/dags/example_etl.py took 0.042 seconds
[2025-05-10T14:56:03.634+0000] {processor.py:157} INFO - Started process (PID=58) to work on /opt/airflow/dags/example_etl.py
[2025-05-10T14:56:03.635+0000] {processor.py:829} INFO - Processing file /opt/airflow/dags/example_etl.py for tasks to queue
[2025-05-10T14:56:03.636+0000] {logging_mixin.py:151} INFO - [2025-05-10T14:56:03.635+0000] {dagbag.py:539} INFO - Filling up the DagBag from /opt/airflow/dags/example_etl.py
[2025-05-10T14:56:03.647+0000] {processor.py:839} INFO - DAG(s) dict_keys(['example_etl']) retrieved from /opt/airflow/dags/example_etl.py
[2025-05-10T14:56:03.661+0000] {logging_mixin.py:151} INFO - [2025-05-10T14:56:03.661+0000] {dag.py:2915} INFO - Sync 1 DAGs
[2025-05-10T14:56:03.670+0000] {logging_mixin.py:151} INFO - [2025-05-10T14:56:03.670+0000] {dag.py:3696} INFO - Setting next_dagrun for example_etl to 2025-05-09T00:00:00+00:00, run_after=2025-05-10T00:00:00+00:00
[2025-05-10T14:56:03.679+0000] {processor.py:179} INFO - Processing /opt/airflow/dags/example_etl.py took 0.048 seconds
[2025-05-10T14:56:33.984+0000] {processor.py:157} INFO - Started process (PID=60) to work on /opt/airflow/dags/example_etl.py
[2025-05-10T14:56:33.984+0000] {processor.py:829} INFO - Processing file /opt/airflow/dags/example_etl.py for tasks to queue
[2025-05-10T14:56:33.984+0000] {logging_mixin.py:151} INFO - [2025-05-10T14:56:33.984+0000] {dagbag.py:539} INFO - Filling up the DagBag from /opt/airflow/dags/example_etl.py
[2025-05-10T14:56:33.992+0000] {processor.py:839} INFO - DAG(s) dict_keys(['example_etl']) retrieved from /opt/airflow/dags/example_etl.py
[2025-05-10T14:56:34.003+0000] {logging_mixin.py:151} INFO - [2025-05-10T14:56:34.003+0000] {dag.py:2915} INFO - Sync 1 DAGs
[2025-05-10T14:56:34.011+0000] {logging_mixin.py:151} INFO - [2025-05-10T14:56:34.011+0000] {dag.py:3696} INFO - Setting next_dagrun for example_etl to 2025-05-09T00:00:00+00:00, run_after=2025-05-10T00:00:00+00:00
[2025-05-10T14:56:34.019+0000] {processor.py:179} INFO - Processing /opt/airflow/dags/example_etl.py took 0.037 seconds
[2025-05-10T14:57:04.360+0000] {processor.py:157} INFO - Started process (PID=62) to work on /opt/airflow/dags/example_etl.py
[2025-05-10T14:57:04.361+0000] {processor.py:829} INFO - Processing file /opt/airflow/dags/example_etl.py for tasks to queue
[2025-05-10T14:57:04.362+0000] {logging_mixin.py:151} INFO - [2025-05-10T14:57:04.361+0000] {dagbag.py:539} INFO - Filling up the DagBag from /opt/airflow/dags/example_etl.py
[2025-05-10T14:57:04.373+0000] {processor.py:839} INFO - DAG(s) dict_keys(['example_etl']) retrieved from /opt/airflow/dags/example_etl.py
[2025-05-10T14:57:04.387+0000] {logging_mixin.py:151} INFO - [2025-05-10T14:57:04.387+0000] {dag.py:2915} INFO - Sync 1 DAGs
[2025-05-10T14:57:04.396+0000] {logging_mixin.py:151} INFO - [2025-05-10T14:57:04.396+0000] {dag.py:3696} INFO - Setting next_dagrun for example_etl to 2025-05-09T00:00:00+00:00, run_after=2025-05-10T00:00:00+00:00
[2025-05-10T14:57:04.405+0000] {processor.py:179} INFO - Processing /opt/airflow/dags/example_etl.py took 0.049 seconds
[2025-05-10T14:57:34.726+0000] {processor.py:157} INFO - Started process (PID=64) to work on /opt/airflow/dags/example_etl.py
[2025-05-10T14:57:34.727+0000] {processor.py:829} INFO - Processing file /opt/airflow/dags/example_etl.py for tasks to queue
[2025-05-10T14:57:34.728+0000] {logging_mixin.py:151} INFO - [2025-05-10T14:57:34.727+0000] {dagbag.py:539} INFO - Filling up the DagBag from /opt/airflow/dags/example_etl.py
[2025-05-10T14:57:34.738+0000] {processor.py:839} INFO - DAG(s) dict_keys(['example_etl']) retrieved from /opt/airflow/dags/example_etl.py
[2025-05-10T14:57:34.752+0000] {logging_mixin.py:151} INFO - [2025-05-10T14:57:34.752+0000] {dag.py:2915} INFO - Sync 1 DAGs
[2025-05-10T14:57:34.761+0000] {logging_mixin.py:151} INFO - [2025-05-10T14:57:34.761+0000] {dag.py:3696} INFO - Setting next_dagrun for example_etl to 2025-05-09T00:00:00+00:00, run_after=2025-05-10T00:00:00+00:00
[2025-05-10T14:57:34.769+0000] {processor.py:179} INFO - Processing /opt/airflow/dags/example_etl.py took 0.045 seconds
[2025-05-10T14:58:05.110+0000] {processor.py:157} INFO - Started process (PID=66) to work on /opt/airflow/dags/example_etl.py
[2025-05-10T14:58:05.111+0000] {processor.py:829} INFO - Processing file /opt/airflow/dags/example_etl.py for tasks to queue
[2025-05-10T14:58:05.112+0000] {logging_mixin.py:151} INFO - [2025-05-10T14:58:05.112+0000] {dagbag.py:539} INFO - Filling up the DagBag from /opt/airflow/dags/example_etl.py
[2025-05-10T14:58:05.125+0000] {processor.py:839} INFO - DAG(s) dict_keys(['example_etl']) retrieved from /opt/airflow/dags/example_etl.py
[2025-05-10T14:58:05.141+0000] {logging_mixin.py:151} INFO - [2025-05-10T14:58:05.141+0000] {dag.py:2915} INFO - Sync 1 DAGs
[2025-05-10T14:58:05.150+0000] {logging_mixin.py:151} INFO - [2025-05-10T14:58:05.150+0000] {dag.py:3696} INFO - Setting next_dagrun for example_etl to 2025-05-09T00:00:00+00:00, run_after=2025-05-10T00:00:00+00:00
[2025-05-10T14:58:05.160+0000] {processor.py:179} INFO - Processing /opt/airflow/dags/example_etl.py took 0.054 seconds
[2025-05-10T14:58:35.431+0000] {processor.py:157} INFO - Started process (PID=68) to work on /opt/airflow/dags/example_etl.py
[2025-05-10T14:58:35.431+0000] {processor.py:829} INFO - Processing file /opt/airflow/dags/example_etl.py for tasks to queue
[2025-05-10T14:58:35.432+0000] {logging_mixin.py:151} INFO - [2025-05-10T14:58:35.432+0000] {dagbag.py:539} INFO - Filling up the DagBag from /opt/airflow/dags/example_etl.py
[2025-05-10T14:58:35.440+0000] {processor.py:839} INFO - DAG(s) dict_keys(['example_etl']) retrieved from /opt/airflow/dags/example_etl.py
[2025-05-10T14:58:35.453+0000] {logging_mixin.py:151} INFO - [2025-05-10T14:58:35.453+0000] {dag.py:2915} INFO - Sync 1 DAGs
[2025-05-10T14:58:35.463+0000] {logging_mixin.py:151} INFO - [2025-05-10T14:58:35.463+0000] {dag.py:3696} INFO - Setting next_dagrun for example_etl to 2025-05-09T00:00:00+00:00, run_after=2025-05-10T00:00:00+00:00
[2025-05-10T14:58:35.472+0000] {processor.py:179} INFO - Processing /opt/airflow/dags/example_etl.py took 0.044 seconds
[2025-05-10T14:59:05.791+0000] {processor.py:157} INFO - Started process (PID=70) to work on /opt/airflow/dags/example_etl.py
[2025-05-10T14:59:05.792+0000] {processor.py:829} INFO - Processing file /opt/airflow/dags/example_etl.py for tasks to queue
[2025-05-10T14:59:05.793+0000] {logging_mixin.py:151} INFO - [2025-05-10T14:59:05.792+0000] {dagbag.py:539} INFO - Filling up the DagBag from /opt/airflow/dags/example_etl.py
[2025-05-10T14:59:05.805+0000] {processor.py:839} INFO - DAG(s) dict_keys(['example_etl']) retrieved from /opt/airflow/dags/example_etl.py
[2025-05-10T14:59:05.821+0000] {logging_mixin.py:151} INFO - [2025-05-10T14:59:05.821+0000] {dag.py:2915} INFO - Sync 1 DAGs
[2025-05-10T14:59:05.831+0000] {logging_mixin.py:151} INFO - [2025-05-10T14:59:05.831+0000] {dag.py:3696} INFO - Setting next_dagrun for example_etl to 2025-05-09T00:00:00+00:00, run_after=2025-05-10T00:00:00+00:00
[2025-05-10T14:59:05.839+0000] {processor.py:179} INFO - Processing /opt/airflow/dags/example_etl.py took 0.051 seconds
[2025-05-10T14:59:36.154+0000] {processor.py:157} INFO - Started process (PID=72) to work on /opt/airflow/dags/example_etl.py
[2025-05-10T14:59:36.154+0000] {processor.py:829} INFO - Processing file /opt/airflow/dags/example_etl.py for tasks to queue
[2025-05-10T14:59:36.155+0000] {logging_mixin.py:151} INFO - [2025-05-10T14:59:36.154+0000] {dagbag.py:539} INFO - Filling up the DagBag from /opt/airflow/dags/example_etl.py
[2025-05-10T14:59:36.161+0000] {processor.py:839} INFO - DAG(s) dict_keys(['example_etl']) retrieved from /opt/airflow/dags/example_etl.py
[2025-05-10T14:59:36.170+0000] {logging_mixin.py:151} INFO - [2025-05-10T14:59:36.170+0000] {dag.py:2915} INFO - Sync 1 DAGs
[2025-05-10T14:59:36.178+0000] {logging_mixin.py:151} INFO - [2025-05-10T14:59:36.178+0000] {dag.py:3696} INFO - Setting next_dagrun for example_etl to 2025-05-09T00:00:00+00:00, run_after=2025-05-10T00:00:00+00:00
[2025-05-10T14:59:36.186+0000] {processor.py:179} INFO - Processing /opt/airflow/dags/example_etl.py took 0.034 seconds
[2025-05-10T15:00:06.437+0000] {processor.py:157} INFO - Started process (PID=74) to work on /opt/airflow/dags/example_etl.py
[2025-05-10T15:00:06.437+0000] {processor.py:829} INFO - Processing file /opt/airflow/dags/example_etl.py for tasks to queue
[2025-05-10T15:00:06.438+0000] {logging_mixin.py:151} INFO - [2025-05-10T15:00:06.438+0000] {dagbag.py:539} INFO - Filling up the DagBag from /opt/airflow/dags/example_etl.py
[2025-05-10T15:00:06.444+0000] {processor.py:839} INFO - DAG(s) dict_keys(['example_etl']) retrieved from /opt/airflow/dags/example_etl.py
[2025-05-10T15:00:06.456+0000] {logging_mixin.py:151} INFO - [2025-05-10T15:00:06.455+0000] {dag.py:2915} INFO - Sync 1 DAGs
[2025-05-10T15:00:06.464+0000] {logging_mixin.py:151} INFO - [2025-05-10T15:00:06.463+0000] {dag.py:3696} INFO - Setting next_dagrun for example_etl to 2025-05-09T00:00:00+00:00, run_after=2025-05-10T00:00:00+00:00
[2025-05-10T15:00:06.472+0000] {processor.py:179} INFO - Processing /opt/airflow/dags/example_etl.py took 0.037 seconds
[2025-05-10T15:00:36.790+0000] {processor.py:157} INFO - Started process (PID=76) to work on /opt/airflow/dags/example_etl.py
[2025-05-10T15:00:36.790+0000] {processor.py:829} INFO - Processing file /opt/airflow/dags/example_etl.py for tasks to queue
[2025-05-10T15:00:36.791+0000] {logging_mixin.py:151} INFO - [2025-05-10T15:00:36.791+0000] {dagbag.py:539} INFO - Filling up the DagBag from /opt/airflow/dags/example_etl.py
[2025-05-10T15:00:36.803+0000] {processor.py:839} INFO - DAG(s) dict_keys(['example_etl']) retrieved from /opt/airflow/dags/example_etl.py
[2025-05-10T15:00:36.817+0000] {logging_mixin.py:151} INFO - [2025-05-10T15:00:36.817+0000] {dag.py:2915} INFO - Sync 1 DAGs
[2025-05-10T15:00:36.826+0000] {logging_mixin.py:151} INFO - [2025-05-10T15:00:36.826+0000] {dag.py:3696} INFO - Setting next_dagrun for example_etl to 2025-05-09T00:00:00+00:00, run_after=2025-05-10T00:00:00+00:00
[2025-05-10T15:00:36.835+0000] {processor.py:179} INFO - Processing /opt/airflow/dags/example_etl.py took 0.049 seconds
[2025-05-10T15:01:07.150+0000] {processor.py:157} INFO - Started process (PID=78) to work on /opt/airflow/dags/example_etl.py
[2025-05-10T15:01:07.151+0000] {processor.py:829} INFO - Processing file /opt/airflow/dags/example_etl.py for tasks to queue
[2025-05-10T15:01:07.152+0000] {logging_mixin.py:151} INFO - [2025-05-10T15:01:07.151+0000] {dagbag.py:539} INFO - Filling up the DagBag from /opt/airflow/dags/example_etl.py
[2025-05-10T15:01:07.164+0000] {processor.py:839} INFO - DAG(s) dict_keys(['example_etl']) retrieved from /opt/airflow/dags/example_etl.py
[2025-05-10T15:01:07.178+0000] {logging_mixin.py:151} INFO - [2025-05-10T15:01:07.178+0000] {dag.py:2915} INFO - Sync 1 DAGs
[2025-05-10T15:01:07.188+0000] {logging_mixin.py:151} INFO - [2025-05-10T15:01:07.187+0000] {dag.py:3696} INFO - Setting next_dagrun for example_etl to 2025-05-09T00:00:00+00:00, run_after=2025-05-10T00:00:00+00:00
[2025-05-10T15:01:07.196+0000] {processor.py:179} INFO - Processing /opt/airflow/dags/example_etl.py took 0.050 seconds
[2025-05-10T15:01:37.481+0000] {processor.py:157} INFO - Started process (PID=80) to work on /opt/airflow/dags/example_etl.py
[2025-05-10T15:01:37.481+0000] {processor.py:829} INFO - Processing file /opt/airflow/dags/example_etl.py for tasks to queue
[2025-05-10T15:01:37.482+0000] {logging_mixin.py:151} INFO - [2025-05-10T15:01:37.482+0000] {dagbag.py:539} INFO - Filling up the DagBag from /opt/airflow/dags/example_etl.py
[2025-05-10T15:01:37.488+0000] {processor.py:839} INFO - DAG(s) dict_keys(['example_etl']) retrieved from /opt/airflow/dags/example_etl.py
[2025-05-10T15:01:37.498+0000] {logging_mixin.py:151} INFO - [2025-05-10T15:01:37.498+0000] {dag.py:2915} INFO - Sync 1 DAGs
[2025-05-10T15:01:37.505+0000] {logging_mixin.py:151} INFO - [2025-05-10T15:01:37.505+0000] {dag.py:3696} INFO - Setting next_dagrun for example_etl to 2025-05-09T00:00:00+00:00, run_after=2025-05-10T00:00:00+00:00
[2025-05-10T15:01:37.512+0000] {processor.py:179} INFO - Processing /opt/airflow/dags/example_etl.py took 0.033 seconds
[2025-05-10T15:02:07.833+0000] {processor.py:157} INFO - Started process (PID=82) to work on /opt/airflow/dags/example_etl.py
[2025-05-10T15:02:07.833+0000] {processor.py:829} INFO - Processing file /opt/airflow/dags/example_etl.py for tasks to queue
[2025-05-10T15:02:07.834+0000] {logging_mixin.py:151} INFO - [2025-05-10T15:02:07.834+0000] {dagbag.py:539} INFO - Filling up the DagBag from /opt/airflow/dags/example_etl.py
[2025-05-10T15:02:07.843+0000] {processor.py:839} INFO - DAG(s) dict_keys(['example_etl']) retrieved from /opt/airflow/dags/example_etl.py
[2025-05-10T15:02:07.854+0000] {logging_mixin.py:151} INFO - [2025-05-10T15:02:07.854+0000] {dag.py:2915} INFO - Sync 1 DAGs
[2025-05-10T15:02:07.864+0000] {logging_mixin.py:151} INFO - [2025-05-10T15:02:07.863+0000] {dag.py:3696} INFO - Setting next_dagrun for example_etl to 2025-05-09T00:00:00+00:00, run_after=2025-05-10T00:00:00+00:00
[2025-05-10T15:02:07.873+0000] {processor.py:179} INFO - Processing /opt/airflow/dags/example_etl.py took 0.043 seconds
[2025-05-10T15:02:38.180+0000] {processor.py:157} INFO - Started process (PID=84) to work on /opt/airflow/dags/example_etl.py
[2025-05-10T15:02:38.180+0000] {processor.py:829} INFO - Processing file /opt/airflow/dags/example_etl.py for tasks to queue
[2025-05-10T15:02:38.180+0000] {logging_mixin.py:151} INFO - [2025-05-10T15:02:38.180+0000] {dagbag.py:539} INFO - Filling up the DagBag from /opt/airflow/dags/example_etl.py
[2025-05-10T15:02:38.187+0000] {processor.py:839} INFO - DAG(s) dict_keys(['example_etl']) retrieved from /opt/airflow/dags/example_etl.py
[2025-05-10T15:02:38.196+0000] {logging_mixin.py:151} INFO - [2025-05-10T15:02:38.196+0000] {dag.py:2915} INFO - Sync 1 DAGs
[2025-05-10T15:02:38.204+0000] {logging_mixin.py:151} INFO - [2025-05-10T15:02:38.204+0000] {dag.py:3696} INFO - Setting next_dagrun for example_etl to 2025-05-09T00:00:00+00:00, run_after=2025-05-10T00:00:00+00:00
[2025-05-10T15:02:38.213+0000] {processor.py:179} INFO - Processing /opt/airflow/dags/example_etl.py took 0.035 seconds
[2025-05-10T15:03:08.519+0000] {processor.py:157} INFO - Started process (PID=86) to work on /opt/airflow/dags/example_etl.py
[2025-05-10T15:03:08.519+0000] {processor.py:829} INFO - Processing file /opt/airflow/dags/example_etl.py for tasks to queue
[2025-05-10T15:03:08.520+0000] {logging_mixin.py:151} INFO - [2025-05-10T15:03:08.520+0000] {dagbag.py:539} INFO - Filling up the DagBag from /opt/airflow/dags/example_etl.py
[2025-05-10T15:03:08.533+0000] {processor.py:839} INFO - DAG(s) dict_keys(['example_etl']) retrieved from /opt/airflow/dags/example_etl.py
[2025-05-10T15:03:08.548+0000] {logging_mixin.py:151} INFO - [2025-05-10T15:03:08.548+0000] {dag.py:2915} INFO - Sync 1 DAGs
[2025-05-10T15:03:08.558+0000] {logging_mixin.py:151} INFO - [2025-05-10T15:03:08.558+0000] {dag.py:3696} INFO - Setting next_dagrun for example_etl to 2025-05-09T00:00:00+00:00, run_after=2025-05-10T00:00:00+00:00
[2025-05-10T15:03:08.566+0000] {processor.py:179} INFO - Processing /opt/airflow/dags/example_etl.py took 0.051 seconds
[2025-05-10T15:03:38.824+0000] {processor.py:157} INFO - Started process (PID=88) to work on /opt/airflow/dags/example_etl.py
[2025-05-10T15:03:38.825+0000] {processor.py:829} INFO - Processing file /opt/airflow/dags/example_etl.py for tasks to queue
[2025-05-10T15:03:38.826+0000] {logging_mixin.py:151} INFO - [2025-05-10T15:03:38.826+0000] {dagbag.py:539} INFO - Filling up the DagBag from /opt/airflow/dags/example_etl.py
[2025-05-10T15:03:38.838+0000] {processor.py:839} INFO - DAG(s) dict_keys(['example_etl']) retrieved from /opt/airflow/dags/example_etl.py
[2025-05-10T15:03:38.853+0000] {logging_mixin.py:151} INFO - [2025-05-10T15:03:38.853+0000] {dag.py:2915} INFO - Sync 1 DAGs
[2025-05-10T15:03:38.862+0000] {logging_mixin.py:151} INFO - [2025-05-10T15:03:38.862+0000] {dag.py:3696} INFO - Setting next_dagrun for example_etl to 2025-05-09T00:00:00+00:00, run_after=2025-05-10T00:00:00+00:00
[2025-05-10T15:03:38.872+0000] {processor.py:179} INFO - Processing /opt/airflow/dags/example_etl.py took 0.051 seconds
[2025-05-10T15:04:09.167+0000] {processor.py:157} INFO - Started process (PID=90) to work on /opt/airflow/dags/example_etl.py
[2025-05-10T15:04:09.168+0000] {processor.py:829} INFO - Processing file /opt/airflow/dags/example_etl.py for tasks to queue
[2025-05-10T15:04:09.169+0000] {logging_mixin.py:151} INFO - [2025-05-10T15:04:09.168+0000] {dagbag.py:539} INFO - Filling up the DagBag from /opt/airflow/dags/example_etl.py
[2025-05-10T15:04:09.184+0000] {processor.py:839} INFO - DAG(s) dict_keys(['example_etl']) retrieved from /opt/airflow/dags/example_etl.py
[2025-05-10T15:04:09.200+0000] {logging_mixin.py:151} INFO - [2025-05-10T15:04:09.200+0000] {dag.py:2915} INFO - Sync 1 DAGs
[2025-05-10T15:04:09.210+0000] {logging_mixin.py:151} INFO - [2025-05-10T15:04:09.210+0000] {dag.py:3696} INFO - Setting next_dagrun for example_etl to 2025-05-09T00:00:00+00:00, run_after=2025-05-10T00:00:00+00:00
[2025-05-10T15:04:09.219+0000] {processor.py:179} INFO - Processing /opt/airflow/dags/example_etl.py took 0.056 seconds
[2025-05-10T15:04:39.483+0000] {processor.py:157} INFO - Started process (PID=92) to work on /opt/airflow/dags/example_etl.py
[2025-05-10T15:04:39.484+0000] {processor.py:829} INFO - Processing file /opt/airflow/dags/example_etl.py for tasks to queue
[2025-05-10T15:04:39.485+0000] {logging_mixin.py:151} INFO - [2025-05-10T15:04:39.485+0000] {dagbag.py:539} INFO - Filling up the DagBag from /opt/airflow/dags/example_etl.py
[2025-05-10T15:04:39.497+0000] {processor.py:839} INFO - DAG(s) dict_keys(['example_etl']) retrieved from /opt/airflow/dags/example_etl.py
[2025-05-10T15:04:39.512+0000] {logging_mixin.py:151} INFO - [2025-05-10T15:04:39.512+0000] {dag.py:2915} INFO - Sync 1 DAGs
[2025-05-10T15:04:39.521+0000] {logging_mixin.py:151} INFO - [2025-05-10T15:04:39.521+0000] {dag.py:3696} INFO - Setting next_dagrun for example_etl to 2025-05-09T00:00:00+00:00, run_after=2025-05-10T00:00:00+00:00
[2025-05-10T15:04:39.529+0000] {processor.py:179} INFO - Processing /opt/airflow/dags/example_etl.py took 0.049 seconds
[2025-05-10T15:05:09.856+0000] {processor.py:157} INFO - Started process (PID=94) to work on /opt/airflow/dags/example_etl.py
[2025-05-10T15:05:09.857+0000] {processor.py:829} INFO - Processing file /opt/airflow/dags/example_etl.py for tasks to queue
[2025-05-10T15:05:09.858+0000] {logging_mixin.py:151} INFO - [2025-05-10T15:05:09.858+0000] {dagbag.py:539} INFO - Filling up the DagBag from /opt/airflow/dags/example_etl.py
[2025-05-10T15:05:09.871+0000] {processor.py:839} INFO - DAG(s) dict_keys(['example_etl']) retrieved from /opt/airflow/dags/example_etl.py
[2025-05-10T15:05:09.886+0000] {logging_mixin.py:151} INFO - [2025-05-10T15:05:09.886+0000] {dag.py:2915} INFO - Sync 1 DAGs
[2025-05-10T15:05:09.898+0000] {logging_mixin.py:151} INFO - [2025-05-10T15:05:09.898+0000] {dag.py:3696} INFO - Setting next_dagrun for example_etl to 2025-05-09T00:00:00+00:00, run_after=2025-05-10T00:00:00+00:00
[2025-05-10T15:05:09.910+0000] {processor.py:179} INFO - Processing /opt/airflow/dags/example_etl.py took 0.057 seconds
[2025-05-10T15:05:40.213+0000] {processor.py:157} INFO - Started process (PID=96) to work on /opt/airflow/dags/example_etl.py
[2025-05-10T15:05:40.214+0000] {processor.py:829} INFO - Processing file /opt/airflow/dags/example_etl.py for tasks to queue
[2025-05-10T15:05:40.215+0000] {logging_mixin.py:151} INFO - [2025-05-10T15:05:40.214+0000] {dagbag.py:539} INFO - Filling up the DagBag from /opt/airflow/dags/example_etl.py
[2025-05-10T15:05:40.226+0000] {processor.py:839} INFO - DAG(s) dict_keys(['example_etl']) retrieved from /opt/airflow/dags/example_etl.py
[2025-05-10T15:05:40.239+0000] {logging_mixin.py:151} INFO - [2025-05-10T15:05:40.239+0000] {dag.py:2915} INFO - Sync 1 DAGs
[2025-05-10T15:05:40.248+0000] {logging_mixin.py:151} INFO - [2025-05-10T15:05:40.248+0000] {dag.py:3696} INFO - Setting next_dagrun for example_etl to 2025-05-09T00:00:00+00:00, run_after=2025-05-10T00:00:00+00:00
[2025-05-10T15:05:40.257+0000] {processor.py:179} INFO - Processing /opt/airflow/dags/example_etl.py took 0.048 seconds
[2025-05-10T15:06:10.556+0000] {processor.py:157} INFO - Started process (PID=98) to work on /opt/airflow/dags/example_etl.py
[2025-05-10T15:06:10.556+0000] {processor.py:829} INFO - Processing file /opt/airflow/dags/example_etl.py for tasks to queue
[2025-05-10T15:06:10.557+0000] {logging_mixin.py:151} INFO - [2025-05-10T15:06:10.557+0000] {dagbag.py:539} INFO - Filling up the DagBag from /opt/airflow/dags/example_etl.py
[2025-05-10T15:06:10.569+0000] {processor.py:839} INFO - DAG(s) dict_keys(['example_etl']) retrieved from /opt/airflow/dags/example_etl.py
[2025-05-10T15:06:10.585+0000] {logging_mixin.py:151} INFO - [2025-05-10T15:06:10.585+0000] {dag.py:2915} INFO - Sync 1 DAGs
[2025-05-10T15:06:10.594+0000] {logging_mixin.py:151} INFO - [2025-05-10T15:06:10.594+0000] {dag.py:3696} INFO - Setting next_dagrun for example_etl to 2025-05-09T00:00:00+00:00, run_after=2025-05-10T00:00:00+00:00
[2025-05-10T15:06:10.603+0000] {processor.py:179} INFO - Processing /opt/airflow/dags/example_etl.py took 0.051 seconds
[2025-05-10T15:06:40.895+0000] {processor.py:157} INFO - Started process (PID=100) to work on /opt/airflow/dags/example_etl.py
[2025-05-10T15:06:40.896+0000] {processor.py:829} INFO - Processing file /opt/airflow/dags/example_etl.py for tasks to queue
[2025-05-10T15:06:40.898+0000] {logging_mixin.py:151} INFO - [2025-05-10T15:06:40.897+0000] {dagbag.py:539} INFO - Filling up the DagBag from /opt/airflow/dags/example_etl.py
[2025-05-10T15:06:40.910+0000] {processor.py:839} INFO - DAG(s) dict_keys(['example_etl']) retrieved from /opt/airflow/dags/example_etl.py
[2025-05-10T15:06:40.927+0000] {logging_mixin.py:151} INFO - [2025-05-10T15:06:40.927+0000] {dag.py:2915} INFO - Sync 1 DAGs
[2025-05-10T15:06:40.936+0000] {logging_mixin.py:151} INFO - [2025-05-10T15:06:40.936+0000] {dag.py:3696} INFO - Setting next_dagrun for example_etl to 2025-05-09T00:00:00+00:00, run_after=2025-05-10T00:00:00+00:00
[2025-05-10T15:06:40.946+0000] {processor.py:179} INFO - Processing /opt/airflow/dags/example_etl.py took 0.054 seconds
[2025-05-10T15:07:11.209+0000] {processor.py:157} INFO - Started process (PID=102) to work on /opt/airflow/dags/example_etl.py
[2025-05-10T15:07:11.210+0000] {processor.py:829} INFO - Processing file /opt/airflow/dags/example_etl.py for tasks to queue
[2025-05-10T15:07:11.210+0000] {logging_mixin.py:151} INFO - [2025-05-10T15:07:11.210+0000] {dagbag.py:539} INFO - Filling up the DagBag from /opt/airflow/dags/example_etl.py
[2025-05-10T15:07:11.220+0000] {processor.py:839} INFO - DAG(s) dict_keys(['example_etl']) retrieved from /opt/airflow/dags/example_etl.py
[2025-05-10T15:07:11.234+0000] {logging_mixin.py:151} INFO - [2025-05-10T15:07:11.234+0000] {dag.py:2915} INFO - Sync 1 DAGs
[2025-05-10T15:07:11.244+0000] {logging_mixin.py:151} INFO - [2025-05-10T15:07:11.244+0000] {dag.py:3696} INFO - Setting next_dagrun for example_etl to 2025-05-09T00:00:00+00:00, run_after=2025-05-10T00:00:00+00:00
[2025-05-10T15:07:11.252+0000] {processor.py:179} INFO - Processing /opt/airflow/dags/example_etl.py took 0.045 seconds
[2025-05-10T15:07:41.567+0000] {processor.py:157} INFO - Started process (PID=104) to work on /opt/airflow/dags/example_etl.py
[2025-05-10T15:07:41.568+0000] {processor.py:829} INFO - Processing file /opt/airflow/dags/example_etl.py for tasks to queue
[2025-05-10T15:07:41.569+0000] {logging_mixin.py:151} INFO - [2025-05-10T15:07:41.569+0000] {dagbag.py:539} INFO - Filling up the DagBag from /opt/airflow/dags/example_etl.py
[2025-05-10T15:07:41.582+0000] {processor.py:839} INFO - DAG(s) dict_keys(['example_etl']) retrieved from /opt/airflow/dags/example_etl.py
[2025-05-10T15:07:41.598+0000] {logging_mixin.py:151} INFO - [2025-05-10T15:07:41.598+0000] {dag.py:2915} INFO - Sync 1 DAGs
[2025-05-10T15:07:41.612+0000] {logging_mixin.py:151} INFO - [2025-05-10T15:07:41.611+0000] {dag.py:3696} INFO - Setting next_dagrun for example_etl to 2025-05-09T00:00:00+00:00, run_after=2025-05-10T00:00:00+00:00
[2025-05-10T15:07:41.622+0000] {processor.py:179} INFO - Processing /opt/airflow/dags/example_etl.py took 0.059 seconds
[2025-05-10T15:15:20.138+0000] {processor.py:157} INFO - Started process (PID=25) to work on /opt/airflow/dags/example_etl.py
[2025-05-10T15:15:20.138+0000] {processor.py:829} INFO - Processing file /opt/airflow/dags/example_etl.py for tasks to queue
[2025-05-10T15:15:20.139+0000] {logging_mixin.py:151} INFO - [2025-05-10T15:15:20.138+0000] {dagbag.py:539} INFO - Filling up the DagBag from /opt/airflow/dags/example_etl.py
[2025-05-10T15:15:20.145+0000] {processor.py:839} INFO - DAG(s) dict_keys(['example_etl']) retrieved from /opt/airflow/dags/example_etl.py
[2025-05-10T15:15:20.192+0000] {logging_mixin.py:151} INFO - [2025-05-10T15:15:20.191+0000] {manager.py:499} INFO - Created Permission View: %s
[2025-05-10T15:15:20.196+0000] {logging_mixin.py:151} INFO - [2025-05-10T15:15:20.196+0000] {manager.py:499} INFO - Created Permission View: %s
[2025-05-10T15:15:20.199+0000] {logging_mixin.py:151} INFO - [2025-05-10T15:15:20.199+0000] {manager.py:499} INFO - Created Permission View: %s
[2025-05-10T15:15:20.199+0000] {logging_mixin.py:151} INFO - [2025-05-10T15:15:20.199+0000] {security.py:708} INFO - Not syncing DAG-level permissions for DAG 'DAG:example_etl' as access control is unset.
[2025-05-10T15:15:20.199+0000] {logging_mixin.py:151} INFO - [2025-05-10T15:15:20.199+0000] {dag.py:2915} INFO - Sync 1 DAGs
[2025-05-10T15:15:20.204+0000] {logging_mixin.py:151} INFO - [2025-05-10T15:15:20.204+0000] {dag.py:2937} INFO - Creating ORM DAG for example_etl
[2025-05-10T15:15:20.208+0000] {logging_mixin.py:151} INFO - [2025-05-10T15:15:20.208+0000] {dag.py:3696} INFO - Setting next_dagrun for example_etl to 2025-05-09T00:00:00+00:00, run_after=2025-05-10T00:00:00+00:00
[2025-05-10T15:15:20.216+0000] {processor.py:179} INFO - Processing /opt/airflow/dags/example_etl.py took 0.080 seconds
[2025-05-10T15:15:50.257+0000] {processor.py:157} INFO - Started process (PID=27) to work on /opt/airflow/dags/example_etl.py
[2025-05-10T15:15:50.258+0000] {processor.py:829} INFO - Processing file /opt/airflow/dags/example_etl.py for tasks to queue
[2025-05-10T15:15:50.259+0000] {logging_mixin.py:151} INFO - [2025-05-10T15:15:50.259+0000] {dagbag.py:539} INFO - Filling up the DagBag from /opt/airflow/dags/example_etl.py
[2025-05-10T15:15:50.270+0000] {processor.py:839} INFO - DAG(s) dict_keys(['example_etl']) retrieved from /opt/airflow/dags/example_etl.py
[2025-05-10T15:15:50.285+0000] {logging_mixin.py:151} INFO - [2025-05-10T15:15:50.285+0000] {dag.py:2915} INFO - Sync 1 DAGs
[2025-05-10T15:15:50.294+0000] {logging_mixin.py:151} INFO - [2025-05-10T15:15:50.294+0000] {dag.py:3696} INFO - Setting next_dagrun for example_etl to 2025-05-09T00:00:00+00:00, run_after=2025-05-10T00:00:00+00:00
[2025-05-10T15:15:50.303+0000] {processor.py:179} INFO - Processing /opt/airflow/dags/example_etl.py took 0.049 seconds
[2025-05-10T15:16:20.637+0000] {processor.py:157} INFO - Started process (PID=29) to work on /opt/airflow/dags/example_etl.py
[2025-05-10T15:16:20.638+0000] {processor.py:829} INFO - Processing file /opt/airflow/dags/example_etl.py for tasks to queue
[2025-05-10T15:16:20.638+0000] {logging_mixin.py:151} INFO - [2025-05-10T15:16:20.638+0000] {dagbag.py:539} INFO - Filling up the DagBag from /opt/airflow/dags/example_etl.py
[2025-05-10T15:16:20.645+0000] {processor.py:839} INFO - DAG(s) dict_keys(['example_etl']) retrieved from /opt/airflow/dags/example_etl.py
[2025-05-10T15:16:20.657+0000] {logging_mixin.py:151} INFO - [2025-05-10T15:16:20.657+0000] {dag.py:2915} INFO - Sync 1 DAGs
[2025-05-10T15:16:20.668+0000] {logging_mixin.py:151} INFO - [2025-05-10T15:16:20.668+0000] {dag.py:3696} INFO - Setting next_dagrun for example_etl to 2025-05-09T00:00:00+00:00, run_after=2025-05-10T00:00:00+00:00
[2025-05-10T15:16:20.680+0000] {processor.py:179} INFO - Processing /opt/airflow/dags/example_etl.py took 0.045 seconds
[2025-05-10T15:16:50.980+0000] {processor.py:157} INFO - Started process (PID=31) to work on /opt/airflow/dags/example_etl.py
[2025-05-10T15:16:50.981+0000] {processor.py:829} INFO - Processing file /opt/airflow/dags/example_etl.py for tasks to queue
[2025-05-10T15:16:50.981+0000] {logging_mixin.py:151} INFO - [2025-05-10T15:16:50.981+0000] {dagbag.py:539} INFO - Filling up the DagBag from /opt/airflow/dags/example_etl.py
[2025-05-10T15:16:50.989+0000] {processor.py:839} INFO - DAG(s) dict_keys(['example_etl']) retrieved from /opt/airflow/dags/example_etl.py
[2025-05-10T15:16:51.000+0000] {logging_mixin.py:151} INFO - [2025-05-10T15:16:51.000+0000] {dag.py:2915} INFO - Sync 1 DAGs
[2025-05-10T15:16:51.008+0000] {logging_mixin.py:151} INFO - [2025-05-10T15:16:51.008+0000] {dag.py:3696} INFO - Setting next_dagrun for example_etl to 2025-05-09T00:00:00+00:00, run_after=2025-05-10T00:00:00+00:00
[2025-05-10T15:16:51.016+0000] {processor.py:179} INFO - Processing /opt/airflow/dags/example_etl.py took 0.038 seconds
[2025-05-10T15:17:21.345+0000] {processor.py:157} INFO - Started process (PID=33) to work on /opt/airflow/dags/example_etl.py
[2025-05-10T15:17:21.346+0000] {processor.py:829} INFO - Processing file /opt/airflow/dags/example_etl.py for tasks to queue
[2025-05-10T15:17:21.346+0000] {logging_mixin.py:151} INFO - [2025-05-10T15:17:21.346+0000] {dagbag.py:539} INFO - Filling up the DagBag from /opt/airflow/dags/example_etl.py
[2025-05-10T15:17:21.353+0000] {processor.py:839} INFO - DAG(s) dict_keys(['example_etl']) retrieved from /opt/airflow/dags/example_etl.py
[2025-05-10T15:17:21.363+0000] {logging_mixin.py:151} INFO - [2025-05-10T15:17:21.363+0000] {dag.py:2915} INFO - Sync 1 DAGs
[2025-05-10T15:17:21.372+0000] {logging_mixin.py:151} INFO - [2025-05-10T15:17:21.372+0000] {dag.py:3696} INFO - Setting next_dagrun for example_etl to 2025-05-09T00:00:00+00:00, run_after=2025-05-10T00:00:00+00:00
[2025-05-10T15:17:21.382+0000] {processor.py:179} INFO - Processing /opt/airflow/dags/example_etl.py took 0.039 seconds
[2025-05-10T15:17:53.011+0000] {processor.py:157} INFO - Started process (PID=25) to work on /opt/airflow/dags/example_etl.py
[2025-05-10T15:17:53.012+0000] {processor.py:829} INFO - Processing file /opt/airflow/dags/example_etl.py for tasks to queue
[2025-05-10T15:17:53.012+0000] {logging_mixin.py:151} INFO - [2025-05-10T15:17:53.012+0000] {dagbag.py:539} INFO - Filling up the DagBag from /opt/airflow/dags/example_etl.py
[2025-05-10T15:17:53.018+0000] {processor.py:839} INFO - DAG(s) dict_keys(['example_etl']) retrieved from /opt/airflow/dags/example_etl.py
[2025-05-10T15:17:53.022+0000] {logging_mixin.py:151} INFO - [2025-05-10T15:17:53.022+0000] {dag.py:2915} INFO - Sync 1 DAGs
[2025-05-10T15:17:53.030+0000] {logging_mixin.py:151} INFO - [2025-05-10T15:17:53.030+0000] {dag.py:3696} INFO - Setting next_dagrun for example_etl to 2025-05-09T00:00:00+00:00, run_after=2025-05-10T00:00:00+00:00
[2025-05-10T15:17:53.038+0000] {processor.py:179} INFO - Processing /opt/airflow/dags/example_etl.py took 0.028 seconds
[2025-05-10T15:18:23.218+0000] {processor.py:157} INFO - Started process (PID=27) to work on /opt/airflow/dags/example_etl.py
[2025-05-10T15:18:23.219+0000] {processor.py:829} INFO - Processing file /opt/airflow/dags/example_etl.py for tasks to queue
[2025-05-10T15:18:23.220+0000] {logging_mixin.py:151} INFO - [2025-05-10T15:18:23.220+0000] {dagbag.py:539} INFO - Filling up the DagBag from /opt/airflow/dags/example_etl.py
[2025-05-10T15:18:23.231+0000] {processor.py:839} INFO - DAG(s) dict_keys(['example_etl']) retrieved from /opt/airflow/dags/example_etl.py
[2025-05-10T15:18:23.245+0000] {logging_mixin.py:151} INFO - [2025-05-10T15:18:23.244+0000] {dag.py:2915} INFO - Sync 1 DAGs
[2025-05-10T15:18:23.254+0000] {logging_mixin.py:151} INFO - [2025-05-10T15:18:23.254+0000] {dag.py:3696} INFO - Setting next_dagrun for example_etl to 2025-05-09T00:00:00+00:00, run_after=2025-05-10T00:00:00+00:00
[2025-05-10T15:18:23.264+0000] {processor.py:179} INFO - Processing /opt/airflow/dags/example_etl.py took 0.050 seconds
[2025-05-10T15:18:53.564+0000] {processor.py:157} INFO - Started process (PID=29) to work on /opt/airflow/dags/example_etl.py
[2025-05-10T15:18:53.565+0000] {processor.py:829} INFO - Processing file /opt/airflow/dags/example_etl.py for tasks to queue
[2025-05-10T15:18:53.566+0000] {logging_mixin.py:151} INFO - [2025-05-10T15:18:53.566+0000] {dagbag.py:539} INFO - Filling up the DagBag from /opt/airflow/dags/example_etl.py
[2025-05-10T15:18:53.578+0000] {processor.py:839} INFO - DAG(s) dict_keys(['example_etl']) retrieved from /opt/airflow/dags/example_etl.py
[2025-05-10T15:18:53.592+0000] {logging_mixin.py:151} INFO - [2025-05-10T15:18:53.592+0000] {dag.py:2915} INFO - Sync 1 DAGs
[2025-05-10T15:18:53.601+0000] {logging_mixin.py:151} INFO - [2025-05-10T15:18:53.601+0000] {dag.py:3696} INFO - Setting next_dagrun for example_etl to 2025-05-09T00:00:00+00:00, run_after=2025-05-10T00:00:00+00:00
[2025-05-10T15:18:53.610+0000] {processor.py:179} INFO - Processing /opt/airflow/dags/example_etl.py took 0.048 seconds
[2025-05-10T15:19:23.903+0000] {processor.py:157} INFO - Started process (PID=31) to work on /opt/airflow/dags/example_etl.py
[2025-05-10T15:19:23.904+0000] {processor.py:829} INFO - Processing file /opt/airflow/dags/example_etl.py for tasks to queue
[2025-05-10T15:19:23.905+0000] {logging_mixin.py:151} INFO - [2025-05-10T15:19:23.904+0000] {dagbag.py:539} INFO - Filling up the DagBag from /opt/airflow/dags/example_etl.py
[2025-05-10T15:19:23.916+0000] {processor.py:839} INFO - DAG(s) dict_keys(['example_etl']) retrieved from /opt/airflow/dags/example_etl.py
[2025-05-10T15:19:23.931+0000] {logging_mixin.py:151} INFO - [2025-05-10T15:19:23.930+0000] {dag.py:2915} INFO - Sync 1 DAGs
[2025-05-10T15:19:23.939+0000] {logging_mixin.py:151} INFO - [2025-05-10T15:19:23.939+0000] {dag.py:3696} INFO - Setting next_dagrun for example_etl to 2025-05-09T00:00:00+00:00, run_after=2025-05-10T00:00:00+00:00
[2025-05-10T15:19:23.949+0000] {processor.py:179} INFO - Processing /opt/airflow/dags/example_etl.py took 0.050 seconds
[2025-05-10T15:19:54.251+0000] {processor.py:157} INFO - Started process (PID=33) to work on /opt/airflow/dags/example_etl.py
[2025-05-10T15:19:54.251+0000] {processor.py:829} INFO - Processing file /opt/airflow/dags/example_etl.py for tasks to queue
[2025-05-10T15:19:54.251+0000] {logging_mixin.py:151} INFO - [2025-05-10T15:19:54.251+0000] {dagbag.py:539} INFO - Filling up the DagBag from /opt/airflow/dags/example_etl.py
[2025-05-10T15:19:54.257+0000] {processor.py:839} INFO - DAG(s) dict_keys(['example_etl']) retrieved from /opt/airflow/dags/example_etl.py
[2025-05-10T15:19:54.266+0000] {logging_mixin.py:151} INFO - [2025-05-10T15:19:54.266+0000] {dag.py:2915} INFO - Sync 1 DAGs
[2025-05-10T15:19:54.275+0000] {logging_mixin.py:151} INFO - [2025-05-10T15:19:54.275+0000] {dag.py:3696} INFO - Setting next_dagrun for example_etl to 2025-05-09T00:00:00+00:00, run_after=2025-05-10T00:00:00+00:00
[2025-05-10T15:19:54.282+0000] {processor.py:179} INFO - Processing /opt/airflow/dags/example_etl.py took 0.033 seconds
[2025-05-10T15:20:24.507+0000] {processor.py:157} INFO - Started process (PID=35) to work on /opt/airflow/dags/example_etl.py
[2025-05-10T15:20:24.507+0000] {processor.py:829} INFO - Processing file /opt/airflow/dags/example_etl.py for tasks to queue
[2025-05-10T15:20:24.508+0000] {logging_mixin.py:151} INFO - [2025-05-10T15:20:24.508+0000] {dagbag.py:539} INFO - Filling up the DagBag from /opt/airflow/dags/example_etl.py
[2025-05-10T15:20:24.517+0000] {processor.py:839} INFO - DAG(s) dict_keys(['example_etl']) retrieved from /opt/airflow/dags/example_etl.py
[2025-05-10T15:20:24.526+0000] {logging_mixin.py:151} INFO - [2025-05-10T15:20:24.526+0000] {dag.py:2915} INFO - Sync 1 DAGs
[2025-05-10T15:20:24.534+0000] {logging_mixin.py:151} INFO - [2025-05-10T15:20:24.534+0000] {dag.py:3696} INFO - Setting next_dagrun for example_etl to 2025-05-09T00:00:00+00:00, run_after=2025-05-10T00:00:00+00:00
[2025-05-10T15:20:24.542+0000] {processor.py:179} INFO - Processing /opt/airflow/dags/example_etl.py took 0.038 seconds
[2025-05-10T15:20:54.853+0000] {processor.py:157} INFO - Started process (PID=37) to work on /opt/airflow/dags/example_etl.py
[2025-05-10T15:20:54.854+0000] {processor.py:829} INFO - Processing file /opt/airflow/dags/example_etl.py for tasks to queue
[2025-05-10T15:20:54.855+0000] {logging_mixin.py:151} INFO - [2025-05-10T15:20:54.854+0000] {dagbag.py:539} INFO - Filling up the DagBag from /opt/airflow/dags/example_etl.py
[2025-05-10T15:20:54.867+0000] {processor.py:839} INFO - DAG(s) dict_keys(['example_etl']) retrieved from /opt/airflow/dags/example_etl.py
[2025-05-10T15:20:54.882+0000] {logging_mixin.py:151} INFO - [2025-05-10T15:20:54.882+0000] {dag.py:2915} INFO - Sync 1 DAGs
[2025-05-10T15:20:54.891+0000] {logging_mixin.py:151} INFO - [2025-05-10T15:20:54.891+0000] {dag.py:3696} INFO - Setting next_dagrun for example_etl to 2025-05-09T00:00:00+00:00, run_after=2025-05-10T00:00:00+00:00
[2025-05-10T15:20:54.901+0000] {processor.py:179} INFO - Processing /opt/airflow/dags/example_etl.py took 0.051 seconds
[2025-05-10T15:21:25.190+0000] {processor.py:157} INFO - Started process (PID=39) to work on /opt/airflow/dags/example_etl.py
[2025-05-10T15:21:25.191+0000] {processor.py:829} INFO - Processing file /opt/airflow/dags/example_etl.py for tasks to queue
[2025-05-10T15:21:25.192+0000] {logging_mixin.py:151} INFO - [2025-05-10T15:21:25.191+0000] {dagbag.py:539} INFO - Filling up the DagBag from /opt/airflow/dags/example_etl.py
[2025-05-10T15:21:25.202+0000] {processor.py:839} INFO - DAG(s) dict_keys(['example_etl']) retrieved from /opt/airflow/dags/example_etl.py
[2025-05-10T15:21:25.215+0000] {logging_mixin.py:151} INFO - [2025-05-10T15:21:25.215+0000] {dag.py:2915} INFO - Sync 1 DAGs
[2025-05-10T15:21:25.225+0000] {logging_mixin.py:151} INFO - [2025-05-10T15:21:25.224+0000] {dag.py:3696} INFO - Setting next_dagrun for example_etl to 2025-05-09T00:00:00+00:00, run_after=2025-05-10T00:00:00+00:00
[2025-05-10T15:21:25.233+0000] {processor.py:179} INFO - Processing /opt/airflow/dags/example_etl.py took 0.045 seconds
[2025-05-10T15:21:55.521+0000] {processor.py:157} INFO - Started process (PID=41) to work on /opt/airflow/dags/example_etl.py
[2025-05-10T15:21:55.522+0000] {processor.py:829} INFO - Processing file /opt/airflow/dags/example_etl.py for tasks to queue
[2025-05-10T15:21:55.523+0000] {logging_mixin.py:151} INFO - [2025-05-10T15:21:55.522+0000] {dagbag.py:539} INFO - Filling up the DagBag from /opt/airflow/dags/example_etl.py
[2025-05-10T15:21:55.535+0000] {processor.py:839} INFO - DAG(s) dict_keys(['example_etl']) retrieved from /opt/airflow/dags/example_etl.py
[2025-05-10T15:21:55.552+0000] {logging_mixin.py:151} INFO - [2025-05-10T15:21:55.552+0000] {dag.py:2915} INFO - Sync 1 DAGs
[2025-05-10T15:21:55.562+0000] {logging_mixin.py:151} INFO - [2025-05-10T15:21:55.562+0000] {dag.py:3696} INFO - Setting next_dagrun for example_etl to 2025-05-09T00:00:00+00:00, run_after=2025-05-10T00:00:00+00:00
[2025-05-10T15:21:55.572+0000] {processor.py:179} INFO - Processing /opt/airflow/dags/example_etl.py took 0.054 seconds
[2025-05-10T15:22:25.889+0000] {processor.py:157} INFO - Started process (PID=43) to work on /opt/airflow/dags/example_etl.py
[2025-05-10T15:22:25.890+0000] {processor.py:829} INFO - Processing file /opt/airflow/dags/example_etl.py for tasks to queue
[2025-05-10T15:22:25.891+0000] {logging_mixin.py:151} INFO - [2025-05-10T15:22:25.891+0000] {dagbag.py:539} INFO - Filling up the DagBag from /opt/airflow/dags/example_etl.py
[2025-05-10T15:22:25.902+0000] {processor.py:839} INFO - DAG(s) dict_keys(['example_etl']) retrieved from /opt/airflow/dags/example_etl.py
[2025-05-10T15:22:25.915+0000] {logging_mixin.py:151} INFO - [2025-05-10T15:22:25.915+0000] {dag.py:2915} INFO - Sync 1 DAGs
[2025-05-10T15:22:25.925+0000] {logging_mixin.py:151} INFO - [2025-05-10T15:22:25.925+0000] {dag.py:3696} INFO - Setting next_dagrun for example_etl to 2025-05-09T00:00:00+00:00, run_after=2025-05-10T00:00:00+00:00
[2025-05-10T15:22:25.934+0000] {processor.py:179} INFO - Processing /opt/airflow/dags/example_etl.py took 0.048 seconds
[2025-05-10T15:22:56.119+0000] {processor.py:157} INFO - Started process (PID=45) to work on /opt/airflow/dags/example_etl.py
[2025-05-10T15:22:56.120+0000] {processor.py:829} INFO - Processing file /opt/airflow/dags/example_etl.py for tasks to queue
[2025-05-10T15:22:56.121+0000] {logging_mixin.py:151} INFO - [2025-05-10T15:22:56.120+0000] {dagbag.py:539} INFO - Filling up the DagBag from /opt/airflow/dags/example_etl.py
[2025-05-10T15:22:56.133+0000] {processor.py:839} INFO - DAG(s) dict_keys(['example_etl']) retrieved from /opt/airflow/dags/example_etl.py
[2025-05-10T15:22:56.149+0000] {logging_mixin.py:151} INFO - [2025-05-10T15:22:56.149+0000] {dag.py:2915} INFO - Sync 1 DAGs
[2025-05-10T15:22:56.159+0000] {logging_mixin.py:151} INFO - [2025-05-10T15:22:56.159+0000] {dag.py:3696} INFO - Setting next_dagrun for example_etl to 2025-05-09T00:00:00+00:00, run_after=2025-05-10T00:00:00+00:00
[2025-05-10T15:22:56.168+0000] {processor.py:179} INFO - Processing /opt/airflow/dags/example_etl.py took 0.052 seconds
[2025-05-10T15:23:26.447+0000] {processor.py:157} INFO - Started process (PID=47) to work on /opt/airflow/dags/example_etl.py
[2025-05-10T15:23:26.448+0000] {processor.py:829} INFO - Processing file /opt/airflow/dags/example_etl.py for tasks to queue
[2025-05-10T15:23:26.449+0000] {logging_mixin.py:151} INFO - [2025-05-10T15:23:26.448+0000] {dagbag.py:539} INFO - Filling up the DagBag from /opt/airflow/dags/example_etl.py
[2025-05-10T15:23:26.462+0000] {processor.py:839} INFO - DAG(s) dict_keys(['example_etl']) retrieved from /opt/airflow/dags/example_etl.py
[2025-05-10T15:23:26.478+0000] {logging_mixin.py:151} INFO - [2025-05-10T15:23:26.478+0000] {dag.py:2915} INFO - Sync 1 DAGs
[2025-05-10T15:23:26.488+0000] {logging_mixin.py:151} INFO - [2025-05-10T15:23:26.488+0000] {dag.py:3696} INFO - Setting next_dagrun for example_etl to 2025-05-09T00:00:00+00:00, run_after=2025-05-10T00:00:00+00:00
[2025-05-10T15:23:26.498+0000] {processor.py:179} INFO - Processing /opt/airflow/dags/example_etl.py took 0.054 seconds
[2025-05-10T15:23:56.802+0000] {processor.py:157} INFO - Started process (PID=49) to work on /opt/airflow/dags/example_etl.py
[2025-05-10T15:23:56.803+0000] {processor.py:829} INFO - Processing file /opt/airflow/dags/example_etl.py for tasks to queue
[2025-05-10T15:23:56.803+0000] {logging_mixin.py:151} INFO - [2025-05-10T15:23:56.803+0000] {dagbag.py:539} INFO - Filling up the DagBag from /opt/airflow/dags/example_etl.py
[2025-05-10T15:23:56.814+0000] {processor.py:839} INFO - DAG(s) dict_keys(['example_etl']) retrieved from /opt/airflow/dags/example_etl.py
[2025-05-10T15:23:56.826+0000] {logging_mixin.py:151} INFO - [2025-05-10T15:23:56.826+0000] {dag.py:2915} INFO - Sync 1 DAGs
[2025-05-10T15:23:56.835+0000] {logging_mixin.py:151} INFO - [2025-05-10T15:23:56.835+0000] {dag.py:3696} INFO - Setting next_dagrun for example_etl to 2025-05-09T00:00:00+00:00, run_after=2025-05-10T00:00:00+00:00
[2025-05-10T15:23:56.844+0000] {processor.py:179} INFO - Processing /opt/airflow/dags/example_etl.py took 0.045 seconds
[2025-05-10T15:24:27.149+0000] {processor.py:157} INFO - Started process (PID=51) to work on /opt/airflow/dags/example_etl.py
[2025-05-10T15:24:27.150+0000] {processor.py:829} INFO - Processing file /opt/airflow/dags/example_etl.py for tasks to queue
[2025-05-10T15:24:27.151+0000] {logging_mixin.py:151} INFO - [2025-05-10T15:24:27.151+0000] {dagbag.py:539} INFO - Filling up the DagBag from /opt/airflow/dags/example_etl.py
[2025-05-10T15:24:27.163+0000] {processor.py:839} INFO - DAG(s) dict_keys(['example_etl']) retrieved from /opt/airflow/dags/example_etl.py
[2025-05-10T15:24:27.179+0000] {logging_mixin.py:151} INFO - [2025-05-10T15:24:27.179+0000] {dag.py:2915} INFO - Sync 1 DAGs
[2025-05-10T15:24:27.189+0000] {logging_mixin.py:151} INFO - [2025-05-10T15:24:27.189+0000] {dag.py:3696} INFO - Setting next_dagrun for example_etl to 2025-05-09T00:00:00+00:00, run_after=2025-05-10T00:00:00+00:00
[2025-05-10T15:24:27.197+0000] {processor.py:179} INFO - Processing /opt/airflow/dags/example_etl.py took 0.051 seconds
[2025-05-10T15:24:57.487+0000] {processor.py:157} INFO - Started process (PID=53) to work on /opt/airflow/dags/example_etl.py
[2025-05-10T15:24:57.488+0000] {processor.py:829} INFO - Processing file /opt/airflow/dags/example_etl.py for tasks to queue
[2025-05-10T15:24:57.489+0000] {logging_mixin.py:151} INFO - [2025-05-10T15:24:57.489+0000] {dagbag.py:539} INFO - Filling up the DagBag from /opt/airflow/dags/example_etl.py
[2025-05-10T15:24:57.501+0000] {processor.py:839} INFO - DAG(s) dict_keys(['example_etl']) retrieved from /opt/airflow/dags/example_etl.py
[2025-05-10T15:24:57.516+0000] {logging_mixin.py:151} INFO - [2025-05-10T15:24:57.516+0000] {dag.py:2915} INFO - Sync 1 DAGs
[2025-05-10T15:24:57.526+0000] {logging_mixin.py:151} INFO - [2025-05-10T15:24:57.526+0000] {dag.py:3696} INFO - Setting next_dagrun for example_etl to 2025-05-09T00:00:00+00:00, run_after=2025-05-10T00:00:00+00:00
[2025-05-10T15:24:57.535+0000] {processor.py:179} INFO - Processing /opt/airflow/dags/example_etl.py took 0.052 seconds
[2025-05-10T15:25:27.825+0000] {processor.py:157} INFO - Started process (PID=55) to work on /opt/airflow/dags/example_etl.py
[2025-05-10T15:25:27.826+0000] {processor.py:829} INFO - Processing file /opt/airflow/dags/example_etl.py for tasks to queue
[2025-05-10T15:25:27.826+0000] {logging_mixin.py:151} INFO - [2025-05-10T15:25:27.826+0000] {dagbag.py:539} INFO - Filling up the DagBag from /opt/airflow/dags/example_etl.py
[2025-05-10T15:25:27.833+0000] {processor.py:839} INFO - DAG(s) dict_keys(['example_etl']) retrieved from /opt/airflow/dags/example_etl.py
[2025-05-10T15:25:27.845+0000] {logging_mixin.py:151} INFO - [2025-05-10T15:25:27.845+0000] {dag.py:2915} INFO - Sync 1 DAGs
[2025-05-10T15:25:27.853+0000] {logging_mixin.py:151} INFO - [2025-05-10T15:25:27.853+0000] {dag.py:3696} INFO - Setting next_dagrun for example_etl to 2025-05-09T00:00:00+00:00, run_after=2025-05-10T00:00:00+00:00
[2025-05-10T15:25:27.861+0000] {processor.py:179} INFO - Processing /opt/airflow/dags/example_etl.py took 0.038 seconds
[2025-05-10T15:25:58.140+0000] {processor.py:157} INFO - Started process (PID=57) to work on /opt/airflow/dags/example_etl.py
[2025-05-10T15:25:58.141+0000] {processor.py:829} INFO - Processing file /opt/airflow/dags/example_etl.py for tasks to queue
[2025-05-10T15:25:58.141+0000] {logging_mixin.py:151} INFO - [2025-05-10T15:25:58.141+0000] {dagbag.py:539} INFO - Filling up the DagBag from /opt/airflow/dags/example_etl.py
[2025-05-10T15:25:58.151+0000] {processor.py:839} INFO - DAG(s) dict_keys(['example_etl']) retrieved from /opt/airflow/dags/example_etl.py
[2025-05-10T15:25:58.164+0000] {logging_mixin.py:151} INFO - [2025-05-10T15:25:58.164+0000] {dag.py:2915} INFO - Sync 1 DAGs
[2025-05-10T15:25:58.175+0000] {logging_mixin.py:151} INFO - [2025-05-10T15:25:58.175+0000] {dag.py:3696} INFO - Setting next_dagrun for example_etl to 2025-05-09T00:00:00+00:00, run_after=2025-05-10T00:00:00+00:00
[2025-05-10T15:25:58.185+0000] {processor.py:179} INFO - Processing /opt/airflow/dags/example_etl.py took 0.046 seconds
[2025-05-10T15:26:28.480+0000] {processor.py:157} INFO - Started process (PID=59) to work on /opt/airflow/dags/example_etl.py
[2025-05-10T15:26:28.481+0000] {processor.py:829} INFO - Processing file /opt/airflow/dags/example_etl.py for tasks to queue
[2025-05-10T15:26:28.482+0000] {logging_mixin.py:151} INFO - [2025-05-10T15:26:28.482+0000] {dagbag.py:539} INFO - Filling up the DagBag from /opt/airflow/dags/example_etl.py
[2025-05-10T15:26:28.492+0000] {processor.py:839} INFO - DAG(s) dict_keys(['example_etl']) retrieved from /opt/airflow/dags/example_etl.py
[2025-05-10T15:26:28.505+0000] {logging_mixin.py:151} INFO - [2025-05-10T15:26:28.504+0000] {dag.py:2915} INFO - Sync 1 DAGs
[2025-05-10T15:26:28.513+0000] {logging_mixin.py:151} INFO - [2025-05-10T15:26:28.513+0000] {dag.py:3696} INFO - Setting next_dagrun for example_etl to 2025-05-09T00:00:00+00:00, run_after=2025-05-10T00:00:00+00:00
[2025-05-10T15:26:28.522+0000] {processor.py:179} INFO - Processing /opt/airflow/dags/example_etl.py took 0.044 seconds
[2025-05-10T15:26:58.859+0000] {processor.py:157} INFO - Started process (PID=61) to work on /opt/airflow/dags/example_etl.py
[2025-05-10T15:26:58.860+0000] {processor.py:829} INFO - Processing file /opt/airflow/dags/example_etl.py for tasks to queue
[2025-05-10T15:26:58.860+0000] {logging_mixin.py:151} INFO - [2025-05-10T15:26:58.860+0000] {dagbag.py:539} INFO - Filling up the DagBag from /opt/airflow/dags/example_etl.py
[2025-05-10T15:26:58.870+0000] {processor.py:839} INFO - DAG(s) dict_keys(['example_etl']) retrieved from /opt/airflow/dags/example_etl.py
[2025-05-10T15:26:58.884+0000] {logging_mixin.py:151} INFO - [2025-05-10T15:26:58.884+0000] {dag.py:2915} INFO - Sync 1 DAGs
[2025-05-10T15:26:58.897+0000] {logging_mixin.py:151} INFO - [2025-05-10T15:26:58.897+0000] {dag.py:3696} INFO - Setting next_dagrun for example_etl to 2025-05-09T00:00:00+00:00, run_after=2025-05-10T00:00:00+00:00
[2025-05-10T15:26:58.907+0000] {processor.py:179} INFO - Processing /opt/airflow/dags/example_etl.py took 0.050 seconds
[2025-05-10T15:27:29.061+0000] {processor.py:157} INFO - Started process (PID=63) to work on /opt/airflow/dags/example_etl.py
[2025-05-10T15:27:29.061+0000] {processor.py:829} INFO - Processing file /opt/airflow/dags/example_etl.py for tasks to queue
[2025-05-10T15:27:29.062+0000] {logging_mixin.py:151} INFO - [2025-05-10T15:27:29.062+0000] {dagbag.py:539} INFO - Filling up the DagBag from /opt/airflow/dags/example_etl.py
[2025-05-10T15:27:29.074+0000] {processor.py:839} INFO - DAG(s) dict_keys(['example_etl']) retrieved from /opt/airflow/dags/example_etl.py
[2025-05-10T15:27:29.089+0000] {logging_mixin.py:151} INFO - [2025-05-10T15:27:29.089+0000] {dag.py:2915} INFO - Sync 1 DAGs
[2025-05-10T15:27:29.098+0000] {logging_mixin.py:151} INFO - [2025-05-10T15:27:29.098+0000] {dag.py:3696} INFO - Setting next_dagrun for example_etl to 2025-05-09T00:00:00+00:00, run_after=2025-05-10T00:00:00+00:00
[2025-05-10T15:27:29.107+0000] {processor.py:179} INFO - Processing /opt/airflow/dags/example_etl.py took 0.050 seconds
[2025-05-10T15:27:59.404+0000] {processor.py:157} INFO - Started process (PID=65) to work on /opt/airflow/dags/example_etl.py
[2025-05-10T15:27:59.405+0000] {processor.py:829} INFO - Processing file /opt/airflow/dags/example_etl.py for tasks to queue
[2025-05-10T15:27:59.405+0000] {logging_mixin.py:151} INFO - [2025-05-10T15:27:59.405+0000] {dagbag.py:539} INFO - Filling up the DagBag from /opt/airflow/dags/example_etl.py
[2025-05-10T15:27:59.417+0000] {processor.py:839} INFO - DAG(s) dict_keys(['example_etl']) retrieved from /opt/airflow/dags/example_etl.py
[2025-05-10T15:27:59.431+0000] {logging_mixin.py:151} INFO - [2025-05-10T15:27:59.431+0000] {dag.py:2915} INFO - Sync 1 DAGs
[2025-05-10T15:27:59.443+0000] {logging_mixin.py:151} INFO - [2025-05-10T15:27:59.443+0000] {dag.py:3696} INFO - Setting next_dagrun for example_etl to 2025-05-09T00:00:00+00:00, run_after=2025-05-10T00:00:00+00:00
[2025-05-10T15:27:59.454+0000] {processor.py:179} INFO - Processing /opt/airflow/dags/example_etl.py took 0.053 seconds
[2025-05-10T15:28:29.731+0000] {processor.py:157} INFO - Started process (PID=67) to work on /opt/airflow/dags/example_etl.py
[2025-05-10T15:28:29.731+0000] {processor.py:829} INFO - Processing file /opt/airflow/dags/example_etl.py for tasks to queue
[2025-05-10T15:28:29.731+0000] {logging_mixin.py:151} INFO - [2025-05-10T15:28:29.731+0000] {dagbag.py:539} INFO - Filling up the DagBag from /opt/airflow/dags/example_etl.py
[2025-05-10T15:28:29.738+0000] {processor.py:839} INFO - DAG(s) dict_keys(['example_etl']) retrieved from /opt/airflow/dags/example_etl.py
[2025-05-10T15:28:29.748+0000] {logging_mixin.py:151} INFO - [2025-05-10T15:28:29.748+0000] {dag.py:2915} INFO - Sync 1 DAGs
[2025-05-10T15:28:29.758+0000] {logging_mixin.py:151} INFO - [2025-05-10T15:28:29.758+0000] {dag.py:3696} INFO - Setting next_dagrun for example_etl to 2025-05-09T00:00:00+00:00, run_after=2025-05-10T00:00:00+00:00
[2025-05-10T15:28:29.767+0000] {processor.py:179} INFO - Processing /opt/airflow/dags/example_etl.py took 0.038 seconds
[2025-05-10T15:29:00.101+0000] {processor.py:157} INFO - Started process (PID=69) to work on /opt/airflow/dags/example_etl.py
[2025-05-10T15:29:00.102+0000] {processor.py:829} INFO - Processing file /opt/airflow/dags/example_etl.py for tasks to queue
[2025-05-10T15:29:00.103+0000] {logging_mixin.py:151} INFO - [2025-05-10T15:29:00.102+0000] {dagbag.py:539} INFO - Filling up the DagBag from /opt/airflow/dags/example_etl.py
[2025-05-10T15:29:00.114+0000] {processor.py:839} INFO - DAG(s) dict_keys(['example_etl']) retrieved from /opt/airflow/dags/example_etl.py
[2025-05-10T15:29:00.129+0000] {logging_mixin.py:151} INFO - [2025-05-10T15:29:00.129+0000] {dag.py:2915} INFO - Sync 1 DAGs
[2025-05-10T15:29:00.139+0000] {logging_mixin.py:151} INFO - [2025-05-10T15:29:00.139+0000] {dag.py:3696} INFO - Setting next_dagrun for example_etl to 2025-05-09T00:00:00+00:00, run_after=2025-05-10T00:00:00+00:00
[2025-05-10T15:29:00.148+0000] {processor.py:179} INFO - Processing /opt/airflow/dags/example_etl.py took 0.051 seconds
[2025-05-10T15:29:30.444+0000] {processor.py:157} INFO - Started process (PID=71) to work on /opt/airflow/dags/example_etl.py
[2025-05-10T15:29:30.445+0000] {processor.py:829} INFO - Processing file /opt/airflow/dags/example_etl.py for tasks to queue
[2025-05-10T15:29:30.446+0000] {logging_mixin.py:151} INFO - [2025-05-10T15:29:30.446+0000] {dagbag.py:539} INFO - Filling up the DagBag from /opt/airflow/dags/example_etl.py
[2025-05-10T15:29:30.458+0000] {processor.py:839} INFO - DAG(s) dict_keys(['example_etl']) retrieved from /opt/airflow/dags/example_etl.py
[2025-05-10T15:29:30.473+0000] {logging_mixin.py:151} INFO - [2025-05-10T15:29:30.473+0000] {dag.py:2915} INFO - Sync 1 DAGs
[2025-05-10T15:29:30.483+0000] {logging_mixin.py:151} INFO - [2025-05-10T15:29:30.483+0000] {dag.py:3696} INFO - Setting next_dagrun for example_etl to 2025-05-09T00:00:00+00:00, run_after=2025-05-10T00:00:00+00:00
[2025-05-10T15:29:30.493+0000] {processor.py:179} INFO - Processing /opt/airflow/dags/example_etl.py took 0.052 seconds
[2025-05-10T15:30:00.795+0000] {processor.py:157} INFO - Started process (PID=73) to work on /opt/airflow/dags/example_etl.py
[2025-05-10T15:30:00.796+0000] {processor.py:829} INFO - Processing file /opt/airflow/dags/example_etl.py for tasks to queue
[2025-05-10T15:30:00.797+0000] {logging_mixin.py:151} INFO - [2025-05-10T15:30:00.796+0000] {dagbag.py:539} INFO - Filling up the DagBag from /opt/airflow/dags/example_etl.py
[2025-05-10T15:30:00.808+0000] {processor.py:839} INFO - DAG(s) dict_keys(['example_etl']) retrieved from /opt/airflow/dags/example_etl.py
[2025-05-10T15:30:00.823+0000] {logging_mixin.py:151} INFO - [2025-05-10T15:30:00.823+0000] {dag.py:2915} INFO - Sync 1 DAGs
[2025-05-10T15:30:00.832+0000] {logging_mixin.py:151} INFO - [2025-05-10T15:30:00.832+0000] {dag.py:3696} INFO - Setting next_dagrun for example_etl to 2025-05-09T00:00:00+00:00, run_after=2025-05-10T00:00:00+00:00
[2025-05-10T15:30:00.842+0000] {processor.py:179} INFO - Processing /opt/airflow/dags/example_etl.py took 0.050 seconds
[2025-05-10T15:30:31.133+0000] {processor.py:157} INFO - Started process (PID=75) to work on /opt/airflow/dags/example_etl.py
[2025-05-10T15:30:31.134+0000] {processor.py:829} INFO - Processing file /opt/airflow/dags/example_etl.py for tasks to queue
[2025-05-10T15:30:31.134+0000] {logging_mixin.py:151} INFO - [2025-05-10T15:30:31.134+0000] {dagbag.py:539} INFO - Filling up the DagBag from /opt/airflow/dags/example_etl.py
[2025-05-10T15:30:31.147+0000] {processor.py:839} INFO - DAG(s) dict_keys(['example_etl']) retrieved from /opt/airflow/dags/example_etl.py
[2025-05-10T15:30:31.163+0000] {logging_mixin.py:151} INFO - [2025-05-10T15:30:31.163+0000] {dag.py:2915} INFO - Sync 1 DAGs
[2025-05-10T15:30:31.173+0000] {logging_mixin.py:151} INFO - [2025-05-10T15:30:31.173+0000] {dag.py:3696} INFO - Setting next_dagrun for example_etl to 2025-05-09T00:00:00+00:00, run_after=2025-05-10T00:00:00+00:00
[2025-05-10T15:30:31.182+0000] {processor.py:179} INFO - Processing /opt/airflow/dags/example_etl.py took 0.053 seconds
[2025-05-10T15:31:01.679+0000] {processor.py:157} INFO - Started process (PID=77) to work on /opt/airflow/dags/example_etl.py
[2025-05-10T15:31:01.680+0000] {processor.py:829} INFO - Processing file /opt/airflow/dags/example_etl.py for tasks to queue
[2025-05-10T15:31:01.680+0000] {logging_mixin.py:151} INFO - [2025-05-10T15:31:01.680+0000] {dagbag.py:539} INFO - Filling up the DagBag from /opt/airflow/dags/example_etl.py
[2025-05-10T15:31:01.689+0000] {processor.py:839} INFO - DAG(s) dict_keys(['example_etl']) retrieved from /opt/airflow/dags/example_etl.py
[2025-05-10T15:31:01.702+0000] {logging_mixin.py:151} INFO - [2025-05-10T15:31:01.702+0000] {dag.py:2915} INFO - Sync 1 DAGs
[2025-05-10T15:31:01.712+0000] {logging_mixin.py:151} INFO - [2025-05-10T15:31:01.712+0000] {dag.py:3696} INFO - Setting next_dagrun for example_etl to 2025-05-09T00:00:00+00:00, run_after=2025-05-10T00:00:00+00:00
[2025-05-10T15:31:01.720+0000] {processor.py:179} INFO - Processing /opt/airflow/dags/example_etl.py took 0.043 seconds
[2025-05-10T15:31:31.972+0000] {processor.py:157} INFO - Started process (PID=79) to work on /opt/airflow/dags/example_etl.py
[2025-05-10T15:31:31.973+0000] {processor.py:829} INFO - Processing file /opt/airflow/dags/example_etl.py for tasks to queue
[2025-05-10T15:31:31.973+0000] {logging_mixin.py:151} INFO - [2025-05-10T15:31:31.973+0000] {dagbag.py:539} INFO - Filling up the DagBag from /opt/airflow/dags/example_etl.py
[2025-05-10T15:31:31.982+0000] {processor.py:839} INFO - DAG(s) dict_keys(['example_etl']) retrieved from /opt/airflow/dags/example_etl.py
[2025-05-10T15:31:31.996+0000] {logging_mixin.py:151} INFO - [2025-05-10T15:31:31.996+0000] {dag.py:2915} INFO - Sync 1 DAGs
[2025-05-10T15:31:32.008+0000] {logging_mixin.py:151} INFO - [2025-05-10T15:31:32.007+0000] {dag.py:3696} INFO - Setting next_dagrun for example_etl to 2025-05-09T00:00:00+00:00, run_after=2025-05-10T00:00:00+00:00
[2025-05-10T15:31:32.017+0000] {processor.py:179} INFO - Processing /opt/airflow/dags/example_etl.py took 0.046 seconds
[2025-05-10T15:32:02.322+0000] {processor.py:157} INFO - Started process (PID=81) to work on /opt/airflow/dags/example_etl.py
[2025-05-10T15:32:02.323+0000] {processor.py:829} INFO - Processing file /opt/airflow/dags/example_etl.py for tasks to queue
[2025-05-10T15:32:02.324+0000] {logging_mixin.py:151} INFO - [2025-05-10T15:32:02.323+0000] {dagbag.py:539} INFO - Filling up the DagBag from /opt/airflow/dags/example_etl.py
[2025-05-10T15:32:02.335+0000] {processor.py:839} INFO - DAG(s) dict_keys(['example_etl']) retrieved from /opt/airflow/dags/example_etl.py
[2025-05-10T15:32:02.350+0000] {logging_mixin.py:151} INFO - [2025-05-10T15:32:02.350+0000] {dag.py:2915} INFO - Sync 1 DAGs
[2025-05-10T15:32:02.359+0000] {logging_mixin.py:151} INFO - [2025-05-10T15:32:02.359+0000] {dag.py:3696} INFO - Setting next_dagrun for example_etl to 2025-05-09T00:00:00+00:00, run_after=2025-05-10T00:00:00+00:00
[2025-05-10T15:32:02.368+0000] {processor.py:179} INFO - Processing /opt/airflow/dags/example_etl.py took 0.050 seconds
[2025-05-10T15:32:32.629+0000] {processor.py:157} INFO - Started process (PID=83) to work on /opt/airflow/dags/example_etl.py
[2025-05-10T15:32:32.629+0000] {processor.py:829} INFO - Processing file /opt/airflow/dags/example_etl.py for tasks to queue
[2025-05-10T15:32:32.630+0000] {logging_mixin.py:151} INFO - [2025-05-10T15:32:32.630+0000] {dagbag.py:539} INFO - Filling up the DagBag from /opt/airflow/dags/example_etl.py
[2025-05-10T15:32:32.638+0000] {processor.py:839} INFO - DAG(s) dict_keys(['example_etl']) retrieved from /opt/airflow/dags/example_etl.py
[2025-05-10T15:32:32.649+0000] {logging_mixin.py:151} INFO - [2025-05-10T15:32:32.649+0000] {dag.py:2915} INFO - Sync 1 DAGs
[2025-05-10T15:32:32.658+0000] {logging_mixin.py:151} INFO - [2025-05-10T15:32:32.658+0000] {dag.py:3696} INFO - Setting next_dagrun for example_etl to 2025-05-09T00:00:00+00:00, run_after=2025-05-10T00:00:00+00:00
[2025-05-10T15:32:32.668+0000] {processor.py:179} INFO - Processing /opt/airflow/dags/example_etl.py took 0.041 seconds
[2025-05-10T15:33:02.992+0000] {processor.py:157} INFO - Started process (PID=85) to work on /opt/airflow/dags/example_etl.py
[2025-05-10T15:33:02.993+0000] {processor.py:829} INFO - Processing file /opt/airflow/dags/example_etl.py for tasks to queue
[2025-05-10T15:33:02.994+0000] {logging_mixin.py:151} INFO - [2025-05-10T15:33:02.993+0000] {dagbag.py:539} INFO - Filling up the DagBag from /opt/airflow/dags/example_etl.py
[2025-05-10T15:33:03.006+0000] {processor.py:839} INFO - DAG(s) dict_keys(['example_etl']) retrieved from /opt/airflow/dags/example_etl.py
[2025-05-10T15:33:03.020+0000] {logging_mixin.py:151} INFO - [2025-05-10T15:33:03.020+0000] {dag.py:2915} INFO - Sync 1 DAGs
[2025-05-10T15:33:03.029+0000] {logging_mixin.py:151} INFO - [2025-05-10T15:33:03.029+0000] {dag.py:3696} INFO - Setting next_dagrun for example_etl to 2025-05-09T00:00:00+00:00, run_after=2025-05-10T00:00:00+00:00
[2025-05-10T15:33:03.038+0000] {processor.py:179} INFO - Processing /opt/airflow/dags/example_etl.py took 0.049 seconds
[2025-05-10T15:33:33.302+0000] {processor.py:157} INFO - Started process (PID=87) to work on /opt/airflow/dags/example_etl.py
[2025-05-10T15:33:33.302+0000] {processor.py:829} INFO - Processing file /opt/airflow/dags/example_etl.py for tasks to queue
[2025-05-10T15:33:33.303+0000] {logging_mixin.py:151} INFO - [2025-05-10T15:33:33.303+0000] {dagbag.py:539} INFO - Filling up the DagBag from /opt/airflow/dags/example_etl.py
[2025-05-10T15:33:33.314+0000] {processor.py:839} INFO - DAG(s) dict_keys(['example_etl']) retrieved from /opt/airflow/dags/example_etl.py
[2025-05-10T15:33:33.328+0000] {logging_mixin.py:151} INFO - [2025-05-10T15:33:33.328+0000] {dag.py:2915} INFO - Sync 1 DAGs
[2025-05-10T15:33:33.337+0000] {logging_mixin.py:151} INFO - [2025-05-10T15:33:33.337+0000] {dag.py:3696} INFO - Setting next_dagrun for example_etl to 2025-05-09T00:00:00+00:00, run_after=2025-05-10T00:00:00+00:00
[2025-05-10T15:33:33.346+0000] {processor.py:179} INFO - Processing /opt/airflow/dags/example_etl.py took 0.047 seconds
[2025-05-10T15:34:03.653+0000] {processor.py:157} INFO - Started process (PID=89) to work on /opt/airflow/dags/example_etl.py
[2025-05-10T15:34:03.654+0000] {processor.py:829} INFO - Processing file /opt/airflow/dags/example_etl.py for tasks to queue
[2025-05-10T15:34:03.655+0000] {logging_mixin.py:151} INFO - [2025-05-10T15:34:03.654+0000] {dagbag.py:539} INFO - Filling up the DagBag from /opt/airflow/dags/example_etl.py
[2025-05-10T15:34:03.664+0000] {processor.py:839} INFO - DAG(s) dict_keys(['example_etl']) retrieved from /opt/airflow/dags/example_etl.py
[2025-05-10T15:34:03.676+0000] {logging_mixin.py:151} INFO - [2025-05-10T15:34:03.676+0000] {dag.py:2915} INFO - Sync 1 DAGs
[2025-05-10T15:34:03.685+0000] {logging_mixin.py:151} INFO - [2025-05-10T15:34:03.685+0000] {dag.py:3696} INFO - Setting next_dagrun for example_etl to 2025-05-09T00:00:00+00:00, run_after=2025-05-10T00:00:00+00:00
[2025-05-10T15:34:03.694+0000] {processor.py:179} INFO - Processing /opt/airflow/dags/example_etl.py took 0.044 seconds
[2025-05-10T15:34:34.018+0000] {processor.py:157} INFO - Started process (PID=91) to work on /opt/airflow/dags/example_etl.py
[2025-05-10T15:34:34.019+0000] {processor.py:829} INFO - Processing file /opt/airflow/dags/example_etl.py for tasks to queue
[2025-05-10T15:34:34.020+0000] {logging_mixin.py:151} INFO - [2025-05-10T15:34:34.019+0000] {dagbag.py:539} INFO - Filling up the DagBag from /opt/airflow/dags/example_etl.py
[2025-05-10T15:34:34.032+0000] {processor.py:839} INFO - DAG(s) dict_keys(['example_etl']) retrieved from /opt/airflow/dags/example_etl.py
[2025-05-10T15:34:34.048+0000] {logging_mixin.py:151} INFO - [2025-05-10T15:34:34.048+0000] {dag.py:2915} INFO - Sync 1 DAGs
[2025-05-10T15:34:34.058+0000] {logging_mixin.py:151} INFO - [2025-05-10T15:34:34.058+0000] {dag.py:3696} INFO - Setting next_dagrun for example_etl to 2025-05-09T00:00:00+00:00, run_after=2025-05-10T00:00:00+00:00
[2025-05-10T15:34:34.066+0000] {processor.py:179} INFO - Processing /opt/airflow/dags/example_etl.py took 0.052 seconds
[2025-05-10T15:35:04.371+0000] {processor.py:157} INFO - Started process (PID=93) to work on /opt/airflow/dags/example_etl.py
[2025-05-10T15:35:04.372+0000] {processor.py:829} INFO - Processing file /opt/airflow/dags/example_etl.py for tasks to queue
[2025-05-10T15:35:04.373+0000] {logging_mixin.py:151} INFO - [2025-05-10T15:35:04.373+0000] {dagbag.py:539} INFO - Filling up the DagBag from /opt/airflow/dags/example_etl.py
[2025-05-10T15:35:04.384+0000] {processor.py:839} INFO - DAG(s) dict_keys(['example_etl']) retrieved from /opt/airflow/dags/example_etl.py
[2025-05-10T15:35:04.399+0000] {logging_mixin.py:151} INFO - [2025-05-10T15:35:04.399+0000] {dag.py:2915} INFO - Sync 1 DAGs
[2025-05-10T15:35:04.408+0000] {logging_mixin.py:151} INFO - [2025-05-10T15:35:04.408+0000] {dag.py:3696} INFO - Setting next_dagrun for example_etl to 2025-05-09T00:00:00+00:00, run_after=2025-05-10T00:00:00+00:00
[2025-05-10T15:35:04.417+0000] {processor.py:179} INFO - Processing /opt/airflow/dags/example_etl.py took 0.050 seconds
[2025-05-10T15:35:34.704+0000] {processor.py:157} INFO - Started process (PID=95) to work on /opt/airflow/dags/example_etl.py
[2025-05-10T15:35:34.705+0000] {processor.py:829} INFO - Processing file /opt/airflow/dags/example_etl.py for tasks to queue
[2025-05-10T15:35:34.706+0000] {logging_mixin.py:151} INFO - [2025-05-10T15:35:34.705+0000] {dagbag.py:539} INFO - Filling up the DagBag from /opt/airflow/dags/example_etl.py
[2025-05-10T15:35:34.718+0000] {processor.py:839} INFO - DAG(s) dict_keys(['example_etl']) retrieved from /opt/airflow/dags/example_etl.py
[2025-05-10T15:35:34.733+0000] {logging_mixin.py:151} INFO - [2025-05-10T15:35:34.733+0000] {dag.py:2915} INFO - Sync 1 DAGs
[2025-05-10T15:35:34.743+0000] {logging_mixin.py:151} INFO - [2025-05-10T15:35:34.743+0000] {dag.py:3696} INFO - Setting next_dagrun for example_etl to 2025-05-09T00:00:00+00:00, run_after=2025-05-10T00:00:00+00:00
[2025-05-10T15:35:34.751+0000] {processor.py:179} INFO - Processing /opt/airflow/dags/example_etl.py took 0.050 seconds
[2025-05-10T15:36:05.000+0000] {processor.py:157} INFO - Started process (PID=97) to work on /opt/airflow/dags/example_etl.py
[2025-05-10T15:36:05.001+0000] {processor.py:829} INFO - Processing file /opt/airflow/dags/example_etl.py for tasks to queue
[2025-05-10T15:36:05.002+0000] {logging_mixin.py:151} INFO - [2025-05-10T15:36:05.002+0000] {dagbag.py:539} INFO - Filling up the DagBag from /opt/airflow/dags/example_etl.py
[2025-05-10T15:36:05.010+0000] {processor.py:839} INFO - DAG(s) dict_keys(['example_etl']) retrieved from /opt/airflow/dags/example_etl.py
[2025-05-10T15:36:05.022+0000] {logging_mixin.py:151} INFO - [2025-05-10T15:36:05.022+0000] {dag.py:2915} INFO - Sync 1 DAGs
[2025-05-10T15:36:05.031+0000] {logging_mixin.py:151} INFO - [2025-05-10T15:36:05.031+0000] {dag.py:3696} INFO - Setting next_dagrun for example_etl to 2025-05-09T00:00:00+00:00, run_after=2025-05-10T00:00:00+00:00
[2025-05-10T15:36:05.039+0000] {processor.py:179} INFO - Processing /opt/airflow/dags/example_etl.py took 0.040 seconds
[2025-05-10T15:36:35.376+0000] {processor.py:157} INFO - Started process (PID=99) to work on /opt/airflow/dags/example_etl.py
[2025-05-10T15:36:35.377+0000] {processor.py:829} INFO - Processing file /opt/airflow/dags/example_etl.py for tasks to queue
[2025-05-10T15:36:35.377+0000] {logging_mixin.py:151} INFO - [2025-05-10T15:36:35.377+0000] {dagbag.py:539} INFO - Filling up the DagBag from /opt/airflow/dags/example_etl.py
[2025-05-10T15:36:35.390+0000] {processor.py:839} INFO - DAG(s) dict_keys(['example_etl']) retrieved from /opt/airflow/dags/example_etl.py
[2025-05-10T15:36:35.405+0000] {logging_mixin.py:151} INFO - [2025-05-10T15:36:35.405+0000] {dag.py:2915} INFO - Sync 1 DAGs
[2025-05-10T15:36:35.414+0000] {logging_mixin.py:151} INFO - [2025-05-10T15:36:35.414+0000] {dag.py:3696} INFO - Setting next_dagrun for example_etl to 2025-05-09T00:00:00+00:00, run_after=2025-05-10T00:00:00+00:00
[2025-05-10T15:36:35.423+0000] {processor.py:179} INFO - Processing /opt/airflow/dags/example_etl.py took 0.050 seconds
[2025-05-10T15:37:05.721+0000] {processor.py:157} INFO - Started process (PID=101) to work on /opt/airflow/dags/example_etl.py
[2025-05-10T15:37:05.722+0000] {processor.py:829} INFO - Processing file /opt/airflow/dags/example_etl.py for tasks to queue
[2025-05-10T15:37:05.723+0000] {logging_mixin.py:151} INFO - [2025-05-10T15:37:05.723+0000] {dagbag.py:539} INFO - Filling up the DagBag from /opt/airflow/dags/example_etl.py
[2025-05-10T15:37:05.731+0000] {processor.py:839} INFO - DAG(s) dict_keys(['example_etl']) retrieved from /opt/airflow/dags/example_etl.py
[2025-05-10T15:37:05.743+0000] {logging_mixin.py:151} INFO - [2025-05-10T15:37:05.743+0000] {dag.py:2915} INFO - Sync 1 DAGs
[2025-05-10T15:37:05.752+0000] {logging_mixin.py:151} INFO - [2025-05-10T15:37:05.751+0000] {dag.py:3696} INFO - Setting next_dagrun for example_etl to 2025-05-09T00:00:00+00:00, run_after=2025-05-10T00:00:00+00:00
[2025-05-10T15:37:05.759+0000] {processor.py:179} INFO - Processing /opt/airflow/dags/example_etl.py took 0.041 seconds
[2025-05-10T15:37:35.924+0000] {processor.py:157} INFO - Started process (PID=103) to work on /opt/airflow/dags/example_etl.py
[2025-05-10T15:37:35.925+0000] {processor.py:829} INFO - Processing file /opt/airflow/dags/example_etl.py for tasks to queue
[2025-05-10T15:37:35.926+0000] {logging_mixin.py:151} INFO - [2025-05-10T15:37:35.926+0000] {dagbag.py:539} INFO - Filling up the DagBag from /opt/airflow/dags/example_etl.py
[2025-05-10T15:37:35.938+0000] {processor.py:839} INFO - DAG(s) dict_keys(['example_etl']) retrieved from /opt/airflow/dags/example_etl.py
[2025-05-10T15:37:35.952+0000] {logging_mixin.py:151} INFO - [2025-05-10T15:37:35.952+0000] {dag.py:2915} INFO - Sync 1 DAGs
[2025-05-10T15:37:35.962+0000] {logging_mixin.py:151} INFO - [2025-05-10T15:37:35.961+0000] {dag.py:3696} INFO - Setting next_dagrun for example_etl to 2025-05-09T00:00:00+00:00, run_after=2025-05-10T00:00:00+00:00
[2025-05-10T15:37:35.970+0000] {processor.py:179} INFO - Processing /opt/airflow/dags/example_etl.py took 0.049 seconds
[2025-05-10T15:38:06.128+0000] {processor.py:157} INFO - Started process (PID=105) to work on /opt/airflow/dags/example_etl.py
[2025-05-10T15:38:06.129+0000] {processor.py:829} INFO - Processing file /opt/airflow/dags/example_etl.py for tasks to queue
[2025-05-10T15:38:06.130+0000] {logging_mixin.py:151} INFO - [2025-05-10T15:38:06.129+0000] {dagbag.py:539} INFO - Filling up the DagBag from /opt/airflow/dags/example_etl.py
[2025-05-10T15:38:06.144+0000] {processor.py:839} INFO - DAG(s) dict_keys(['example_etl']) retrieved from /opt/airflow/dags/example_etl.py
[2025-05-10T15:38:06.169+0000] {logging_mixin.py:151} INFO - [2025-05-10T15:38:06.169+0000] {dag.py:2915} INFO - Sync 1 DAGs
[2025-05-10T15:38:06.190+0000] {logging_mixin.py:151} INFO - [2025-05-10T15:38:06.189+0000] {dag.py:3696} INFO - Setting next_dagrun for example_etl to 2025-05-09T00:00:00+00:00, run_after=2025-05-10T00:00:00+00:00
[2025-05-10T15:38:06.211+0000] {processor.py:179} INFO - Processing /opt/airflow/dags/example_etl.py took 0.085 seconds
[2025-05-10T15:38:36.336+0000] {processor.py:157} INFO - Started process (PID=107) to work on /opt/airflow/dags/example_etl.py
[2025-05-10T15:38:36.336+0000] {processor.py:829} INFO - Processing file /opt/airflow/dags/example_etl.py for tasks to queue
[2025-05-10T15:38:36.336+0000] {logging_mixin.py:151} INFO - [2025-05-10T15:38:36.336+0000] {dagbag.py:539} INFO - Filling up the DagBag from /opt/airflow/dags/example_etl.py
[2025-05-10T15:38:36.343+0000] {processor.py:839} INFO - DAG(s) dict_keys(['example_etl']) retrieved from /opt/airflow/dags/example_etl.py
[2025-05-10T15:38:36.353+0000] {logging_mixin.py:151} INFO - [2025-05-10T15:38:36.353+0000] {dag.py:2915} INFO - Sync 1 DAGs
[2025-05-10T15:38:36.362+0000] {logging_mixin.py:151} INFO - [2025-05-10T15:38:36.362+0000] {dag.py:3696} INFO - Setting next_dagrun for example_etl to 2025-05-09T00:00:00+00:00, run_after=2025-05-10T00:00:00+00:00
[2025-05-10T15:38:36.371+0000] {processor.py:179} INFO - Processing /opt/airflow/dags/example_etl.py took 0.037 seconds
[2025-05-10T15:39:06.552+0000] {processor.py:157} INFO - Started process (PID=109) to work on /opt/airflow/dags/example_etl.py
[2025-05-10T15:39:06.553+0000] {processor.py:829} INFO - Processing file /opt/airflow/dags/example_etl.py for tasks to queue
[2025-05-10T15:39:06.554+0000] {logging_mixin.py:151} INFO - [2025-05-10T15:39:06.554+0000] {dagbag.py:539} INFO - Filling up the DagBag from /opt/airflow/dags/example_etl.py
[2025-05-10T15:39:06.565+0000] {processor.py:839} INFO - DAG(s) dict_keys(['example_etl']) retrieved from /opt/airflow/dags/example_etl.py
[2025-05-10T15:39:06.580+0000] {logging_mixin.py:151} INFO - [2025-05-10T15:39:06.580+0000] {dag.py:2915} INFO - Sync 1 DAGs
[2025-05-10T15:39:06.591+0000] {logging_mixin.py:151} INFO - [2025-05-10T15:39:06.590+0000] {dag.py:3696} INFO - Setting next_dagrun for example_etl to 2025-05-09T00:00:00+00:00, run_after=2025-05-10T00:00:00+00:00
[2025-05-10T15:39:06.600+0000] {processor.py:179} INFO - Processing /opt/airflow/dags/example_etl.py took 0.051 seconds
[2025-05-10T15:39:36.779+0000] {processor.py:157} INFO - Started process (PID=111) to work on /opt/airflow/dags/example_etl.py
[2025-05-10T15:39:36.780+0000] {processor.py:829} INFO - Processing file /opt/airflow/dags/example_etl.py for tasks to queue
[2025-05-10T15:39:36.781+0000] {logging_mixin.py:151} INFO - [2025-05-10T15:39:36.780+0000] {dagbag.py:539} INFO - Filling up the DagBag from /opt/airflow/dags/example_etl.py
[2025-05-10T15:39:36.794+0000] {processor.py:839} INFO - DAG(s) dict_keys(['example_etl']) retrieved from /opt/airflow/dags/example_etl.py
[2025-05-10T15:39:36.813+0000] {logging_mixin.py:151} INFO - [2025-05-10T15:39:36.813+0000] {dag.py:2915} INFO - Sync 1 DAGs
[2025-05-10T15:39:36.824+0000] {logging_mixin.py:151} INFO - [2025-05-10T15:39:36.823+0000] {dag.py:3696} INFO - Setting next_dagrun for example_etl to 2025-05-09T00:00:00+00:00, run_after=2025-05-10T00:00:00+00:00
[2025-05-10T15:39:36.833+0000] {processor.py:179} INFO - Processing /opt/airflow/dags/example_etl.py took 0.057 seconds
[2025-05-10T15:40:06.981+0000] {processor.py:157} INFO - Started process (PID=113) to work on /opt/airflow/dags/example_etl.py
[2025-05-10T15:40:06.982+0000] {processor.py:829} INFO - Processing file /opt/airflow/dags/example_etl.py for tasks to queue
[2025-05-10T15:40:06.982+0000] {logging_mixin.py:151} INFO - [2025-05-10T15:40:06.982+0000] {dagbag.py:539} INFO - Filling up the DagBag from /opt/airflow/dags/example_etl.py
[2025-05-10T15:40:06.990+0000] {processor.py:839} INFO - DAG(s) dict_keys(['example_etl']) retrieved from /opt/airflow/dags/example_etl.py
[2025-05-10T15:40:07.001+0000] {logging_mixin.py:151} INFO - [2025-05-10T15:40:07.001+0000] {dag.py:2915} INFO - Sync 1 DAGs
[2025-05-10T15:40:07.009+0000] {logging_mixin.py:151} INFO - [2025-05-10T15:40:07.009+0000] {dag.py:3696} INFO - Setting next_dagrun for example_etl to 2025-05-09T00:00:00+00:00, run_after=2025-05-10T00:00:00+00:00
[2025-05-10T15:40:07.019+0000] {processor.py:179} INFO - Processing /opt/airflow/dags/example_etl.py took 0.040 seconds
[2025-05-10T15:40:37.183+0000] {processor.py:157} INFO - Started process (PID=115) to work on /opt/airflow/dags/example_etl.py
[2025-05-10T15:40:37.184+0000] {processor.py:829} INFO - Processing file /opt/airflow/dags/example_etl.py for tasks to queue
[2025-05-10T15:40:37.185+0000] {logging_mixin.py:151} INFO - [2025-05-10T15:40:37.184+0000] {dagbag.py:539} INFO - Filling up the DagBag from /opt/airflow/dags/example_etl.py
[2025-05-10T15:40:37.195+0000] {processor.py:839} INFO - DAG(s) dict_keys(['example_etl']) retrieved from /opt/airflow/dags/example_etl.py
[2025-05-10T15:40:37.208+0000] {logging_mixin.py:151} INFO - [2025-05-10T15:40:37.208+0000] {dag.py:2915} INFO - Sync 1 DAGs
[2025-05-10T15:40:37.217+0000] {logging_mixin.py:151} INFO - [2025-05-10T15:40:37.217+0000] {dag.py:3696} INFO - Setting next_dagrun for example_etl to 2025-05-09T00:00:00+00:00, run_after=2025-05-10T00:00:00+00:00
[2025-05-10T15:40:37.226+0000] {processor.py:179} INFO - Processing /opt/airflow/dags/example_etl.py took 0.045 seconds
[2025-05-10T15:41:07.363+0000] {processor.py:157} INFO - Started process (PID=117) to work on /opt/airflow/dags/example_etl.py
[2025-05-10T15:41:07.364+0000] {processor.py:829} INFO - Processing file /opt/airflow/dags/example_etl.py for tasks to queue
[2025-05-10T15:41:07.364+0000] {logging_mixin.py:151} INFO - [2025-05-10T15:41:07.364+0000] {dagbag.py:539} INFO - Filling up the DagBag from /opt/airflow/dags/example_etl.py
[2025-05-10T15:41:07.370+0000] {processor.py:839} INFO - DAG(s) dict_keys(['example_etl']) retrieved from /opt/airflow/dags/example_etl.py
[2025-05-10T15:41:07.379+0000] {logging_mixin.py:151} INFO - [2025-05-10T15:41:07.379+0000] {dag.py:2915} INFO - Sync 1 DAGs
[2025-05-10T15:41:07.387+0000] {logging_mixin.py:151} INFO - [2025-05-10T15:41:07.387+0000] {dag.py:3696} INFO - Setting next_dagrun for example_etl to 2025-05-09T00:00:00+00:00, run_after=2025-05-10T00:00:00+00:00
[2025-05-10T15:41:07.394+0000] {processor.py:179} INFO - Processing /opt/airflow/dags/example_etl.py took 0.032 seconds
[2025-05-10T15:41:38.698+0000] {processor.py:157} INFO - Started process (PID=119) to work on /opt/airflow/dags/example_etl.py
[2025-05-10T15:41:38.699+0000] {processor.py:829} INFO - Processing file /opt/airflow/dags/example_etl.py for tasks to queue
[2025-05-10T15:41:38.699+0000] {logging_mixin.py:151} INFO - [2025-05-10T15:41:38.699+0000] {dagbag.py:539} INFO - Filling up the DagBag from /opt/airflow/dags/example_etl.py
[2025-05-10T15:41:38.706+0000] {processor.py:839} INFO - DAG(s) dict_keys(['example_etl']) retrieved from /opt/airflow/dags/example_etl.py
[2025-05-10T15:41:38.715+0000] {logging_mixin.py:151} INFO - [2025-05-10T15:41:38.715+0000] {dag.py:2915} INFO - Sync 1 DAGs
[2025-05-10T15:41:38.723+0000] {logging_mixin.py:151} INFO - [2025-05-10T15:41:38.723+0000] {dag.py:3696} INFO - Setting next_dagrun for example_etl to 2025-05-09T00:00:00+00:00, run_after=2025-05-10T00:00:00+00:00
[2025-05-10T15:41:38.731+0000] {processor.py:179} INFO - Processing /opt/airflow/dags/example_etl.py took 0.035 seconds
[2025-05-10T15:42:08.927+0000] {processor.py:157} INFO - Started process (PID=121) to work on /opt/airflow/dags/example_etl.py
[2025-05-10T15:42:08.927+0000] {processor.py:829} INFO - Processing file /opt/airflow/dags/example_etl.py for tasks to queue
[2025-05-10T15:42:08.928+0000] {logging_mixin.py:151} INFO - [2025-05-10T15:42:08.928+0000] {dagbag.py:539} INFO - Filling up the DagBag from /opt/airflow/dags/example_etl.py
[2025-05-10T15:42:08.940+0000] {processor.py:839} INFO - DAG(s) dict_keys(['example_etl']) retrieved from /opt/airflow/dags/example_etl.py
[2025-05-10T15:42:08.954+0000] {logging_mixin.py:151} INFO - [2025-05-10T15:42:08.954+0000] {dag.py:2915} INFO - Sync 1 DAGs
[2025-05-10T15:42:08.963+0000] {logging_mixin.py:151} INFO - [2025-05-10T15:42:08.963+0000] {dag.py:3696} INFO - Setting next_dagrun for example_etl to 2025-05-09T00:00:00+00:00, run_after=2025-05-10T00:00:00+00:00
[2025-05-10T15:42:08.971+0000] {processor.py:179} INFO - Processing /opt/airflow/dags/example_etl.py took 0.047 seconds
[2025-05-10T15:42:39.253+0000] {processor.py:157} INFO - Started process (PID=123) to work on /opt/airflow/dags/example_etl.py
[2025-05-10T15:42:39.256+0000] {processor.py:829} INFO - Processing file /opt/airflow/dags/example_etl.py for tasks to queue
[2025-05-10T15:42:39.258+0000] {logging_mixin.py:151} INFO - [2025-05-10T15:42:39.257+0000] {dagbag.py:539} INFO - Filling up the DagBag from /opt/airflow/dags/example_etl.py
[2025-05-10T15:42:39.271+0000] {processor.py:839} INFO - DAG(s) dict_keys(['example_etl']) retrieved from /opt/airflow/dags/example_etl.py
[2025-05-10T15:42:39.302+0000] {logging_mixin.py:151} INFO - [2025-05-10T15:42:39.302+0000] {dag.py:2915} INFO - Sync 1 DAGs
[2025-05-10T15:42:39.315+0000] {logging_mixin.py:151} INFO - [2025-05-10T15:42:39.315+0000] {dag.py:3696} INFO - Setting next_dagrun for example_etl to 2025-05-09T00:00:00+00:00, run_after=2025-05-10T00:00:00+00:00
[2025-05-10T15:42:39.334+0000] {processor.py:179} INFO - Processing /opt/airflow/dags/example_etl.py took 0.086 seconds
[2025-05-10T15:43:09.446+0000] {processor.py:157} INFO - Started process (PID=125) to work on /opt/airflow/dags/example_etl.py
[2025-05-10T15:43:09.447+0000] {processor.py:829} INFO - Processing file /opt/airflow/dags/example_etl.py for tasks to queue
[2025-05-10T15:43:09.447+0000] {logging_mixin.py:151} INFO - [2025-05-10T15:43:09.447+0000] {dagbag.py:539} INFO - Filling up the DagBag from /opt/airflow/dags/example_etl.py
[2025-05-10T15:43:09.459+0000] {processor.py:839} INFO - DAG(s) dict_keys(['example_etl']) retrieved from /opt/airflow/dags/example_etl.py
[2025-05-10T15:43:09.471+0000] {logging_mixin.py:151} INFO - [2025-05-10T15:43:09.470+0000] {dag.py:2915} INFO - Sync 1 DAGs
[2025-05-10T15:43:09.479+0000] {logging_mixin.py:151} INFO - [2025-05-10T15:43:09.479+0000] {dag.py:3696} INFO - Setting next_dagrun for example_etl to 2025-05-09T00:00:00+00:00, run_after=2025-05-10T00:00:00+00:00
[2025-05-10T15:43:09.488+0000] {processor.py:179} INFO - Processing /opt/airflow/dags/example_etl.py took 0.045 seconds
[2025-05-10T15:43:39.650+0000] {processor.py:157} INFO - Started process (PID=127) to work on /opt/airflow/dags/example_etl.py
[2025-05-10T15:43:39.650+0000] {processor.py:829} INFO - Processing file /opt/airflow/dags/example_etl.py for tasks to queue
[2025-05-10T15:43:39.651+0000] {logging_mixin.py:151} INFO - [2025-05-10T15:43:39.651+0000] {dagbag.py:539} INFO - Filling up the DagBag from /opt/airflow/dags/example_etl.py
[2025-05-10T15:43:39.664+0000] {processor.py:839} INFO - DAG(s) dict_keys(['example_etl']) retrieved from /opt/airflow/dags/example_etl.py
[2025-05-10T15:43:39.683+0000] {logging_mixin.py:151} INFO - [2025-05-10T15:43:39.683+0000] {dag.py:2915} INFO - Sync 1 DAGs
[2025-05-10T15:43:39.695+0000] {logging_mixin.py:151} INFO - [2025-05-10T15:43:39.695+0000] {dag.py:3696} INFO - Setting next_dagrun for example_etl to 2025-05-09T00:00:00+00:00, run_after=2025-05-10T00:00:00+00:00
[2025-05-10T15:43:39.706+0000] {processor.py:179} INFO - Processing /opt/airflow/dags/example_etl.py took 0.061 seconds
[2025-05-10T15:44:09.866+0000] {processor.py:157} INFO - Started process (PID=129) to work on /opt/airflow/dags/example_etl.py
[2025-05-10T15:44:09.867+0000] {processor.py:829} INFO - Processing file /opt/airflow/dags/example_etl.py for tasks to queue
[2025-05-10T15:44:09.868+0000] {logging_mixin.py:151} INFO - [2025-05-10T15:44:09.867+0000] {dagbag.py:539} INFO - Filling up the DagBag from /opt/airflow/dags/example_etl.py
[2025-05-10T15:44:09.880+0000] {processor.py:839} INFO - DAG(s) dict_keys(['example_etl']) retrieved from /opt/airflow/dags/example_etl.py
[2025-05-10T15:44:09.896+0000] {logging_mixin.py:151} INFO - [2025-05-10T15:44:09.895+0000] {dag.py:2915} INFO - Sync 1 DAGs
[2025-05-10T15:44:09.905+0000] {logging_mixin.py:151} INFO - [2025-05-10T15:44:09.905+0000] {dag.py:3696} INFO - Setting next_dagrun for example_etl to 2025-05-09T00:00:00+00:00, run_after=2025-05-10T00:00:00+00:00
[2025-05-10T15:44:09.914+0000] {processor.py:179} INFO - Processing /opt/airflow/dags/example_etl.py took 0.052 seconds
[2025-05-10T15:44:40.098+0000] {processor.py:157} INFO - Started process (PID=131) to work on /opt/airflow/dags/example_etl.py
[2025-05-10T15:44:40.099+0000] {processor.py:829} INFO - Processing file /opt/airflow/dags/example_etl.py for tasks to queue
[2025-05-10T15:44:40.099+0000] {logging_mixin.py:151} INFO - [2025-05-10T15:44:40.099+0000] {dagbag.py:539} INFO - Filling up the DagBag from /opt/airflow/dags/example_etl.py
[2025-05-10T15:44:40.111+0000] {processor.py:839} INFO - DAG(s) dict_keys(['example_etl']) retrieved from /opt/airflow/dags/example_etl.py
[2025-05-10T15:44:40.126+0000] {logging_mixin.py:151} INFO - [2025-05-10T15:44:40.126+0000] {dag.py:2915} INFO - Sync 1 DAGs
[2025-05-10T15:44:40.135+0000] {logging_mixin.py:151} INFO - [2025-05-10T15:44:40.135+0000] {dag.py:3696} INFO - Setting next_dagrun for example_etl to 2025-05-09T00:00:00+00:00, run_after=2025-05-10T00:00:00+00:00
[2025-05-10T15:44:40.144+0000] {processor.py:179} INFO - Processing /opt/airflow/dags/example_etl.py took 0.051 seconds
[2025-05-10T15:45:10.317+0000] {processor.py:157} INFO - Started process (PID=133) to work on /opt/airflow/dags/example_etl.py
[2025-05-10T15:45:10.318+0000] {processor.py:829} INFO - Processing file /opt/airflow/dags/example_etl.py for tasks to queue
[2025-05-10T15:45:10.319+0000] {logging_mixin.py:151} INFO - [2025-05-10T15:45:10.318+0000] {dagbag.py:539} INFO - Filling up the DagBag from /opt/airflow/dags/example_etl.py
[2025-05-10T15:45:10.330+0000] {processor.py:839} INFO - DAG(s) dict_keys(['example_etl']) retrieved from /opt/airflow/dags/example_etl.py
[2025-05-10T15:45:10.344+0000] {logging_mixin.py:151} INFO - [2025-05-10T15:45:10.344+0000] {dag.py:2915} INFO - Sync 1 DAGs
[2025-05-10T15:45:10.353+0000] {logging_mixin.py:151} INFO - [2025-05-10T15:45:10.353+0000] {dag.py:3696} INFO - Setting next_dagrun for example_etl to 2025-05-09T00:00:00+00:00, run_after=2025-05-10T00:00:00+00:00
[2025-05-10T15:45:10.362+0000] {processor.py:179} INFO - Processing /opt/airflow/dags/example_etl.py took 0.049 seconds
[2025-05-10T15:45:40.532+0000] {processor.py:157} INFO - Started process (PID=135) to work on /opt/airflow/dags/example_etl.py
[2025-05-10T15:45:40.533+0000] {processor.py:829} INFO - Processing file /opt/airflow/dags/example_etl.py for tasks to queue
[2025-05-10T15:45:40.534+0000] {logging_mixin.py:151} INFO - [2025-05-10T15:45:40.533+0000] {dagbag.py:539} INFO - Filling up the DagBag from /opt/airflow/dags/example_etl.py
[2025-05-10T15:45:40.545+0000] {processor.py:839} INFO - DAG(s) dict_keys(['example_etl']) retrieved from /opt/airflow/dags/example_etl.py
[2025-05-10T15:45:40.560+0000] {logging_mixin.py:151} INFO - [2025-05-10T15:45:40.560+0000] {dag.py:2915} INFO - Sync 1 DAGs
[2025-05-10T15:45:40.570+0000] {logging_mixin.py:151} INFO - [2025-05-10T15:45:40.570+0000] {dag.py:3696} INFO - Setting next_dagrun for example_etl to 2025-05-09T00:00:00+00:00, run_after=2025-05-10T00:00:00+00:00
[2025-05-10T15:45:40.578+0000] {processor.py:179} INFO - Processing /opt/airflow/dags/example_etl.py took 0.050 seconds
[2025-05-10T15:46:10.696+0000] {processor.py:157} INFO - Started process (PID=137) to work on /opt/airflow/dags/example_etl.py
[2025-05-10T15:46:10.698+0000] {processor.py:829} INFO - Processing file /opt/airflow/dags/example_etl.py for tasks to queue
[2025-05-10T15:46:10.699+0000] {logging_mixin.py:151} INFO - [2025-05-10T15:46:10.699+0000] {dagbag.py:539} INFO - Filling up the DagBag from /opt/airflow/dags/example_etl.py
[2025-05-10T15:46:10.717+0000] {processor.py:839} INFO - DAG(s) dict_keys(['example_etl']) retrieved from /opt/airflow/dags/example_etl.py
[2025-05-10T15:46:10.734+0000] {logging_mixin.py:151} INFO - [2025-05-10T15:46:10.734+0000] {dag.py:2915} INFO - Sync 1 DAGs
[2025-05-10T15:46:10.744+0000] {logging_mixin.py:151} INFO - [2025-05-10T15:46:10.744+0000] {dag.py:3696} INFO - Setting next_dagrun for example_etl to 2025-05-09T00:00:00+00:00, run_after=2025-05-10T00:00:00+00:00
[2025-05-10T15:46:10.753+0000] {processor.py:179} INFO - Processing /opt/airflow/dags/example_etl.py took 0.064 seconds
[2025-05-10T15:46:40.855+0000] {processor.py:157} INFO - Started process (PID=139) to work on /opt/airflow/dags/example_etl.py
[2025-05-10T15:46:40.855+0000] {processor.py:829} INFO - Processing file /opt/airflow/dags/example_etl.py for tasks to queue
[2025-05-10T15:46:40.856+0000] {logging_mixin.py:151} INFO - [2025-05-10T15:46:40.855+0000] {dagbag.py:539} INFO - Filling up the DagBag from /opt/airflow/dags/example_etl.py
[2025-05-10T15:46:40.866+0000] {processor.py:839} INFO - DAG(s) dict_keys(['example_etl']) retrieved from /opt/airflow/dags/example_etl.py
[2025-05-10T15:46:40.889+0000] {logging_mixin.py:151} INFO - [2025-05-10T15:46:40.889+0000] {dag.py:2915} INFO - Sync 1 DAGs
[2025-05-10T15:46:40.901+0000] {logging_mixin.py:151} INFO - [2025-05-10T15:46:40.901+0000] {dag.py:3696} INFO - Setting next_dagrun for example_etl to 2025-05-09T00:00:00+00:00, run_after=2025-05-10T00:00:00+00:00
[2025-05-10T15:46:40.916+0000] {processor.py:179} INFO - Processing /opt/airflow/dags/example_etl.py took 0.064 seconds
[2025-05-10T15:47:11.013+0000] {processor.py:157} INFO - Started process (PID=141) to work on /opt/airflow/dags/example_etl.py
[2025-05-10T15:47:11.014+0000] {processor.py:829} INFO - Processing file /opt/airflow/dags/example_etl.py for tasks to queue
[2025-05-10T15:47:11.014+0000] {logging_mixin.py:151} INFO - [2025-05-10T15:47:11.014+0000] {dagbag.py:539} INFO - Filling up the DagBag from /opt/airflow/dags/example_etl.py
[2025-05-10T15:47:11.021+0000] {processor.py:839} INFO - DAG(s) dict_keys(['example_etl']) retrieved from /opt/airflow/dags/example_etl.py
[2025-05-10T15:47:11.030+0000] {logging_mixin.py:151} INFO - [2025-05-10T15:47:11.030+0000] {dag.py:2915} INFO - Sync 1 DAGs
[2025-05-10T15:47:11.038+0000] {logging_mixin.py:151} INFO - [2025-05-10T15:47:11.037+0000] {dag.py:3696} INFO - Setting next_dagrun for example_etl to 2025-05-09T00:00:00+00:00, run_after=2025-05-10T00:00:00+00:00
[2025-05-10T15:47:11.045+0000] {processor.py:179} INFO - Processing /opt/airflow/dags/example_etl.py took 0.033 seconds
[2025-05-10T15:47:41.184+0000] {processor.py:157} INFO - Started process (PID=143) to work on /opt/airflow/dags/example_etl.py
[2025-05-10T15:47:41.185+0000] {processor.py:829} INFO - Processing file /opt/airflow/dags/example_etl.py for tasks to queue
[2025-05-10T15:47:41.185+0000] {logging_mixin.py:151} INFO - [2025-05-10T15:47:41.185+0000] {dagbag.py:539} INFO - Filling up the DagBag from /opt/airflow/dags/example_etl.py
[2025-05-10T15:47:41.196+0000] {processor.py:839} INFO - DAG(s) dict_keys(['example_etl']) retrieved from /opt/airflow/dags/example_etl.py
[2025-05-10T15:47:41.216+0000] {logging_mixin.py:151} INFO - [2025-05-10T15:47:41.216+0000] {dag.py:2915} INFO - Sync 1 DAGs
[2025-05-10T15:47:41.229+0000] {logging_mixin.py:151} INFO - [2025-05-10T15:47:41.229+0000] {dag.py:3696} INFO - Setting next_dagrun for example_etl to 2025-05-09T00:00:00+00:00, run_after=2025-05-10T00:00:00+00:00
[2025-05-10T15:47:41.418+0000] {processor.py:179} INFO - Processing /opt/airflow/dags/example_etl.py took 0.237 seconds
[2025-05-10T15:48:11.560+0000] {processor.py:157} INFO - Started process (PID=145) to work on /opt/airflow/dags/example_etl.py
[2025-05-10T15:48:11.561+0000] {processor.py:829} INFO - Processing file /opt/airflow/dags/example_etl.py for tasks to queue
[2025-05-10T15:48:11.562+0000] {logging_mixin.py:151} INFO - [2025-05-10T15:48:11.562+0000] {dagbag.py:539} INFO - Filling up the DagBag from /opt/airflow/dags/example_etl.py
[2025-05-10T15:48:11.574+0000] {processor.py:839} INFO - DAG(s) dict_keys(['example_etl']) retrieved from /opt/airflow/dags/example_etl.py
[2025-05-10T15:48:11.589+0000] {logging_mixin.py:151} INFO - [2025-05-10T15:48:11.589+0000] {dag.py:2915} INFO - Sync 1 DAGs
[2025-05-10T15:48:11.598+0000] {logging_mixin.py:151} INFO - [2025-05-10T15:48:11.598+0000] {dag.py:3696} INFO - Setting next_dagrun for example_etl to 2025-05-09T00:00:00+00:00, run_after=2025-05-10T00:00:00+00:00
[2025-05-10T15:48:11.606+0000] {processor.py:179} INFO - Processing /opt/airflow/dags/example_etl.py took 0.051 seconds
[2025-05-10T15:48:41.737+0000] {processor.py:157} INFO - Started process (PID=147) to work on /opt/airflow/dags/example_etl.py
[2025-05-10T15:48:41.738+0000] {processor.py:829} INFO - Processing file /opt/airflow/dags/example_etl.py for tasks to queue
[2025-05-10T15:48:41.739+0000] {logging_mixin.py:151} INFO - [2025-05-10T15:48:41.738+0000] {dagbag.py:539} INFO - Filling up the DagBag from /opt/airflow/dags/example_etl.py
[2025-05-10T15:48:41.751+0000] {processor.py:839} INFO - DAG(s) dict_keys(['example_etl']) retrieved from /opt/airflow/dags/example_etl.py
[2025-05-10T15:48:41.778+0000] {logging_mixin.py:151} INFO - [2025-05-10T15:48:41.777+0000] {dag.py:2915} INFO - Sync 1 DAGs
[2025-05-10T15:48:41.790+0000] {logging_mixin.py:151} INFO - [2025-05-10T15:48:41.790+0000] {dag.py:3696} INFO - Setting next_dagrun for example_etl to 2025-05-09T00:00:00+00:00, run_after=2025-05-10T00:00:00+00:00
[2025-05-10T15:48:41.801+0000] {processor.py:179} INFO - Processing /opt/airflow/dags/example_etl.py took 0.068 seconds
[2025-05-10T15:49:11.919+0000] {processor.py:157} INFO - Started process (PID=149) to work on /opt/airflow/dags/example_etl.py
[2025-05-10T15:49:11.920+0000] {processor.py:829} INFO - Processing file /opt/airflow/dags/example_etl.py for tasks to queue
[2025-05-10T15:49:11.922+0000] {logging_mixin.py:151} INFO - [2025-05-10T15:49:11.921+0000] {dagbag.py:539} INFO - Filling up the DagBag from /opt/airflow/dags/example_etl.py
[2025-05-10T15:49:11.941+0000] {processor.py:839} INFO - DAG(s) dict_keys(['example_etl']) retrieved from /opt/airflow/dags/example_etl.py
[2025-05-10T15:49:11.962+0000] {logging_mixin.py:151} INFO - [2025-05-10T15:49:11.962+0000] {dag.py:2915} INFO - Sync 1 DAGs
[2025-05-10T15:49:11.971+0000] {logging_mixin.py:151} INFO - [2025-05-10T15:49:11.971+0000] {dag.py:3696} INFO - Setting next_dagrun for example_etl to 2025-05-09T00:00:00+00:00, run_after=2025-05-10T00:00:00+00:00
[2025-05-10T15:49:11.980+0000] {processor.py:179} INFO - Processing /opt/airflow/dags/example_etl.py took 0.065 seconds
[2025-05-10T15:49:42.090+0000] {processor.py:157} INFO - Started process (PID=151) to work on /opt/airflow/dags/example_etl.py
[2025-05-10T15:49:42.091+0000] {processor.py:829} INFO - Processing file /opt/airflow/dags/example_etl.py for tasks to queue
[2025-05-10T15:49:42.091+0000] {logging_mixin.py:151} INFO - [2025-05-10T15:49:42.091+0000] {dagbag.py:539} INFO - Filling up the DagBag from /opt/airflow/dags/example_etl.py
[2025-05-10T15:49:42.105+0000] {processor.py:839} INFO - DAG(s) dict_keys(['example_etl']) retrieved from /opt/airflow/dags/example_etl.py
[2025-05-10T15:49:42.120+0000] {logging_mixin.py:151} INFO - [2025-05-10T15:49:42.120+0000] {dag.py:2915} INFO - Sync 1 DAGs
[2025-05-10T15:49:42.130+0000] {logging_mixin.py:151} INFO - [2025-05-10T15:49:42.130+0000] {dag.py:3696} INFO - Setting next_dagrun for example_etl to 2025-05-09T00:00:00+00:00, run_after=2025-05-10T00:00:00+00:00
[2025-05-10T15:49:42.140+0000] {processor.py:179} INFO - Processing /opt/airflow/dags/example_etl.py took 0.053 seconds
[2025-05-10T15:50:12.269+0000] {processor.py:157} INFO - Started process (PID=153) to work on /opt/airflow/dags/example_etl.py
[2025-05-10T15:50:12.270+0000] {processor.py:829} INFO - Processing file /opt/airflow/dags/example_etl.py for tasks to queue
[2025-05-10T15:50:12.271+0000] {logging_mixin.py:151} INFO - [2025-05-10T15:50:12.270+0000] {dagbag.py:539} INFO - Filling up the DagBag from /opt/airflow/dags/example_etl.py
[2025-05-10T15:50:12.283+0000] {processor.py:839} INFO - DAG(s) dict_keys(['example_etl']) retrieved from /opt/airflow/dags/example_etl.py
[2025-05-10T15:50:12.299+0000] {logging_mixin.py:151} INFO - [2025-05-10T15:50:12.299+0000] {dag.py:2915} INFO - Sync 1 DAGs
[2025-05-10T15:50:12.309+0000] {logging_mixin.py:151} INFO - [2025-05-10T15:50:12.309+0000] {dag.py:3696} INFO - Setting next_dagrun for example_etl to 2025-05-09T00:00:00+00:00, run_after=2025-05-10T00:00:00+00:00
[2025-05-10T15:50:12.317+0000] {processor.py:179} INFO - Processing /opt/airflow/dags/example_etl.py took 0.052 seconds
[2025-05-10T15:50:42.433+0000] {processor.py:157} INFO - Started process (PID=155) to work on /opt/airflow/dags/example_etl.py
[2025-05-10T15:50:42.433+0000] {processor.py:829} INFO - Processing file /opt/airflow/dags/example_etl.py for tasks to queue
[2025-05-10T15:50:42.434+0000] {logging_mixin.py:151} INFO - [2025-05-10T15:50:42.434+0000] {dagbag.py:539} INFO - Filling up the DagBag from /opt/airflow/dags/example_etl.py
[2025-05-10T15:50:42.446+0000] {processor.py:839} INFO - DAG(s) dict_keys(['example_etl']) retrieved from /opt/airflow/dags/example_etl.py
[2025-05-10T15:50:42.460+0000] {logging_mixin.py:151} INFO - [2025-05-10T15:50:42.460+0000] {dag.py:2915} INFO - Sync 1 DAGs
[2025-05-10T15:50:42.469+0000] {logging_mixin.py:151} INFO - [2025-05-10T15:50:42.469+0000] {dag.py:3696} INFO - Setting next_dagrun for example_etl to 2025-05-09T00:00:00+00:00, run_after=2025-05-10T00:00:00+00:00
[2025-05-10T15:50:42.478+0000] {processor.py:179} INFO - Processing /opt/airflow/dags/example_etl.py took 0.048 seconds
[2025-05-10T15:51:12.607+0000] {processor.py:157} INFO - Started process (PID=157) to work on /opt/airflow/dags/example_etl.py
[2025-05-10T15:51:12.608+0000] {processor.py:829} INFO - Processing file /opt/airflow/dags/example_etl.py for tasks to queue
[2025-05-10T15:51:12.609+0000] {logging_mixin.py:151} INFO - [2025-05-10T15:51:12.609+0000] {dagbag.py:539} INFO - Filling up the DagBag from /opt/airflow/dags/example_etl.py
[2025-05-10T15:51:12.622+0000] {processor.py:839} INFO - DAG(s) dict_keys(['example_etl']) retrieved from /opt/airflow/dags/example_etl.py
[2025-05-10T15:51:12.638+0000] {logging_mixin.py:151} INFO - [2025-05-10T15:51:12.638+0000] {dag.py:2915} INFO - Sync 1 DAGs
[2025-05-10T15:51:12.647+0000] {logging_mixin.py:151} INFO - [2025-05-10T15:51:12.647+0000] {dag.py:3696} INFO - Setting next_dagrun for example_etl to 2025-05-09T00:00:00+00:00, run_after=2025-05-10T00:00:00+00:00
[2025-05-10T15:51:12.657+0000] {processor.py:179} INFO - Processing /opt/airflow/dags/example_etl.py took 0.053 seconds
[2025-05-10T15:51:42.778+0000] {processor.py:157} INFO - Started process (PID=159) to work on /opt/airflow/dags/example_etl.py
[2025-05-10T15:51:42.779+0000] {processor.py:829} INFO - Processing file /opt/airflow/dags/example_etl.py for tasks to queue
[2025-05-10T15:51:42.780+0000] {logging_mixin.py:151} INFO - [2025-05-10T15:51:42.780+0000] {dagbag.py:539} INFO - Filling up the DagBag from /opt/airflow/dags/example_etl.py
[2025-05-10T15:51:42.791+0000] {processor.py:839} INFO - DAG(s) dict_keys(['example_etl']) retrieved from /opt/airflow/dags/example_etl.py
[2025-05-10T15:51:42.805+0000] {logging_mixin.py:151} INFO - [2025-05-10T15:51:42.805+0000] {dag.py:2915} INFO - Sync 1 DAGs
[2025-05-10T15:51:42.814+0000] {logging_mixin.py:151} INFO - [2025-05-10T15:51:42.814+0000] {dag.py:3696} INFO - Setting next_dagrun for example_etl to 2025-05-09T00:00:00+00:00, run_after=2025-05-10T00:00:00+00:00
[2025-05-10T15:51:42.823+0000] {processor.py:179} INFO - Processing /opt/airflow/dags/example_etl.py took 0.051 seconds
[2025-05-10T15:52:12.944+0000] {processor.py:157} INFO - Started process (PID=161) to work on /opt/airflow/dags/example_etl.py
[2025-05-10T15:52:12.945+0000] {processor.py:829} INFO - Processing file /opt/airflow/dags/example_etl.py for tasks to queue
[2025-05-10T15:52:12.946+0000] {logging_mixin.py:151} INFO - [2025-05-10T15:52:12.945+0000] {dagbag.py:539} INFO - Filling up the DagBag from /opt/airflow/dags/example_etl.py
[2025-05-10T15:52:12.957+0000] {processor.py:839} INFO - DAG(s) dict_keys(['example_etl']) retrieved from /opt/airflow/dags/example_etl.py
[2025-05-10T15:52:12.973+0000] {logging_mixin.py:151} INFO - [2025-05-10T15:52:12.973+0000] {dag.py:2915} INFO - Sync 1 DAGs
[2025-05-10T15:52:12.984+0000] {logging_mixin.py:151} INFO - [2025-05-10T15:52:12.984+0000] {dag.py:3696} INFO - Setting next_dagrun for example_etl to 2025-05-09T00:00:00+00:00, run_after=2025-05-10T00:00:00+00:00
[2025-05-10T15:52:12.994+0000] {processor.py:179} INFO - Processing /opt/airflow/dags/example_etl.py took 0.053 seconds
[2025-05-10T15:52:43.130+0000] {processor.py:157} INFO - Started process (PID=163) to work on /opt/airflow/dags/example_etl.py
[2025-05-10T15:52:43.131+0000] {processor.py:829} INFO - Processing file /opt/airflow/dags/example_etl.py for tasks to queue
[2025-05-10T15:52:43.132+0000] {logging_mixin.py:151} INFO - [2025-05-10T15:52:43.131+0000] {dagbag.py:539} INFO - Filling up the DagBag from /opt/airflow/dags/example_etl.py
[2025-05-10T15:52:43.143+0000] {processor.py:839} INFO - DAG(s) dict_keys(['example_etl']) retrieved from /opt/airflow/dags/example_etl.py
[2025-05-10T15:52:43.158+0000] {logging_mixin.py:151} INFO - [2025-05-10T15:52:43.158+0000] {dag.py:2915} INFO - Sync 1 DAGs
[2025-05-10T15:52:43.168+0000] {logging_mixin.py:151} INFO - [2025-05-10T15:52:43.167+0000] {dag.py:3696} INFO - Setting next_dagrun for example_etl to 2025-05-09T00:00:00+00:00, run_after=2025-05-10T00:00:00+00:00
[2025-05-10T15:52:43.177+0000] {processor.py:179} INFO - Processing /opt/airflow/dags/example_etl.py took 0.053 seconds
[2025-05-10T15:53:13.295+0000] {processor.py:157} INFO - Started process (PID=165) to work on /opt/airflow/dags/example_etl.py
[2025-05-10T15:53:13.296+0000] {processor.py:829} INFO - Processing file /opt/airflow/dags/example_etl.py for tasks to queue
[2025-05-10T15:53:13.297+0000] {logging_mixin.py:151} INFO - [2025-05-10T15:53:13.297+0000] {dagbag.py:539} INFO - Filling up the DagBag from /opt/airflow/dags/example_etl.py
[2025-05-10T15:53:13.308+0000] {processor.py:839} INFO - DAG(s) dict_keys(['example_etl']) retrieved from /opt/airflow/dags/example_etl.py
[2025-05-10T15:53:13.320+0000] {logging_mixin.py:151} INFO - [2025-05-10T15:53:13.320+0000] {dag.py:2915} INFO - Sync 1 DAGs
[2025-05-10T15:53:13.328+0000] {logging_mixin.py:151} INFO - [2025-05-10T15:53:13.328+0000] {dag.py:3696} INFO - Setting next_dagrun for example_etl to 2025-05-09T00:00:00+00:00, run_after=2025-05-10T00:00:00+00:00
[2025-05-10T15:53:13.338+0000] {processor.py:179} INFO - Processing /opt/airflow/dags/example_etl.py took 0.045 seconds
[2025-05-10T15:53:43.454+0000] {processor.py:157} INFO - Started process (PID=167) to work on /opt/airflow/dags/example_etl.py
[2025-05-10T15:53:43.455+0000] {processor.py:829} INFO - Processing file /opt/airflow/dags/example_etl.py for tasks to queue
[2025-05-10T15:53:43.456+0000] {logging_mixin.py:151} INFO - [2025-05-10T15:53:43.456+0000] {dagbag.py:539} INFO - Filling up the DagBag from /opt/airflow/dags/example_etl.py
[2025-05-10T15:53:43.467+0000] {processor.py:839} INFO - DAG(s) dict_keys(['example_etl']) retrieved from /opt/airflow/dags/example_etl.py
[2025-05-10T15:53:43.481+0000] {logging_mixin.py:151} INFO - [2025-05-10T15:53:43.481+0000] {dag.py:2915} INFO - Sync 1 DAGs
[2025-05-10T15:53:43.490+0000] {logging_mixin.py:151} INFO - [2025-05-10T15:53:43.490+0000] {dag.py:3696} INFO - Setting next_dagrun for example_etl to 2025-05-09T00:00:00+00:00, run_after=2025-05-10T00:00:00+00:00
[2025-05-10T15:53:43.499+0000] {processor.py:179} INFO - Processing /opt/airflow/dags/example_etl.py took 0.047 seconds
[2025-05-10T15:54:13.628+0000] {processor.py:157} INFO - Started process (PID=169) to work on /opt/airflow/dags/example_etl.py
[2025-05-10T15:54:13.629+0000] {processor.py:829} INFO - Processing file /opt/airflow/dags/example_etl.py for tasks to queue
[2025-05-10T15:54:13.630+0000] {logging_mixin.py:151} INFO - [2025-05-10T15:54:13.630+0000] {dagbag.py:539} INFO - Filling up the DagBag from /opt/airflow/dags/example_etl.py
[2025-05-10T15:54:13.642+0000] {processor.py:839} INFO - DAG(s) dict_keys(['example_etl']) retrieved from /opt/airflow/dags/example_etl.py
[2025-05-10T15:54:13.656+0000] {logging_mixin.py:151} INFO - [2025-05-10T15:54:13.656+0000] {dag.py:2915} INFO - Sync 1 DAGs
[2025-05-10T15:54:13.666+0000] {logging_mixin.py:151} INFO - [2025-05-10T15:54:13.666+0000] {dag.py:3696} INFO - Setting next_dagrun for example_etl to 2025-05-09T00:00:00+00:00, run_after=2025-05-10T00:00:00+00:00
[2025-05-10T15:54:13.675+0000] {processor.py:179} INFO - Processing /opt/airflow/dags/example_etl.py took 0.050 seconds
[2025-05-10T15:54:43.784+0000] {processor.py:157} INFO - Started process (PID=171) to work on /opt/airflow/dags/example_etl.py
[2025-05-10T15:54:43.784+0000] {processor.py:829} INFO - Processing file /opt/airflow/dags/example_etl.py for tasks to queue
[2025-05-10T15:54:43.785+0000] {logging_mixin.py:151} INFO - [2025-05-10T15:54:43.785+0000] {dagbag.py:539} INFO - Filling up the DagBag from /opt/airflow/dags/example_etl.py
[2025-05-10T15:54:43.794+0000] {processor.py:839} INFO - DAG(s) dict_keys(['example_etl']) retrieved from /opt/airflow/dags/example_etl.py
[2025-05-10T15:54:43.808+0000] {logging_mixin.py:151} INFO - [2025-05-10T15:54:43.808+0000] {dag.py:2915} INFO - Sync 1 DAGs
[2025-05-10T15:54:43.817+0000] {logging_mixin.py:151} INFO - [2025-05-10T15:54:43.817+0000] {dag.py:3696} INFO - Setting next_dagrun for example_etl to 2025-05-09T00:00:00+00:00, run_after=2025-05-10T00:00:00+00:00
[2025-05-10T15:54:43.825+0000] {processor.py:179} INFO - Processing /opt/airflow/dags/example_etl.py took 0.044 seconds
[2025-05-10T15:55:13.942+0000] {processor.py:157} INFO - Started process (PID=173) to work on /opt/airflow/dags/example_etl.py
[2025-05-10T15:55:13.942+0000] {processor.py:829} INFO - Processing file /opt/airflow/dags/example_etl.py for tasks to queue
[2025-05-10T15:55:13.943+0000] {logging_mixin.py:151} INFO - [2025-05-10T15:55:13.943+0000] {dagbag.py:539} INFO - Filling up the DagBag from /opt/airflow/dags/example_etl.py
[2025-05-10T15:55:13.953+0000] {processor.py:839} INFO - DAG(s) dict_keys(['example_etl']) retrieved from /opt/airflow/dags/example_etl.py
[2025-05-10T15:55:13.968+0000] {logging_mixin.py:151} INFO - [2025-05-10T15:55:13.968+0000] {dag.py:2915} INFO - Sync 1 DAGs
[2025-05-10T15:55:13.983+0000] {logging_mixin.py:151} INFO - [2025-05-10T15:55:13.983+0000] {dag.py:3696} INFO - Setting next_dagrun for example_etl to 2025-05-09T00:00:00+00:00, run_after=2025-05-10T00:00:00+00:00
[2025-05-10T15:55:13.992+0000] {processor.py:179} INFO - Processing /opt/airflow/dags/example_etl.py took 0.054 seconds
[2025-05-10T15:55:44.102+0000] {processor.py:157} INFO - Started process (PID=175) to work on /opt/airflow/dags/example_etl.py
[2025-05-10T15:55:44.103+0000] {processor.py:829} INFO - Processing file /opt/airflow/dags/example_etl.py for tasks to queue
[2025-05-10T15:55:44.103+0000] {logging_mixin.py:151} INFO - [2025-05-10T15:55:44.103+0000] {dagbag.py:539} INFO - Filling up the DagBag from /opt/airflow/dags/example_etl.py
[2025-05-10T15:55:44.114+0000] {processor.py:839} INFO - DAG(s) dict_keys(['example_etl']) retrieved from /opt/airflow/dags/example_etl.py
[2025-05-10T15:55:44.127+0000] {logging_mixin.py:151} INFO - [2025-05-10T15:55:44.127+0000] {dag.py:2915} INFO - Sync 1 DAGs
[2025-05-10T15:55:44.136+0000] {logging_mixin.py:151} INFO - [2025-05-10T15:55:44.136+0000] {dag.py:3696} INFO - Setting next_dagrun for example_etl to 2025-05-09T00:00:00+00:00, run_after=2025-05-10T00:00:00+00:00
[2025-05-10T15:55:44.145+0000] {processor.py:179} INFO - Processing /opt/airflow/dags/example_etl.py took 0.046 seconds
[2025-05-10T15:56:14.267+0000] {processor.py:157} INFO - Started process (PID=177) to work on /opt/airflow/dags/example_etl.py
[2025-05-10T15:56:14.267+0000] {processor.py:829} INFO - Processing file /opt/airflow/dags/example_etl.py for tasks to queue
[2025-05-10T15:56:14.268+0000] {logging_mixin.py:151} INFO - [2025-05-10T15:56:14.268+0000] {dagbag.py:539} INFO - Filling up the DagBag from /opt/airflow/dags/example_etl.py
[2025-05-10T15:56:14.278+0000] {processor.py:839} INFO - DAG(s) dict_keys(['example_etl']) retrieved from /opt/airflow/dags/example_etl.py
[2025-05-10T15:56:14.291+0000] {logging_mixin.py:151} INFO - [2025-05-10T15:56:14.291+0000] {dag.py:2915} INFO - Sync 1 DAGs
[2025-05-10T15:56:14.300+0000] {logging_mixin.py:151} INFO - [2025-05-10T15:56:14.300+0000] {dag.py:3696} INFO - Setting next_dagrun for example_etl to 2025-05-09T00:00:00+00:00, run_after=2025-05-10T00:00:00+00:00
[2025-05-10T15:56:14.309+0000] {processor.py:179} INFO - Processing /opt/airflow/dags/example_etl.py took 0.045 seconds
[2025-05-10T15:56:44.432+0000] {processor.py:157} INFO - Started process (PID=179) to work on /opt/airflow/dags/example_etl.py
[2025-05-10T15:56:44.432+0000] {processor.py:829} INFO - Processing file /opt/airflow/dags/example_etl.py for tasks to queue
[2025-05-10T15:56:44.433+0000] {logging_mixin.py:151} INFO - [2025-05-10T15:56:44.433+0000] {dagbag.py:539} INFO - Filling up the DagBag from /opt/airflow/dags/example_etl.py
[2025-05-10T15:56:44.442+0000] {processor.py:839} INFO - DAG(s) dict_keys(['example_etl']) retrieved from /opt/airflow/dags/example_etl.py
[2025-05-10T15:56:44.455+0000] {logging_mixin.py:151} INFO - [2025-05-10T15:56:44.455+0000] {dag.py:2915} INFO - Sync 1 DAGs
[2025-05-10T15:56:44.464+0000] {logging_mixin.py:151} INFO - [2025-05-10T15:56:44.464+0000] {dag.py:3696} INFO - Setting next_dagrun for example_etl to 2025-05-09T00:00:00+00:00, run_after=2025-05-10T00:00:00+00:00
[2025-05-10T15:56:44.472+0000] {processor.py:179} INFO - Processing /opt/airflow/dags/example_etl.py took 0.043 seconds
[2025-05-10T15:57:14.598+0000] {processor.py:157} INFO - Started process (PID=181) to work on /opt/airflow/dags/example_etl.py
[2025-05-10T15:57:14.598+0000] {processor.py:829} INFO - Processing file /opt/airflow/dags/example_etl.py for tasks to queue
[2025-05-10T15:57:14.599+0000] {logging_mixin.py:151} INFO - [2025-05-10T15:57:14.599+0000] {dagbag.py:539} INFO - Filling up the DagBag from /opt/airflow/dags/example_etl.py
[2025-05-10T15:57:14.608+0000] {processor.py:839} INFO - DAG(s) dict_keys(['example_etl']) retrieved from /opt/airflow/dags/example_etl.py
[2025-05-10T15:57:14.620+0000] {logging_mixin.py:151} INFO - [2025-05-10T15:57:14.620+0000] {dag.py:2915} INFO - Sync 1 DAGs
[2025-05-10T15:57:14.630+0000] {logging_mixin.py:151} INFO - [2025-05-10T15:57:14.629+0000] {dag.py:3696} INFO - Setting next_dagrun for example_etl to 2025-05-09T00:00:00+00:00, run_after=2025-05-10T00:00:00+00:00
[2025-05-10T15:57:14.640+0000] {processor.py:179} INFO - Processing /opt/airflow/dags/example_etl.py took 0.044 seconds
[2025-05-10T15:57:44.763+0000] {processor.py:157} INFO - Started process (PID=183) to work on /opt/airflow/dags/example_etl.py
[2025-05-10T15:57:44.764+0000] {processor.py:829} INFO - Processing file /opt/airflow/dags/example_etl.py for tasks to queue
[2025-05-10T15:57:44.764+0000] {logging_mixin.py:151} INFO - [2025-05-10T15:57:44.764+0000] {dagbag.py:539} INFO - Filling up the DagBag from /opt/airflow/dags/example_etl.py
[2025-05-10T15:57:44.776+0000] {processor.py:839} INFO - DAG(s) dict_keys(['example_etl']) retrieved from /opt/airflow/dags/example_etl.py
[2025-05-10T15:57:44.791+0000] {logging_mixin.py:151} INFO - [2025-05-10T15:57:44.791+0000] {dag.py:2915} INFO - Sync 1 DAGs
[2025-05-10T15:57:44.801+0000] {logging_mixin.py:151} INFO - [2025-05-10T15:57:44.800+0000] {dag.py:3696} INFO - Setting next_dagrun for example_etl to 2025-05-09T00:00:00+00:00, run_after=2025-05-10T00:00:00+00:00
[2025-05-10T15:57:44.809+0000] {processor.py:179} INFO - Processing /opt/airflow/dags/example_etl.py took 0.050 seconds
[2025-05-10T15:58:14.944+0000] {processor.py:157} INFO - Started process (PID=185) to work on /opt/airflow/dags/example_etl.py
[2025-05-10T15:58:14.944+0000] {processor.py:829} INFO - Processing file /opt/airflow/dags/example_etl.py for tasks to queue
[2025-05-10T15:58:14.945+0000] {logging_mixin.py:151} INFO - [2025-05-10T15:58:14.945+0000] {dagbag.py:539} INFO - Filling up the DagBag from /opt/airflow/dags/example_etl.py
[2025-05-10T15:58:14.952+0000] {processor.py:839} INFO - DAG(s) dict_keys(['example_etl']) retrieved from /opt/airflow/dags/example_etl.py
[2025-05-10T15:58:14.962+0000] {logging_mixin.py:151} INFO - [2025-05-10T15:58:14.962+0000] {dag.py:2915} INFO - Sync 1 DAGs
[2025-05-10T15:58:14.971+0000] {logging_mixin.py:151} INFO - [2025-05-10T15:58:14.971+0000] {dag.py:3696} INFO - Setting next_dagrun for example_etl to 2025-05-09T00:00:00+00:00, run_after=2025-05-10T00:00:00+00:00
[2025-05-10T15:58:14.980+0000] {processor.py:179} INFO - Processing /opt/airflow/dags/example_etl.py took 0.038 seconds
[2025-05-10T15:58:45.107+0000] {processor.py:157} INFO - Started process (PID=187) to work on /opt/airflow/dags/example_etl.py
[2025-05-10T15:58:45.108+0000] {processor.py:829} INFO - Processing file /opt/airflow/dags/example_etl.py for tasks to queue
[2025-05-10T15:58:45.108+0000] {logging_mixin.py:151} INFO - [2025-05-10T15:58:45.108+0000] {dagbag.py:539} INFO - Filling up the DagBag from /opt/airflow/dags/example_etl.py
[2025-05-10T15:58:45.116+0000] {processor.py:839} INFO - DAG(s) dict_keys(['example_etl']) retrieved from /opt/airflow/dags/example_etl.py
[2025-05-10T15:58:45.126+0000] {logging_mixin.py:151} INFO - [2025-05-10T15:58:45.126+0000] {dag.py:2915} INFO - Sync 1 DAGs
[2025-05-10T15:58:45.134+0000] {logging_mixin.py:151} INFO - [2025-05-10T15:58:45.134+0000] {dag.py:3696} INFO - Setting next_dagrun for example_etl to 2025-05-09T00:00:00+00:00, run_after=2025-05-10T00:00:00+00:00
[2025-05-10T15:58:45.142+0000] {processor.py:179} INFO - Processing /opt/airflow/dags/example_etl.py took 0.037 seconds
[2025-05-10T15:59:15.268+0000] {processor.py:157} INFO - Started process (PID=189) to work on /opt/airflow/dags/example_etl.py
[2025-05-10T15:59:15.269+0000] {processor.py:829} INFO - Processing file /opt/airflow/dags/example_etl.py for tasks to queue
[2025-05-10T15:59:15.269+0000] {logging_mixin.py:151} INFO - [2025-05-10T15:59:15.269+0000] {dagbag.py:539} INFO - Filling up the DagBag from /opt/airflow/dags/example_etl.py
[2025-05-10T15:59:15.275+0000] {processor.py:839} INFO - DAG(s) dict_keys(['example_etl']) retrieved from /opt/airflow/dags/example_etl.py
[2025-05-10T15:59:15.284+0000] {logging_mixin.py:151} INFO - [2025-05-10T15:59:15.284+0000] {dag.py:2915} INFO - Sync 1 DAGs
[2025-05-10T15:59:15.292+0000] {logging_mixin.py:151} INFO - [2025-05-10T15:59:15.292+0000] {dag.py:3696} INFO - Setting next_dagrun for example_etl to 2025-05-09T00:00:00+00:00, run_after=2025-05-10T00:00:00+00:00
[2025-05-10T15:59:15.301+0000] {processor.py:179} INFO - Processing /opt/airflow/dags/example_etl.py took 0.034 seconds
[2025-05-10T15:59:45.427+0000] {processor.py:157} INFO - Started process (PID=191) to work on /opt/airflow/dags/example_etl.py
[2025-05-10T15:59:45.427+0000] {processor.py:829} INFO - Processing file /opt/airflow/dags/example_etl.py for tasks to queue
[2025-05-10T15:59:45.428+0000] {logging_mixin.py:151} INFO - [2025-05-10T15:59:45.428+0000] {dagbag.py:539} INFO - Filling up the DagBag from /opt/airflow/dags/example_etl.py
[2025-05-10T15:59:45.434+0000] {processor.py:839} INFO - DAG(s) dict_keys(['example_etl']) retrieved from /opt/airflow/dags/example_etl.py
[2025-05-10T15:59:45.444+0000] {logging_mixin.py:151} INFO - [2025-05-10T15:59:45.444+0000] {dag.py:2915} INFO - Sync 1 DAGs
[2025-05-10T15:59:45.451+0000] {logging_mixin.py:151} INFO - [2025-05-10T15:59:45.451+0000] {dag.py:3696} INFO - Setting next_dagrun for example_etl to 2025-05-09T00:00:00+00:00, run_after=2025-05-10T00:00:00+00:00
[2025-05-10T15:59:45.459+0000] {processor.py:179} INFO - Processing /opt/airflow/dags/example_etl.py took 0.034 seconds
[2025-05-10T16:00:15.596+0000] {processor.py:157} INFO - Started process (PID=193) to work on /opt/airflow/dags/example_etl.py
[2025-05-10T16:00:15.597+0000] {processor.py:829} INFO - Processing file /opt/airflow/dags/example_etl.py for tasks to queue
[2025-05-10T16:00:15.597+0000] {logging_mixin.py:151} INFO - [2025-05-10T16:00:15.597+0000] {dagbag.py:539} INFO - Filling up the DagBag from /opt/airflow/dags/example_etl.py
[2025-05-10T16:00:15.608+0000] {processor.py:839} INFO - DAG(s) dict_keys(['example_etl']) retrieved from /opt/airflow/dags/example_etl.py
[2025-05-10T16:00:15.620+0000] {logging_mixin.py:151} INFO - [2025-05-10T16:00:15.620+0000] {dag.py:2915} INFO - Sync 1 DAGs
[2025-05-10T16:00:15.629+0000] {logging_mixin.py:151} INFO - [2025-05-10T16:00:15.629+0000] {dag.py:3696} INFO - Setting next_dagrun for example_etl to 2025-05-09T00:00:00+00:00, run_after=2025-05-10T00:00:00+00:00
[2025-05-10T16:00:15.638+0000] {processor.py:179} INFO - Processing /opt/airflow/dags/example_etl.py took 0.045 seconds
[2025-05-10T16:00:45.761+0000] {processor.py:157} INFO - Started process (PID=195) to work on /opt/airflow/dags/example_etl.py
[2025-05-10T16:00:45.762+0000] {processor.py:829} INFO - Processing file /opt/airflow/dags/example_etl.py for tasks to queue
[2025-05-10T16:00:45.763+0000] {logging_mixin.py:151} INFO - [2025-05-10T16:00:45.762+0000] {dagbag.py:539} INFO - Filling up the DagBag from /opt/airflow/dags/example_etl.py
[2025-05-10T16:00:45.776+0000] {processor.py:839} INFO - DAG(s) dict_keys(['example_etl']) retrieved from /opt/airflow/dags/example_etl.py
[2025-05-10T16:00:45.791+0000] {logging_mixin.py:151} INFO - [2025-05-10T16:00:45.791+0000] {dag.py:2915} INFO - Sync 1 DAGs
[2025-05-10T16:00:45.800+0000] {logging_mixin.py:151} INFO - [2025-05-10T16:00:45.800+0000] {dag.py:3696} INFO - Setting next_dagrun for example_etl to 2025-05-09T00:00:00+00:00, run_after=2025-05-10T00:00:00+00:00
[2025-05-10T16:00:45.809+0000] {processor.py:179} INFO - Processing /opt/airflow/dags/example_etl.py took 0.052 seconds
[2025-05-10T16:01:15.937+0000] {processor.py:157} INFO - Started process (PID=197) to work on /opt/airflow/dags/example_etl.py
[2025-05-10T16:01:15.939+0000] {processor.py:829} INFO - Processing file /opt/airflow/dags/example_etl.py for tasks to queue
[2025-05-10T16:01:15.940+0000] {logging_mixin.py:151} INFO - [2025-05-10T16:01:15.939+0000] {dagbag.py:539} INFO - Filling up the DagBag from /opt/airflow/dags/example_etl.py
[2025-05-10T16:01:15.950+0000] {processor.py:839} INFO - DAG(s) dict_keys(['example_etl']) retrieved from /opt/airflow/dags/example_etl.py
[2025-05-10T16:01:15.963+0000] {logging_mixin.py:151} INFO - [2025-05-10T16:01:15.963+0000] {dag.py:2915} INFO - Sync 1 DAGs
[2025-05-10T16:01:15.972+0000] {logging_mixin.py:151} INFO - [2025-05-10T16:01:15.972+0000] {dag.py:3696} INFO - Setting next_dagrun for example_etl to 2025-05-09T00:00:00+00:00, run_after=2025-05-10T00:00:00+00:00
[2025-05-10T16:01:15.980+0000] {processor.py:179} INFO - Processing /opt/airflow/dags/example_etl.py took 0.048 seconds
[2025-05-10T16:01:46.112+0000] {processor.py:157} INFO - Started process (PID=199) to work on /opt/airflow/dags/example_etl.py
[2025-05-10T16:01:46.113+0000] {processor.py:829} INFO - Processing file /opt/airflow/dags/example_etl.py for tasks to queue
[2025-05-10T16:01:46.114+0000] {logging_mixin.py:151} INFO - [2025-05-10T16:01:46.114+0000] {dagbag.py:539} INFO - Filling up the DagBag from /opt/airflow/dags/example_etl.py
[2025-05-10T16:01:46.126+0000] {processor.py:839} INFO - DAG(s) dict_keys(['example_etl']) retrieved from /opt/airflow/dags/example_etl.py
[2025-05-10T16:01:46.142+0000] {logging_mixin.py:151} INFO - [2025-05-10T16:01:46.142+0000] {dag.py:2915} INFO - Sync 1 DAGs
[2025-05-10T16:01:46.151+0000] {logging_mixin.py:151} INFO - [2025-05-10T16:01:46.151+0000] {dag.py:3696} INFO - Setting next_dagrun for example_etl to 2025-05-09T00:00:00+00:00, run_after=2025-05-10T00:00:00+00:00
[2025-05-10T16:01:46.161+0000] {processor.py:179} INFO - Processing /opt/airflow/dags/example_etl.py took 0.052 seconds
[2025-05-10T16:02:16.272+0000] {processor.py:157} INFO - Started process (PID=201) to work on /opt/airflow/dags/example_etl.py
[2025-05-10T16:02:16.273+0000] {processor.py:829} INFO - Processing file /opt/airflow/dags/example_etl.py for tasks to queue
[2025-05-10T16:02:16.274+0000] {logging_mixin.py:151} INFO - [2025-05-10T16:02:16.274+0000] {dagbag.py:539} INFO - Filling up the DagBag from /opt/airflow/dags/example_etl.py
[2025-05-10T16:02:16.285+0000] {processor.py:839} INFO - DAG(s) dict_keys(['example_etl']) retrieved from /opt/airflow/dags/example_etl.py
[2025-05-10T16:02:16.299+0000] {logging_mixin.py:151} INFO - [2025-05-10T16:02:16.299+0000] {dag.py:2915} INFO - Sync 1 DAGs
[2025-05-10T16:02:16.308+0000] {logging_mixin.py:151} INFO - [2025-05-10T16:02:16.308+0000] {dag.py:3696} INFO - Setting next_dagrun for example_etl to 2025-05-09T00:00:00+00:00, run_after=2025-05-10T00:00:00+00:00
[2025-05-10T16:02:16.316+0000] {processor.py:179} INFO - Processing /opt/airflow/dags/example_etl.py took 0.047 seconds
[2025-05-10T16:02:46.427+0000] {processor.py:157} INFO - Started process (PID=203) to work on /opt/airflow/dags/example_etl.py
[2025-05-10T16:02:46.428+0000] {processor.py:829} INFO - Processing file /opt/airflow/dags/example_etl.py for tasks to queue
[2025-05-10T16:02:46.428+0000] {logging_mixin.py:151} INFO - [2025-05-10T16:02:46.428+0000] {dagbag.py:539} INFO - Filling up the DagBag from /opt/airflow/dags/example_etl.py
[2025-05-10T16:02:46.439+0000] {processor.py:839} INFO - DAG(s) dict_keys(['example_etl']) retrieved from /opt/airflow/dags/example_etl.py
[2025-05-10T16:02:46.452+0000] {logging_mixin.py:151} INFO - [2025-05-10T16:02:46.452+0000] {dag.py:2915} INFO - Sync 1 DAGs
[2025-05-10T16:02:46.461+0000] {logging_mixin.py:151} INFO - [2025-05-10T16:02:46.461+0000] {dag.py:3696} INFO - Setting next_dagrun for example_etl to 2025-05-09T00:00:00+00:00, run_after=2025-05-10T00:00:00+00:00
[2025-05-10T16:02:46.471+0000] {processor.py:179} INFO - Processing /opt/airflow/dags/example_etl.py took 0.046 seconds
[2025-05-10T16:03:16.600+0000] {processor.py:157} INFO - Started process (PID=205) to work on /opt/airflow/dags/example_etl.py
[2025-05-10T16:03:16.600+0000] {processor.py:829} INFO - Processing file /opt/airflow/dags/example_etl.py for tasks to queue
[2025-05-10T16:03:16.601+0000] {logging_mixin.py:151} INFO - [2025-05-10T16:03:16.601+0000] {dagbag.py:539} INFO - Filling up the DagBag from /opt/airflow/dags/example_etl.py
[2025-05-10T16:03:16.613+0000] {processor.py:839} INFO - DAG(s) dict_keys(['example_etl']) retrieved from /opt/airflow/dags/example_etl.py
[2025-05-10T16:03:16.628+0000] {logging_mixin.py:151} INFO - [2025-05-10T16:03:16.628+0000] {dag.py:2915} INFO - Sync 1 DAGs
[2025-05-10T16:03:16.638+0000] {logging_mixin.py:151} INFO - [2025-05-10T16:03:16.638+0000] {dag.py:3696} INFO - Setting next_dagrun for example_etl to 2025-05-09T00:00:00+00:00, run_after=2025-05-10T00:00:00+00:00
[2025-05-10T16:03:16.646+0000] {processor.py:179} INFO - Processing /opt/airflow/dags/example_etl.py took 0.048 seconds
[2025-05-10T16:03:46.775+0000] {processor.py:157} INFO - Started process (PID=207) to work on /opt/airflow/dags/example_etl.py
[2025-05-10T16:03:46.775+0000] {processor.py:829} INFO - Processing file /opt/airflow/dags/example_etl.py for tasks to queue
[2025-05-10T16:03:46.776+0000] {logging_mixin.py:151} INFO - [2025-05-10T16:03:46.776+0000] {dagbag.py:539} INFO - Filling up the DagBag from /opt/airflow/dags/example_etl.py
[2025-05-10T16:03:46.783+0000] {processor.py:839} INFO - DAG(s) dict_keys(['example_etl']) retrieved from /opt/airflow/dags/example_etl.py
[2025-05-10T16:03:46.795+0000] {logging_mixin.py:151} INFO - [2025-05-10T16:03:46.795+0000] {dag.py:2915} INFO - Sync 1 DAGs
[2025-05-10T16:03:46.803+0000] {logging_mixin.py:151} INFO - [2025-05-10T16:03:46.803+0000] {dag.py:3696} INFO - Setting next_dagrun for example_etl to 2025-05-09T00:00:00+00:00, run_after=2025-05-10T00:00:00+00:00
[2025-05-10T16:03:46.811+0000] {processor.py:179} INFO - Processing /opt/airflow/dags/example_etl.py took 0.038 seconds
[2025-05-10T16:04:16.948+0000] {processor.py:157} INFO - Started process (PID=209) to work on /opt/airflow/dags/example_etl.py
[2025-05-10T16:04:16.948+0000] {processor.py:829} INFO - Processing file /opt/airflow/dags/example_etl.py for tasks to queue
[2025-05-10T16:04:16.949+0000] {logging_mixin.py:151} INFO - [2025-05-10T16:04:16.949+0000] {dagbag.py:539} INFO - Filling up the DagBag from /opt/airflow/dags/example_etl.py
[2025-05-10T16:04:16.956+0000] {processor.py:839} INFO - DAG(s) dict_keys(['example_etl']) retrieved from /opt/airflow/dags/example_etl.py
[2025-05-10T16:04:16.966+0000] {logging_mixin.py:151} INFO - [2025-05-10T16:04:16.966+0000] {dag.py:2915} INFO - Sync 1 DAGs
[2025-05-10T16:04:16.974+0000] {logging_mixin.py:151} INFO - [2025-05-10T16:04:16.974+0000] {dag.py:3696} INFO - Setting next_dagrun for example_etl to 2025-05-09T00:00:00+00:00, run_after=2025-05-10T00:00:00+00:00
[2025-05-10T16:04:16.982+0000] {processor.py:179} INFO - Processing /opt/airflow/dags/example_etl.py took 0.035 seconds
[2025-05-10T16:04:48.183+0000] {processor.py:157} INFO - Started process (PID=211) to work on /opt/airflow/dags/example_etl.py
[2025-05-10T16:04:48.183+0000] {processor.py:829} INFO - Processing file /opt/airflow/dags/example_etl.py for tasks to queue
[2025-05-10T16:04:48.184+0000] {logging_mixin.py:151} INFO - [2025-05-10T16:04:48.184+0000] {dagbag.py:539} INFO - Filling up the DagBag from /opt/airflow/dags/example_etl.py
[2025-05-10T16:04:48.197+0000] {processor.py:839} INFO - DAG(s) dict_keys(['example_etl']) retrieved from /opt/airflow/dags/example_etl.py
[2025-05-10T16:04:48.213+0000] {logging_mixin.py:151} INFO - [2025-05-10T16:04:48.213+0000] {dag.py:2915} INFO - Sync 1 DAGs
[2025-05-10T16:04:48.222+0000] {logging_mixin.py:151} INFO - [2025-05-10T16:04:48.222+0000] {dag.py:3696} INFO - Setting next_dagrun for example_etl to 2025-05-09T00:00:00+00:00, run_after=2025-05-10T00:00:00+00:00
[2025-05-10T16:04:48.231+0000] {processor.py:179} INFO - Processing /opt/airflow/dags/example_etl.py took 0.052 seconds
[2025-05-10T16:05:18.368+0000] {processor.py:157} INFO - Started process (PID=213) to work on /opt/airflow/dags/example_etl.py
[2025-05-10T16:05:18.369+0000] {processor.py:829} INFO - Processing file /opt/airflow/dags/example_etl.py for tasks to queue
[2025-05-10T16:05:18.369+0000] {logging_mixin.py:151} INFO - [2025-05-10T16:05:18.369+0000] {dagbag.py:539} INFO - Filling up the DagBag from /opt/airflow/dags/example_etl.py
[2025-05-10T16:05:18.381+0000] {processor.py:839} INFO - DAG(s) dict_keys(['example_etl']) retrieved from /opt/airflow/dags/example_etl.py
[2025-05-10T16:05:18.392+0000] {logging_mixin.py:151} INFO - [2025-05-10T16:05:18.392+0000] {dag.py:2915} INFO - Sync 1 DAGs
[2025-05-10T16:05:18.401+0000] {logging_mixin.py:151} INFO - [2025-05-10T16:05:18.401+0000] {dag.py:3696} INFO - Setting next_dagrun for example_etl to 2025-05-09T00:00:00+00:00, run_after=2025-05-10T00:00:00+00:00
[2025-05-10T16:05:18.409+0000] {processor.py:179} INFO - Processing /opt/airflow/dags/example_etl.py took 0.045 seconds
[2025-05-10T16:05:48.523+0000] {processor.py:157} INFO - Started process (PID=215) to work on /opt/airflow/dags/example_etl.py
[2025-05-10T16:05:48.524+0000] {processor.py:829} INFO - Processing file /opt/airflow/dags/example_etl.py for tasks to queue
[2025-05-10T16:05:48.524+0000] {logging_mixin.py:151} INFO - [2025-05-10T16:05:48.524+0000] {dagbag.py:539} INFO - Filling up the DagBag from /opt/airflow/dags/example_etl.py
[2025-05-10T16:05:48.536+0000] {processor.py:839} INFO - DAG(s) dict_keys(['example_etl']) retrieved from /opt/airflow/dags/example_etl.py
[2025-05-10T16:05:48.550+0000] {logging_mixin.py:151} INFO - [2025-05-10T16:05:48.550+0000] {dag.py:2915} INFO - Sync 1 DAGs
[2025-05-10T16:05:48.559+0000] {logging_mixin.py:151} INFO - [2025-05-10T16:05:48.559+0000] {dag.py:3696} INFO - Setting next_dagrun for example_etl to 2025-05-09T00:00:00+00:00, run_after=2025-05-10T00:00:00+00:00
[2025-05-10T16:05:48.568+0000] {processor.py:179} INFO - Processing /opt/airflow/dags/example_etl.py took 0.048 seconds
[2025-05-10T16:06:18.708+0000] {processor.py:157} INFO - Started process (PID=217) to work on /opt/airflow/dags/example_etl.py
[2025-05-10T16:06:18.709+0000] {processor.py:829} INFO - Processing file /opt/airflow/dags/example_etl.py for tasks to queue
[2025-05-10T16:06:18.710+0000] {logging_mixin.py:151} INFO - [2025-05-10T16:06:18.710+0000] {dagbag.py:539} INFO - Filling up the DagBag from /opt/airflow/dags/example_etl.py
[2025-05-10T16:06:18.722+0000] {processor.py:839} INFO - DAG(s) dict_keys(['example_etl']) retrieved from /opt/airflow/dags/example_etl.py
[2025-05-10T16:06:18.738+0000] {logging_mixin.py:151} INFO - [2025-05-10T16:06:18.738+0000] {dag.py:2915} INFO - Sync 1 DAGs
[2025-05-10T16:06:18.748+0000] {logging_mixin.py:151} INFO - [2025-05-10T16:06:18.747+0000] {dag.py:3696} INFO - Setting next_dagrun for example_etl to 2025-05-09T00:00:00+00:00, run_after=2025-05-10T00:00:00+00:00
[2025-05-10T16:06:18.756+0000] {processor.py:179} INFO - Processing /opt/airflow/dags/example_etl.py took 0.052 seconds
[2025-05-10T16:06:48.884+0000] {processor.py:157} INFO - Started process (PID=219) to work on /opt/airflow/dags/example_etl.py
[2025-05-10T16:06:48.885+0000] {processor.py:829} INFO - Processing file /opt/airflow/dags/example_etl.py for tasks to queue
[2025-05-10T16:06:48.885+0000] {logging_mixin.py:151} INFO - [2025-05-10T16:06:48.885+0000] {dagbag.py:539} INFO - Filling up the DagBag from /opt/airflow/dags/example_etl.py
[2025-05-10T16:06:48.897+0000] {processor.py:839} INFO - DAG(s) dict_keys(['example_etl']) retrieved from /opt/airflow/dags/example_etl.py
[2025-05-10T16:06:48.912+0000] {logging_mixin.py:151} INFO - [2025-05-10T16:06:48.912+0000] {dag.py:2915} INFO - Sync 1 DAGs
[2025-05-10T16:06:48.921+0000] {logging_mixin.py:151} INFO - [2025-05-10T16:06:48.921+0000] {dag.py:3696} INFO - Setting next_dagrun for example_etl to 2025-05-09T00:00:00+00:00, run_after=2025-05-10T00:00:00+00:00
[2025-05-10T16:06:48.930+0000] {processor.py:179} INFO - Processing /opt/airflow/dags/example_etl.py took 0.050 seconds
[2025-05-10T16:07:19.034+0000] {processor.py:157} INFO - Started process (PID=221) to work on /opt/airflow/dags/example_etl.py
[2025-05-10T16:07:19.035+0000] {processor.py:829} INFO - Processing file /opt/airflow/dags/example_etl.py for tasks to queue
[2025-05-10T16:07:19.036+0000] {logging_mixin.py:151} INFO - [2025-05-10T16:07:19.035+0000] {dagbag.py:539} INFO - Filling up the DagBag from /opt/airflow/dags/example_etl.py
[2025-05-10T16:07:19.047+0000] {processor.py:839} INFO - DAG(s) dict_keys(['example_etl']) retrieved from /opt/airflow/dags/example_etl.py
[2025-05-10T16:07:19.062+0000] {logging_mixin.py:151} INFO - [2025-05-10T16:07:19.062+0000] {dag.py:2915} INFO - Sync 1 DAGs
[2025-05-10T16:07:19.071+0000] {logging_mixin.py:151} INFO - [2025-05-10T16:07:19.071+0000] {dag.py:3696} INFO - Setting next_dagrun for example_etl to 2025-05-09T00:00:00+00:00, run_after=2025-05-10T00:00:00+00:00
[2025-05-10T16:07:19.080+0000] {processor.py:179} INFO - Processing /opt/airflow/dags/example_etl.py took 0.049 seconds
[2025-05-10T16:07:49.191+0000] {processor.py:157} INFO - Started process (PID=223) to work on /opt/airflow/dags/example_etl.py
[2025-05-10T16:07:49.192+0000] {processor.py:829} INFO - Processing file /opt/airflow/dags/example_etl.py for tasks to queue
[2025-05-10T16:07:49.193+0000] {logging_mixin.py:151} INFO - [2025-05-10T16:07:49.193+0000] {dagbag.py:539} INFO - Filling up the DagBag from /opt/airflow/dags/example_etl.py
[2025-05-10T16:07:49.204+0000] {processor.py:839} INFO - DAG(s) dict_keys(['example_etl']) retrieved from /opt/airflow/dags/example_etl.py
[2025-05-10T16:07:49.218+0000] {logging_mixin.py:151} INFO - [2025-05-10T16:07:49.218+0000] {dag.py:2915} INFO - Sync 1 DAGs
[2025-05-10T16:07:49.229+0000] {logging_mixin.py:151} INFO - [2025-05-10T16:07:49.228+0000] {dag.py:3696} INFO - Setting next_dagrun for example_etl to 2025-05-09T00:00:00+00:00, run_after=2025-05-10T00:00:00+00:00
[2025-05-10T16:07:49.240+0000] {processor.py:179} INFO - Processing /opt/airflow/dags/example_etl.py took 0.052 seconds
[2025-05-10T16:08:19.369+0000] {processor.py:157} INFO - Started process (PID=225) to work on /opt/airflow/dags/example_etl.py
[2025-05-10T16:08:19.369+0000] {processor.py:829} INFO - Processing file /opt/airflow/dags/example_etl.py for tasks to queue
[2025-05-10T16:08:19.370+0000] {logging_mixin.py:151} INFO - [2025-05-10T16:08:19.370+0000] {dagbag.py:539} INFO - Filling up the DagBag from /opt/airflow/dags/example_etl.py
[2025-05-10T16:08:19.379+0000] {processor.py:839} INFO - DAG(s) dict_keys(['example_etl']) retrieved from /opt/airflow/dags/example_etl.py
[2025-05-10T16:08:19.390+0000] {logging_mixin.py:151} INFO - [2025-05-10T16:08:19.390+0000] {dag.py:2915} INFO - Sync 1 DAGs
[2025-05-10T16:08:19.399+0000] {logging_mixin.py:151} INFO - [2025-05-10T16:08:19.399+0000] {dag.py:3696} INFO - Setting next_dagrun for example_etl to 2025-05-09T00:00:00+00:00, run_after=2025-05-10T00:00:00+00:00
[2025-05-10T16:08:19.408+0000] {processor.py:179} INFO - Processing /opt/airflow/dags/example_etl.py took 0.041 seconds
[2025-05-10T16:08:49.555+0000] {processor.py:157} INFO - Started process (PID=227) to work on /opt/airflow/dags/example_etl.py
[2025-05-10T16:08:49.556+0000] {processor.py:829} INFO - Processing file /opt/airflow/dags/example_etl.py for tasks to queue
[2025-05-10T16:08:49.557+0000] {logging_mixin.py:151} INFO - [2025-05-10T16:08:49.556+0000] {dagbag.py:539} INFO - Filling up the DagBag from /opt/airflow/dags/example_etl.py
[2025-05-10T16:08:49.569+0000] {processor.py:839} INFO - DAG(s) dict_keys(['example_etl']) retrieved from /opt/airflow/dags/example_etl.py
[2025-05-10T16:08:49.584+0000] {logging_mixin.py:151} INFO - [2025-05-10T16:08:49.584+0000] {dag.py:2915} INFO - Sync 1 DAGs
[2025-05-10T16:08:49.593+0000] {logging_mixin.py:151} INFO - [2025-05-10T16:08:49.593+0000] {dag.py:3696} INFO - Setting next_dagrun for example_etl to 2025-05-09T00:00:00+00:00, run_after=2025-05-10T00:00:00+00:00
[2025-05-10T16:08:49.602+0000] {processor.py:179} INFO - Processing /opt/airflow/dags/example_etl.py took 0.052 seconds
[2025-05-10T16:09:19.731+0000] {processor.py:157} INFO - Started process (PID=229) to work on /opt/airflow/dags/example_etl.py
[2025-05-10T16:09:19.732+0000] {processor.py:829} INFO - Processing file /opt/airflow/dags/example_etl.py for tasks to queue
[2025-05-10T16:09:19.733+0000] {logging_mixin.py:151} INFO - [2025-05-10T16:09:19.732+0000] {dagbag.py:539} INFO - Filling up the DagBag from /opt/airflow/dags/example_etl.py
[2025-05-10T16:09:19.745+0000] {processor.py:839} INFO - DAG(s) dict_keys(['example_etl']) retrieved from /opt/airflow/dags/example_etl.py
[2025-05-10T16:09:19.760+0000] {logging_mixin.py:151} INFO - [2025-05-10T16:09:19.760+0000] {dag.py:2915} INFO - Sync 1 DAGs
[2025-05-10T16:09:19.769+0000] {logging_mixin.py:151} INFO - [2025-05-10T16:09:19.769+0000] {dag.py:3696} INFO - Setting next_dagrun for example_etl to 2025-05-09T00:00:00+00:00, run_after=2025-05-10T00:00:00+00:00
[2025-05-10T16:09:19.778+0000] {processor.py:179} INFO - Processing /opt/airflow/dags/example_etl.py took 0.051 seconds
[2025-05-10T16:09:49.911+0000] {processor.py:157} INFO - Started process (PID=231) to work on /opt/airflow/dags/example_etl.py
[2025-05-10T16:09:49.912+0000] {processor.py:829} INFO - Processing file /opt/airflow/dags/example_etl.py for tasks to queue
[2025-05-10T16:09:49.913+0000] {logging_mixin.py:151} INFO - [2025-05-10T16:09:49.913+0000] {dagbag.py:539} INFO - Filling up the DagBag from /opt/airflow/dags/example_etl.py
[2025-05-10T16:09:49.924+0000] {processor.py:839} INFO - DAG(s) dict_keys(['example_etl']) retrieved from /opt/airflow/dags/example_etl.py
[2025-05-10T16:09:49.939+0000] {logging_mixin.py:151} INFO - [2025-05-10T16:09:49.939+0000] {dag.py:2915} INFO - Sync 1 DAGs
[2025-05-10T16:09:49.948+0000] {logging_mixin.py:151} INFO - [2025-05-10T16:09:49.948+0000] {dag.py:3696} INFO - Setting next_dagrun for example_etl to 2025-05-09T00:00:00+00:00, run_after=2025-05-10T00:00:00+00:00
[2025-05-10T16:09:49.958+0000] {processor.py:179} INFO - Processing /opt/airflow/dags/example_etl.py took 0.050 seconds
[2025-05-10T16:10:20.090+0000] {processor.py:157} INFO - Started process (PID=233) to work on /opt/airflow/dags/example_etl.py
[2025-05-10T16:10:20.090+0000] {processor.py:829} INFO - Processing file /opt/airflow/dags/example_etl.py for tasks to queue
[2025-05-10T16:10:20.091+0000] {logging_mixin.py:151} INFO - [2025-05-10T16:10:20.091+0000] {dagbag.py:539} INFO - Filling up the DagBag from /opt/airflow/dags/example_etl.py
[2025-05-10T16:10:20.098+0000] {processor.py:839} INFO - DAG(s) dict_keys(['example_etl']) retrieved from /opt/airflow/dags/example_etl.py
[2025-05-10T16:10:20.109+0000] {logging_mixin.py:151} INFO - [2025-05-10T16:10:20.109+0000] {dag.py:2915} INFO - Sync 1 DAGs
[2025-05-10T16:10:20.116+0000] {logging_mixin.py:151} INFO - [2025-05-10T16:10:20.116+0000] {dag.py:3696} INFO - Setting next_dagrun for example_etl to 2025-05-09T00:00:00+00:00, run_after=2025-05-10T00:00:00+00:00
[2025-05-10T16:10:20.125+0000] {processor.py:179} INFO - Processing /opt/airflow/dags/example_etl.py took 0.037 seconds
[2025-05-10T16:10:50.263+0000] {processor.py:157} INFO - Started process (PID=235) to work on /opt/airflow/dags/example_etl.py
[2025-05-10T16:10:50.264+0000] {processor.py:829} INFO - Processing file /opt/airflow/dags/example_etl.py for tasks to queue
[2025-05-10T16:10:50.264+0000] {logging_mixin.py:151} INFO - [2025-05-10T16:10:50.264+0000] {dagbag.py:539} INFO - Filling up the DagBag from /opt/airflow/dags/example_etl.py
[2025-05-10T16:10:50.271+0000] {processor.py:839} INFO - DAG(s) dict_keys(['example_etl']) retrieved from /opt/airflow/dags/example_etl.py
[2025-05-10T16:10:50.282+0000] {logging_mixin.py:151} INFO - [2025-05-10T16:10:50.282+0000] {dag.py:2915} INFO - Sync 1 DAGs
[2025-05-10T16:10:50.290+0000] {logging_mixin.py:151} INFO - [2025-05-10T16:10:50.290+0000] {dag.py:3696} INFO - Setting next_dagrun for example_etl to 2025-05-09T00:00:00+00:00, run_after=2025-05-10T00:00:00+00:00
[2025-05-10T16:10:50.300+0000] {processor.py:179} INFO - Processing /opt/airflow/dags/example_etl.py took 0.039 seconds
[2025-05-10T16:11:20.438+0000] {processor.py:157} INFO - Started process (PID=237) to work on /opt/airflow/dags/example_etl.py
[2025-05-10T16:11:20.439+0000] {processor.py:829} INFO - Processing file /opt/airflow/dags/example_etl.py for tasks to queue
[2025-05-10T16:11:20.440+0000] {logging_mixin.py:151} INFO - [2025-05-10T16:11:20.440+0000] {dagbag.py:539} INFO - Filling up the DagBag from /opt/airflow/dags/example_etl.py
[2025-05-10T16:11:20.452+0000] {processor.py:839} INFO - DAG(s) dict_keys(['example_etl']) retrieved from /opt/airflow/dags/example_etl.py
[2025-05-10T16:11:20.467+0000] {logging_mixin.py:151} INFO - [2025-05-10T16:11:20.467+0000] {dag.py:2915} INFO - Sync 1 DAGs
[2025-05-10T16:11:20.477+0000] {logging_mixin.py:151} INFO - [2025-05-10T16:11:20.477+0000] {dag.py:3696} INFO - Setting next_dagrun for example_etl to 2025-05-09T00:00:00+00:00, run_after=2025-05-10T00:00:00+00:00
[2025-05-10T16:11:20.486+0000] {processor.py:179} INFO - Processing /opt/airflow/dags/example_etl.py took 0.051 seconds
[2025-05-10T16:11:50.599+0000] {processor.py:157} INFO - Started process (PID=239) to work on /opt/airflow/dags/example_etl.py
[2025-05-10T16:11:50.600+0000] {processor.py:829} INFO - Processing file /opt/airflow/dags/example_etl.py for tasks to queue
[2025-05-10T16:11:50.601+0000] {logging_mixin.py:151} INFO - [2025-05-10T16:11:50.600+0000] {dagbag.py:539} INFO - Filling up the DagBag from /opt/airflow/dags/example_etl.py
[2025-05-10T16:11:50.612+0000] {processor.py:839} INFO - DAG(s) dict_keys(['example_etl']) retrieved from /opt/airflow/dags/example_etl.py
[2025-05-10T16:11:50.627+0000] {logging_mixin.py:151} INFO - [2025-05-10T16:11:50.627+0000] {dag.py:2915} INFO - Sync 1 DAGs
[2025-05-10T16:11:50.636+0000] {logging_mixin.py:151} INFO - [2025-05-10T16:11:50.636+0000] {dag.py:3696} INFO - Setting next_dagrun for example_etl to 2025-05-09T00:00:00+00:00, run_after=2025-05-10T00:00:00+00:00
[2025-05-10T16:11:50.644+0000] {processor.py:179} INFO - Processing /opt/airflow/dags/example_etl.py took 0.050 seconds
[2025-05-10T16:12:20.776+0000] {processor.py:157} INFO - Started process (PID=241) to work on /opt/airflow/dags/example_etl.py
[2025-05-10T16:12:20.777+0000] {processor.py:829} INFO - Processing file /opt/airflow/dags/example_etl.py for tasks to queue
[2025-05-10T16:12:20.778+0000] {logging_mixin.py:151} INFO - [2025-05-10T16:12:20.778+0000] {dagbag.py:539} INFO - Filling up the DagBag from /opt/airflow/dags/example_etl.py
[2025-05-10T16:12:20.791+0000] {processor.py:839} INFO - DAG(s) dict_keys(['example_etl']) retrieved from /opt/airflow/dags/example_etl.py
[2025-05-10T16:12:20.808+0000] {logging_mixin.py:151} INFO - [2025-05-10T16:12:20.808+0000] {dag.py:2915} INFO - Sync 1 DAGs
[2025-05-10T16:12:20.818+0000] {logging_mixin.py:151} INFO - [2025-05-10T16:12:20.818+0000] {dag.py:3696} INFO - Setting next_dagrun for example_etl to 2025-05-09T00:00:00+00:00, run_after=2025-05-10T00:00:00+00:00
[2025-05-10T16:12:20.827+0000] {processor.py:179} INFO - Processing /opt/airflow/dags/example_etl.py took 0.054 seconds
[2025-05-10T16:12:50.948+0000] {processor.py:157} INFO - Started process (PID=243) to work on /opt/airflow/dags/example_etl.py
[2025-05-10T16:12:50.949+0000] {processor.py:829} INFO - Processing file /opt/airflow/dags/example_etl.py for tasks to queue
[2025-05-10T16:12:50.950+0000] {logging_mixin.py:151} INFO - [2025-05-10T16:12:50.949+0000] {dagbag.py:539} INFO - Filling up the DagBag from /opt/airflow/dags/example_etl.py
[2025-05-10T16:12:50.962+0000] {processor.py:839} INFO - DAG(s) dict_keys(['example_etl']) retrieved from /opt/airflow/dags/example_etl.py
[2025-05-10T16:12:50.978+0000] {logging_mixin.py:151} INFO - [2025-05-10T16:12:50.977+0000] {dag.py:2915} INFO - Sync 1 DAGs
[2025-05-10T16:12:50.986+0000] {logging_mixin.py:151} INFO - [2025-05-10T16:12:50.986+0000] {dag.py:3696} INFO - Setting next_dagrun for example_etl to 2025-05-09T00:00:00+00:00, run_after=2025-05-10T00:00:00+00:00
[2025-05-10T16:12:50.996+0000] {processor.py:179} INFO - Processing /opt/airflow/dags/example_etl.py took 0.051 seconds
[2025-05-10T16:13:21.102+0000] {processor.py:157} INFO - Started process (PID=245) to work on /opt/airflow/dags/example_etl.py
[2025-05-10T16:13:21.103+0000] {processor.py:829} INFO - Processing file /opt/airflow/dags/example_etl.py for tasks to queue
[2025-05-10T16:13:21.103+0000] {logging_mixin.py:151} INFO - [2025-05-10T16:13:21.103+0000] {dagbag.py:539} INFO - Filling up the DagBag from /opt/airflow/dags/example_etl.py
[2025-05-10T16:13:21.109+0000] {processor.py:839} INFO - DAG(s) dict_keys(['example_etl']) retrieved from /opt/airflow/dags/example_etl.py
[2025-05-10T16:13:21.118+0000] {logging_mixin.py:151} INFO - [2025-05-10T16:13:21.118+0000] {dag.py:2915} INFO - Sync 1 DAGs
[2025-05-10T16:13:21.125+0000] {logging_mixin.py:151} INFO - [2025-05-10T16:13:21.125+0000] {dag.py:3696} INFO - Setting next_dagrun for example_etl to 2025-05-09T00:00:00+00:00, run_after=2025-05-10T00:00:00+00:00
[2025-05-10T16:13:21.133+0000] {processor.py:179} INFO - Processing /opt/airflow/dags/example_etl.py took 0.032 seconds
[2025-05-10T16:13:51.280+0000] {processor.py:157} INFO - Started process (PID=247) to work on /opt/airflow/dags/example_etl.py
[2025-05-10T16:13:51.280+0000] {processor.py:829} INFO - Processing file /opt/airflow/dags/example_etl.py for tasks to queue
[2025-05-10T16:13:51.280+0000] {logging_mixin.py:151} INFO - [2025-05-10T16:13:51.280+0000] {dagbag.py:539} INFO - Filling up the DagBag from /opt/airflow/dags/example_etl.py
[2025-05-10T16:13:51.287+0000] {processor.py:839} INFO - DAG(s) dict_keys(['example_etl']) retrieved from /opt/airflow/dags/example_etl.py
[2025-05-10T16:13:51.297+0000] {logging_mixin.py:151} INFO - [2025-05-10T16:13:51.297+0000] {dag.py:2915} INFO - Sync 1 DAGs
[2025-05-10T16:13:51.307+0000] {logging_mixin.py:151} INFO - [2025-05-10T16:13:51.307+0000] {dag.py:3696} INFO - Setting next_dagrun for example_etl to 2025-05-09T00:00:00+00:00, run_after=2025-05-10T00:00:00+00:00
[2025-05-10T16:13:51.315+0000] {processor.py:179} INFO - Processing /opt/airflow/dags/example_etl.py took 0.038 seconds
[2025-05-10T16:14:21.432+0000] {processor.py:157} INFO - Started process (PID=249) to work on /opt/airflow/dags/example_etl.py
[2025-05-10T16:14:21.433+0000] {processor.py:829} INFO - Processing file /opt/airflow/dags/example_etl.py for tasks to queue
[2025-05-10T16:14:21.433+0000] {logging_mixin.py:151} INFO - [2025-05-10T16:14:21.433+0000] {dagbag.py:539} INFO - Filling up the DagBag from /opt/airflow/dags/example_etl.py
[2025-05-10T16:14:21.440+0000] {processor.py:839} INFO - DAG(s) dict_keys(['example_etl']) retrieved from /opt/airflow/dags/example_etl.py
[2025-05-10T16:14:21.453+0000] {logging_mixin.py:151} INFO - [2025-05-10T16:14:21.453+0000] {dag.py:2915} INFO - Sync 1 DAGs
[2025-05-10T16:14:21.463+0000] {logging_mixin.py:151} INFO - [2025-05-10T16:14:21.463+0000] {dag.py:3696} INFO - Setting next_dagrun for example_etl to 2025-05-09T00:00:00+00:00, run_after=2025-05-10T00:00:00+00:00
[2025-05-10T16:14:21.472+0000] {processor.py:179} INFO - Processing /opt/airflow/dags/example_etl.py took 0.044 seconds
[2025-05-10T16:14:51.602+0000] {processor.py:157} INFO - Started process (PID=251) to work on /opt/airflow/dags/example_etl.py
[2025-05-10T16:14:51.603+0000] {processor.py:829} INFO - Processing file /opt/airflow/dags/example_etl.py for tasks to queue
[2025-05-10T16:14:51.603+0000] {logging_mixin.py:151} INFO - [2025-05-10T16:14:51.603+0000] {dagbag.py:539} INFO - Filling up the DagBag from /opt/airflow/dags/example_etl.py
[2025-05-10T16:14:51.611+0000] {processor.py:839} INFO - DAG(s) dict_keys(['example_etl']) retrieved from /opt/airflow/dags/example_etl.py
[2025-05-10T16:14:51.623+0000] {logging_mixin.py:151} INFO - [2025-05-10T16:14:51.623+0000] {dag.py:2915} INFO - Sync 1 DAGs
[2025-05-10T16:14:51.632+0000] {logging_mixin.py:151} INFO - [2025-05-10T16:14:51.632+0000] {dag.py:3696} INFO - Setting next_dagrun for example_etl to 2025-05-09T00:00:00+00:00, run_after=2025-05-10T00:00:00+00:00
[2025-05-10T16:14:51.641+0000] {processor.py:179} INFO - Processing /opt/airflow/dags/example_etl.py took 0.041 seconds
[2025-05-10T16:15:21.791+0000] {processor.py:157} INFO - Started process (PID=253) to work on /opt/airflow/dags/example_etl.py
[2025-05-10T16:15:21.792+0000] {processor.py:829} INFO - Processing file /opt/airflow/dags/example_etl.py for tasks to queue
[2025-05-10T16:15:21.794+0000] {logging_mixin.py:151} INFO - [2025-05-10T16:15:21.793+0000] {dagbag.py:539} INFO - Filling up the DagBag from /opt/airflow/dags/example_etl.py
[2025-05-10T16:15:21.806+0000] {processor.py:839} INFO - DAG(s) dict_keys(['example_etl']) retrieved from /opt/airflow/dags/example_etl.py
[2025-05-10T16:15:21.821+0000] {logging_mixin.py:151} INFO - [2025-05-10T16:15:21.821+0000] {dag.py:2915} INFO - Sync 1 DAGs
[2025-05-10T16:15:21.831+0000] {logging_mixin.py:151} INFO - [2025-05-10T16:15:21.831+0000] {dag.py:3696} INFO - Setting next_dagrun for example_etl to 2025-05-09T00:00:00+00:00, run_after=2025-05-10T00:00:00+00:00
[2025-05-10T16:15:21.840+0000] {processor.py:179} INFO - Processing /opt/airflow/dags/example_etl.py took 0.054 seconds
[2025-05-10T16:15:51.949+0000] {processor.py:157} INFO - Started process (PID=255) to work on /opt/airflow/dags/example_etl.py
[2025-05-10T16:15:51.949+0000] {processor.py:829} INFO - Processing file /opt/airflow/dags/example_etl.py for tasks to queue
[2025-05-10T16:15:51.950+0000] {logging_mixin.py:151} INFO - [2025-05-10T16:15:51.950+0000] {dagbag.py:539} INFO - Filling up the DagBag from /opt/airflow/dags/example_etl.py
[2025-05-10T16:15:51.958+0000] {processor.py:839} INFO - DAG(s) dict_keys(['example_etl']) retrieved from /opt/airflow/dags/example_etl.py
[2025-05-10T16:15:51.970+0000] {logging_mixin.py:151} INFO - [2025-05-10T16:15:51.970+0000] {dag.py:2915} INFO - Sync 1 DAGs
[2025-05-10T16:15:51.979+0000] {logging_mixin.py:151} INFO - [2025-05-10T16:15:51.979+0000] {dag.py:3696} INFO - Setting next_dagrun for example_etl to 2025-05-09T00:00:00+00:00, run_after=2025-05-10T00:00:00+00:00
[2025-05-10T16:15:51.987+0000] {processor.py:179} INFO - Processing /opt/airflow/dags/example_etl.py took 0.041 seconds
[2025-05-10T16:16:22.127+0000] {processor.py:157} INFO - Started process (PID=257) to work on /opt/airflow/dags/example_etl.py
[2025-05-10T16:16:22.128+0000] {processor.py:829} INFO - Processing file /opt/airflow/dags/example_etl.py for tasks to queue
[2025-05-10T16:16:22.129+0000] {logging_mixin.py:151} INFO - [2025-05-10T16:16:22.128+0000] {dagbag.py:539} INFO - Filling up the DagBag from /opt/airflow/dags/example_etl.py
[2025-05-10T16:16:22.139+0000] {processor.py:839} INFO - DAG(s) dict_keys(['example_etl']) retrieved from /opt/airflow/dags/example_etl.py
[2025-05-10T16:16:22.155+0000] {logging_mixin.py:151} INFO - [2025-05-10T16:16:22.154+0000] {dag.py:2915} INFO - Sync 1 DAGs
[2025-05-10T16:16:22.164+0000] {logging_mixin.py:151} INFO - [2025-05-10T16:16:22.164+0000] {dag.py:3696} INFO - Setting next_dagrun for example_etl to 2025-05-09T00:00:00+00:00, run_after=2025-05-10T00:00:00+00:00
[2025-05-10T16:16:22.172+0000] {processor.py:179} INFO - Processing /opt/airflow/dags/example_etl.py took 0.048 seconds
[2025-05-10T16:16:52.276+0000] {processor.py:157} INFO - Started process (PID=259) to work on /opt/airflow/dags/example_etl.py
[2025-05-10T16:16:52.277+0000] {processor.py:829} INFO - Processing file /opt/airflow/dags/example_etl.py for tasks to queue
[2025-05-10T16:16:52.277+0000] {logging_mixin.py:151} INFO - [2025-05-10T16:16:52.277+0000] {dagbag.py:539} INFO - Filling up the DagBag from /opt/airflow/dags/example_etl.py
[2025-05-10T16:16:52.285+0000] {processor.py:839} INFO - DAG(s) dict_keys(['example_etl']) retrieved from /opt/airflow/dags/example_etl.py
[2025-05-10T16:16:52.297+0000] {logging_mixin.py:151} INFO - [2025-05-10T16:16:52.296+0000] {dag.py:2915} INFO - Sync 1 DAGs
[2025-05-10T16:16:52.305+0000] {logging_mixin.py:151} INFO - [2025-05-10T16:16:52.305+0000] {dag.py:3696} INFO - Setting next_dagrun for example_etl to 2025-05-09T00:00:00+00:00, run_after=2025-05-10T00:00:00+00:00
[2025-05-10T16:16:52.313+0000] {processor.py:179} INFO - Processing /opt/airflow/dags/example_etl.py took 0.040 seconds
[2025-05-10T16:17:22.433+0000] {processor.py:157} INFO - Started process (PID=261) to work on /opt/airflow/dags/example_etl.py
[2025-05-10T16:17:22.434+0000] {processor.py:829} INFO - Processing file /opt/airflow/dags/example_etl.py for tasks to queue
[2025-05-10T16:17:22.435+0000] {logging_mixin.py:151} INFO - [2025-05-10T16:17:22.435+0000] {dagbag.py:539} INFO - Filling up the DagBag from /opt/airflow/dags/example_etl.py
[2025-05-10T16:17:22.448+0000] {processor.py:839} INFO - DAG(s) dict_keys(['example_etl']) retrieved from /opt/airflow/dags/example_etl.py
[2025-05-10T16:17:22.465+0000] {logging_mixin.py:151} INFO - [2025-05-10T16:17:22.465+0000] {dag.py:2915} INFO - Sync 1 DAGs
[2025-05-10T16:17:22.476+0000] {logging_mixin.py:151} INFO - [2025-05-10T16:17:22.476+0000] {dag.py:3696} INFO - Setting next_dagrun for example_etl to 2025-05-09T00:00:00+00:00, run_after=2025-05-10T00:00:00+00:00
[2025-05-10T16:17:22.485+0000] {processor.py:179} INFO - Processing /opt/airflow/dags/example_etl.py took 0.056 seconds
[2025-05-10T16:17:52.826+0000] {processor.py:157} INFO - Started process (PID=263) to work on /opt/airflow/dags/example_etl.py
[2025-05-10T16:17:52.827+0000] {processor.py:829} INFO - Processing file /opt/airflow/dags/example_etl.py for tasks to queue
[2025-05-10T16:17:52.827+0000] {logging_mixin.py:151} INFO - [2025-05-10T16:17:52.827+0000] {dagbag.py:539} INFO - Filling up the DagBag from /opt/airflow/dags/example_etl.py
[2025-05-10T16:17:52.838+0000] {processor.py:839} INFO - DAG(s) dict_keys(['example_etl']) retrieved from /opt/airflow/dags/example_etl.py
[2025-05-10T16:17:52.852+0000] {logging_mixin.py:151} INFO - [2025-05-10T16:17:52.852+0000] {dag.py:2915} INFO - Sync 1 DAGs
[2025-05-10T16:17:52.861+0000] {logging_mixin.py:151} INFO - [2025-05-10T16:17:52.861+0000] {dag.py:3696} INFO - Setting next_dagrun for example_etl to 2025-05-09T00:00:00+00:00, run_after=2025-05-10T00:00:00+00:00
[2025-05-10T16:17:52.870+0000] {processor.py:179} INFO - Processing /opt/airflow/dags/example_etl.py took 0.047 seconds
[2025-05-10T16:18:23.810+0000] {processor.py:157} INFO - Started process (PID=265) to work on /opt/airflow/dags/example_etl.py
[2025-05-10T16:18:23.810+0000] {processor.py:829} INFO - Processing file /opt/airflow/dags/example_etl.py for tasks to queue
[2025-05-10T16:18:23.811+0000] {logging_mixin.py:151} INFO - [2025-05-10T16:18:23.811+0000] {dagbag.py:539} INFO - Filling up the DagBag from /opt/airflow/dags/example_etl.py
[2025-05-10T16:18:23.823+0000] {processor.py:839} INFO - DAG(s) dict_keys(['example_etl']) retrieved from /opt/airflow/dags/example_etl.py
[2025-05-10T16:18:23.840+0000] {logging_mixin.py:151} INFO - [2025-05-10T16:18:23.840+0000] {dag.py:2915} INFO - Sync 1 DAGs
[2025-05-10T16:18:23.849+0000] {logging_mixin.py:151} INFO - [2025-05-10T16:18:23.849+0000] {dag.py:3696} INFO - Setting next_dagrun for example_etl to 2025-05-09T00:00:00+00:00, run_after=2025-05-10T00:00:00+00:00
[2025-05-10T16:18:23.858+0000] {processor.py:179} INFO - Processing /opt/airflow/dags/example_etl.py took 0.052 seconds
[2025-05-10T16:18:54.859+0000] {processor.py:157} INFO - Started process (PID=267) to work on /opt/airflow/dags/example_etl.py
[2025-05-10T16:18:54.860+0000] {processor.py:829} INFO - Processing file /opt/airflow/dags/example_etl.py for tasks to queue
[2025-05-10T16:18:54.860+0000] {logging_mixin.py:151} INFO - [2025-05-10T16:18:54.860+0000] {dagbag.py:539} INFO - Filling up the DagBag from /opt/airflow/dags/example_etl.py
[2025-05-10T16:18:54.873+0000] {processor.py:839} INFO - DAG(s) dict_keys(['example_etl']) retrieved from /opt/airflow/dags/example_etl.py
[2025-05-10T16:18:54.888+0000] {logging_mixin.py:151} INFO - [2025-05-10T16:18:54.888+0000] {dag.py:2915} INFO - Sync 1 DAGs
[2025-05-10T16:18:54.897+0000] {logging_mixin.py:151} INFO - [2025-05-10T16:18:54.897+0000] {dag.py:3696} INFO - Setting next_dagrun for example_etl to 2025-05-09T00:00:00+00:00, run_after=2025-05-10T00:00:00+00:00
[2025-05-10T16:18:54.907+0000] {processor.py:179} INFO - Processing /opt/airflow/dags/example_etl.py took 0.052 seconds
[2025-05-10T16:19:25.215+0000] {processor.py:157} INFO - Started process (PID=269) to work on /opt/airflow/dags/example_etl.py
[2025-05-10T16:19:25.216+0000] {processor.py:829} INFO - Processing file /opt/airflow/dags/example_etl.py for tasks to queue
[2025-05-10T16:19:25.217+0000] {logging_mixin.py:151} INFO - [2025-05-10T16:19:25.216+0000] {dagbag.py:539} INFO - Filling up the DagBag from /opt/airflow/dags/example_etl.py
[2025-05-10T16:19:25.227+0000] {processor.py:839} INFO - DAG(s) dict_keys(['example_etl']) retrieved from /opt/airflow/dags/example_etl.py
[2025-05-10T16:19:25.240+0000] {logging_mixin.py:151} INFO - [2025-05-10T16:19:25.239+0000] {dag.py:2915} INFO - Sync 1 DAGs
[2025-05-10T16:19:25.250+0000] {logging_mixin.py:151} INFO - [2025-05-10T16:19:25.250+0000] {dag.py:3696} INFO - Setting next_dagrun for example_etl to 2025-05-09T00:00:00+00:00, run_after=2025-05-10T00:00:00+00:00
[2025-05-10T16:19:25.258+0000] {processor.py:179} INFO - Processing /opt/airflow/dags/example_etl.py took 0.046 seconds
[2025-05-10T16:19:55.931+0000] {processor.py:157} INFO - Started process (PID=271) to work on /opt/airflow/dags/example_etl.py
[2025-05-10T16:19:55.932+0000] {processor.py:829} INFO - Processing file /opt/airflow/dags/example_etl.py for tasks to queue
[2025-05-10T16:19:55.933+0000] {logging_mixin.py:151} INFO - [2025-05-10T16:19:55.933+0000] {dagbag.py:539} INFO - Filling up the DagBag from /opt/airflow/dags/example_etl.py
[2025-05-10T16:19:55.944+0000] {processor.py:839} INFO - DAG(s) dict_keys(['example_etl']) retrieved from /opt/airflow/dags/example_etl.py
[2025-05-10T16:19:55.959+0000] {logging_mixin.py:151} INFO - [2025-05-10T16:19:55.959+0000] {dag.py:2915} INFO - Sync 1 DAGs
[2025-05-10T16:19:55.968+0000] {logging_mixin.py:151} INFO - [2025-05-10T16:19:55.968+0000] {dag.py:3696} INFO - Setting next_dagrun for example_etl to 2025-05-09T00:00:00+00:00, run_after=2025-05-10T00:00:00+00:00
[2025-05-10T16:19:55.977+0000] {processor.py:179} INFO - Processing /opt/airflow/dags/example_etl.py took 0.049 seconds
[2025-05-10T16:20:26.251+0000] {processor.py:157} INFO - Started process (PID=273) to work on /opt/airflow/dags/example_etl.py
[2025-05-10T16:20:26.252+0000] {processor.py:829} INFO - Processing file /opt/airflow/dags/example_etl.py for tasks to queue
[2025-05-10T16:20:26.252+0000] {logging_mixin.py:151} INFO - [2025-05-10T16:20:26.252+0000] {dagbag.py:539} INFO - Filling up the DagBag from /opt/airflow/dags/example_etl.py
[2025-05-10T16:20:26.259+0000] {processor.py:839} INFO - DAG(s) dict_keys(['example_etl']) retrieved from /opt/airflow/dags/example_etl.py
[2025-05-10T16:20:26.268+0000] {logging_mixin.py:151} INFO - [2025-05-10T16:20:26.268+0000] {dag.py:2915} INFO - Sync 1 DAGs
[2025-05-10T16:20:26.276+0000] {logging_mixin.py:151} INFO - [2025-05-10T16:20:26.276+0000] {dag.py:3696} INFO - Setting next_dagrun for example_etl to 2025-05-09T00:00:00+00:00, run_after=2025-05-10T00:00:00+00:00
[2025-05-10T16:20:26.284+0000] {processor.py:179} INFO - Processing /opt/airflow/dags/example_etl.py took 0.035 seconds
[2025-05-10T16:20:56.613+0000] {processor.py:157} INFO - Started process (PID=275) to work on /opt/airflow/dags/example_etl.py
[2025-05-10T16:20:56.614+0000] {processor.py:829} INFO - Processing file /opt/airflow/dags/example_etl.py for tasks to queue
[2025-05-10T16:20:56.615+0000] {logging_mixin.py:151} INFO - [2025-05-10T16:20:56.615+0000] {dagbag.py:539} INFO - Filling up the DagBag from /opt/airflow/dags/example_etl.py
[2025-05-10T16:20:56.628+0000] {processor.py:839} INFO - DAG(s) dict_keys(['example_etl']) retrieved from /opt/airflow/dags/example_etl.py
[2025-05-10T16:20:56.645+0000] {logging_mixin.py:151} INFO - [2025-05-10T16:20:56.645+0000] {dag.py:2915} INFO - Sync 1 DAGs
[2025-05-10T16:20:56.654+0000] {logging_mixin.py:151} INFO - [2025-05-10T16:20:56.654+0000] {dag.py:3696} INFO - Setting next_dagrun for example_etl to 2025-05-09T00:00:00+00:00, run_after=2025-05-10T00:00:00+00:00
[2025-05-10T16:20:56.664+0000] {processor.py:179} INFO - Processing /opt/airflow/dags/example_etl.py took 0.059 seconds
[2025-05-10T16:21:26.928+0000] {processor.py:157} INFO - Started process (PID=277) to work on /opt/airflow/dags/example_etl.py
[2025-05-10T16:21:26.929+0000] {processor.py:829} INFO - Processing file /opt/airflow/dags/example_etl.py for tasks to queue
[2025-05-10T16:21:26.930+0000] {logging_mixin.py:151} INFO - [2025-05-10T16:21:26.929+0000] {dagbag.py:539} INFO - Filling up the DagBag from /opt/airflow/dags/example_etl.py
[2025-05-10T16:21:26.939+0000] {processor.py:839} INFO - DAG(s) dict_keys(['example_etl']) retrieved from /opt/airflow/dags/example_etl.py
[2025-05-10T16:21:26.951+0000] {logging_mixin.py:151} INFO - [2025-05-10T16:21:26.951+0000] {dag.py:2915} INFO - Sync 1 DAGs
[2025-05-10T16:21:26.960+0000] {logging_mixin.py:151} INFO - [2025-05-10T16:21:26.960+0000] {dag.py:3696} INFO - Setting next_dagrun for example_etl to 2025-05-09T00:00:00+00:00, run_after=2025-05-10T00:00:00+00:00
[2025-05-10T16:21:26.969+0000] {processor.py:179} INFO - Processing /opt/airflow/dags/example_etl.py took 0.042 seconds
[2025-05-10T16:21:57.292+0000] {processor.py:157} INFO - Started process (PID=279) to work on /opt/airflow/dags/example_etl.py
[2025-05-10T16:21:57.293+0000] {processor.py:829} INFO - Processing file /opt/airflow/dags/example_etl.py for tasks to queue
[2025-05-10T16:21:57.293+0000] {logging_mixin.py:151} INFO - [2025-05-10T16:21:57.293+0000] {dagbag.py:539} INFO - Filling up the DagBag from /opt/airflow/dags/example_etl.py
[2025-05-10T16:21:57.302+0000] {processor.py:839} INFO - DAG(s) dict_keys(['example_etl']) retrieved from /opt/airflow/dags/example_etl.py
[2025-05-10T16:21:57.314+0000] {logging_mixin.py:151} INFO - [2025-05-10T16:21:57.314+0000] {dag.py:2915} INFO - Sync 1 DAGs
[2025-05-10T16:21:57.322+0000] {logging_mixin.py:151} INFO - [2025-05-10T16:21:57.322+0000] {dag.py:3696} INFO - Setting next_dagrun for example_etl to 2025-05-09T00:00:00+00:00, run_after=2025-05-10T00:00:00+00:00
[2025-05-10T16:21:57.331+0000] {processor.py:179} INFO - Processing /opt/airflow/dags/example_etl.py took 0.041 seconds
[2025-05-10T16:22:27.662+0000] {processor.py:157} INFO - Started process (PID=281) to work on /opt/airflow/dags/example_etl.py
[2025-05-10T16:22:27.663+0000] {processor.py:829} INFO - Processing file /opt/airflow/dags/example_etl.py for tasks to queue
[2025-05-10T16:22:27.664+0000] {logging_mixin.py:151} INFO - [2025-05-10T16:22:27.664+0000] {dagbag.py:539} INFO - Filling up the DagBag from /opt/airflow/dags/example_etl.py
[2025-05-10T16:22:27.676+0000] {processor.py:839} INFO - DAG(s) dict_keys(['example_etl']) retrieved from /opt/airflow/dags/example_etl.py
[2025-05-10T16:22:27.692+0000] {logging_mixin.py:151} INFO - [2025-05-10T16:22:27.692+0000] {dag.py:2915} INFO - Sync 1 DAGs
[2025-05-10T16:22:27.701+0000] {logging_mixin.py:151} INFO - [2025-05-10T16:22:27.701+0000] {dag.py:3696} INFO - Setting next_dagrun for example_etl to 2025-05-09T00:00:00+00:00, run_after=2025-05-10T00:00:00+00:00
[2025-05-10T16:22:27.710+0000] {processor.py:179} INFO - Processing /opt/airflow/dags/example_etl.py took 0.052 seconds
[2025-05-10T16:22:58.005+0000] {processor.py:157} INFO - Started process (PID=283) to work on /opt/airflow/dags/example_etl.py
[2025-05-10T16:22:58.006+0000] {processor.py:829} INFO - Processing file /opt/airflow/dags/example_etl.py for tasks to queue
[2025-05-10T16:22:58.006+0000] {logging_mixin.py:151} INFO - [2025-05-10T16:22:58.006+0000] {dagbag.py:539} INFO - Filling up the DagBag from /opt/airflow/dags/example_etl.py
[2025-05-10T16:22:58.014+0000] {processor.py:839} INFO - DAG(s) dict_keys(['example_etl']) retrieved from /opt/airflow/dags/example_etl.py
[2025-05-10T16:22:58.026+0000] {logging_mixin.py:151} INFO - [2025-05-10T16:22:58.026+0000] {dag.py:2915} INFO - Sync 1 DAGs
[2025-05-10T16:22:58.035+0000] {logging_mixin.py:151} INFO - [2025-05-10T16:22:58.035+0000] {dag.py:3696} INFO - Setting next_dagrun for example_etl to 2025-05-09T00:00:00+00:00, run_after=2025-05-10T00:00:00+00:00
[2025-05-10T16:22:58.044+0000] {processor.py:179} INFO - Processing /opt/airflow/dags/example_etl.py took 0.044 seconds
[2025-05-10T16:23:28.364+0000] {processor.py:157} INFO - Started process (PID=285) to work on /opt/airflow/dags/example_etl.py
[2025-05-10T16:23:28.365+0000] {processor.py:829} INFO - Processing file /opt/airflow/dags/example_etl.py for tasks to queue
[2025-05-10T16:23:28.366+0000] {logging_mixin.py:151} INFO - [2025-05-10T16:23:28.366+0000] {dagbag.py:539} INFO - Filling up the DagBag from /opt/airflow/dags/example_etl.py
[2025-05-10T16:23:28.379+0000] {processor.py:839} INFO - DAG(s) dict_keys(['example_etl']) retrieved from /opt/airflow/dags/example_etl.py
[2025-05-10T16:23:28.393+0000] {logging_mixin.py:151} INFO - [2025-05-10T16:23:28.393+0000] {dag.py:2915} INFO - Sync 1 DAGs
[2025-05-10T16:23:28.403+0000] {logging_mixin.py:151} INFO - [2025-05-10T16:23:28.403+0000] {dag.py:3696} INFO - Setting next_dagrun for example_etl to 2025-05-09T00:00:00+00:00, run_after=2025-05-10T00:00:00+00:00
[2025-05-10T16:23:28.412+0000] {processor.py:179} INFO - Processing /opt/airflow/dags/example_etl.py took 0.051 seconds
[2025-05-10T16:23:58.706+0000] {processor.py:157} INFO - Started process (PID=287) to work on /opt/airflow/dags/example_etl.py
[2025-05-10T16:23:58.707+0000] {processor.py:829} INFO - Processing file /opt/airflow/dags/example_etl.py for tasks to queue
[2025-05-10T16:23:58.708+0000] {logging_mixin.py:151} INFO - [2025-05-10T16:23:58.708+0000] {dagbag.py:539} INFO - Filling up the DagBag from /opt/airflow/dags/example_etl.py
[2025-05-10T16:23:58.722+0000] {processor.py:839} INFO - DAG(s) dict_keys(['example_etl']) retrieved from /opt/airflow/dags/example_etl.py
[2025-05-10T16:23:58.738+0000] {logging_mixin.py:151} INFO - [2025-05-10T16:23:58.738+0000] {dag.py:2915} INFO - Sync 1 DAGs
[2025-05-10T16:23:58.748+0000] {logging_mixin.py:151} INFO - [2025-05-10T16:23:58.748+0000] {dag.py:3696} INFO - Setting next_dagrun for example_etl to 2025-05-09T00:00:00+00:00, run_after=2025-05-10T00:00:00+00:00
[2025-05-10T16:23:58.759+0000] {processor.py:179} INFO - Processing /opt/airflow/dags/example_etl.py took 0.058 seconds
[2025-05-10T16:24:29.015+0000] {processor.py:157} INFO - Started process (PID=289) to work on /opt/airflow/dags/example_etl.py
[2025-05-10T16:24:29.016+0000] {processor.py:829} INFO - Processing file /opt/airflow/dags/example_etl.py for tasks to queue
[2025-05-10T16:24:29.017+0000] {logging_mixin.py:151} INFO - [2025-05-10T16:24:29.016+0000] {dagbag.py:539} INFO - Filling up the DagBag from /opt/airflow/dags/example_etl.py
[2025-05-10T16:24:29.034+0000] {processor.py:839} INFO - DAG(s) dict_keys(['example_etl']) retrieved from /opt/airflow/dags/example_etl.py
[2025-05-10T16:24:29.051+0000] {logging_mixin.py:151} INFO - [2025-05-10T16:24:29.051+0000] {dag.py:2915} INFO - Sync 1 DAGs
[2025-05-10T16:24:29.061+0000] {logging_mixin.py:151} INFO - [2025-05-10T16:24:29.061+0000] {dag.py:3696} INFO - Setting next_dagrun for example_etl to 2025-05-09T00:00:00+00:00, run_after=2025-05-10T00:00:00+00:00
[2025-05-10T16:24:29.072+0000] {processor.py:179} INFO - Processing /opt/airflow/dags/example_etl.py took 0.062 seconds
[2025-05-10T16:24:59.363+0000] {processor.py:157} INFO - Started process (PID=291) to work on /opt/airflow/dags/example_etl.py
[2025-05-10T16:24:59.364+0000] {processor.py:829} INFO - Processing file /opt/airflow/dags/example_etl.py for tasks to queue
[2025-05-10T16:24:59.365+0000] {logging_mixin.py:151} INFO - [2025-05-10T16:24:59.364+0000] {dagbag.py:539} INFO - Filling up the DagBag from /opt/airflow/dags/example_etl.py
[2025-05-10T16:24:59.377+0000] {processor.py:839} INFO - DAG(s) dict_keys(['example_etl']) retrieved from /opt/airflow/dags/example_etl.py
[2025-05-10T16:24:59.392+0000] {logging_mixin.py:151} INFO - [2025-05-10T16:24:59.392+0000] {dag.py:2915} INFO - Sync 1 DAGs
[2025-05-10T16:24:59.402+0000] {logging_mixin.py:151} INFO - [2025-05-10T16:24:59.402+0000] {dag.py:3696} INFO - Setting next_dagrun for example_etl to 2025-05-09T00:00:00+00:00, run_after=2025-05-10T00:00:00+00:00
[2025-05-10T16:24:59.412+0000] {processor.py:179} INFO - Processing /opt/airflow/dags/example_etl.py took 0.052 seconds
[2025-05-10T16:25:29.696+0000] {processor.py:157} INFO - Started process (PID=293) to work on /opt/airflow/dags/example_etl.py
[2025-05-10T16:25:29.696+0000] {processor.py:829} INFO - Processing file /opt/airflow/dags/example_etl.py for tasks to queue
[2025-05-10T16:25:29.697+0000] {logging_mixin.py:151} INFO - [2025-05-10T16:25:29.697+0000] {dagbag.py:539} INFO - Filling up the DagBag from /opt/airflow/dags/example_etl.py
[2025-05-10T16:25:29.706+0000] {processor.py:839} INFO - DAG(s) dict_keys(['example_etl']) retrieved from /opt/airflow/dags/example_etl.py
[2025-05-10T16:25:29.720+0000] {logging_mixin.py:151} INFO - [2025-05-10T16:25:29.720+0000] {dag.py:2915} INFO - Sync 1 DAGs
[2025-05-10T16:25:29.729+0000] {logging_mixin.py:151} INFO - [2025-05-10T16:25:29.729+0000] {dag.py:3696} INFO - Setting next_dagrun for example_etl to 2025-05-09T00:00:00+00:00, run_after=2025-05-10T00:00:00+00:00
[2025-05-10T16:25:29.738+0000] {processor.py:179} INFO - Processing /opt/airflow/dags/example_etl.py took 0.045 seconds
[2025-05-10T16:26:00.012+0000] {processor.py:157} INFO - Started process (PID=295) to work on /opt/airflow/dags/example_etl.py
[2025-05-10T16:26:00.013+0000] {processor.py:829} INFO - Processing file /opt/airflow/dags/example_etl.py for tasks to queue
[2025-05-10T16:26:00.014+0000] {logging_mixin.py:151} INFO - [2025-05-10T16:26:00.013+0000] {dagbag.py:539} INFO - Filling up the DagBag from /opt/airflow/dags/example_etl.py
[2025-05-10T16:26:00.027+0000] {processor.py:839} INFO - DAG(s) dict_keys(['example_etl']) retrieved from /opt/airflow/dags/example_etl.py
[2025-05-10T16:26:00.042+0000] {logging_mixin.py:151} INFO - [2025-05-10T16:26:00.042+0000] {dag.py:2915} INFO - Sync 1 DAGs
[2025-05-10T16:26:00.054+0000] {logging_mixin.py:151} INFO - [2025-05-10T16:26:00.054+0000] {dag.py:3696} INFO - Setting next_dagrun for example_etl to 2025-05-09T00:00:00+00:00, run_after=2025-05-10T00:00:00+00:00
[2025-05-10T16:26:00.063+0000] {processor.py:179} INFO - Processing /opt/airflow/dags/example_etl.py took 0.055 seconds
[2025-05-10T16:26:30.320+0000] {processor.py:157} INFO - Started process (PID=297) to work on /opt/airflow/dags/example_etl.py
[2025-05-10T16:26:30.320+0000] {processor.py:829} INFO - Processing file /opt/airflow/dags/example_etl.py for tasks to queue
[2025-05-10T16:26:30.321+0000] {logging_mixin.py:151} INFO - [2025-05-10T16:26:30.321+0000] {dagbag.py:539} INFO - Filling up the DagBag from /opt/airflow/dags/example_etl.py
[2025-05-10T16:26:30.327+0000] {processor.py:839} INFO - DAG(s) dict_keys(['example_etl']) retrieved from /opt/airflow/dags/example_etl.py
[2025-05-10T16:26:30.337+0000] {logging_mixin.py:151} INFO - [2025-05-10T16:26:30.337+0000] {dag.py:2915} INFO - Sync 1 DAGs
[2025-05-10T16:26:30.345+0000] {logging_mixin.py:151} INFO - [2025-05-10T16:26:30.345+0000] {dag.py:3696} INFO - Setting next_dagrun for example_etl to 2025-05-09T00:00:00+00:00, run_after=2025-05-10T00:00:00+00:00
[2025-05-10T16:26:30.352+0000] {processor.py:179} INFO - Processing /opt/airflow/dags/example_etl.py took 0.034 seconds
[2025-05-10T16:27:00.679+0000] {processor.py:157} INFO - Started process (PID=299) to work on /opt/airflow/dags/example_etl.py
[2025-05-10T16:27:00.680+0000] {processor.py:829} INFO - Processing file /opt/airflow/dags/example_etl.py for tasks to queue
[2025-05-10T16:27:00.681+0000] {logging_mixin.py:151} INFO - [2025-05-10T16:27:00.681+0000] {dagbag.py:539} INFO - Filling up the DagBag from /opt/airflow/dags/example_etl.py
[2025-05-10T16:27:00.693+0000] {processor.py:839} INFO - DAG(s) dict_keys(['example_etl']) retrieved from /opt/airflow/dags/example_etl.py
[2025-05-10T16:27:00.709+0000] {logging_mixin.py:151} INFO - [2025-05-10T16:27:00.708+0000] {dag.py:2915} INFO - Sync 1 DAGs
[2025-05-10T16:27:00.718+0000] {logging_mixin.py:151} INFO - [2025-05-10T16:27:00.718+0000] {dag.py:3696} INFO - Setting next_dagrun for example_etl to 2025-05-09T00:00:00+00:00, run_after=2025-05-10T00:00:00+00:00
[2025-05-10T16:27:00.728+0000] {processor.py:179} INFO - Processing /opt/airflow/dags/example_etl.py took 0.053 seconds
[2025-05-10T16:27:31.017+0000] {processor.py:157} INFO - Started process (PID=301) to work on /opt/airflow/dags/example_etl.py
[2025-05-10T16:27:31.017+0000] {processor.py:829} INFO - Processing file /opt/airflow/dags/example_etl.py for tasks to queue
[2025-05-10T16:27:31.018+0000] {logging_mixin.py:151} INFO - [2025-05-10T16:27:31.017+0000] {dagbag.py:539} INFO - Filling up the DagBag from /opt/airflow/dags/example_etl.py
[2025-05-10T16:27:31.025+0000] {processor.py:839} INFO - DAG(s) dict_keys(['example_etl']) retrieved from /opt/airflow/dags/example_etl.py
[2025-05-10T16:27:31.035+0000] {logging_mixin.py:151} INFO - [2025-05-10T16:27:31.035+0000] {dag.py:2915} INFO - Sync 1 DAGs
[2025-05-10T16:27:31.044+0000] {logging_mixin.py:151} INFO - [2025-05-10T16:27:31.044+0000] {dag.py:3696} INFO - Setting next_dagrun for example_etl to 2025-05-09T00:00:00+00:00, run_after=2025-05-10T00:00:00+00:00
[2025-05-10T16:27:31.054+0000] {processor.py:179} INFO - Processing /opt/airflow/dags/example_etl.py took 0.040 seconds
[2025-05-10T16:28:01.346+0000] {processor.py:157} INFO - Started process (PID=303) to work on /opt/airflow/dags/example_etl.py
[2025-05-10T16:28:01.346+0000] {processor.py:829} INFO - Processing file /opt/airflow/dags/example_etl.py for tasks to queue
[2025-05-10T16:28:01.347+0000] {logging_mixin.py:151} INFO - [2025-05-10T16:28:01.346+0000] {dagbag.py:539} INFO - Filling up the DagBag from /opt/airflow/dags/example_etl.py
[2025-05-10T16:28:01.354+0000] {processor.py:839} INFO - DAG(s) dict_keys(['example_etl']) retrieved from /opt/airflow/dags/example_etl.py
[2025-05-10T16:28:01.365+0000] {logging_mixin.py:151} INFO - [2025-05-10T16:28:01.365+0000] {dag.py:2915} INFO - Sync 1 DAGs
[2025-05-10T16:28:01.374+0000] {logging_mixin.py:151} INFO - [2025-05-10T16:28:01.374+0000] {dag.py:3696} INFO - Setting next_dagrun for example_etl to 2025-05-09T00:00:00+00:00, run_after=2025-05-10T00:00:00+00:00
[2025-05-10T16:28:01.383+0000] {processor.py:179} INFO - Processing /opt/airflow/dags/example_etl.py took 0.040 seconds
[2025-05-10T16:28:31.722+0000] {processor.py:157} INFO - Started process (PID=305) to work on /opt/airflow/dags/example_etl.py
[2025-05-10T16:28:31.723+0000] {processor.py:829} INFO - Processing file /opt/airflow/dags/example_etl.py for tasks to queue
[2025-05-10T16:28:31.724+0000] {logging_mixin.py:151} INFO - [2025-05-10T16:28:31.724+0000] {dagbag.py:539} INFO - Filling up the DagBag from /opt/airflow/dags/example_etl.py
[2025-05-10T16:28:31.737+0000] {processor.py:839} INFO - DAG(s) dict_keys(['example_etl']) retrieved from /opt/airflow/dags/example_etl.py
[2025-05-10T16:28:31.754+0000] {logging_mixin.py:151} INFO - [2025-05-10T16:28:31.754+0000] {dag.py:2915} INFO - Sync 1 DAGs
[2025-05-10T16:28:31.764+0000] {logging_mixin.py:151} INFO - [2025-05-10T16:28:31.764+0000] {dag.py:3696} INFO - Setting next_dagrun for example_etl to 2025-05-09T00:00:00+00:00, run_after=2025-05-10T00:00:00+00:00
[2025-05-10T16:28:31.773+0000] {processor.py:179} INFO - Processing /opt/airflow/dags/example_etl.py took 0.055 seconds
[2025-05-10T16:29:02.082+0000] {processor.py:157} INFO - Started process (PID=307) to work on /opt/airflow/dags/example_etl.py
[2025-05-10T16:29:02.083+0000] {processor.py:829} INFO - Processing file /opt/airflow/dags/example_etl.py for tasks to queue
[2025-05-10T16:29:02.085+0000] {logging_mixin.py:151} INFO - [2025-05-10T16:29:02.084+0000] {dagbag.py:539} INFO - Filling up the DagBag from /opt/airflow/dags/example_etl.py
[2025-05-10T16:29:02.099+0000] {processor.py:839} INFO - DAG(s) dict_keys(['example_etl']) retrieved from /opt/airflow/dags/example_etl.py
[2025-05-10T16:29:02.118+0000] {logging_mixin.py:151} INFO - [2025-05-10T16:29:02.117+0000] {dag.py:2915} INFO - Sync 1 DAGs
[2025-05-10T16:29:02.128+0000] {logging_mixin.py:151} INFO - [2025-05-10T16:29:02.128+0000] {dag.py:3696} INFO - Setting next_dagrun for example_etl to 2025-05-09T00:00:00+00:00, run_after=2025-05-10T00:00:00+00:00
[2025-05-10T16:29:02.138+0000] {processor.py:179} INFO - Processing /opt/airflow/dags/example_etl.py took 0.060 seconds
[2025-05-10T16:29:32.418+0000] {processor.py:157} INFO - Started process (PID=309) to work on /opt/airflow/dags/example_etl.py
[2025-05-10T16:29:32.418+0000] {processor.py:829} INFO - Processing file /opt/airflow/dags/example_etl.py for tasks to queue
[2025-05-10T16:29:32.419+0000] {logging_mixin.py:151} INFO - [2025-05-10T16:29:32.419+0000] {dagbag.py:539} INFO - Filling up the DagBag from /opt/airflow/dags/example_etl.py
[2025-05-10T16:29:32.431+0000] {processor.py:839} INFO - DAG(s) dict_keys(['example_etl']) retrieved from /opt/airflow/dags/example_etl.py
[2025-05-10T16:29:32.446+0000] {logging_mixin.py:151} INFO - [2025-05-10T16:29:32.446+0000] {dag.py:2915} INFO - Sync 1 DAGs
[2025-05-10T16:29:32.455+0000] {logging_mixin.py:151} INFO - [2025-05-10T16:29:32.455+0000] {dag.py:3696} INFO - Setting next_dagrun for example_etl to 2025-05-09T00:00:00+00:00, run_after=2025-05-10T00:00:00+00:00
[2025-05-10T16:29:32.464+0000] {processor.py:179} INFO - Processing /opt/airflow/dags/example_etl.py took 0.050 seconds
[2025-05-10T16:30:02.775+0000] {processor.py:157} INFO - Started process (PID=311) to work on /opt/airflow/dags/example_etl.py
[2025-05-10T16:30:02.775+0000] {processor.py:829} INFO - Processing file /opt/airflow/dags/example_etl.py for tasks to queue
[2025-05-10T16:30:02.779+0000] {logging_mixin.py:151} INFO - [2025-05-10T16:30:02.778+0000] {dagbag.py:539} INFO - Filling up the DagBag from /opt/airflow/dags/example_etl.py
[2025-05-10T16:30:02.789+0000] {processor.py:839} INFO - DAG(s) dict_keys(['example_etl']) retrieved from /opt/airflow/dags/example_etl.py
[2025-05-10T16:30:02.803+0000] {logging_mixin.py:151} INFO - [2025-05-10T16:30:02.803+0000] {dag.py:2915} INFO - Sync 1 DAGs
[2025-05-10T16:30:02.812+0000] {logging_mixin.py:151} INFO - [2025-05-10T16:30:02.812+0000] {dag.py:3696} INFO - Setting next_dagrun for example_etl to 2025-05-09T00:00:00+00:00, run_after=2025-05-10T00:00:00+00:00
[2025-05-10T16:30:02.821+0000] {processor.py:179} INFO - Processing /opt/airflow/dags/example_etl.py took 0.050 seconds
[2025-05-10T16:30:33.123+0000] {processor.py:157} INFO - Started process (PID=313) to work on /opt/airflow/dags/example_etl.py
[2025-05-10T16:30:33.124+0000] {processor.py:829} INFO - Processing file /opt/airflow/dags/example_etl.py for tasks to queue
[2025-05-10T16:30:33.125+0000] {logging_mixin.py:151} INFO - [2025-05-10T16:30:33.125+0000] {dagbag.py:539} INFO - Filling up the DagBag from /opt/airflow/dags/example_etl.py
[2025-05-10T16:30:33.138+0000] {processor.py:839} INFO - DAG(s) dict_keys(['example_etl']) retrieved from /opt/airflow/dags/example_etl.py
[2025-05-10T16:30:33.155+0000] {logging_mixin.py:151} INFO - [2025-05-10T16:30:33.155+0000] {dag.py:2915} INFO - Sync 1 DAGs
[2025-05-10T16:30:33.164+0000] {logging_mixin.py:151} INFO - [2025-05-10T16:30:33.164+0000] {dag.py:3696} INFO - Setting next_dagrun for example_etl to 2025-05-09T00:00:00+00:00, run_after=2025-05-10T00:00:00+00:00
[2025-05-10T16:30:33.174+0000] {processor.py:179} INFO - Processing /opt/airflow/dags/example_etl.py took 0.054 seconds
[2025-05-10T16:31:03.445+0000] {processor.py:157} INFO - Started process (PID=315) to work on /opt/airflow/dags/example_etl.py
[2025-05-10T16:31:03.446+0000] {processor.py:829} INFO - Processing file /opt/airflow/dags/example_etl.py for tasks to queue
[2025-05-10T16:31:03.447+0000] {logging_mixin.py:151} INFO - [2025-05-10T16:31:03.447+0000] {dagbag.py:539} INFO - Filling up the DagBag from /opt/airflow/dags/example_etl.py
[2025-05-10T16:31:03.460+0000] {processor.py:839} INFO - DAG(s) dict_keys(['example_etl']) retrieved from /opt/airflow/dags/example_etl.py
[2025-05-10T16:31:03.476+0000] {logging_mixin.py:151} INFO - [2025-05-10T16:31:03.476+0000] {dag.py:2915} INFO - Sync 1 DAGs
[2025-05-10T16:31:03.486+0000] {logging_mixin.py:151} INFO - [2025-05-10T16:31:03.486+0000] {dag.py:3696} INFO - Setting next_dagrun for example_etl to 2025-05-09T00:00:00+00:00, run_after=2025-05-10T00:00:00+00:00
[2025-05-10T16:31:03.497+0000] {processor.py:179} INFO - Processing /opt/airflow/dags/example_etl.py took 0.057 seconds
[2025-05-10T16:31:33.803+0000] {processor.py:157} INFO - Started process (PID=317) to work on /opt/airflow/dags/example_etl.py
[2025-05-10T16:31:33.804+0000] {processor.py:829} INFO - Processing file /opt/airflow/dags/example_etl.py for tasks to queue
[2025-05-10T16:31:33.805+0000] {logging_mixin.py:151} INFO - [2025-05-10T16:31:33.804+0000] {dagbag.py:539} INFO - Filling up the DagBag from /opt/airflow/dags/example_etl.py
[2025-05-10T16:31:33.818+0000] {processor.py:839} INFO - DAG(s) dict_keys(['example_etl']) retrieved from /opt/airflow/dags/example_etl.py
[2025-05-10T16:31:33.835+0000] {logging_mixin.py:151} INFO - [2025-05-10T16:31:33.835+0000] {dag.py:2915} INFO - Sync 1 DAGs
[2025-05-10T16:31:33.845+0000] {logging_mixin.py:151} INFO - [2025-05-10T16:31:33.845+0000] {dag.py:3696} INFO - Setting next_dagrun for example_etl to 2025-05-09T00:00:00+00:00, run_after=2025-05-10T00:00:00+00:00
[2025-05-10T16:31:33.855+0000] {processor.py:179} INFO - Processing /opt/airflow/dags/example_etl.py took 0.057 seconds
[2025-05-10T16:32:04.185+0000] {processor.py:157} INFO - Started process (PID=319) to work on /opt/airflow/dags/example_etl.py
[2025-05-10T16:32:04.186+0000] {processor.py:829} INFO - Processing file /opt/airflow/dags/example_etl.py for tasks to queue
[2025-05-10T16:32:04.187+0000] {logging_mixin.py:151} INFO - [2025-05-10T16:32:04.187+0000] {dagbag.py:539} INFO - Filling up the DagBag from /opt/airflow/dags/example_etl.py
[2025-05-10T16:32:04.203+0000] {processor.py:839} INFO - DAG(s) dict_keys(['example_etl']) retrieved from /opt/airflow/dags/example_etl.py
[2025-05-10T16:32:04.220+0000] {logging_mixin.py:151} INFO - [2025-05-10T16:32:04.220+0000] {dag.py:2915} INFO - Sync 1 DAGs
[2025-05-10T16:32:04.229+0000] {logging_mixin.py:151} INFO - [2025-05-10T16:32:04.229+0000] {dag.py:3696} INFO - Setting next_dagrun for example_etl to 2025-05-09T00:00:00+00:00, run_after=2025-05-10T00:00:00+00:00
[2025-05-10T16:32:04.240+0000] {processor.py:179} INFO - Processing /opt/airflow/dags/example_etl.py took 0.060 seconds
[2025-05-10T16:32:34.515+0000] {processor.py:157} INFO - Started process (PID=321) to work on /opt/airflow/dags/example_etl.py
[2025-05-10T16:32:34.516+0000] {processor.py:829} INFO - Processing file /opt/airflow/dags/example_etl.py for tasks to queue
[2025-05-10T16:32:34.517+0000] {logging_mixin.py:151} INFO - [2025-05-10T16:32:34.517+0000] {dagbag.py:539} INFO - Filling up the DagBag from /opt/airflow/dags/example_etl.py
[2025-05-10T16:32:34.535+0000] {processor.py:839} INFO - DAG(s) dict_keys(['example_etl']) retrieved from /opt/airflow/dags/example_etl.py
[2025-05-10T16:32:34.553+0000] {logging_mixin.py:151} INFO - [2025-05-10T16:32:34.553+0000] {dag.py:2915} INFO - Sync 1 DAGs
[2025-05-10T16:32:34.565+0000] {logging_mixin.py:151} INFO - [2025-05-10T16:32:34.565+0000] {dag.py:3696} INFO - Setting next_dagrun for example_etl to 2025-05-09T00:00:00+00:00, run_after=2025-05-10T00:00:00+00:00
[2025-05-10T16:32:34.575+0000] {processor.py:179} INFO - Processing /opt/airflow/dags/example_etl.py took 0.064 seconds
[2025-05-10T16:33:04.813+0000] {processor.py:157} INFO - Started process (PID=323) to work on /opt/airflow/dags/example_etl.py
[2025-05-10T16:33:04.814+0000] {processor.py:829} INFO - Processing file /opt/airflow/dags/example_etl.py for tasks to queue
[2025-05-10T16:33:04.814+0000] {logging_mixin.py:151} INFO - [2025-05-10T16:33:04.814+0000] {dagbag.py:539} INFO - Filling up the DagBag from /opt/airflow/dags/example_etl.py
[2025-05-10T16:33:04.826+0000] {processor.py:839} INFO - DAG(s) dict_keys(['example_etl']) retrieved from /opt/airflow/dags/example_etl.py
[2025-05-10T16:33:04.848+0000] {logging_mixin.py:151} INFO - [2025-05-10T16:33:04.848+0000] {dag.py:2915} INFO - Sync 1 DAGs
[2025-05-10T16:33:04.860+0000] {logging_mixin.py:151} INFO - [2025-05-10T16:33:04.860+0000] {dag.py:3696} INFO - Setting next_dagrun for example_etl to 2025-05-09T00:00:00+00:00, run_after=2025-05-10T00:00:00+00:00
[2025-05-10T16:33:04.868+0000] {processor.py:179} INFO - Processing /opt/airflow/dags/example_etl.py took 0.058 seconds
[2025-05-10T16:33:35.146+0000] {processor.py:157} INFO - Started process (PID=325) to work on /opt/airflow/dags/example_etl.py
[2025-05-10T16:33:35.146+0000] {processor.py:829} INFO - Processing file /opt/airflow/dags/example_etl.py for tasks to queue
[2025-05-10T16:33:35.147+0000] {logging_mixin.py:151} INFO - [2025-05-10T16:33:35.147+0000] {dagbag.py:539} INFO - Filling up the DagBag from /opt/airflow/dags/example_etl.py
[2025-05-10T16:33:35.155+0000] {processor.py:839} INFO - DAG(s) dict_keys(['example_etl']) retrieved from /opt/airflow/dags/example_etl.py
[2025-05-10T16:33:35.166+0000] {logging_mixin.py:151} INFO - [2025-05-10T16:33:35.166+0000] {dag.py:2915} INFO - Sync 1 DAGs
[2025-05-10T16:33:35.175+0000] {logging_mixin.py:151} INFO - [2025-05-10T16:33:35.175+0000] {dag.py:3696} INFO - Setting next_dagrun for example_etl to 2025-05-09T00:00:00+00:00, run_after=2025-05-10T00:00:00+00:00
[2025-05-10T16:33:35.184+0000] {processor.py:179} INFO - Processing /opt/airflow/dags/example_etl.py took 0.040 seconds
[2025-05-10T16:34:05.470+0000] {processor.py:157} INFO - Started process (PID=327) to work on /opt/airflow/dags/example_etl.py
[2025-05-10T16:34:05.470+0000] {processor.py:829} INFO - Processing file /opt/airflow/dags/example_etl.py for tasks to queue
[2025-05-10T16:34:05.471+0000] {logging_mixin.py:151} INFO - [2025-05-10T16:34:05.471+0000] {dagbag.py:539} INFO - Filling up the DagBag from /opt/airflow/dags/example_etl.py
[2025-05-10T16:34:05.483+0000] {processor.py:839} INFO - DAG(s) dict_keys(['example_etl']) retrieved from /opt/airflow/dags/example_etl.py
[2025-05-10T16:34:05.499+0000] {logging_mixin.py:151} INFO - [2025-05-10T16:34:05.499+0000] {dag.py:2915} INFO - Sync 1 DAGs
[2025-05-10T16:34:05.509+0000] {logging_mixin.py:151} INFO - [2025-05-10T16:34:05.509+0000] {dag.py:3696} INFO - Setting next_dagrun for example_etl to 2025-05-09T00:00:00+00:00, run_after=2025-05-10T00:00:00+00:00
[2025-05-10T16:34:05.518+0000] {processor.py:179} INFO - Processing /opt/airflow/dags/example_etl.py took 0.052 seconds
[2025-05-10T16:34:35.821+0000] {processor.py:157} INFO - Started process (PID=329) to work on /opt/airflow/dags/example_etl.py
[2025-05-10T16:34:35.822+0000] {processor.py:829} INFO - Processing file /opt/airflow/dags/example_etl.py for tasks to queue
[2025-05-10T16:34:35.822+0000] {logging_mixin.py:151} INFO - [2025-05-10T16:34:35.822+0000] {dagbag.py:539} INFO - Filling up the DagBag from /opt/airflow/dags/example_etl.py
[2025-05-10T16:34:35.837+0000] {processor.py:839} INFO - DAG(s) dict_keys(['example_etl']) retrieved from /opt/airflow/dags/example_etl.py
[2025-05-10T16:34:35.853+0000] {logging_mixin.py:151} INFO - [2025-05-10T16:34:35.853+0000] {dag.py:2915} INFO - Sync 1 DAGs
[2025-05-10T16:34:35.864+0000] {logging_mixin.py:151} INFO - [2025-05-10T16:34:35.864+0000] {dag.py:3696} INFO - Setting next_dagrun for example_etl to 2025-05-09T00:00:00+00:00, run_after=2025-05-10T00:00:00+00:00
[2025-05-10T16:34:35.873+0000] {processor.py:179} INFO - Processing /opt/airflow/dags/example_etl.py took 0.057 seconds
[2025-05-10T16:35:06.159+0000] {processor.py:157} INFO - Started process (PID=331) to work on /opt/airflow/dags/example_etl.py
[2025-05-10T16:35:06.159+0000] {processor.py:829} INFO - Processing file /opt/airflow/dags/example_etl.py for tasks to queue
[2025-05-10T16:35:06.160+0000] {logging_mixin.py:151} INFO - [2025-05-10T16:35:06.160+0000] {dagbag.py:539} INFO - Filling up the DagBag from /opt/airflow/dags/example_etl.py
[2025-05-10T16:35:06.166+0000] {processor.py:839} INFO - DAG(s) dict_keys(['example_etl']) retrieved from /opt/airflow/dags/example_etl.py
[2025-05-10T16:35:06.176+0000] {logging_mixin.py:151} INFO - [2025-05-10T16:35:06.176+0000] {dag.py:2915} INFO - Sync 1 DAGs
[2025-05-10T16:35:06.184+0000] {logging_mixin.py:151} INFO - [2025-05-10T16:35:06.184+0000] {dag.py:3696} INFO - Setting next_dagrun for example_etl to 2025-05-09T00:00:00+00:00, run_after=2025-05-10T00:00:00+00:00
[2025-05-10T16:35:06.193+0000] {processor.py:179} INFO - Processing /opt/airflow/dags/example_etl.py took 0.036 seconds
[2025-05-10T16:35:36.493+0000] {processor.py:157} INFO - Started process (PID=333) to work on /opt/airflow/dags/example_etl.py
[2025-05-10T16:35:36.498+0000] {processor.py:829} INFO - Processing file /opt/airflow/dags/example_etl.py for tasks to queue
[2025-05-10T16:35:36.499+0000] {logging_mixin.py:151} INFO - [2025-05-10T16:35:36.499+0000] {dagbag.py:539} INFO - Filling up the DagBag from /opt/airflow/dags/example_etl.py
[2025-05-10T16:35:36.516+0000] {processor.py:839} INFO - DAG(s) dict_keys(['example_etl']) retrieved from /opt/airflow/dags/example_etl.py
[2025-05-10T16:35:36.548+0000] {logging_mixin.py:151} INFO - [2025-05-10T16:35:36.547+0000] {dag.py:2915} INFO - Sync 1 DAGs
[2025-05-10T16:35:36.562+0000] {logging_mixin.py:151} INFO - [2025-05-10T16:35:36.562+0000] {dag.py:3696} INFO - Setting next_dagrun for example_etl to 2025-05-09T00:00:00+00:00, run_after=2025-05-10T00:00:00+00:00
[2025-05-10T16:35:36.713+0000] {processor.py:179} INFO - Processing /opt/airflow/dags/example_etl.py took 0.225 seconds
[2025-05-10T16:36:07.054+0000] {processor.py:157} INFO - Started process (PID=335) to work on /opt/airflow/dags/example_etl.py
[2025-05-10T16:36:07.054+0000] {processor.py:829} INFO - Processing file /opt/airflow/dags/example_etl.py for tasks to queue
[2025-05-10T16:36:07.055+0000] {logging_mixin.py:151} INFO - [2025-05-10T16:36:07.055+0000] {dagbag.py:539} INFO - Filling up the DagBag from /opt/airflow/dags/example_etl.py
[2025-05-10T16:36:07.069+0000] {processor.py:839} INFO - DAG(s) dict_keys(['example_etl']) retrieved from /opt/airflow/dags/example_etl.py
[2025-05-10T16:36:07.085+0000] {logging_mixin.py:151} INFO - [2025-05-10T16:36:07.084+0000] {dag.py:2915} INFO - Sync 1 DAGs
[2025-05-10T16:36:07.094+0000] {logging_mixin.py:151} INFO - [2025-05-10T16:36:07.094+0000] {dag.py:3696} INFO - Setting next_dagrun for example_etl to 2025-05-09T00:00:00+00:00, run_after=2025-05-10T00:00:00+00:00
[2025-05-10T16:36:07.104+0000] {processor.py:179} INFO - Processing /opt/airflow/dags/example_etl.py took 0.055 seconds
[2025-05-10T16:36:37.372+0000] {processor.py:157} INFO - Started process (PID=337) to work on /opt/airflow/dags/example_etl.py
[2025-05-10T16:36:37.373+0000] {processor.py:829} INFO - Processing file /opt/airflow/dags/example_etl.py for tasks to queue
[2025-05-10T16:36:37.374+0000] {logging_mixin.py:151} INFO - [2025-05-10T16:36:37.374+0000] {dagbag.py:539} INFO - Filling up the DagBag from /opt/airflow/dags/example_etl.py
[2025-05-10T16:36:37.386+0000] {processor.py:839} INFO - DAG(s) dict_keys(['example_etl']) retrieved from /opt/airflow/dags/example_etl.py
[2025-05-10T16:36:37.400+0000] {logging_mixin.py:151} INFO - [2025-05-10T16:36:37.400+0000] {dag.py:2915} INFO - Sync 1 DAGs
[2025-05-10T16:36:37.412+0000] {logging_mixin.py:151} INFO - [2025-05-10T16:36:37.412+0000] {dag.py:3696} INFO - Setting next_dagrun for example_etl to 2025-05-09T00:00:00+00:00, run_after=2025-05-10T00:00:00+00:00
[2025-05-10T16:36:37.423+0000] {processor.py:179} INFO - Processing /opt/airflow/dags/example_etl.py took 0.054 seconds
[2025-05-10T16:37:07.751+0000] {processor.py:157} INFO - Started process (PID=339) to work on /opt/airflow/dags/example_etl.py
[2025-05-10T16:37:07.752+0000] {processor.py:829} INFO - Processing file /opt/airflow/dags/example_etl.py for tasks to queue
[2025-05-10T16:37:07.753+0000] {logging_mixin.py:151} INFO - [2025-05-10T16:37:07.752+0000] {dagbag.py:539} INFO - Filling up the DagBag from /opt/airflow/dags/example_etl.py
[2025-05-10T16:37:07.765+0000] {processor.py:839} INFO - DAG(s) dict_keys(['example_etl']) retrieved from /opt/airflow/dags/example_etl.py
[2025-05-10T16:37:07.781+0000] {logging_mixin.py:151} INFO - [2025-05-10T16:37:07.781+0000] {dag.py:2915} INFO - Sync 1 DAGs
[2025-05-10T16:37:07.791+0000] {logging_mixin.py:151} INFO - [2025-05-10T16:37:07.791+0000] {dag.py:3696} INFO - Setting next_dagrun for example_etl to 2025-05-09T00:00:00+00:00, run_after=2025-05-10T00:00:00+00:00
[2025-05-10T16:37:07.800+0000] {processor.py:179} INFO - Processing /opt/airflow/dags/example_etl.py took 0.052 seconds
[2025-05-10T16:37:38.095+0000] {processor.py:157} INFO - Started process (PID=341) to work on /opt/airflow/dags/example_etl.py
[2025-05-10T16:37:38.096+0000] {processor.py:829} INFO - Processing file /opt/airflow/dags/example_etl.py for tasks to queue
[2025-05-10T16:37:38.097+0000] {logging_mixin.py:151} INFO - [2025-05-10T16:37:38.097+0000] {dagbag.py:539} INFO - Filling up the DagBag from /opt/airflow/dags/example_etl.py
[2025-05-10T16:37:38.114+0000] {processor.py:839} INFO - DAG(s) dict_keys(['example_etl']) retrieved from /opt/airflow/dags/example_etl.py
[2025-05-10T16:37:38.132+0000] {logging_mixin.py:151} INFO - [2025-05-10T16:37:38.132+0000] {dag.py:2915} INFO - Sync 1 DAGs
[2025-05-10T16:37:38.143+0000] {logging_mixin.py:151} INFO - [2025-05-10T16:37:38.143+0000] {dag.py:3696} INFO - Setting next_dagrun for example_etl to 2025-05-09T00:00:00+00:00, run_after=2025-05-10T00:00:00+00:00
[2025-05-10T16:37:38.152+0000] {processor.py:179} INFO - Processing /opt/airflow/dags/example_etl.py took 0.062 seconds
[2025-05-10T16:38:08.431+0000] {processor.py:157} INFO - Started process (PID=343) to work on /opt/airflow/dags/example_etl.py
[2025-05-10T16:38:08.432+0000] {processor.py:829} INFO - Processing file /opt/airflow/dags/example_etl.py for tasks to queue
[2025-05-10T16:38:08.432+0000] {logging_mixin.py:151} INFO - [2025-05-10T16:38:08.432+0000] {dagbag.py:539} INFO - Filling up the DagBag from /opt/airflow/dags/example_etl.py
[2025-05-10T16:38:08.444+0000] {processor.py:839} INFO - DAG(s) dict_keys(['example_etl']) retrieved from /opt/airflow/dags/example_etl.py
[2025-05-10T16:38:08.460+0000] {logging_mixin.py:151} INFO - [2025-05-10T16:38:08.460+0000] {dag.py:2915} INFO - Sync 1 DAGs
[2025-05-10T16:38:08.469+0000] {logging_mixin.py:151} INFO - [2025-05-10T16:38:08.469+0000] {dag.py:3696} INFO - Setting next_dagrun for example_etl to 2025-05-09T00:00:00+00:00, run_after=2025-05-10T00:00:00+00:00
[2025-05-10T16:38:08.479+0000] {processor.py:179} INFO - Processing /opt/airflow/dags/example_etl.py took 0.051 seconds
[2025-05-10T16:38:38.848+0000] {processor.py:157} INFO - Started process (PID=345) to work on /opt/airflow/dags/example_etl.py
[2025-05-10T16:38:38.849+0000] {processor.py:829} INFO - Processing file /opt/airflow/dags/example_etl.py for tasks to queue
[2025-05-10T16:38:38.850+0000] {logging_mixin.py:151} INFO - [2025-05-10T16:38:38.850+0000] {dagbag.py:539} INFO - Filling up the DagBag from /opt/airflow/dags/example_etl.py
[2025-05-10T16:38:38.869+0000] {processor.py:839} INFO - DAG(s) dict_keys(['example_etl']) retrieved from /opt/airflow/dags/example_etl.py
[2025-05-10T16:38:38.889+0000] {logging_mixin.py:151} INFO - [2025-05-10T16:38:38.889+0000] {dag.py:2915} INFO - Sync 1 DAGs
[2025-05-10T16:38:38.900+0000] {logging_mixin.py:151} INFO - [2025-05-10T16:38:38.900+0000] {dag.py:3696} INFO - Setting next_dagrun for example_etl to 2025-05-09T00:00:00+00:00, run_after=2025-05-10T00:00:00+00:00
[2025-05-10T16:38:38.909+0000] {processor.py:179} INFO - Processing /opt/airflow/dags/example_etl.py took 0.065 seconds
[2025-05-10T16:39:09.038+0000] {processor.py:157} INFO - Started process (PID=347) to work on /opt/airflow/dags/example_etl.py
[2025-05-10T16:39:09.039+0000] {processor.py:829} INFO - Processing file /opt/airflow/dags/example_etl.py for tasks to queue
[2025-05-10T16:39:09.039+0000] {logging_mixin.py:151} INFO - [2025-05-10T16:39:09.039+0000] {dagbag.py:539} INFO - Filling up the DagBag from /opt/airflow/dags/example_etl.py
[2025-05-10T16:39:09.051+0000] {processor.py:839} INFO - DAG(s) dict_keys(['example_etl']) retrieved from /opt/airflow/dags/example_etl.py
[2025-05-10T16:39:09.068+0000] {logging_mixin.py:151} INFO - [2025-05-10T16:39:09.067+0000] {dag.py:2915} INFO - Sync 1 DAGs
[2025-05-10T16:39:09.078+0000] {logging_mixin.py:151} INFO - [2025-05-10T16:39:09.078+0000] {dag.py:3696} INFO - Setting next_dagrun for example_etl to 2025-05-09T00:00:00+00:00, run_after=2025-05-10T00:00:00+00:00
[2025-05-10T16:39:09.088+0000] {processor.py:179} INFO - Processing /opt/airflow/dags/example_etl.py took 0.054 seconds
[2025-05-10T16:39:39.242+0000] {processor.py:157} INFO - Started process (PID=349) to work on /opt/airflow/dags/example_etl.py
[2025-05-10T16:39:39.243+0000] {processor.py:829} INFO - Processing file /opt/airflow/dags/example_etl.py for tasks to queue
[2025-05-10T16:39:39.244+0000] {logging_mixin.py:151} INFO - [2025-05-10T16:39:39.244+0000] {dagbag.py:539} INFO - Filling up the DagBag from /opt/airflow/dags/example_etl.py
[2025-05-10T16:39:39.255+0000] {processor.py:839} INFO - DAG(s) dict_keys(['example_etl']) retrieved from /opt/airflow/dags/example_etl.py
[2025-05-10T16:39:39.267+0000] {logging_mixin.py:151} INFO - [2025-05-10T16:39:39.267+0000] {dag.py:2915} INFO - Sync 1 DAGs
[2025-05-10T16:39:39.277+0000] {logging_mixin.py:151} INFO - [2025-05-10T16:39:39.277+0000] {dag.py:3696} INFO - Setting next_dagrun for example_etl to 2025-05-09T00:00:00+00:00, run_after=2025-05-10T00:00:00+00:00
[2025-05-10T16:39:39.286+0000] {processor.py:179} INFO - Processing /opt/airflow/dags/example_etl.py took 0.048 seconds
[2025-05-10T16:40:09.448+0000] {processor.py:157} INFO - Started process (PID=351) to work on /opt/airflow/dags/example_etl.py
[2025-05-10T16:40:09.449+0000] {processor.py:829} INFO - Processing file /opt/airflow/dags/example_etl.py for tasks to queue
[2025-05-10T16:40:09.451+0000] {logging_mixin.py:151} INFO - [2025-05-10T16:40:09.450+0000] {dagbag.py:539} INFO - Filling up the DagBag from /opt/airflow/dags/example_etl.py
[2025-05-10T16:40:09.464+0000] {processor.py:839} INFO - DAG(s) dict_keys(['example_etl']) retrieved from /opt/airflow/dags/example_etl.py
[2025-05-10T16:40:09.480+0000] {logging_mixin.py:151} INFO - [2025-05-10T16:40:09.480+0000] {dag.py:2915} INFO - Sync 1 DAGs
[2025-05-10T16:40:09.492+0000] {logging_mixin.py:151} INFO - [2025-05-10T16:40:09.492+0000] {dag.py:3696} INFO - Setting next_dagrun for example_etl to 2025-05-09T00:00:00+00:00, run_after=2025-05-10T00:00:00+00:00
[2025-05-10T16:40:09.502+0000] {processor.py:179} INFO - Processing /opt/airflow/dags/example_etl.py took 0.059 seconds
[2025-05-10T16:40:39.657+0000] {processor.py:157} INFO - Started process (PID=353) to work on /opt/airflow/dags/example_etl.py
[2025-05-10T16:40:39.658+0000] {processor.py:829} INFO - Processing file /opt/airflow/dags/example_etl.py for tasks to queue
[2025-05-10T16:40:39.659+0000] {logging_mixin.py:151} INFO - [2025-05-10T16:40:39.659+0000] {dagbag.py:539} INFO - Filling up the DagBag from /opt/airflow/dags/example_etl.py
[2025-05-10T16:40:39.672+0000] {processor.py:839} INFO - DAG(s) dict_keys(['example_etl']) retrieved from /opt/airflow/dags/example_etl.py
[2025-05-10T16:40:39.688+0000] {logging_mixin.py:151} INFO - [2025-05-10T16:40:39.688+0000] {dag.py:2915} INFO - Sync 1 DAGs
[2025-05-10T16:40:39.697+0000] {logging_mixin.py:151} INFO - [2025-05-10T16:40:39.697+0000] {dag.py:3696} INFO - Setting next_dagrun for example_etl to 2025-05-09T00:00:00+00:00, run_after=2025-05-10T00:00:00+00:00
[2025-05-10T16:40:39.707+0000] {processor.py:179} INFO - Processing /opt/airflow/dags/example_etl.py took 0.053 seconds
[2025-05-10T16:41:09.868+0000] {processor.py:157} INFO - Started process (PID=355) to work on /opt/airflow/dags/example_etl.py
[2025-05-10T16:41:09.869+0000] {processor.py:829} INFO - Processing file /opt/airflow/dags/example_etl.py for tasks to queue
[2025-05-10T16:41:09.870+0000] {logging_mixin.py:151} INFO - [2025-05-10T16:41:09.869+0000] {dagbag.py:539} INFO - Filling up the DagBag from /opt/airflow/dags/example_etl.py
[2025-05-10T16:41:09.882+0000] {processor.py:839} INFO - DAG(s) dict_keys(['example_etl']) retrieved from /opt/airflow/dags/example_etl.py
[2025-05-10T16:41:09.898+0000] {logging_mixin.py:151} INFO - [2025-05-10T16:41:09.898+0000] {dag.py:2915} INFO - Sync 1 DAGs
[2025-05-10T16:41:09.908+0000] {logging_mixin.py:151} INFO - [2025-05-10T16:41:09.908+0000] {dag.py:3696} INFO - Setting next_dagrun for example_etl to 2025-05-09T00:00:00+00:00, run_after=2025-05-10T00:00:00+00:00
[2025-05-10T16:41:09.917+0000] {processor.py:179} INFO - Processing /opt/airflow/dags/example_etl.py took 0.053 seconds
[2025-05-10T16:41:40.041+0000] {processor.py:157} INFO - Started process (PID=357) to work on /opt/airflow/dags/example_etl.py
[2025-05-10T16:41:40.041+0000] {processor.py:829} INFO - Processing file /opt/airflow/dags/example_etl.py for tasks to queue
[2025-05-10T16:41:40.041+0000] {logging_mixin.py:151} INFO - [2025-05-10T16:41:40.041+0000] {dagbag.py:539} INFO - Filling up the DagBag from /opt/airflow/dags/example_etl.py
[2025-05-10T16:41:40.048+0000] {processor.py:839} INFO - DAG(s) dict_keys(['example_etl']) retrieved from /opt/airflow/dags/example_etl.py
[2025-05-10T16:41:40.058+0000] {logging_mixin.py:151} INFO - [2025-05-10T16:41:40.058+0000] {dag.py:2915} INFO - Sync 1 DAGs
[2025-05-10T16:41:40.066+0000] {logging_mixin.py:151} INFO - [2025-05-10T16:41:40.066+0000] {dag.py:3696} INFO - Setting next_dagrun for example_etl to 2025-05-09T00:00:00+00:00, run_after=2025-05-10T00:00:00+00:00
[2025-05-10T16:41:40.073+0000] {processor.py:179} INFO - Processing /opt/airflow/dags/example_etl.py took 0.034 seconds
[2025-05-10T16:42:10.241+0000] {processor.py:157} INFO - Started process (PID=359) to work on /opt/airflow/dags/example_etl.py
[2025-05-10T16:42:10.242+0000] {processor.py:829} INFO - Processing file /opt/airflow/dags/example_etl.py for tasks to queue
[2025-05-10T16:42:10.242+0000] {logging_mixin.py:151} INFO - [2025-05-10T16:42:10.242+0000] {dagbag.py:539} INFO - Filling up the DagBag from /opt/airflow/dags/example_etl.py
[2025-05-10T16:42:10.254+0000] {processor.py:839} INFO - DAG(s) dict_keys(['example_etl']) retrieved from /opt/airflow/dags/example_etl.py
[2025-05-10T16:42:10.270+0000] {logging_mixin.py:151} INFO - [2025-05-10T16:42:10.270+0000] {dag.py:2915} INFO - Sync 1 DAGs
[2025-05-10T16:42:10.279+0000] {logging_mixin.py:151} INFO - [2025-05-10T16:42:10.279+0000] {dag.py:3696} INFO - Setting next_dagrun for example_etl to 2025-05-09T00:00:00+00:00, run_after=2025-05-10T00:00:00+00:00
[2025-05-10T16:42:10.288+0000] {processor.py:179} INFO - Processing /opt/airflow/dags/example_etl.py took 0.051 seconds
[2025-05-10T16:42:40.461+0000] {processor.py:157} INFO - Started process (PID=361) to work on /opt/airflow/dags/example_etl.py
[2025-05-10T16:42:40.463+0000] {processor.py:829} INFO - Processing file /opt/airflow/dags/example_etl.py for tasks to queue
[2025-05-10T16:42:40.464+0000] {logging_mixin.py:151} INFO - [2025-05-10T16:42:40.463+0000] {dagbag.py:539} INFO - Filling up the DagBag from /opt/airflow/dags/example_etl.py
[2025-05-10T16:42:40.480+0000] {processor.py:839} INFO - DAG(s) dict_keys(['example_etl']) retrieved from /opt/airflow/dags/example_etl.py
[2025-05-10T16:42:40.497+0000] {logging_mixin.py:151} INFO - [2025-05-10T16:42:40.497+0000] {dag.py:2915} INFO - Sync 1 DAGs
[2025-05-10T16:42:40.506+0000] {logging_mixin.py:151} INFO - [2025-05-10T16:42:40.506+0000] {dag.py:3696} INFO - Setting next_dagrun for example_etl to 2025-05-09T00:00:00+00:00, run_after=2025-05-10T00:00:00+00:00
[2025-05-10T16:42:40.516+0000] {processor.py:179} INFO - Processing /opt/airflow/dags/example_etl.py took 0.058 seconds
[2025-05-10T16:43:10.686+0000] {processor.py:157} INFO - Started process (PID=363) to work on /opt/airflow/dags/example_etl.py
[2025-05-10T16:43:10.687+0000] {processor.py:829} INFO - Processing file /opt/airflow/dags/example_etl.py for tasks to queue
[2025-05-10T16:43:10.688+0000] {logging_mixin.py:151} INFO - [2025-05-10T16:43:10.687+0000] {dagbag.py:539} INFO - Filling up the DagBag from /opt/airflow/dags/example_etl.py
[2025-05-10T16:43:10.701+0000] {processor.py:839} INFO - DAG(s) dict_keys(['example_etl']) retrieved from /opt/airflow/dags/example_etl.py
[2025-05-10T16:43:10.716+0000] {logging_mixin.py:151} INFO - [2025-05-10T16:43:10.716+0000] {dag.py:2915} INFO - Sync 1 DAGs
[2025-05-10T16:43:10.726+0000] {logging_mixin.py:151} INFO - [2025-05-10T16:43:10.726+0000] {dag.py:3696} INFO - Setting next_dagrun for example_etl to 2025-05-09T00:00:00+00:00, run_after=2025-05-10T00:00:00+00:00
[2025-05-10T16:43:10.735+0000] {processor.py:179} INFO - Processing /opt/airflow/dags/example_etl.py took 0.053 seconds
[2025-05-10T16:43:40.895+0000] {processor.py:157} INFO - Started process (PID=365) to work on /opt/airflow/dags/example_etl.py
[2025-05-10T16:43:40.896+0000] {processor.py:829} INFO - Processing file /opt/airflow/dags/example_etl.py for tasks to queue
[2025-05-10T16:43:40.897+0000] {logging_mixin.py:151} INFO - [2025-05-10T16:43:40.897+0000] {dagbag.py:539} INFO - Filling up the DagBag from /opt/airflow/dags/example_etl.py
[2025-05-10T16:43:40.909+0000] {processor.py:839} INFO - DAG(s) dict_keys(['example_etl']) retrieved from /opt/airflow/dags/example_etl.py
[2025-05-10T16:43:40.923+0000] {logging_mixin.py:151} INFO - [2025-05-10T16:43:40.923+0000] {dag.py:2915} INFO - Sync 1 DAGs
[2025-05-10T16:43:40.933+0000] {logging_mixin.py:151} INFO - [2025-05-10T16:43:40.933+0000] {dag.py:3696} INFO - Setting next_dagrun for example_etl to 2025-05-09T00:00:00+00:00, run_after=2025-05-10T00:00:00+00:00
[2025-05-10T16:43:40.942+0000] {processor.py:179} INFO - Processing /opt/airflow/dags/example_etl.py took 0.050 seconds
[2025-05-10T16:44:11.095+0000] {processor.py:157} INFO - Started process (PID=367) to work on /opt/airflow/dags/example_etl.py
[2025-05-10T16:44:11.096+0000] {processor.py:829} INFO - Processing file /opt/airflow/dags/example_etl.py for tasks to queue
[2025-05-10T16:44:11.097+0000] {logging_mixin.py:151} INFO - [2025-05-10T16:44:11.097+0000] {dagbag.py:539} INFO - Filling up the DagBag from /opt/airflow/dags/example_etl.py
[2025-05-10T16:44:11.109+0000] {processor.py:839} INFO - DAG(s) dict_keys(['example_etl']) retrieved from /opt/airflow/dags/example_etl.py
[2025-05-10T16:44:11.126+0000] {logging_mixin.py:151} INFO - [2025-05-10T16:44:11.126+0000] {dag.py:2915} INFO - Sync 1 DAGs
[2025-05-10T16:44:11.135+0000] {logging_mixin.py:151} INFO - [2025-05-10T16:44:11.135+0000] {dag.py:3696} INFO - Setting next_dagrun for example_etl to 2025-05-09T00:00:00+00:00, run_after=2025-05-10T00:00:00+00:00
[2025-05-10T16:44:11.145+0000] {processor.py:179} INFO - Processing /opt/airflow/dags/example_etl.py took 0.053 seconds
[2025-05-10T16:44:41.276+0000] {processor.py:157} INFO - Started process (PID=369) to work on /opt/airflow/dags/example_etl.py
[2025-05-10T16:44:41.276+0000] {processor.py:829} INFO - Processing file /opt/airflow/dags/example_etl.py for tasks to queue
[2025-05-10T16:44:41.277+0000] {logging_mixin.py:151} INFO - [2025-05-10T16:44:41.277+0000] {dagbag.py:539} INFO - Filling up the DagBag from /opt/airflow/dags/example_etl.py
[2025-05-10T16:44:41.284+0000] {processor.py:839} INFO - DAG(s) dict_keys(['example_etl']) retrieved from /opt/airflow/dags/example_etl.py
[2025-05-10T16:44:41.295+0000] {logging_mixin.py:151} INFO - [2025-05-10T16:44:41.295+0000] {dag.py:2915} INFO - Sync 1 DAGs
[2025-05-10T16:44:41.304+0000] {logging_mixin.py:151} INFO - [2025-05-10T16:44:41.304+0000] {dag.py:3696} INFO - Setting next_dagrun for example_etl to 2025-05-09T00:00:00+00:00, run_after=2025-05-10T00:00:00+00:00
[2025-05-10T16:44:41.313+0000] {processor.py:179} INFO - Processing /opt/airflow/dags/example_etl.py took 0.039 seconds
[2025-05-10T16:45:11.475+0000] {processor.py:157} INFO - Started process (PID=371) to work on /opt/airflow/dags/example_etl.py
[2025-05-10T16:45:11.476+0000] {processor.py:829} INFO - Processing file /opt/airflow/dags/example_etl.py for tasks to queue
[2025-05-10T16:45:11.477+0000] {logging_mixin.py:151} INFO - [2025-05-10T16:45:11.476+0000] {dagbag.py:539} INFO - Filling up the DagBag from /opt/airflow/dags/example_etl.py
[2025-05-10T16:45:11.491+0000] {processor.py:839} INFO - DAG(s) dict_keys(['example_etl']) retrieved from /opt/airflow/dags/example_etl.py
[2025-05-10T16:45:11.507+0000] {logging_mixin.py:151} INFO - [2025-05-10T16:45:11.507+0000] {dag.py:2915} INFO - Sync 1 DAGs
[2025-05-10T16:45:11.516+0000] {logging_mixin.py:151} INFO - [2025-05-10T16:45:11.516+0000] {dag.py:3696} INFO - Setting next_dagrun for example_etl to 2025-05-09T00:00:00+00:00, run_after=2025-05-10T00:00:00+00:00
[2025-05-10T16:45:11.525+0000] {processor.py:179} INFO - Processing /opt/airflow/dags/example_etl.py took 0.053 seconds
[2025-05-10T16:45:41.676+0000] {processor.py:157} INFO - Started process (PID=373) to work on /opt/airflow/dags/example_etl.py
[2025-05-10T16:45:41.676+0000] {processor.py:829} INFO - Processing file /opt/airflow/dags/example_etl.py for tasks to queue
[2025-05-10T16:45:41.677+0000] {logging_mixin.py:151} INFO - [2025-05-10T16:45:41.677+0000] {dagbag.py:539} INFO - Filling up the DagBag from /opt/airflow/dags/example_etl.py
[2025-05-10T16:45:41.685+0000] {processor.py:839} INFO - DAG(s) dict_keys(['example_etl']) retrieved from /opt/airflow/dags/example_etl.py
[2025-05-10T16:45:41.697+0000] {logging_mixin.py:151} INFO - [2025-05-10T16:45:41.697+0000] {dag.py:2915} INFO - Sync 1 DAGs
[2025-05-10T16:45:41.706+0000] {logging_mixin.py:151} INFO - [2025-05-10T16:45:41.706+0000] {dag.py:3696} INFO - Setting next_dagrun for example_etl to 2025-05-09T00:00:00+00:00, run_after=2025-05-10T00:00:00+00:00
[2025-05-10T16:45:41.716+0000] {processor.py:179} INFO - Processing /opt/airflow/dags/example_etl.py took 0.042 seconds
[2025-05-10T16:46:11.882+0000] {processor.py:157} INFO - Started process (PID=375) to work on /opt/airflow/dags/example_etl.py
[2025-05-10T16:46:11.883+0000] {processor.py:829} INFO - Processing file /opt/airflow/dags/example_etl.py for tasks to queue
[2025-05-10T16:46:11.883+0000] {logging_mixin.py:151} INFO - [2025-05-10T16:46:11.883+0000] {dagbag.py:539} INFO - Filling up the DagBag from /opt/airflow/dags/example_etl.py
[2025-05-10T16:46:11.896+0000] {processor.py:839} INFO - DAG(s) dict_keys(['example_etl']) retrieved from /opt/airflow/dags/example_etl.py
[2025-05-10T16:46:11.911+0000] {logging_mixin.py:151} INFO - [2025-05-10T16:46:11.911+0000] {dag.py:2915} INFO - Sync 1 DAGs
[2025-05-10T16:46:11.920+0000] {logging_mixin.py:151} INFO - [2025-05-10T16:46:11.920+0000] {dag.py:3696} INFO - Setting next_dagrun for example_etl to 2025-05-09T00:00:00+00:00, run_after=2025-05-10T00:00:00+00:00
[2025-05-10T16:46:11.929+0000] {processor.py:179} INFO - Processing /opt/airflow/dags/example_etl.py took 0.051 seconds
[2025-05-10T16:46:42.100+0000] {processor.py:157} INFO - Started process (PID=377) to work on /opt/airflow/dags/example_etl.py
[2025-05-10T16:46:42.102+0000] {processor.py:829} INFO - Processing file /opt/airflow/dags/example_etl.py for tasks to queue
[2025-05-10T16:46:42.103+0000] {logging_mixin.py:151} INFO - [2025-05-10T16:46:42.102+0000] {dagbag.py:539} INFO - Filling up the DagBag from /opt/airflow/dags/example_etl.py
[2025-05-10T16:46:42.115+0000] {processor.py:839} INFO - DAG(s) dict_keys(['example_etl']) retrieved from /opt/airflow/dags/example_etl.py
[2025-05-10T16:46:42.131+0000] {logging_mixin.py:151} INFO - [2025-05-10T16:46:42.131+0000] {dag.py:2915} INFO - Sync 1 DAGs
[2025-05-10T16:46:42.141+0000] {logging_mixin.py:151} INFO - [2025-05-10T16:46:42.140+0000] {dag.py:3696} INFO - Setting next_dagrun for example_etl to 2025-05-09T00:00:00+00:00, run_after=2025-05-10T00:00:00+00:00
[2025-05-10T16:46:42.150+0000] {processor.py:179} INFO - Processing /opt/airflow/dags/example_etl.py took 0.054 seconds
[2025-05-10T16:47:12.327+0000] {processor.py:157} INFO - Started process (PID=379) to work on /opt/airflow/dags/example_etl.py
[2025-05-10T16:47:12.328+0000] {processor.py:829} INFO - Processing file /opt/airflow/dags/example_etl.py for tasks to queue
[2025-05-10T16:47:12.329+0000] {logging_mixin.py:151} INFO - [2025-05-10T16:47:12.328+0000] {dagbag.py:539} INFO - Filling up the DagBag from /opt/airflow/dags/example_etl.py
[2025-05-10T16:47:12.342+0000] {processor.py:839} INFO - DAG(s) dict_keys(['example_etl']) retrieved from /opt/airflow/dags/example_etl.py
[2025-05-10T16:47:12.359+0000] {logging_mixin.py:151} INFO - [2025-05-10T16:47:12.359+0000] {dag.py:2915} INFO - Sync 1 DAGs
[2025-05-10T16:47:12.368+0000] {logging_mixin.py:151} INFO - [2025-05-10T16:47:12.368+0000] {dag.py:3696} INFO - Setting next_dagrun for example_etl to 2025-05-09T00:00:00+00:00, run_after=2025-05-10T00:00:00+00:00
[2025-05-10T16:47:12.378+0000] {processor.py:179} INFO - Processing /opt/airflow/dags/example_etl.py took 0.055 seconds
[2025-05-10T16:47:42.546+0000] {processor.py:157} INFO - Started process (PID=381) to work on /opt/airflow/dags/example_etl.py
[2025-05-10T16:47:42.548+0000] {processor.py:829} INFO - Processing file /opt/airflow/dags/example_etl.py for tasks to queue
[2025-05-10T16:47:42.549+0000] {logging_mixin.py:151} INFO - [2025-05-10T16:47:42.548+0000] {dagbag.py:539} INFO - Filling up the DagBag from /opt/airflow/dags/example_etl.py
[2025-05-10T16:47:42.563+0000] {processor.py:839} INFO - DAG(s) dict_keys(['example_etl']) retrieved from /opt/airflow/dags/example_etl.py
[2025-05-10T16:47:42.579+0000] {logging_mixin.py:151} INFO - [2025-05-10T16:47:42.579+0000] {dag.py:2915} INFO - Sync 1 DAGs
[2025-05-10T16:47:42.590+0000] {logging_mixin.py:151} INFO - [2025-05-10T16:47:42.590+0000] {dag.py:3696} INFO - Setting next_dagrun for example_etl to 2025-05-09T00:00:00+00:00, run_after=2025-05-10T00:00:00+00:00
[2025-05-10T16:47:42.600+0000] {processor.py:179} INFO - Processing /opt/airflow/dags/example_etl.py took 0.060 seconds
[2025-05-10T16:48:12.750+0000] {processor.py:157} INFO - Started process (PID=383) to work on /opt/airflow/dags/example_etl.py
[2025-05-10T16:48:12.750+0000] {processor.py:829} INFO - Processing file /opt/airflow/dags/example_etl.py for tasks to queue
[2025-05-10T16:48:12.751+0000] {logging_mixin.py:151} INFO - [2025-05-10T16:48:12.751+0000] {dagbag.py:539} INFO - Filling up the DagBag from /opt/airflow/dags/example_etl.py
[2025-05-10T16:48:12.761+0000] {processor.py:839} INFO - DAG(s) dict_keys(['example_etl']) retrieved from /opt/airflow/dags/example_etl.py
[2025-05-10T16:48:12.773+0000] {logging_mixin.py:151} INFO - [2025-05-10T16:48:12.773+0000] {dag.py:2915} INFO - Sync 1 DAGs
[2025-05-10T16:48:12.783+0000] {logging_mixin.py:151} INFO - [2025-05-10T16:48:12.783+0000] {dag.py:3696} INFO - Setting next_dagrun for example_etl to 2025-05-09T00:00:00+00:00, run_after=2025-05-10T00:00:00+00:00
[2025-05-10T16:48:12.791+0000] {processor.py:179} INFO - Processing /opt/airflow/dags/example_etl.py took 0.044 seconds
[2025-05-10T16:48:42.968+0000] {processor.py:157} INFO - Started process (PID=385) to work on /opt/airflow/dags/example_etl.py
[2025-05-10T16:48:42.969+0000] {processor.py:829} INFO - Processing file /opt/airflow/dags/example_etl.py for tasks to queue
[2025-05-10T16:48:42.970+0000] {logging_mixin.py:151} INFO - [2025-05-10T16:48:42.970+0000] {dagbag.py:539} INFO - Filling up the DagBag from /opt/airflow/dags/example_etl.py
[2025-05-10T16:48:42.983+0000] {processor.py:839} INFO - DAG(s) dict_keys(['example_etl']) retrieved from /opt/airflow/dags/example_etl.py
[2025-05-10T16:48:42.996+0000] {logging_mixin.py:151} INFO - [2025-05-10T16:48:42.996+0000] {dag.py:2915} INFO - Sync 1 DAGs
[2025-05-10T16:48:43.006+0000] {logging_mixin.py:151} INFO - [2025-05-10T16:48:43.006+0000] {dag.py:3696} INFO - Setting next_dagrun for example_etl to 2025-05-09T00:00:00+00:00, run_after=2025-05-10T00:00:00+00:00
[2025-05-10T16:48:43.016+0000] {processor.py:179} INFO - Processing /opt/airflow/dags/example_etl.py took 0.051 seconds
[2025-05-10T16:49:13.173+0000] {processor.py:157} INFO - Started process (PID=387) to work on /opt/airflow/dags/example_etl.py
[2025-05-10T16:49:13.174+0000] {processor.py:829} INFO - Processing file /opt/airflow/dags/example_etl.py for tasks to queue
[2025-05-10T16:49:13.175+0000] {logging_mixin.py:151} INFO - [2025-05-10T16:49:13.174+0000] {dagbag.py:539} INFO - Filling up the DagBag from /opt/airflow/dags/example_etl.py
[2025-05-10T16:49:13.189+0000] {processor.py:839} INFO - DAG(s) dict_keys(['example_etl']) retrieved from /opt/airflow/dags/example_etl.py
[2025-05-10T16:49:13.206+0000] {logging_mixin.py:151} INFO - [2025-05-10T16:49:13.206+0000] {dag.py:2915} INFO - Sync 1 DAGs
[2025-05-10T16:49:13.218+0000] {logging_mixin.py:151} INFO - [2025-05-10T16:49:13.218+0000] {dag.py:3696} INFO - Setting next_dagrun for example_etl to 2025-05-09T00:00:00+00:00, run_after=2025-05-10T00:00:00+00:00
[2025-05-10T16:49:13.231+0000] {processor.py:179} INFO - Processing /opt/airflow/dags/example_etl.py took 0.062 seconds
[2025-05-10T16:49:43.295+0000] {processor.py:157} INFO - Started process (PID=389) to work on /opt/airflow/dags/example_etl.py
[2025-05-10T16:49:43.295+0000] {processor.py:829} INFO - Processing file /opt/airflow/dags/example_etl.py for tasks to queue
[2025-05-10T16:49:43.296+0000] {logging_mixin.py:151} INFO - [2025-05-10T16:49:43.296+0000] {dagbag.py:539} INFO - Filling up the DagBag from /opt/airflow/dags/example_etl.py
[2025-05-10T16:49:43.308+0000] {processor.py:839} INFO - DAG(s) dict_keys(['example_etl']) retrieved from /opt/airflow/dags/example_etl.py
[2025-05-10T16:49:43.323+0000] {logging_mixin.py:151} INFO - [2025-05-10T16:49:43.323+0000] {dag.py:2915} INFO - Sync 1 DAGs
[2025-05-10T16:49:43.333+0000] {logging_mixin.py:151} INFO - [2025-05-10T16:49:43.333+0000] {dag.py:3696} INFO - Setting next_dagrun for example_etl to 2025-05-09T00:00:00+00:00, run_after=2025-05-10T00:00:00+00:00
[2025-05-10T16:49:43.342+0000] {processor.py:179} INFO - Processing /opt/airflow/dags/example_etl.py took 0.050 seconds
[2025-05-10T16:50:13.509+0000] {processor.py:157} INFO - Started process (PID=391) to work on /opt/airflow/dags/example_etl.py
[2025-05-10T16:50:13.510+0000] {processor.py:829} INFO - Processing file /opt/airflow/dags/example_etl.py for tasks to queue
[2025-05-10T16:50:13.511+0000] {logging_mixin.py:151} INFO - [2025-05-10T16:50:13.510+0000] {dagbag.py:539} INFO - Filling up the DagBag from /opt/airflow/dags/example_etl.py
[2025-05-10T16:50:13.523+0000] {processor.py:839} INFO - DAG(s) dict_keys(['example_etl']) retrieved from /opt/airflow/dags/example_etl.py
[2025-05-10T16:50:13.541+0000] {logging_mixin.py:151} INFO - [2025-05-10T16:50:13.541+0000] {dag.py:2915} INFO - Sync 1 DAGs
[2025-05-10T16:50:13.553+0000] {logging_mixin.py:151} INFO - [2025-05-10T16:50:13.552+0000] {dag.py:3696} INFO - Setting next_dagrun for example_etl to 2025-05-09T00:00:00+00:00, run_after=2025-05-10T00:00:00+00:00
[2025-05-10T16:50:13.563+0000] {processor.py:179} INFO - Processing /opt/airflow/dags/example_etl.py took 0.057 seconds
[2025-05-10T16:50:43.707+0000] {processor.py:157} INFO - Started process (PID=393) to work on /opt/airflow/dags/example_etl.py
[2025-05-10T16:50:43.707+0000] {processor.py:829} INFO - Processing file /opt/airflow/dags/example_etl.py for tasks to queue
[2025-05-10T16:50:43.708+0000] {logging_mixin.py:151} INFO - [2025-05-10T16:50:43.708+0000] {dagbag.py:539} INFO - Filling up the DagBag from /opt/airflow/dags/example_etl.py
[2025-05-10T16:50:43.722+0000] {processor.py:839} INFO - DAG(s) dict_keys(['example_etl']) retrieved from /opt/airflow/dags/example_etl.py
[2025-05-10T16:50:43.744+0000] {logging_mixin.py:151} INFO - [2025-05-10T16:50:43.744+0000] {dag.py:2915} INFO - Sync 1 DAGs
[2025-05-10T16:50:43.755+0000] {logging_mixin.py:151} INFO - [2025-05-10T16:50:43.755+0000] {dag.py:3696} INFO - Setting next_dagrun for example_etl to 2025-05-09T00:00:00+00:00, run_after=2025-05-10T00:00:00+00:00
[2025-05-10T16:50:43.769+0000] {processor.py:179} INFO - Processing /opt/airflow/dags/example_etl.py took 0.066 seconds
[2025-05-10T16:51:13.932+0000] {processor.py:157} INFO - Started process (PID=395) to work on /opt/airflow/dags/example_etl.py
[2025-05-10T16:51:13.933+0000] {processor.py:829} INFO - Processing file /opt/airflow/dags/example_etl.py for tasks to queue
[2025-05-10T16:51:13.934+0000] {logging_mixin.py:151} INFO - [2025-05-10T16:51:13.933+0000] {dagbag.py:539} INFO - Filling up the DagBag from /opt/airflow/dags/example_etl.py
[2025-05-10T16:51:13.948+0000] {processor.py:839} INFO - DAG(s) dict_keys(['example_etl']) retrieved from /opt/airflow/dags/example_etl.py
[2025-05-10T16:51:13.965+0000] {logging_mixin.py:151} INFO - [2025-05-10T16:51:13.965+0000] {dag.py:2915} INFO - Sync 1 DAGs
[2025-05-10T16:51:13.976+0000] {logging_mixin.py:151} INFO - [2025-05-10T16:51:13.976+0000] {dag.py:3696} INFO - Setting next_dagrun for example_etl to 2025-05-09T00:00:00+00:00, run_after=2025-05-10T00:00:00+00:00
[2025-05-10T16:51:13.986+0000] {processor.py:179} INFO - Processing /opt/airflow/dags/example_etl.py took 0.058 seconds
[2025-05-10T16:51:44.116+0000] {processor.py:157} INFO - Started process (PID=397) to work on /opt/airflow/dags/example_etl.py
[2025-05-10T16:51:44.117+0000] {processor.py:829} INFO - Processing file /opt/airflow/dags/example_etl.py for tasks to queue
[2025-05-10T16:51:44.117+0000] {logging_mixin.py:151} INFO - [2025-05-10T16:51:44.117+0000] {dagbag.py:539} INFO - Filling up the DagBag from /opt/airflow/dags/example_etl.py
[2025-05-10T16:51:44.124+0000] {processor.py:839} INFO - DAG(s) dict_keys(['example_etl']) retrieved from /opt/airflow/dags/example_etl.py
[2025-05-10T16:51:44.137+0000] {logging_mixin.py:151} INFO - [2025-05-10T16:51:44.137+0000] {dag.py:2915} INFO - Sync 1 DAGs
[2025-05-10T16:51:44.146+0000] {logging_mixin.py:151} INFO - [2025-05-10T16:51:44.146+0000] {dag.py:3696} INFO - Setting next_dagrun for example_etl to 2025-05-09T00:00:00+00:00, run_after=2025-05-10T00:00:00+00:00
[2025-05-10T16:51:44.156+0000] {processor.py:179} INFO - Processing /opt/airflow/dags/example_etl.py took 0.041 seconds
[2025-05-10T16:52:14.326+0000] {processor.py:157} INFO - Started process (PID=399) to work on /opt/airflow/dags/example_etl.py
[2025-05-10T16:52:14.327+0000] {processor.py:829} INFO - Processing file /opt/airflow/dags/example_etl.py for tasks to queue
[2025-05-10T16:52:14.328+0000] {logging_mixin.py:151} INFO - [2025-05-10T16:52:14.328+0000] {dagbag.py:539} INFO - Filling up the DagBag from /opt/airflow/dags/example_etl.py
[2025-05-10T16:52:14.344+0000] {processor.py:839} INFO - DAG(s) dict_keys(['example_etl']) retrieved from /opt/airflow/dags/example_etl.py
[2025-05-10T16:52:14.362+0000] {logging_mixin.py:151} INFO - [2025-05-10T16:52:14.362+0000] {dag.py:2915} INFO - Sync 1 DAGs
[2025-05-10T16:52:14.373+0000] {logging_mixin.py:151} INFO - [2025-05-10T16:52:14.373+0000] {dag.py:3696} INFO - Setting next_dagrun for example_etl to 2025-05-09T00:00:00+00:00, run_after=2025-05-10T00:00:00+00:00
[2025-05-10T16:52:14.383+0000] {processor.py:179} INFO - Processing /opt/airflow/dags/example_etl.py took 0.061 seconds
[2025-05-10T16:52:44.539+0000] {processor.py:157} INFO - Started process (PID=401) to work on /opt/airflow/dags/example_etl.py
[2025-05-10T16:52:44.541+0000] {processor.py:829} INFO - Processing file /opt/airflow/dags/example_etl.py for tasks to queue
[2025-05-10T16:52:44.542+0000] {logging_mixin.py:151} INFO - [2025-05-10T16:52:44.541+0000] {dagbag.py:539} INFO - Filling up the DagBag from /opt/airflow/dags/example_etl.py
[2025-05-10T16:52:44.561+0000] {processor.py:839} INFO - DAG(s) dict_keys(['example_etl']) retrieved from /opt/airflow/dags/example_etl.py
[2025-05-10T16:52:44.577+0000] {logging_mixin.py:151} INFO - [2025-05-10T16:52:44.577+0000] {dag.py:2915} INFO - Sync 1 DAGs
[2025-05-10T16:52:44.589+0000] {logging_mixin.py:151} INFO - [2025-05-10T16:52:44.589+0000] {dag.py:3696} INFO - Setting next_dagrun for example_etl to 2025-05-09T00:00:00+00:00, run_after=2025-05-10T00:00:00+00:00
[2025-05-10T16:52:44.599+0000] {processor.py:179} INFO - Processing /opt/airflow/dags/example_etl.py took 0.063 seconds
[2025-05-10T16:53:14.749+0000] {processor.py:157} INFO - Started process (PID=403) to work on /opt/airflow/dags/example_etl.py
[2025-05-10T16:53:14.751+0000] {processor.py:829} INFO - Processing file /opt/airflow/dags/example_etl.py for tasks to queue
[2025-05-10T16:53:14.752+0000] {logging_mixin.py:151} INFO - [2025-05-10T16:53:14.751+0000] {dagbag.py:539} INFO - Filling up the DagBag from /opt/airflow/dags/example_etl.py
[2025-05-10T16:53:14.773+0000] {processor.py:839} INFO - DAG(s) dict_keys(['example_etl']) retrieved from /opt/airflow/dags/example_etl.py
[2025-05-10T16:53:14.797+0000] {logging_mixin.py:151} INFO - [2025-05-10T16:53:14.796+0000] {dag.py:2915} INFO - Sync 1 DAGs
[2025-05-10T16:53:14.807+0000] {logging_mixin.py:151} INFO - [2025-05-10T16:53:14.807+0000] {dag.py:3696} INFO - Setting next_dagrun for example_etl to 2025-05-09T00:00:00+00:00, run_after=2025-05-10T00:00:00+00:00
[2025-05-10T16:53:14.819+0000] {processor.py:179} INFO - Processing /opt/airflow/dags/example_etl.py took 0.077 seconds
[2025-05-10T16:53:44.963+0000] {processor.py:157} INFO - Started process (PID=405) to work on /opt/airflow/dags/example_etl.py
[2025-05-10T16:53:44.964+0000] {processor.py:829} INFO - Processing file /opt/airflow/dags/example_etl.py for tasks to queue
[2025-05-10T16:53:44.965+0000] {logging_mixin.py:151} INFO - [2025-05-10T16:53:44.964+0000] {dagbag.py:539} INFO - Filling up the DagBag from /opt/airflow/dags/example_etl.py
[2025-05-10T16:53:44.979+0000] {processor.py:839} INFO - DAG(s) dict_keys(['example_etl']) retrieved from /opt/airflow/dags/example_etl.py
[2025-05-10T16:53:44.997+0000] {logging_mixin.py:151} INFO - [2025-05-10T16:53:44.997+0000] {dag.py:2915} INFO - Sync 1 DAGs
[2025-05-10T16:53:45.009+0000] {logging_mixin.py:151} INFO - [2025-05-10T16:53:45.009+0000] {dag.py:3696} INFO - Setting next_dagrun for example_etl to 2025-05-09T00:00:00+00:00, run_after=2025-05-10T00:00:00+00:00
[2025-05-10T16:53:45.019+0000] {processor.py:179} INFO - Processing /opt/airflow/dags/example_etl.py took 0.061 seconds
[2025-05-10T16:54:15.159+0000] {processor.py:157} INFO - Started process (PID=407) to work on /opt/airflow/dags/example_etl.py
[2025-05-10T16:54:15.159+0000] {processor.py:829} INFO - Processing file /opt/airflow/dags/example_etl.py for tasks to queue
[2025-05-10T16:54:15.160+0000] {logging_mixin.py:151} INFO - [2025-05-10T16:54:15.160+0000] {dagbag.py:539} INFO - Filling up the DagBag from /opt/airflow/dags/example_etl.py
[2025-05-10T16:54:15.170+0000] {processor.py:839} INFO - DAG(s) dict_keys(['example_etl']) retrieved from /opt/airflow/dags/example_etl.py
[2025-05-10T16:54:15.183+0000] {logging_mixin.py:151} INFO - [2025-05-10T16:54:15.183+0000] {dag.py:2915} INFO - Sync 1 DAGs
[2025-05-10T16:54:15.193+0000] {logging_mixin.py:151} INFO - [2025-05-10T16:54:15.193+0000] {dag.py:3696} INFO - Setting next_dagrun for example_etl to 2025-05-09T00:00:00+00:00, run_after=2025-05-10T00:00:00+00:00
[2025-05-10T16:54:15.202+0000] {processor.py:179} INFO - Processing /opt/airflow/dags/example_etl.py took 0.048 seconds
[2025-05-10T16:54:45.337+0000] {processor.py:157} INFO - Started process (PID=409) to work on /opt/airflow/dags/example_etl.py
[2025-05-10T16:54:45.338+0000] {processor.py:829} INFO - Processing file /opt/airflow/dags/example_etl.py for tasks to queue
[2025-05-10T16:54:45.339+0000] {logging_mixin.py:151} INFO - [2025-05-10T16:54:45.339+0000] {dagbag.py:539} INFO - Filling up the DagBag from /opt/airflow/dags/example_etl.py
[2025-05-10T16:54:45.352+0000] {processor.py:839} INFO - DAG(s) dict_keys(['example_etl']) retrieved from /opt/airflow/dags/example_etl.py
[2025-05-10T16:54:45.368+0000] {logging_mixin.py:151} INFO - [2025-05-10T16:54:45.368+0000] {dag.py:2915} INFO - Sync 1 DAGs
[2025-05-10T16:54:45.378+0000] {logging_mixin.py:151} INFO - [2025-05-10T16:54:45.378+0000] {dag.py:3696} INFO - Setting next_dagrun for example_etl to 2025-05-09T00:00:00+00:00, run_after=2025-05-10T00:00:00+00:00
[2025-05-10T16:54:45.388+0000] {processor.py:179} INFO - Processing /opt/airflow/dags/example_etl.py took 0.055 seconds
[2025-05-10T16:55:15.531+0000] {processor.py:157} INFO - Started process (PID=411) to work on /opt/airflow/dags/example_etl.py
[2025-05-10T16:55:15.533+0000] {processor.py:829} INFO - Processing file /opt/airflow/dags/example_etl.py for tasks to queue
[2025-05-10T16:55:15.537+0000] {logging_mixin.py:151} INFO - [2025-05-10T16:55:15.534+0000] {dagbag.py:539} INFO - Filling up the DagBag from /opt/airflow/dags/example_etl.py
[2025-05-10T16:55:15.556+0000] {processor.py:839} INFO - DAG(s) dict_keys(['example_etl']) retrieved from /opt/airflow/dags/example_etl.py
[2025-05-10T16:55:15.572+0000] {logging_mixin.py:151} INFO - [2025-05-10T16:55:15.572+0000] {dag.py:2915} INFO - Sync 1 DAGs
[2025-05-10T16:55:15.584+0000] {logging_mixin.py:151} INFO - [2025-05-10T16:55:15.583+0000] {dag.py:3696} INFO - Setting next_dagrun for example_etl to 2025-05-09T00:00:00+00:00, run_after=2025-05-10T00:00:00+00:00
[2025-05-10T16:55:15.593+0000] {processor.py:179} INFO - Processing /opt/airflow/dags/example_etl.py took 0.066 seconds
[2025-05-10T16:55:45.708+0000] {processor.py:157} INFO - Started process (PID=413) to work on /opt/airflow/dags/example_etl.py
[2025-05-10T16:55:45.710+0000] {processor.py:829} INFO - Processing file /opt/airflow/dags/example_etl.py for tasks to queue
[2025-05-10T16:55:45.711+0000] {logging_mixin.py:151} INFO - [2025-05-10T16:55:45.710+0000] {dagbag.py:539} INFO - Filling up the DagBag from /opt/airflow/dags/example_etl.py
[2025-05-10T16:55:45.723+0000] {processor.py:839} INFO - DAG(s) dict_keys(['example_etl']) retrieved from /opt/airflow/dags/example_etl.py
[2025-05-10T16:55:45.738+0000] {logging_mixin.py:151} INFO - [2025-05-10T16:55:45.738+0000] {dag.py:2915} INFO - Sync 1 DAGs
[2025-05-10T16:55:45.748+0000] {logging_mixin.py:151} INFO - [2025-05-10T16:55:45.747+0000] {dag.py:3696} INFO - Setting next_dagrun for example_etl to 2025-05-09T00:00:00+00:00, run_after=2025-05-10T00:00:00+00:00
[2025-05-10T16:55:45.756+0000] {processor.py:179} INFO - Processing /opt/airflow/dags/example_etl.py took 0.051 seconds
[2025-05-10T16:56:15.914+0000] {processor.py:157} INFO - Started process (PID=415) to work on /opt/airflow/dags/example_etl.py
[2025-05-10T16:56:15.915+0000] {processor.py:829} INFO - Processing file /opt/airflow/dags/example_etl.py for tasks to queue
[2025-05-10T16:56:15.916+0000] {logging_mixin.py:151} INFO - [2025-05-10T16:56:15.916+0000] {dagbag.py:539} INFO - Filling up the DagBag from /opt/airflow/dags/example_etl.py
[2025-05-10T16:56:15.929+0000] {processor.py:839} INFO - DAG(s) dict_keys(['example_etl']) retrieved from /opt/airflow/dags/example_etl.py
[2025-05-10T16:56:15.946+0000] {logging_mixin.py:151} INFO - [2025-05-10T16:56:15.946+0000] {dag.py:2915} INFO - Sync 1 DAGs
[2025-05-10T16:56:15.956+0000] {logging_mixin.py:151} INFO - [2025-05-10T16:56:15.956+0000] {dag.py:3696} INFO - Setting next_dagrun for example_etl to 2025-05-09T00:00:00+00:00, run_after=2025-05-10T00:00:00+00:00
[2025-05-10T16:56:15.966+0000] {processor.py:179} INFO - Processing /opt/airflow/dags/example_etl.py took 0.057 seconds
[2025-05-10T16:56:46.119+0000] {processor.py:157} INFO - Started process (PID=417) to work on /opt/airflow/dags/example_etl.py
[2025-05-10T16:56:46.120+0000] {processor.py:829} INFO - Processing file /opt/airflow/dags/example_etl.py for tasks to queue
[2025-05-10T16:56:46.121+0000] {logging_mixin.py:151} INFO - [2025-05-10T16:56:46.121+0000] {dagbag.py:539} INFO - Filling up the DagBag from /opt/airflow/dags/example_etl.py
[2025-05-10T16:56:46.138+0000] {processor.py:839} INFO - DAG(s) dict_keys(['example_etl']) retrieved from /opt/airflow/dags/example_etl.py
[2025-05-10T16:56:46.155+0000] {logging_mixin.py:151} INFO - [2025-05-10T16:56:46.155+0000] {dag.py:2915} INFO - Sync 1 DAGs
[2025-05-10T16:56:46.168+0000] {logging_mixin.py:151} INFO - [2025-05-10T16:56:46.168+0000] {dag.py:3696} INFO - Setting next_dagrun for example_etl to 2025-05-09T00:00:00+00:00, run_after=2025-05-10T00:00:00+00:00
[2025-05-10T16:56:46.179+0000] {processor.py:179} INFO - Processing /opt/airflow/dags/example_etl.py took 0.065 seconds
[2025-05-10T16:57:16.304+0000] {processor.py:157} INFO - Started process (PID=419) to work on /opt/airflow/dags/example_etl.py
[2025-05-10T16:57:16.306+0000] {processor.py:829} INFO - Processing file /opt/airflow/dags/example_etl.py for tasks to queue
[2025-05-10T16:57:16.307+0000] {logging_mixin.py:151} INFO - [2025-05-10T16:57:16.307+0000] {dagbag.py:539} INFO - Filling up the DagBag from /opt/airflow/dags/example_etl.py
[2025-05-10T16:57:16.319+0000] {processor.py:839} INFO - DAG(s) dict_keys(['example_etl']) retrieved from /opt/airflow/dags/example_etl.py
[2025-05-10T16:57:16.334+0000] {logging_mixin.py:151} INFO - [2025-05-10T16:57:16.334+0000] {dag.py:2915} INFO - Sync 1 DAGs
[2025-05-10T16:57:16.343+0000] {logging_mixin.py:151} INFO - [2025-05-10T16:57:16.343+0000] {dag.py:3696} INFO - Setting next_dagrun for example_etl to 2025-05-09T00:00:00+00:00, run_after=2025-05-10T00:00:00+00:00
[2025-05-10T16:57:16.351+0000] {processor.py:179} INFO - Processing /opt/airflow/dags/example_etl.py took 0.050 seconds
[2025-05-10T16:57:46.491+0000] {processor.py:157} INFO - Started process (PID=421) to work on /opt/airflow/dags/example_etl.py
[2025-05-10T16:57:46.491+0000] {processor.py:829} INFO - Processing file /opt/airflow/dags/example_etl.py for tasks to queue
[2025-05-10T16:57:46.492+0000] {logging_mixin.py:151} INFO - [2025-05-10T16:57:46.492+0000] {dagbag.py:539} INFO - Filling up the DagBag from /opt/airflow/dags/example_etl.py
[2025-05-10T16:57:46.503+0000] {processor.py:839} INFO - DAG(s) dict_keys(['example_etl']) retrieved from /opt/airflow/dags/example_etl.py
[2025-05-10T16:57:46.516+0000] {logging_mixin.py:151} INFO - [2025-05-10T16:57:46.516+0000] {dag.py:2915} INFO - Sync 1 DAGs
[2025-05-10T16:57:46.529+0000] {logging_mixin.py:151} INFO - [2025-05-10T16:57:46.529+0000] {dag.py:3696} INFO - Setting next_dagrun for example_etl to 2025-05-09T00:00:00+00:00, run_after=2025-05-10T00:00:00+00:00
[2025-05-10T16:57:46.540+0000] {processor.py:179} INFO - Processing /opt/airflow/dags/example_etl.py took 0.052 seconds
[2025-05-10T16:58:16.663+0000] {processor.py:157} INFO - Started process (PID=423) to work on /opt/airflow/dags/example_etl.py
[2025-05-10T16:58:16.663+0000] {processor.py:829} INFO - Processing file /opt/airflow/dags/example_etl.py for tasks to queue
[2025-05-10T16:58:16.664+0000] {logging_mixin.py:151} INFO - [2025-05-10T16:58:16.663+0000] {dagbag.py:539} INFO - Filling up the DagBag from /opt/airflow/dags/example_etl.py
[2025-05-10T16:58:16.672+0000] {processor.py:839} INFO - DAG(s) dict_keys(['example_etl']) retrieved from /opt/airflow/dags/example_etl.py
[2025-05-10T16:58:16.683+0000] {logging_mixin.py:151} INFO - [2025-05-10T16:58:16.683+0000] {dag.py:2915} INFO - Sync 1 DAGs
[2025-05-10T16:58:16.693+0000] {logging_mixin.py:151} INFO - [2025-05-10T16:58:16.693+0000] {dag.py:3696} INFO - Setting next_dagrun for example_etl to 2025-05-09T00:00:00+00:00, run_after=2025-05-10T00:00:00+00:00
[2025-05-10T16:58:16.701+0000] {processor.py:179} INFO - Processing /opt/airflow/dags/example_etl.py took 0.041 seconds
[2025-05-10T16:58:46.836+0000] {processor.py:157} INFO - Started process (PID=425) to work on /opt/airflow/dags/example_etl.py
[2025-05-10T16:58:46.836+0000] {processor.py:829} INFO - Processing file /opt/airflow/dags/example_etl.py for tasks to queue
[2025-05-10T16:58:46.837+0000] {logging_mixin.py:151} INFO - [2025-05-10T16:58:46.837+0000] {dagbag.py:539} INFO - Filling up the DagBag from /opt/airflow/dags/example_etl.py
[2025-05-10T16:58:46.843+0000] {processor.py:839} INFO - DAG(s) dict_keys(['example_etl']) retrieved from /opt/airflow/dags/example_etl.py
[2025-05-10T16:58:46.855+0000] {logging_mixin.py:151} INFO - [2025-05-10T16:58:46.855+0000] {dag.py:2915} INFO - Sync 1 DAGs
[2025-05-10T16:58:46.864+0000] {logging_mixin.py:151} INFO - [2025-05-10T16:58:46.864+0000] {dag.py:3696} INFO - Setting next_dagrun for example_etl to 2025-05-09T00:00:00+00:00, run_after=2025-05-10T00:00:00+00:00
[2025-05-10T16:58:46.871+0000] {processor.py:179} INFO - Processing /opt/airflow/dags/example_etl.py took 0.037 seconds
[2025-05-10T16:59:17.017+0000] {processor.py:157} INFO - Started process (PID=427) to work on /opt/airflow/dags/example_etl.py
[2025-05-10T16:59:17.017+0000] {processor.py:829} INFO - Processing file /opt/airflow/dags/example_etl.py for tasks to queue
[2025-05-10T16:59:17.018+0000] {logging_mixin.py:151} INFO - [2025-05-10T16:59:17.018+0000] {dagbag.py:539} INFO - Filling up the DagBag from /opt/airflow/dags/example_etl.py
[2025-05-10T16:59:17.026+0000] {processor.py:839} INFO - DAG(s) dict_keys(['example_etl']) retrieved from /opt/airflow/dags/example_etl.py
[2025-05-10T16:59:17.040+0000] {logging_mixin.py:151} INFO - [2025-05-10T16:59:17.040+0000] {dag.py:2915} INFO - Sync 1 DAGs
[2025-05-10T16:59:17.049+0000] {logging_mixin.py:151} INFO - [2025-05-10T16:59:17.049+0000] {dag.py:3696} INFO - Setting next_dagrun for example_etl to 2025-05-09T00:00:00+00:00, run_after=2025-05-10T00:00:00+00:00
[2025-05-10T16:59:17.059+0000] {processor.py:179} INFO - Processing /opt/airflow/dags/example_etl.py took 0.045 seconds
[2025-05-10T16:59:47.219+0000] {processor.py:157} INFO - Started process (PID=429) to work on /opt/airflow/dags/example_etl.py
[2025-05-10T16:59:47.220+0000] {processor.py:829} INFO - Processing file /opt/airflow/dags/example_etl.py for tasks to queue
[2025-05-10T16:59:47.222+0000] {logging_mixin.py:151} INFO - [2025-05-10T16:59:47.221+0000] {dagbag.py:539} INFO - Filling up the DagBag from /opt/airflow/dags/example_etl.py
[2025-05-10T16:59:47.234+0000] {processor.py:839} INFO - DAG(s) dict_keys(['example_etl']) retrieved from /opt/airflow/dags/example_etl.py
[2025-05-10T16:59:47.249+0000] {logging_mixin.py:151} INFO - [2025-05-10T16:59:47.249+0000] {dag.py:2915} INFO - Sync 1 DAGs
[2025-05-10T16:59:47.259+0000] {logging_mixin.py:151} INFO - [2025-05-10T16:59:47.259+0000] {dag.py:3696} INFO - Setting next_dagrun for example_etl to 2025-05-09T00:00:00+00:00, run_after=2025-05-10T00:00:00+00:00
[2025-05-10T16:59:47.267+0000] {processor.py:179} INFO - Processing /opt/airflow/dags/example_etl.py took 0.056 seconds
[2025-05-10T17:00:17.400+0000] {processor.py:157} INFO - Started process (PID=431) to work on /opt/airflow/dags/example_etl.py
[2025-05-10T17:00:17.401+0000] {processor.py:829} INFO - Processing file /opt/airflow/dags/example_etl.py for tasks to queue
[2025-05-10T17:00:17.402+0000] {logging_mixin.py:151} INFO - [2025-05-10T17:00:17.401+0000] {dagbag.py:539} INFO - Filling up the DagBag from /opt/airflow/dags/example_etl.py
[2025-05-10T17:00:17.415+0000] {processor.py:839} INFO - DAG(s) dict_keys(['example_etl']) retrieved from /opt/airflow/dags/example_etl.py
[2025-05-10T17:00:17.430+0000] {logging_mixin.py:151} INFO - [2025-05-10T17:00:17.430+0000] {dag.py:2915} INFO - Sync 1 DAGs
[2025-05-10T17:00:17.439+0000] {logging_mixin.py:151} INFO - [2025-05-10T17:00:17.439+0000] {dag.py:3696} INFO - Setting next_dagrun for example_etl to 2025-05-09T00:00:00+00:00, run_after=2025-05-10T00:00:00+00:00
[2025-05-10T17:00:17.448+0000] {processor.py:179} INFO - Processing /opt/airflow/dags/example_etl.py took 0.050 seconds
[2025-05-10T17:00:47.610+0000] {processor.py:157} INFO - Started process (PID=433) to work on /opt/airflow/dags/example_etl.py
[2025-05-10T17:00:47.611+0000] {processor.py:829} INFO - Processing file /opt/airflow/dags/example_etl.py for tasks to queue
[2025-05-10T17:00:47.611+0000] {logging_mixin.py:151} INFO - [2025-05-10T17:00:47.611+0000] {dagbag.py:539} INFO - Filling up the DagBag from /opt/airflow/dags/example_etl.py
[2025-05-10T17:00:47.622+0000] {processor.py:839} INFO - DAG(s) dict_keys(['example_etl']) retrieved from /opt/airflow/dags/example_etl.py
[2025-05-10T17:00:47.634+0000] {logging_mixin.py:151} INFO - [2025-05-10T17:00:47.634+0000] {dag.py:2915} INFO - Sync 1 DAGs
[2025-05-10T17:00:47.642+0000] {logging_mixin.py:151} INFO - [2025-05-10T17:00:47.642+0000] {dag.py:3696} INFO - Setting next_dagrun for example_etl to 2025-05-09T00:00:00+00:00, run_after=2025-05-10T00:00:00+00:00
[2025-05-10T17:00:47.651+0000] {processor.py:179} INFO - Processing /opt/airflow/dags/example_etl.py took 0.044 seconds
[2025-05-10T17:01:17.816+0000] {processor.py:157} INFO - Started process (PID=435) to work on /opt/airflow/dags/example_etl.py
[2025-05-10T17:01:17.817+0000] {processor.py:829} INFO - Processing file /opt/airflow/dags/example_etl.py for tasks to queue
[2025-05-10T17:01:17.818+0000] {logging_mixin.py:151} INFO - [2025-05-10T17:01:17.818+0000] {dagbag.py:539} INFO - Filling up the DagBag from /opt/airflow/dags/example_etl.py
[2025-05-10T17:01:17.833+0000] {processor.py:839} INFO - DAG(s) dict_keys(['example_etl']) retrieved from /opt/airflow/dags/example_etl.py
[2025-05-10T17:01:17.850+0000] {logging_mixin.py:151} INFO - [2025-05-10T17:01:17.850+0000] {dag.py:2915} INFO - Sync 1 DAGs
[2025-05-10T17:01:17.859+0000] {logging_mixin.py:151} INFO - [2025-05-10T17:01:17.859+0000] {dag.py:3696} INFO - Setting next_dagrun for example_etl to 2025-05-09T00:00:00+00:00, run_after=2025-05-10T00:00:00+00:00
[2025-05-10T17:01:17.882+0000] {processor.py:179} INFO - Processing /opt/airflow/dags/example_etl.py took 0.070 seconds
[2025-05-10T17:01:48.024+0000] {processor.py:157} INFO - Started process (PID=437) to work on /opt/airflow/dags/example_etl.py
[2025-05-10T17:01:48.025+0000] {processor.py:829} INFO - Processing file /opt/airflow/dags/example_etl.py for tasks to queue
[2025-05-10T17:01:48.026+0000] {logging_mixin.py:151} INFO - [2025-05-10T17:01:48.026+0000] {dagbag.py:539} INFO - Filling up the DagBag from /opt/airflow/dags/example_etl.py
[2025-05-10T17:01:48.041+0000] {processor.py:839} INFO - DAG(s) dict_keys(['example_etl']) retrieved from /opt/airflow/dags/example_etl.py
[2025-05-10T17:01:48.061+0000] {logging_mixin.py:151} INFO - [2025-05-10T17:01:48.060+0000] {dag.py:2915} INFO - Sync 1 DAGs
[2025-05-10T17:01:48.070+0000] {logging_mixin.py:151} INFO - [2025-05-10T17:01:48.070+0000] {dag.py:3696} INFO - Setting next_dagrun for example_etl to 2025-05-09T00:00:00+00:00, run_after=2025-05-10T00:00:00+00:00
[2025-05-10T17:01:48.082+0000] {processor.py:179} INFO - Processing /opt/airflow/dags/example_etl.py took 0.061 seconds
[2025-05-10T17:02:18.195+0000] {processor.py:157} INFO - Started process (PID=439) to work on /opt/airflow/dags/example_etl.py
[2025-05-10T17:02:18.196+0000] {processor.py:829} INFO - Processing file /opt/airflow/dags/example_etl.py for tasks to queue
[2025-05-10T17:02:18.196+0000] {logging_mixin.py:151} INFO - [2025-05-10T17:02:18.196+0000] {dagbag.py:539} INFO - Filling up the DagBag from /opt/airflow/dags/example_etl.py
[2025-05-10T17:02:18.205+0000] {processor.py:839} INFO - DAG(s) dict_keys(['example_etl']) retrieved from /opt/airflow/dags/example_etl.py
[2025-05-10T17:02:18.222+0000] {logging_mixin.py:151} INFO - [2025-05-10T17:02:18.222+0000] {dag.py:2915} INFO - Sync 1 DAGs
[2025-05-10T17:02:18.235+0000] {logging_mixin.py:151} INFO - [2025-05-10T17:02:18.235+0000] {dag.py:3696} INFO - Setting next_dagrun for example_etl to 2025-05-09T00:00:00+00:00, run_after=2025-05-10T00:00:00+00:00
[2025-05-10T17:02:18.244+0000] {processor.py:179} INFO - Processing /opt/airflow/dags/example_etl.py took 0.050 seconds
[2025-05-10T17:02:48.318+0000] {processor.py:157} INFO - Started process (PID=441) to work on /opt/airflow/dags/example_etl.py
[2025-05-10T17:02:48.319+0000] {processor.py:829} INFO - Processing file /opt/airflow/dags/example_etl.py for tasks to queue
[2025-05-10T17:02:48.320+0000] {logging_mixin.py:151} INFO - [2025-05-10T17:02:48.320+0000] {dagbag.py:539} INFO - Filling up the DagBag from /opt/airflow/dags/example_etl.py
[2025-05-10T17:02:48.332+0000] {processor.py:839} INFO - DAG(s) dict_keys(['example_etl']) retrieved from /opt/airflow/dags/example_etl.py
[2025-05-10T17:02:48.347+0000] {logging_mixin.py:151} INFO - [2025-05-10T17:02:48.347+0000] {dag.py:2915} INFO - Sync 1 DAGs
[2025-05-10T17:02:48.356+0000] {logging_mixin.py:151} INFO - [2025-05-10T17:02:48.356+0000] {dag.py:3696} INFO - Setting next_dagrun for example_etl to 2025-05-09T00:00:00+00:00, run_after=2025-05-10T00:00:00+00:00
[2025-05-10T17:02:48.365+0000] {processor.py:179} INFO - Processing /opt/airflow/dags/example_etl.py took 0.051 seconds
[2025-05-10T17:03:18.519+0000] {processor.py:157} INFO - Started process (PID=443) to work on /opt/airflow/dags/example_etl.py
[2025-05-10T17:03:18.520+0000] {processor.py:829} INFO - Processing file /opt/airflow/dags/example_etl.py for tasks to queue
[2025-05-10T17:03:18.520+0000] {logging_mixin.py:151} INFO - [2025-05-10T17:03:18.520+0000] {dagbag.py:539} INFO - Filling up the DagBag from /opt/airflow/dags/example_etl.py
[2025-05-10T17:03:18.529+0000] {processor.py:839} INFO - DAG(s) dict_keys(['example_etl']) retrieved from /opt/airflow/dags/example_etl.py
[2025-05-10T17:03:18.544+0000] {logging_mixin.py:151} INFO - [2025-05-10T17:03:18.544+0000] {dag.py:2915} INFO - Sync 1 DAGs
[2025-05-10T17:03:18.554+0000] {logging_mixin.py:151} INFO - [2025-05-10T17:03:18.554+0000] {dag.py:3696} INFO - Setting next_dagrun for example_etl to 2025-05-09T00:00:00+00:00, run_after=2025-05-10T00:00:00+00:00
[2025-05-10T17:03:18.566+0000] {processor.py:179} INFO - Processing /opt/airflow/dags/example_etl.py took 0.048 seconds
[2025-05-10T17:03:48.709+0000] {processor.py:157} INFO - Started process (PID=445) to work on /opt/airflow/dags/example_etl.py
[2025-05-10T17:03:48.710+0000] {processor.py:829} INFO - Processing file /opt/airflow/dags/example_etl.py for tasks to queue
[2025-05-10T17:03:48.710+0000] {logging_mixin.py:151} INFO - [2025-05-10T17:03:48.710+0000] {dagbag.py:539} INFO - Filling up the DagBag from /opt/airflow/dags/example_etl.py
[2025-05-10T17:03:48.724+0000] {processor.py:839} INFO - DAG(s) dict_keys(['example_etl']) retrieved from /opt/airflow/dags/example_etl.py
[2025-05-10T17:03:48.739+0000] {logging_mixin.py:151} INFO - [2025-05-10T17:03:48.739+0000] {dag.py:2915} INFO - Sync 1 DAGs
[2025-05-10T17:03:48.749+0000] {logging_mixin.py:151} INFO - [2025-05-10T17:03:48.749+0000] {dag.py:3696} INFO - Setting next_dagrun for example_etl to 2025-05-09T00:00:00+00:00, run_after=2025-05-10T00:00:00+00:00
[2025-05-10T17:03:48.758+0000] {processor.py:179} INFO - Processing /opt/airflow/dags/example_etl.py took 0.053 seconds
[2025-05-10T17:04:18.922+0000] {processor.py:157} INFO - Started process (PID=447) to work on /opt/airflow/dags/example_etl.py
[2025-05-10T17:04:18.924+0000] {processor.py:829} INFO - Processing file /opt/airflow/dags/example_etl.py for tasks to queue
[2025-05-10T17:04:18.925+0000] {logging_mixin.py:151} INFO - [2025-05-10T17:04:18.924+0000] {dagbag.py:539} INFO - Filling up the DagBag from /opt/airflow/dags/example_etl.py
[2025-05-10T17:04:18.943+0000] {processor.py:839} INFO - DAG(s) dict_keys(['example_etl']) retrieved from /opt/airflow/dags/example_etl.py
[2025-05-10T17:04:18.964+0000] {logging_mixin.py:151} INFO - [2025-05-10T17:04:18.964+0000] {dag.py:2915} INFO - Sync 1 DAGs
[2025-05-10T17:04:18.974+0000] {logging_mixin.py:151} INFO - [2025-05-10T17:04:18.973+0000] {dag.py:3696} INFO - Setting next_dagrun for example_etl to 2025-05-09T00:00:00+00:00, run_after=2025-05-10T00:00:00+00:00
[2025-05-10T17:04:18.988+0000] {processor.py:179} INFO - Processing /opt/airflow/dags/example_etl.py took 0.071 seconds
[2025-05-10T17:04:49.132+0000] {processor.py:157} INFO - Started process (PID=449) to work on /opt/airflow/dags/example_etl.py
[2025-05-10T17:04:49.133+0000] {processor.py:829} INFO - Processing file /opt/airflow/dags/example_etl.py for tasks to queue
[2025-05-10T17:04:49.134+0000] {logging_mixin.py:151} INFO - [2025-05-10T17:04:49.134+0000] {dagbag.py:539} INFO - Filling up the DagBag from /opt/airflow/dags/example_etl.py
[2025-05-10T17:04:49.154+0000] {processor.py:839} INFO - DAG(s) dict_keys(['example_etl']) retrieved from /opt/airflow/dags/example_etl.py
[2025-05-10T17:04:49.176+0000] {logging_mixin.py:151} INFO - [2025-05-10T17:04:49.176+0000] {dag.py:2915} INFO - Sync 1 DAGs
[2025-05-10T17:04:49.188+0000] {logging_mixin.py:151} INFO - [2025-05-10T17:04:49.187+0000] {dag.py:3696} INFO - Setting next_dagrun for example_etl to 2025-05-09T00:00:00+00:00, run_after=2025-05-10T00:00:00+00:00
[2025-05-10T17:04:49.198+0000] {processor.py:179} INFO - Processing /opt/airflow/dags/example_etl.py took 0.071 seconds
[2025-05-10T17:05:19.303+0000] {processor.py:157} INFO - Started process (PID=451) to work on /opt/airflow/dags/example_etl.py
[2025-05-10T17:05:19.303+0000] {processor.py:829} INFO - Processing file /opt/airflow/dags/example_etl.py for tasks to queue
[2025-05-10T17:05:19.304+0000] {logging_mixin.py:151} INFO - [2025-05-10T17:05:19.304+0000] {dagbag.py:539} INFO - Filling up the DagBag from /opt/airflow/dags/example_etl.py
[2025-05-10T17:05:19.314+0000] {processor.py:839} INFO - DAG(s) dict_keys(['example_etl']) retrieved from /opt/airflow/dags/example_etl.py
[2025-05-10T17:05:19.327+0000] {logging_mixin.py:151} INFO - [2025-05-10T17:05:19.326+0000] {dag.py:2915} INFO - Sync 1 DAGs
[2025-05-10T17:05:19.337+0000] {logging_mixin.py:151} INFO - [2025-05-10T17:05:19.337+0000] {dag.py:3696} INFO - Setting next_dagrun for example_etl to 2025-05-09T00:00:00+00:00, run_after=2025-05-10T00:00:00+00:00
[2025-05-10T17:05:19.347+0000] {processor.py:179} INFO - Processing /opt/airflow/dags/example_etl.py took 0.046 seconds
[2025-05-10T17:05:49.515+0000] {processor.py:157} INFO - Started process (PID=453) to work on /opt/airflow/dags/example_etl.py
[2025-05-10T17:05:49.517+0000] {processor.py:829} INFO - Processing file /opt/airflow/dags/example_etl.py for tasks to queue
[2025-05-10T17:05:49.517+0000] {logging_mixin.py:151} INFO - [2025-05-10T17:05:49.517+0000] {dagbag.py:539} INFO - Filling up the DagBag from /opt/airflow/dags/example_etl.py
[2025-05-10T17:05:49.531+0000] {processor.py:839} INFO - DAG(s) dict_keys(['example_etl']) retrieved from /opt/airflow/dags/example_etl.py
[2025-05-10T17:05:49.547+0000] {logging_mixin.py:151} INFO - [2025-05-10T17:05:49.547+0000] {dag.py:2915} INFO - Sync 1 DAGs
[2025-05-10T17:05:49.556+0000] {logging_mixin.py:151} INFO - [2025-05-10T17:05:49.556+0000] {dag.py:3696} INFO - Setting next_dagrun for example_etl to 2025-05-09T00:00:00+00:00, run_after=2025-05-10T00:00:00+00:00
[2025-05-10T17:05:49.565+0000] {processor.py:179} INFO - Processing /opt/airflow/dags/example_etl.py took 0.055 seconds
[2025-05-10T17:06:19.730+0000] {processor.py:157} INFO - Started process (PID=455) to work on /opt/airflow/dags/example_etl.py
[2025-05-10T17:06:19.731+0000] {processor.py:829} INFO - Processing file /opt/airflow/dags/example_etl.py for tasks to queue
[2025-05-10T17:06:19.732+0000] {logging_mixin.py:151} INFO - [2025-05-10T17:06:19.732+0000] {dagbag.py:539} INFO - Filling up the DagBag from /opt/airflow/dags/example_etl.py
[2025-05-10T17:06:19.750+0000] {processor.py:839} INFO - DAG(s) dict_keys(['example_etl']) retrieved from /opt/airflow/dags/example_etl.py
[2025-05-10T17:06:19.770+0000] {logging_mixin.py:151} INFO - [2025-05-10T17:06:19.770+0000] {dag.py:2915} INFO - Sync 1 DAGs
[2025-05-10T17:06:19.781+0000] {logging_mixin.py:151} INFO - [2025-05-10T17:06:19.781+0000] {dag.py:3696} INFO - Setting next_dagrun for example_etl to 2025-05-09T00:00:00+00:00, run_after=2025-05-10T00:00:00+00:00
[2025-05-10T17:06:19.789+0000] {processor.py:179} INFO - Processing /opt/airflow/dags/example_etl.py took 0.065 seconds
[2025-05-10T17:06:49.904+0000] {processor.py:157} INFO - Started process (PID=457) to work on /opt/airflow/dags/example_etl.py
[2025-05-10T17:06:49.905+0000] {processor.py:829} INFO - Processing file /opt/airflow/dags/example_etl.py for tasks to queue
[2025-05-10T17:06:49.907+0000] {logging_mixin.py:151} INFO - [2025-05-10T17:06:49.907+0000] {dagbag.py:539} INFO - Filling up the DagBag from /opt/airflow/dags/example_etl.py
[2025-05-10T17:06:49.935+0000] {processor.py:839} INFO - DAG(s) dict_keys(['example_etl']) retrieved from /opt/airflow/dags/example_etl.py
[2025-05-10T17:06:49.961+0000] {logging_mixin.py:151} INFO - [2025-05-10T17:06:49.961+0000] {dag.py:2915} INFO - Sync 1 DAGs
[2025-05-10T17:06:49.984+0000] {logging_mixin.py:151} INFO - [2025-05-10T17:06:49.984+0000] {dag.py:3696} INFO - Setting next_dagrun for example_etl to 2025-05-09T00:00:00+00:00, run_after=2025-05-10T00:00:00+00:00
[2025-05-10T17:06:50.058+0000] {processor.py:179} INFO - Processing /opt/airflow/dags/example_etl.py took 0.157 seconds
[2025-05-10T17:07:20.183+0000] {processor.py:157} INFO - Started process (PID=459) to work on /opt/airflow/dags/example_etl.py
[2025-05-10T17:07:20.184+0000] {processor.py:829} INFO - Processing file /opt/airflow/dags/example_etl.py for tasks to queue
[2025-05-10T17:07:20.185+0000] {logging_mixin.py:151} INFO - [2025-05-10T17:07:20.184+0000] {dagbag.py:539} INFO - Filling up the DagBag from /opt/airflow/dags/example_etl.py
[2025-05-10T17:07:20.196+0000] {processor.py:839} INFO - DAG(s) dict_keys(['example_etl']) retrieved from /opt/airflow/dags/example_etl.py
[2025-05-10T17:07:20.209+0000] {logging_mixin.py:151} INFO - [2025-05-10T17:07:20.209+0000] {dag.py:2915} INFO - Sync 1 DAGs
[2025-05-10T17:07:20.226+0000] {logging_mixin.py:151} INFO - [2025-05-10T17:07:20.225+0000] {dag.py:3696} INFO - Setting next_dagrun for example_etl to 2025-05-09T00:00:00+00:00, run_after=2025-05-10T00:00:00+00:00
[2025-05-10T17:07:20.247+0000] {processor.py:179} INFO - Processing /opt/airflow/dags/example_etl.py took 0.067 seconds
[2025-05-10T17:07:50.389+0000] {processor.py:157} INFO - Started process (PID=461) to work on /opt/airflow/dags/example_etl.py
[2025-05-10T17:07:50.391+0000] {processor.py:829} INFO - Processing file /opt/airflow/dags/example_etl.py for tasks to queue
[2025-05-10T17:07:50.391+0000] {logging_mixin.py:151} INFO - [2025-05-10T17:07:50.391+0000] {dagbag.py:539} INFO - Filling up the DagBag from /opt/airflow/dags/example_etl.py
[2025-05-10T17:07:50.407+0000] {processor.py:839} INFO - DAG(s) dict_keys(['example_etl']) retrieved from /opt/airflow/dags/example_etl.py
[2025-05-10T17:07:50.423+0000] {logging_mixin.py:151} INFO - [2025-05-10T17:07:50.423+0000] {dag.py:2915} INFO - Sync 1 DAGs
[2025-05-10T17:07:50.433+0000] {logging_mixin.py:151} INFO - [2025-05-10T17:07:50.433+0000] {dag.py:3696} INFO - Setting next_dagrun for example_etl to 2025-05-09T00:00:00+00:00, run_after=2025-05-10T00:00:00+00:00
[2025-05-10T17:07:50.445+0000] {processor.py:179} INFO - Processing /opt/airflow/dags/example_etl.py took 0.060 seconds
[2025-05-10T17:08:20.568+0000] {processor.py:157} INFO - Started process (PID=463) to work on /opt/airflow/dags/example_etl.py
[2025-05-10T17:08:20.569+0000] {processor.py:829} INFO - Processing file /opt/airflow/dags/example_etl.py for tasks to queue
[2025-05-10T17:08:20.569+0000] {logging_mixin.py:151} INFO - [2025-05-10T17:08:20.569+0000] {dagbag.py:539} INFO - Filling up the DagBag from /opt/airflow/dags/example_etl.py
[2025-05-10T17:08:20.576+0000] {processor.py:839} INFO - DAG(s) dict_keys(['example_etl']) retrieved from /opt/airflow/dags/example_etl.py
[2025-05-10T17:08:20.586+0000] {logging_mixin.py:151} INFO - [2025-05-10T17:08:20.586+0000] {dag.py:2915} INFO - Sync 1 DAGs
[2025-05-10T17:08:20.594+0000] {logging_mixin.py:151} INFO - [2025-05-10T17:08:20.594+0000] {dag.py:3696} INFO - Setting next_dagrun for example_etl to 2025-05-09T00:00:00+00:00, run_after=2025-05-10T00:00:00+00:00
[2025-05-10T17:08:20.603+0000] {processor.py:179} INFO - Processing /opt/airflow/dags/example_etl.py took 0.036 seconds
[2025-05-10T17:08:50.798+0000] {processor.py:157} INFO - Started process (PID=465) to work on /opt/airflow/dags/example_etl.py
[2025-05-10T17:08:50.800+0000] {processor.py:829} INFO - Processing file /opt/airflow/dags/example_etl.py for tasks to queue
[2025-05-10T17:08:50.801+0000] {logging_mixin.py:151} INFO - [2025-05-10T17:08:50.800+0000] {dagbag.py:539} INFO - Filling up the DagBag from /opt/airflow/dags/example_etl.py
[2025-05-10T17:08:50.815+0000] {processor.py:839} INFO - DAG(s) dict_keys(['example_etl']) retrieved from /opt/airflow/dags/example_etl.py
[2025-05-10T17:08:50.831+0000] {logging_mixin.py:151} INFO - [2025-05-10T17:08:50.831+0000] {dag.py:2915} INFO - Sync 1 DAGs
[2025-05-10T17:08:50.840+0000] {logging_mixin.py:151} INFO - [2025-05-10T17:08:50.840+0000] {dag.py:3696} INFO - Setting next_dagrun for example_etl to 2025-05-09T00:00:00+00:00, run_after=2025-05-10T00:00:00+00:00
[2025-05-10T17:08:50.849+0000] {processor.py:179} INFO - Processing /opt/airflow/dags/example_etl.py took 0.055 seconds
[2025-05-10T17:09:21.009+0000] {processor.py:157} INFO - Started process (PID=467) to work on /opt/airflow/dags/example_etl.py
[2025-05-10T17:09:21.010+0000] {processor.py:829} INFO - Processing file /opt/airflow/dags/example_etl.py for tasks to queue
[2025-05-10T17:09:21.011+0000] {logging_mixin.py:151} INFO - [2025-05-10T17:09:21.010+0000] {dagbag.py:539} INFO - Filling up the DagBag from /opt/airflow/dags/example_etl.py
[2025-05-10T17:09:21.023+0000] {processor.py:839} INFO - DAG(s) dict_keys(['example_etl']) retrieved from /opt/airflow/dags/example_etl.py
[2025-05-10T17:09:21.039+0000] {logging_mixin.py:151} INFO - [2025-05-10T17:09:21.039+0000] {dag.py:2915} INFO - Sync 1 DAGs
[2025-05-10T17:09:21.049+0000] {logging_mixin.py:151} INFO - [2025-05-10T17:09:21.049+0000] {dag.py:3696} INFO - Setting next_dagrun for example_etl to 2025-05-09T00:00:00+00:00, run_after=2025-05-10T00:00:00+00:00
[2025-05-10T17:09:21.058+0000] {processor.py:179} INFO - Processing /opt/airflow/dags/example_etl.py took 0.055 seconds
[2025-05-10T17:09:51.205+0000] {processor.py:157} INFO - Started process (PID=469) to work on /opt/airflow/dags/example_etl.py
[2025-05-10T17:09:51.205+0000] {processor.py:829} INFO - Processing file /opt/airflow/dags/example_etl.py for tasks to queue
[2025-05-10T17:09:51.206+0000] {logging_mixin.py:151} INFO - [2025-05-10T17:09:51.206+0000] {dagbag.py:539} INFO - Filling up the DagBag from /opt/airflow/dags/example_etl.py
[2025-05-10T17:09:51.213+0000] {processor.py:839} INFO - DAG(s) dict_keys(['example_etl']) retrieved from /opt/airflow/dags/example_etl.py
[2025-05-10T17:09:51.224+0000] {logging_mixin.py:151} INFO - [2025-05-10T17:09:51.224+0000] {dag.py:2915} INFO - Sync 1 DAGs
[2025-05-10T17:09:51.236+0000] {logging_mixin.py:151} INFO - [2025-05-10T17:09:51.236+0000] {dag.py:3696} INFO - Setting next_dagrun for example_etl to 2025-05-09T00:00:00+00:00, run_after=2025-05-10T00:00:00+00:00
[2025-05-10T17:09:51.245+0000] {processor.py:179} INFO - Processing /opt/airflow/dags/example_etl.py took 0.043 seconds
[2025-05-10T17:10:21.388+0000] {processor.py:157} INFO - Started process (PID=471) to work on /opt/airflow/dags/example_etl.py
[2025-05-10T17:10:21.389+0000] {processor.py:829} INFO - Processing file /opt/airflow/dags/example_etl.py for tasks to queue
[2025-05-10T17:10:21.389+0000] {logging_mixin.py:151} INFO - [2025-05-10T17:10:21.389+0000] {dagbag.py:539} INFO - Filling up the DagBag from /opt/airflow/dags/example_etl.py
[2025-05-10T17:10:21.396+0000] {processor.py:839} INFO - DAG(s) dict_keys(['example_etl']) retrieved from /opt/airflow/dags/example_etl.py
[2025-05-10T17:10:21.406+0000] {logging_mixin.py:151} INFO - [2025-05-10T17:10:21.406+0000] {dag.py:2915} INFO - Sync 1 DAGs
[2025-05-10T17:10:21.415+0000] {logging_mixin.py:151} INFO - [2025-05-10T17:10:21.415+0000] {dag.py:3696} INFO - Setting next_dagrun for example_etl to 2025-05-09T00:00:00+00:00, run_after=2025-05-10T00:00:00+00:00
[2025-05-10T17:10:21.424+0000] {processor.py:179} INFO - Processing /opt/airflow/dags/example_etl.py took 0.038 seconds
[2025-05-10T17:10:51.607+0000] {processor.py:157} INFO - Started process (PID=473) to work on /opt/airflow/dags/example_etl.py
[2025-05-10T17:10:51.608+0000] {processor.py:829} INFO - Processing file /opt/airflow/dags/example_etl.py for tasks to queue
[2025-05-10T17:10:51.608+0000] {logging_mixin.py:151} INFO - [2025-05-10T17:10:51.608+0000] {dagbag.py:539} INFO - Filling up the DagBag from /opt/airflow/dags/example_etl.py
[2025-05-10T17:10:51.618+0000] {processor.py:839} INFO - DAG(s) dict_keys(['example_etl']) retrieved from /opt/airflow/dags/example_etl.py
[2025-05-10T17:10:51.632+0000] {logging_mixin.py:151} INFO - [2025-05-10T17:10:51.632+0000] {dag.py:2915} INFO - Sync 1 DAGs
[2025-05-10T17:10:51.644+0000] {logging_mixin.py:151} INFO - [2025-05-10T17:10:51.643+0000] {dag.py:3696} INFO - Setting next_dagrun for example_etl to 2025-05-09T00:00:00+00:00, run_after=2025-05-10T00:00:00+00:00
[2025-05-10T17:10:51.654+0000] {processor.py:179} INFO - Processing /opt/airflow/dags/example_etl.py took 0.050 seconds
[2025-05-10T17:11:21.822+0000] {processor.py:157} INFO - Started process (PID=475) to work on /opt/airflow/dags/example_etl.py
[2025-05-10T17:11:21.822+0000] {processor.py:829} INFO - Processing file /opt/airflow/dags/example_etl.py for tasks to queue
[2025-05-10T17:11:21.823+0000] {logging_mixin.py:151} INFO - [2025-05-10T17:11:21.823+0000] {dagbag.py:539} INFO - Filling up the DagBag from /opt/airflow/dags/example_etl.py
[2025-05-10T17:11:21.832+0000] {processor.py:839} INFO - DAG(s) dict_keys(['example_etl']) retrieved from /opt/airflow/dags/example_etl.py
[2025-05-10T17:11:21.844+0000] {logging_mixin.py:151} INFO - [2025-05-10T17:11:21.844+0000] {dag.py:2915} INFO - Sync 1 DAGs
[2025-05-10T17:11:21.853+0000] {logging_mixin.py:151} INFO - [2025-05-10T17:11:21.853+0000] {dag.py:3696} INFO - Setting next_dagrun for example_etl to 2025-05-09T00:00:00+00:00, run_after=2025-05-10T00:00:00+00:00
[2025-05-10T17:11:21.862+0000] {processor.py:179} INFO - Processing /opt/airflow/dags/example_etl.py took 0.043 seconds
[2025-05-10T17:11:52.050+0000] {processor.py:157} INFO - Started process (PID=477) to work on /opt/airflow/dags/example_etl.py
[2025-05-10T17:11:52.051+0000] {processor.py:829} INFO - Processing file /opt/airflow/dags/example_etl.py for tasks to queue
[2025-05-10T17:11:52.052+0000] {logging_mixin.py:151} INFO - [2025-05-10T17:11:52.051+0000] {dagbag.py:539} INFO - Filling up the DagBag from /opt/airflow/dags/example_etl.py
[2025-05-10T17:11:52.065+0000] {processor.py:839} INFO - DAG(s) dict_keys(['example_etl']) retrieved from /opt/airflow/dags/example_etl.py
[2025-05-10T17:11:52.081+0000] {logging_mixin.py:151} INFO - [2025-05-10T17:11:52.081+0000] {dag.py:2915} INFO - Sync 1 DAGs
[2025-05-10T17:11:52.091+0000] {logging_mixin.py:151} INFO - [2025-05-10T17:11:52.091+0000] {dag.py:3696} INFO - Setting next_dagrun for example_etl to 2025-05-09T00:00:00+00:00, run_after=2025-05-10T00:00:00+00:00
[2025-05-10T17:11:52.102+0000] {processor.py:179} INFO - Processing /opt/airflow/dags/example_etl.py took 0.058 seconds
[2025-05-10T17:12:22.263+0000] {processor.py:157} INFO - Started process (PID=479) to work on /opt/airflow/dags/example_etl.py
[2025-05-10T17:12:22.264+0000] {processor.py:829} INFO - Processing file /opt/airflow/dags/example_etl.py for tasks to queue
[2025-05-10T17:12:22.265+0000] {logging_mixin.py:151} INFO - [2025-05-10T17:12:22.264+0000] {dagbag.py:539} INFO - Filling up the DagBag from /opt/airflow/dags/example_etl.py
[2025-05-10T17:12:22.278+0000] {processor.py:839} INFO - DAG(s) dict_keys(['example_etl']) retrieved from /opt/airflow/dags/example_etl.py
[2025-05-10T17:12:22.294+0000] {logging_mixin.py:151} INFO - [2025-05-10T17:12:22.294+0000] {dag.py:2915} INFO - Sync 1 DAGs
[2025-05-10T17:12:22.304+0000] {logging_mixin.py:151} INFO - [2025-05-10T17:12:22.304+0000] {dag.py:3696} INFO - Setting next_dagrun for example_etl to 2025-05-09T00:00:00+00:00, run_after=2025-05-10T00:00:00+00:00
[2025-05-10T17:12:22.313+0000] {processor.py:179} INFO - Processing /opt/airflow/dags/example_etl.py took 0.054 seconds
[2025-05-10T17:12:52.459+0000] {processor.py:157} INFO - Started process (PID=481) to work on /opt/airflow/dags/example_etl.py
[2025-05-10T17:12:52.461+0000] {processor.py:829} INFO - Processing file /opt/airflow/dags/example_etl.py for tasks to queue
[2025-05-10T17:12:52.462+0000] {logging_mixin.py:151} INFO - [2025-05-10T17:12:52.461+0000] {dagbag.py:539} INFO - Filling up the DagBag from /opt/airflow/dags/example_etl.py
[2025-05-10T17:12:52.477+0000] {processor.py:839} INFO - DAG(s) dict_keys(['example_etl']) retrieved from /opt/airflow/dags/example_etl.py
[2025-05-10T17:12:52.495+0000] {logging_mixin.py:151} INFO - [2025-05-10T17:12:52.495+0000] {dag.py:2915} INFO - Sync 1 DAGs
[2025-05-10T17:12:52.506+0000] {logging_mixin.py:151} INFO - [2025-05-10T17:12:52.506+0000] {dag.py:3696} INFO - Setting next_dagrun for example_etl to 2025-05-09T00:00:00+00:00, run_after=2025-05-10T00:00:00+00:00
[2025-05-10T17:12:52.515+0000] {processor.py:179} INFO - Processing /opt/airflow/dags/example_etl.py took 0.060 seconds
[2025-05-10T17:13:22.616+0000] {processor.py:157} INFO - Started process (PID=483) to work on /opt/airflow/dags/example_etl.py
[2025-05-10T17:13:22.616+0000] {processor.py:829} INFO - Processing file /opt/airflow/dags/example_etl.py for tasks to queue
[2025-05-10T17:13:22.617+0000] {logging_mixin.py:151} INFO - [2025-05-10T17:13:22.617+0000] {dagbag.py:539} INFO - Filling up the DagBag from /opt/airflow/dags/example_etl.py
[2025-05-10T17:13:22.631+0000] {processor.py:839} INFO - DAG(s) dict_keys(['example_etl']) retrieved from /opt/airflow/dags/example_etl.py
[2025-05-10T17:13:22.649+0000] {logging_mixin.py:151} INFO - [2025-05-10T17:13:22.649+0000] {dag.py:2915} INFO - Sync 1 DAGs
[2025-05-10T17:13:22.659+0000] {logging_mixin.py:151} INFO - [2025-05-10T17:13:22.659+0000] {dag.py:3696} INFO - Setting next_dagrun for example_etl to 2025-05-09T00:00:00+00:00, run_after=2025-05-10T00:00:00+00:00
[2025-05-10T17:13:22.669+0000] {processor.py:179} INFO - Processing /opt/airflow/dags/example_etl.py took 0.058 seconds
[2025-05-10T17:13:52.812+0000] {processor.py:157} INFO - Started process (PID=485) to work on /opt/airflow/dags/example_etl.py
[2025-05-10T17:13:52.813+0000] {processor.py:829} INFO - Processing file /opt/airflow/dags/example_etl.py for tasks to queue
[2025-05-10T17:13:52.814+0000] {logging_mixin.py:151} INFO - [2025-05-10T17:13:52.813+0000] {dagbag.py:539} INFO - Filling up the DagBag from /opt/airflow/dags/example_etl.py
[2025-05-10T17:13:52.827+0000] {processor.py:839} INFO - DAG(s) dict_keys(['example_etl']) retrieved from /opt/airflow/dags/example_etl.py
[2025-05-10T17:13:52.843+0000] {logging_mixin.py:151} INFO - [2025-05-10T17:13:52.843+0000] {dag.py:2915} INFO - Sync 1 DAGs
[2025-05-10T17:13:52.852+0000] {logging_mixin.py:151} INFO - [2025-05-10T17:13:52.852+0000] {dag.py:3696} INFO - Setting next_dagrun for example_etl to 2025-05-09T00:00:00+00:00, run_after=2025-05-10T00:00:00+00:00
[2025-05-10T17:13:52.862+0000] {processor.py:179} INFO - Processing /opt/airflow/dags/example_etl.py took 0.054 seconds
[2025-05-10T17:14:23.024+0000] {processor.py:157} INFO - Started process (PID=487) to work on /opt/airflow/dags/example_etl.py
[2025-05-10T17:14:23.025+0000] {processor.py:829} INFO - Processing file /opt/airflow/dags/example_etl.py for tasks to queue
[2025-05-10T17:14:23.026+0000] {logging_mixin.py:151} INFO - [2025-05-10T17:14:23.026+0000] {dagbag.py:539} INFO - Filling up the DagBag from /opt/airflow/dags/example_etl.py
[2025-05-10T17:14:23.044+0000] {processor.py:839} INFO - DAG(s) dict_keys(['example_etl']) retrieved from /opt/airflow/dags/example_etl.py
[2025-05-10T17:14:23.063+0000] {logging_mixin.py:151} INFO - [2025-05-10T17:14:23.063+0000] {dag.py:2915} INFO - Sync 1 DAGs
[2025-05-10T17:14:23.073+0000] {logging_mixin.py:151} INFO - [2025-05-10T17:14:23.073+0000] {dag.py:3696} INFO - Setting next_dagrun for example_etl to 2025-05-09T00:00:00+00:00, run_after=2025-05-10T00:00:00+00:00
[2025-05-10T17:14:23.083+0000] {processor.py:179} INFO - Processing /opt/airflow/dags/example_etl.py took 0.064 seconds
[2025-05-10T17:14:53.228+0000] {processor.py:157} INFO - Started process (PID=489) to work on /opt/airflow/dags/example_etl.py
[2025-05-10T17:14:53.229+0000] {processor.py:829} INFO - Processing file /opt/airflow/dags/example_etl.py for tasks to queue
[2025-05-10T17:14:53.230+0000] {logging_mixin.py:151} INFO - [2025-05-10T17:14:53.229+0000] {dagbag.py:539} INFO - Filling up the DagBag from /opt/airflow/dags/example_etl.py
[2025-05-10T17:14:53.240+0000] {processor.py:839} INFO - DAG(s) dict_keys(['example_etl']) retrieved from /opt/airflow/dags/example_etl.py
[2025-05-10T17:14:53.254+0000] {logging_mixin.py:151} INFO - [2025-05-10T17:14:53.254+0000] {dag.py:2915} INFO - Sync 1 DAGs
[2025-05-10T17:14:53.264+0000] {logging_mixin.py:151} INFO - [2025-05-10T17:14:53.264+0000] {dag.py:3696} INFO - Setting next_dagrun for example_etl to 2025-05-09T00:00:00+00:00, run_after=2025-05-10T00:00:00+00:00
[2025-05-10T17:14:53.273+0000] {processor.py:179} INFO - Processing /opt/airflow/dags/example_etl.py took 0.047 seconds
[2025-05-10T17:15:23.433+0000] {processor.py:157} INFO - Started process (PID=491) to work on /opt/airflow/dags/example_etl.py
[2025-05-10T17:15:23.434+0000] {processor.py:829} INFO - Processing file /opt/airflow/dags/example_etl.py for tasks to queue
[2025-05-10T17:15:23.434+0000] {logging_mixin.py:151} INFO - [2025-05-10T17:15:23.434+0000] {dagbag.py:539} INFO - Filling up the DagBag from /opt/airflow/dags/example_etl.py
[2025-05-10T17:15:23.447+0000] {processor.py:839} INFO - DAG(s) dict_keys(['example_etl']) retrieved from /opt/airflow/dags/example_etl.py
[2025-05-10T17:15:23.464+0000] {logging_mixin.py:151} INFO - [2025-05-10T17:15:23.464+0000] {dag.py:2915} INFO - Sync 1 DAGs
[2025-05-10T17:15:23.476+0000] {logging_mixin.py:151} INFO - [2025-05-10T17:15:23.476+0000] {dag.py:3696} INFO - Setting next_dagrun for example_etl to 2025-05-09T00:00:00+00:00, run_after=2025-05-10T00:00:00+00:00
[2025-05-10T17:15:23.487+0000] {processor.py:179} INFO - Processing /opt/airflow/dags/example_etl.py took 0.058 seconds
[2025-05-10T17:15:53.654+0000] {processor.py:157} INFO - Started process (PID=493) to work on /opt/airflow/dags/example_etl.py
[2025-05-10T17:15:53.655+0000] {processor.py:829} INFO - Processing file /opt/airflow/dags/example_etl.py for tasks to queue
[2025-05-10T17:15:53.656+0000] {logging_mixin.py:151} INFO - [2025-05-10T17:15:53.656+0000] {dagbag.py:539} INFO - Filling up the DagBag from /opt/airflow/dags/example_etl.py
[2025-05-10T17:15:53.671+0000] {processor.py:839} INFO - DAG(s) dict_keys(['example_etl']) retrieved from /opt/airflow/dags/example_etl.py
[2025-05-10T17:15:53.687+0000] {logging_mixin.py:151} INFO - [2025-05-10T17:15:53.687+0000] {dag.py:2915} INFO - Sync 1 DAGs
[2025-05-10T17:15:53.699+0000] {logging_mixin.py:151} INFO - [2025-05-10T17:15:53.699+0000] {dag.py:3696} INFO - Setting next_dagrun for example_etl to 2025-05-09T00:00:00+00:00, run_after=2025-05-10T00:00:00+00:00
[2025-05-10T17:15:53.709+0000] {processor.py:179} INFO - Processing /opt/airflow/dags/example_etl.py took 0.058 seconds
[2025-05-10T17:16:23.862+0000] {processor.py:157} INFO - Started process (PID=495) to work on /opt/airflow/dags/example_etl.py
[2025-05-10T17:16:23.863+0000] {processor.py:829} INFO - Processing file /opt/airflow/dags/example_etl.py for tasks to queue
[2025-05-10T17:16:23.864+0000] {logging_mixin.py:151} INFO - [2025-05-10T17:16:23.863+0000] {dagbag.py:539} INFO - Filling up the DagBag from /opt/airflow/dags/example_etl.py
[2025-05-10T17:16:23.878+0000] {processor.py:839} INFO - DAG(s) dict_keys(['example_etl']) retrieved from /opt/airflow/dags/example_etl.py
[2025-05-10T17:16:23.894+0000] {logging_mixin.py:151} INFO - [2025-05-10T17:16:23.894+0000] {dag.py:2915} INFO - Sync 1 DAGs
[2025-05-10T17:16:23.904+0000] {logging_mixin.py:151} INFO - [2025-05-10T17:16:23.904+0000] {dag.py:3696} INFO - Setting next_dagrun for example_etl to 2025-05-09T00:00:00+00:00, run_after=2025-05-10T00:00:00+00:00
[2025-05-10T17:16:23.913+0000] {processor.py:179} INFO - Processing /opt/airflow/dags/example_etl.py took 0.055 seconds
[2025-05-10T17:16:54.077+0000] {processor.py:157} INFO - Started process (PID=497) to work on /opt/airflow/dags/example_etl.py
[2025-05-10T17:16:54.078+0000] {processor.py:829} INFO - Processing file /opt/airflow/dags/example_etl.py for tasks to queue
[2025-05-10T17:16:54.079+0000] {logging_mixin.py:151} INFO - [2025-05-10T17:16:54.078+0000] {dagbag.py:539} INFO - Filling up the DagBag from /opt/airflow/dags/example_etl.py
[2025-05-10T17:16:54.095+0000] {processor.py:839} INFO - DAG(s) dict_keys(['example_etl']) retrieved from /opt/airflow/dags/example_etl.py
[2025-05-10T17:16:54.112+0000] {logging_mixin.py:151} INFO - [2025-05-10T17:16:54.112+0000] {dag.py:2915} INFO - Sync 1 DAGs
[2025-05-10T17:16:54.127+0000] {logging_mixin.py:151} INFO - [2025-05-10T17:16:54.127+0000] {dag.py:3696} INFO - Setting next_dagrun for example_etl to 2025-05-09T00:00:00+00:00, run_after=2025-05-10T00:00:00+00:00
[2025-05-10T17:16:54.150+0000] {processor.py:179} INFO - Processing /opt/airflow/dags/example_etl.py took 0.076 seconds
[2025-05-10T17:17:24.290+0000] {processor.py:157} INFO - Started process (PID=499) to work on /opt/airflow/dags/example_etl.py
[2025-05-10T17:17:24.291+0000] {processor.py:829} INFO - Processing file /opt/airflow/dags/example_etl.py for tasks to queue
[2025-05-10T17:17:24.293+0000] {logging_mixin.py:151} INFO - [2025-05-10T17:17:24.292+0000] {dagbag.py:539} INFO - Filling up the DagBag from /opt/airflow/dags/example_etl.py
[2025-05-10T17:17:24.311+0000] {processor.py:839} INFO - DAG(s) dict_keys(['example_etl']) retrieved from /opt/airflow/dags/example_etl.py
[2025-05-10T17:17:24.330+0000] {logging_mixin.py:151} INFO - [2025-05-10T17:17:24.329+0000] {dag.py:2915} INFO - Sync 1 DAGs
[2025-05-10T17:17:24.339+0000] {logging_mixin.py:151} INFO - [2025-05-10T17:17:24.339+0000] {dag.py:3696} INFO - Setting next_dagrun for example_etl to 2025-05-09T00:00:00+00:00, run_after=2025-05-10T00:00:00+00:00
[2025-05-10T17:17:24.348+0000] {processor.py:179} INFO - Processing /opt/airflow/dags/example_etl.py took 0.063 seconds
[2025-05-10T17:17:54.503+0000] {processor.py:157} INFO - Started process (PID=501) to work on /opt/airflow/dags/example_etl.py
[2025-05-10T17:17:54.504+0000] {processor.py:829} INFO - Processing file /opt/airflow/dags/example_etl.py for tasks to queue
[2025-05-10T17:17:54.505+0000] {logging_mixin.py:151} INFO - [2025-05-10T17:17:54.504+0000] {dagbag.py:539} INFO - Filling up the DagBag from /opt/airflow/dags/example_etl.py
[2025-05-10T17:17:54.517+0000] {processor.py:839} INFO - DAG(s) dict_keys(['example_etl']) retrieved from /opt/airflow/dags/example_etl.py
[2025-05-10T17:17:54.533+0000] {logging_mixin.py:151} INFO - [2025-05-10T17:17:54.533+0000] {dag.py:2915} INFO - Sync 1 DAGs
[2025-05-10T17:17:54.543+0000] {logging_mixin.py:151} INFO - [2025-05-10T17:17:54.543+0000] {dag.py:3696} INFO - Setting next_dagrun for example_etl to 2025-05-09T00:00:00+00:00, run_after=2025-05-10T00:00:00+00:00
[2025-05-10T17:17:54.552+0000] {processor.py:179} INFO - Processing /opt/airflow/dags/example_etl.py took 0.053 seconds
[2025-05-10T17:18:24.723+0000] {processor.py:157} INFO - Started process (PID=503) to work on /opt/airflow/dags/example_etl.py
[2025-05-10T17:18:24.724+0000] {processor.py:829} INFO - Processing file /opt/airflow/dags/example_etl.py for tasks to queue
[2025-05-10T17:18:24.725+0000] {logging_mixin.py:151} INFO - [2025-05-10T17:18:24.725+0000] {dagbag.py:539} INFO - Filling up the DagBag from /opt/airflow/dags/example_etl.py
[2025-05-10T17:18:24.736+0000] {processor.py:839} INFO - DAG(s) dict_keys(['example_etl']) retrieved from /opt/airflow/dags/example_etl.py
[2025-05-10T17:18:24.750+0000] {logging_mixin.py:151} INFO - [2025-05-10T17:18:24.750+0000] {dag.py:2915} INFO - Sync 1 DAGs
[2025-05-10T17:18:24.760+0000] {logging_mixin.py:151} INFO - [2025-05-10T17:18:24.760+0000] {dag.py:3696} INFO - Setting next_dagrun for example_etl to 2025-05-09T00:00:00+00:00, run_after=2025-05-10T00:00:00+00:00
[2025-05-10T17:18:24.771+0000] {processor.py:179} INFO - Processing /opt/airflow/dags/example_etl.py took 0.051 seconds
[2025-05-10T17:18:54.942+0000] {processor.py:157} INFO - Started process (PID=505) to work on /opt/airflow/dags/example_etl.py
[2025-05-10T17:18:54.943+0000] {processor.py:829} INFO - Processing file /opt/airflow/dags/example_etl.py for tasks to queue
[2025-05-10T17:18:54.944+0000] {logging_mixin.py:151} INFO - [2025-05-10T17:18:54.944+0000] {dagbag.py:539} INFO - Filling up the DagBag from /opt/airflow/dags/example_etl.py
[2025-05-10T17:18:54.957+0000] {processor.py:839} INFO - DAG(s) dict_keys(['example_etl']) retrieved from /opt/airflow/dags/example_etl.py
[2025-05-10T17:18:54.974+0000] {logging_mixin.py:151} INFO - [2025-05-10T17:18:54.973+0000] {dag.py:2915} INFO - Sync 1 DAGs
[2025-05-10T17:18:54.984+0000] {logging_mixin.py:151} INFO - [2025-05-10T17:18:54.984+0000] {dag.py:3696} INFO - Setting next_dagrun for example_etl to 2025-05-09T00:00:00+00:00, run_after=2025-05-10T00:00:00+00:00
[2025-05-10T17:18:54.996+0000] {processor.py:179} INFO - Processing /opt/airflow/dags/example_etl.py took 0.058 seconds
[2025-05-10T17:19:25.137+0000] {processor.py:157} INFO - Started process (PID=507) to work on /opt/airflow/dags/example_etl.py
[2025-05-10T17:19:25.138+0000] {processor.py:829} INFO - Processing file /opt/airflow/dags/example_etl.py for tasks to queue
[2025-05-10T17:19:25.140+0000] {logging_mixin.py:151} INFO - [2025-05-10T17:19:25.139+0000] {dagbag.py:539} INFO - Filling up the DagBag from /opt/airflow/dags/example_etl.py
[2025-05-10T17:19:25.157+0000] {processor.py:839} INFO - DAG(s) dict_keys(['example_etl']) retrieved from /opt/airflow/dags/example_etl.py
[2025-05-10T17:19:25.174+0000] {logging_mixin.py:151} INFO - [2025-05-10T17:19:25.174+0000] {dag.py:2915} INFO - Sync 1 DAGs
[2025-05-10T17:19:25.186+0000] {logging_mixin.py:151} INFO - [2025-05-10T17:19:25.186+0000] {dag.py:3696} INFO - Setting next_dagrun for example_etl to 2025-05-09T00:00:00+00:00, run_after=2025-05-10T00:00:00+00:00
[2025-05-10T17:19:25.197+0000] {processor.py:179} INFO - Processing /opt/airflow/dags/example_etl.py took 0.064 seconds
[2025-05-10T17:19:55.317+0000] {processor.py:157} INFO - Started process (PID=509) to work on /opt/airflow/dags/example_etl.py
[2025-05-10T17:19:55.318+0000] {processor.py:829} INFO - Processing file /opt/airflow/dags/example_etl.py for tasks to queue
[2025-05-10T17:19:55.318+0000] {logging_mixin.py:151} INFO - [2025-05-10T17:19:55.318+0000] {dagbag.py:539} INFO - Filling up the DagBag from /opt/airflow/dags/example_etl.py
[2025-05-10T17:19:55.330+0000] {processor.py:839} INFO - DAG(s) dict_keys(['example_etl']) retrieved from /opt/airflow/dags/example_etl.py
[2025-05-10T17:19:55.344+0000] {logging_mixin.py:151} INFO - [2025-05-10T17:19:55.344+0000] {dag.py:2915} INFO - Sync 1 DAGs
[2025-05-10T17:19:55.353+0000] {logging_mixin.py:151} INFO - [2025-05-10T17:19:55.353+0000] {dag.py:3696} INFO - Setting next_dagrun for example_etl to 2025-05-09T00:00:00+00:00, run_after=2025-05-10T00:00:00+00:00
[2025-05-10T17:19:55.361+0000] {processor.py:179} INFO - Processing /opt/airflow/dags/example_etl.py took 0.047 seconds
[2025-05-10T17:20:25.526+0000] {processor.py:157} INFO - Started process (PID=511) to work on /opt/airflow/dags/example_etl.py
[2025-05-10T17:20:25.526+0000] {processor.py:829} INFO - Processing file /opt/airflow/dags/example_etl.py for tasks to queue
[2025-05-10T17:20:25.527+0000] {logging_mixin.py:151} INFO - [2025-05-10T17:20:25.527+0000] {dagbag.py:539} INFO - Filling up the DagBag from /opt/airflow/dags/example_etl.py
[2025-05-10T17:20:25.534+0000] {processor.py:839} INFO - DAG(s) dict_keys(['example_etl']) retrieved from /opt/airflow/dags/example_etl.py
[2025-05-10T17:20:25.550+0000] {logging_mixin.py:151} INFO - [2025-05-10T17:20:25.550+0000] {dag.py:2915} INFO - Sync 1 DAGs
[2025-05-10T17:20:25.564+0000] {logging_mixin.py:151} INFO - [2025-05-10T17:20:25.564+0000] {dag.py:3696} INFO - Setting next_dagrun for example_etl to 2025-05-09T00:00:00+00:00, run_after=2025-05-10T00:00:00+00:00
[2025-05-10T17:20:25.578+0000] {processor.py:179} INFO - Processing /opt/airflow/dags/example_etl.py took 0.054 seconds
[2025-05-10T17:20:55.763+0000] {processor.py:157} INFO - Started process (PID=513) to work on /opt/airflow/dags/example_etl.py
[2025-05-10T17:20:55.764+0000] {processor.py:829} INFO - Processing file /opt/airflow/dags/example_etl.py for tasks to queue
[2025-05-10T17:20:55.766+0000] {logging_mixin.py:151} INFO - [2025-05-10T17:20:55.765+0000] {dagbag.py:539} INFO - Filling up the DagBag from /opt/airflow/dags/example_etl.py
[2025-05-10T17:20:55.783+0000] {processor.py:839} INFO - DAG(s) dict_keys(['example_etl']) retrieved from /opt/airflow/dags/example_etl.py
[2025-05-10T17:20:55.811+0000] {logging_mixin.py:151} INFO - [2025-05-10T17:20:55.811+0000] {dag.py:2915} INFO - Sync 1 DAGs
[2025-05-10T17:20:55.824+0000] {logging_mixin.py:151} INFO - [2025-05-10T17:20:55.824+0000] {dag.py:3696} INFO - Setting next_dagrun for example_etl to 2025-05-09T00:00:00+00:00, run_after=2025-05-10T00:00:00+00:00
[2025-05-10T17:20:55.836+0000] {processor.py:179} INFO - Processing /opt/airflow/dags/example_etl.py took 0.080 seconds
[2025-05-10T17:21:25.980+0000] {processor.py:157} INFO - Started process (PID=515) to work on /opt/airflow/dags/example_etl.py
[2025-05-10T17:21:25.981+0000] {processor.py:829} INFO - Processing file /opt/airflow/dags/example_etl.py for tasks to queue
[2025-05-10T17:21:25.982+0000] {logging_mixin.py:151} INFO - [2025-05-10T17:21:25.981+0000] {dagbag.py:539} INFO - Filling up the DagBag from /opt/airflow/dags/example_etl.py
[2025-05-10T17:21:25.999+0000] {processor.py:839} INFO - DAG(s) dict_keys(['example_etl']) retrieved from /opt/airflow/dags/example_etl.py
[2025-05-10T17:21:26.015+0000] {logging_mixin.py:151} INFO - [2025-05-10T17:21:26.015+0000] {dag.py:2915} INFO - Sync 1 DAGs
[2025-05-10T17:21:26.026+0000] {logging_mixin.py:151} INFO - [2025-05-10T17:21:26.026+0000] {dag.py:3696} INFO - Setting next_dagrun for example_etl to 2025-05-09T00:00:00+00:00, run_after=2025-05-10T00:00:00+00:00
[2025-05-10T17:21:26.038+0000] {processor.py:179} INFO - Processing /opt/airflow/dags/example_etl.py took 0.063 seconds
[2025-05-10T17:21:56.190+0000] {processor.py:157} INFO - Started process (PID=517) to work on /opt/airflow/dags/example_etl.py
[2025-05-10T17:21:56.191+0000] {processor.py:829} INFO - Processing file /opt/airflow/dags/example_etl.py for tasks to queue
[2025-05-10T17:21:56.192+0000] {logging_mixin.py:151} INFO - [2025-05-10T17:21:56.192+0000] {dagbag.py:539} INFO - Filling up the DagBag from /opt/airflow/dags/example_etl.py
[2025-05-10T17:21:56.203+0000] {processor.py:839} INFO - DAG(s) dict_keys(['example_etl']) retrieved from /opt/airflow/dags/example_etl.py
[2025-05-10T17:21:56.218+0000] {logging_mixin.py:151} INFO - [2025-05-10T17:21:56.218+0000] {dag.py:2915} INFO - Sync 1 DAGs
[2025-05-10T17:21:56.228+0000] {logging_mixin.py:151} INFO - [2025-05-10T17:21:56.228+0000] {dag.py:3696} INFO - Setting next_dagrun for example_etl to 2025-05-09T00:00:00+00:00, run_after=2025-05-10T00:00:00+00:00
[2025-05-10T17:21:56.237+0000] {processor.py:179} INFO - Processing /opt/airflow/dags/example_etl.py took 0.053 seconds
[2025-05-10T17:22:26.384+0000] {processor.py:157} INFO - Started process (PID=519) to work on /opt/airflow/dags/example_etl.py
[2025-05-10T17:22:26.385+0000] {processor.py:829} INFO - Processing file /opt/airflow/dags/example_etl.py for tasks to queue
[2025-05-10T17:22:26.386+0000] {logging_mixin.py:151} INFO - [2025-05-10T17:22:26.386+0000] {dagbag.py:539} INFO - Filling up the DagBag from /opt/airflow/dags/example_etl.py
[2025-05-10T17:22:26.394+0000] {processor.py:839} INFO - DAG(s) dict_keys(['example_etl']) retrieved from /opt/airflow/dags/example_etl.py
[2025-05-10T17:22:26.407+0000] {logging_mixin.py:151} INFO - [2025-05-10T17:22:26.407+0000] {dag.py:2915} INFO - Sync 1 DAGs
[2025-05-10T17:22:26.417+0000] {logging_mixin.py:151} INFO - [2025-05-10T17:22:26.417+0000] {dag.py:3696} INFO - Setting next_dagrun for example_etl to 2025-05-09T00:00:00+00:00, run_after=2025-05-10T00:00:00+00:00
[2025-05-10T17:22:26.426+0000] {processor.py:179} INFO - Processing /opt/airflow/dags/example_etl.py took 0.044 seconds
[2025-05-10T17:22:56.583+0000] {processor.py:157} INFO - Started process (PID=521) to work on /opt/airflow/dags/example_etl.py
[2025-05-10T17:22:56.584+0000] {processor.py:829} INFO - Processing file /opt/airflow/dags/example_etl.py for tasks to queue
[2025-05-10T17:22:56.585+0000] {logging_mixin.py:151} INFO - [2025-05-10T17:22:56.585+0000] {dagbag.py:539} INFO - Filling up the DagBag from /opt/airflow/dags/example_etl.py
[2025-05-10T17:22:56.603+0000] {processor.py:839} INFO - DAG(s) dict_keys(['example_etl']) retrieved from /opt/airflow/dags/example_etl.py
[2025-05-10T17:22:56.623+0000] {logging_mixin.py:151} INFO - [2025-05-10T17:22:56.623+0000] {dag.py:2915} INFO - Sync 1 DAGs
[2025-05-10T17:22:56.640+0000] {logging_mixin.py:151} INFO - [2025-05-10T17:22:56.640+0000] {dag.py:3696} INFO - Setting next_dagrun for example_etl to 2025-05-09T00:00:00+00:00, run_after=2025-05-10T00:00:00+00:00
[2025-05-10T17:22:56.700+0000] {processor.py:179} INFO - Processing /opt/airflow/dags/example_etl.py took 0.121 seconds
[2025-05-10T17:23:26.892+0000] {processor.py:157} INFO - Started process (PID=523) to work on /opt/airflow/dags/example_etl.py
[2025-05-10T17:23:26.893+0000] {processor.py:829} INFO - Processing file /opt/airflow/dags/example_etl.py for tasks to queue
[2025-05-10T17:23:26.893+0000] {logging_mixin.py:151} INFO - [2025-05-10T17:23:26.893+0000] {dagbag.py:539} INFO - Filling up the DagBag from /opt/airflow/dags/example_etl.py
[2025-05-10T17:23:26.908+0000] {processor.py:839} INFO - DAG(s) dict_keys(['example_etl']) retrieved from /opt/airflow/dags/example_etl.py
[2025-05-10T17:23:26.924+0000] {logging_mixin.py:151} INFO - [2025-05-10T17:23:26.924+0000] {dag.py:2915} INFO - Sync 1 DAGs
[2025-05-10T17:23:26.935+0000] {logging_mixin.py:151} INFO - [2025-05-10T17:23:26.935+0000] {dag.py:3696} INFO - Setting next_dagrun for example_etl to 2025-05-09T00:00:00+00:00, run_after=2025-05-10T00:00:00+00:00
[2025-05-10T17:23:26.943+0000] {processor.py:179} INFO - Processing /opt/airflow/dags/example_etl.py took 0.057 seconds
[2025-05-10T17:23:57.053+0000] {processor.py:157} INFO - Started process (PID=525) to work on /opt/airflow/dags/example_etl.py
[2025-05-10T17:23:57.054+0000] {processor.py:829} INFO - Processing file /opt/airflow/dags/example_etl.py for tasks to queue
[2025-05-10T17:23:57.054+0000] {logging_mixin.py:151} INFO - [2025-05-10T17:23:57.054+0000] {dagbag.py:539} INFO - Filling up the DagBag from /opt/airflow/dags/example_etl.py
[2025-05-10T17:23:57.067+0000] {processor.py:839} INFO - DAG(s) dict_keys(['example_etl']) retrieved from /opt/airflow/dags/example_etl.py
[2025-05-10T17:23:57.083+0000] {logging_mixin.py:151} INFO - [2025-05-10T17:23:57.083+0000] {dag.py:2915} INFO - Sync 1 DAGs
[2025-05-10T17:23:57.092+0000] {logging_mixin.py:151} INFO - [2025-05-10T17:23:57.092+0000] {dag.py:3696} INFO - Setting next_dagrun for example_etl to 2025-05-09T00:00:00+00:00, run_after=2025-05-10T00:00:00+00:00
[2025-05-10T17:23:57.102+0000] {processor.py:179} INFO - Processing /opt/airflow/dags/example_etl.py took 0.054 seconds
[2025-05-10T17:24:27.244+0000] {processor.py:157} INFO - Started process (PID=527) to work on /opt/airflow/dags/example_etl.py
[2025-05-10T17:24:27.245+0000] {processor.py:829} INFO - Processing file /opt/airflow/dags/example_etl.py for tasks to queue
[2025-05-10T17:24:27.246+0000] {logging_mixin.py:151} INFO - [2025-05-10T17:24:27.245+0000] {dagbag.py:539} INFO - Filling up the DagBag from /opt/airflow/dags/example_etl.py
[2025-05-10T17:24:27.255+0000] {processor.py:839} INFO - DAG(s) dict_keys(['example_etl']) retrieved from /opt/airflow/dags/example_etl.py
[2025-05-10T17:24:27.268+0000] {logging_mixin.py:151} INFO - [2025-05-10T17:24:27.268+0000] {dag.py:2915} INFO - Sync 1 DAGs
[2025-05-10T17:24:27.277+0000] {logging_mixin.py:151} INFO - [2025-05-10T17:24:27.277+0000] {dag.py:3696} INFO - Setting next_dagrun for example_etl to 2025-05-09T00:00:00+00:00, run_after=2025-05-10T00:00:00+00:00
[2025-05-10T17:24:27.286+0000] {processor.py:179} INFO - Processing /opt/airflow/dags/example_etl.py took 0.044 seconds
[2025-05-10T17:24:57.424+0000] {processor.py:157} INFO - Started process (PID=529) to work on /opt/airflow/dags/example_etl.py
[2025-05-10T17:24:57.425+0000] {processor.py:829} INFO - Processing file /opt/airflow/dags/example_etl.py for tasks to queue
[2025-05-10T17:24:57.425+0000] {logging_mixin.py:151} INFO - [2025-05-10T17:24:57.425+0000] {dagbag.py:539} INFO - Filling up the DagBag from /opt/airflow/dags/example_etl.py
[2025-05-10T17:24:57.433+0000] {processor.py:839} INFO - DAG(s) dict_keys(['example_etl']) retrieved from /opt/airflow/dags/example_etl.py
[2025-05-10T17:24:57.446+0000] {logging_mixin.py:151} INFO - [2025-05-10T17:24:57.446+0000] {dag.py:2915} INFO - Sync 1 DAGs
[2025-05-10T17:24:57.456+0000] {logging_mixin.py:151} INFO - [2025-05-10T17:24:57.456+0000] {dag.py:3696} INFO - Setting next_dagrun for example_etl to 2025-05-09T00:00:00+00:00, run_after=2025-05-10T00:00:00+00:00
[2025-05-10T17:24:57.467+0000] {processor.py:179} INFO - Processing /opt/airflow/dags/example_etl.py took 0.045 seconds
[2025-05-10T17:25:27.648+0000] {processor.py:157} INFO - Started process (PID=531) to work on /opt/airflow/dags/example_etl.py
[2025-05-10T17:25:27.650+0000] {processor.py:829} INFO - Processing file /opt/airflow/dags/example_etl.py for tasks to queue
[2025-05-10T17:25:27.650+0000] {logging_mixin.py:151} INFO - [2025-05-10T17:25:27.650+0000] {dagbag.py:539} INFO - Filling up the DagBag from /opt/airflow/dags/example_etl.py
[2025-05-10T17:25:27.671+0000] {processor.py:839} INFO - DAG(s) dict_keys(['example_etl']) retrieved from /opt/airflow/dags/example_etl.py
[2025-05-10T17:25:27.686+0000] {logging_mixin.py:151} INFO - [2025-05-10T17:25:27.686+0000] {dag.py:2915} INFO - Sync 1 DAGs
[2025-05-10T17:25:27.696+0000] {logging_mixin.py:151} INFO - [2025-05-10T17:25:27.696+0000] {dag.py:3696} INFO - Setting next_dagrun for example_etl to 2025-05-09T00:00:00+00:00, run_after=2025-05-10T00:00:00+00:00
[2025-05-10T17:25:27.704+0000] {processor.py:179} INFO - Processing /opt/airflow/dags/example_etl.py took 0.060 seconds
[2025-05-10T17:25:57.833+0000] {processor.py:157} INFO - Started process (PID=533) to work on /opt/airflow/dags/example_etl.py
[2025-05-10T17:25:57.833+0000] {processor.py:829} INFO - Processing file /opt/airflow/dags/example_etl.py for tasks to queue
[2025-05-10T17:25:57.834+0000] {logging_mixin.py:151} INFO - [2025-05-10T17:25:57.834+0000] {dagbag.py:539} INFO - Filling up the DagBag from /opt/airflow/dags/example_etl.py
[2025-05-10T17:25:57.844+0000] {processor.py:839} INFO - DAG(s) dict_keys(['example_etl']) retrieved from /opt/airflow/dags/example_etl.py
[2025-05-10T17:25:57.859+0000] {logging_mixin.py:151} INFO - [2025-05-10T17:25:57.859+0000] {dag.py:2915} INFO - Sync 1 DAGs
[2025-05-10T17:25:57.870+0000] {logging_mixin.py:151} INFO - [2025-05-10T17:25:57.870+0000] {dag.py:3696} INFO - Setting next_dagrun for example_etl to 2025-05-09T00:00:00+00:00, run_after=2025-05-10T00:00:00+00:00
[2025-05-10T17:25:57.881+0000] {processor.py:179} INFO - Processing /opt/airflow/dags/example_etl.py took 0.051 seconds
[2025-05-10T17:26:28.043+0000] {processor.py:157} INFO - Started process (PID=535) to work on /opt/airflow/dags/example_etl.py
[2025-05-10T17:26:28.044+0000] {processor.py:829} INFO - Processing file /opt/airflow/dags/example_etl.py for tasks to queue
[2025-05-10T17:26:28.044+0000] {logging_mixin.py:151} INFO - [2025-05-10T17:26:28.044+0000] {dagbag.py:539} INFO - Filling up the DagBag from /opt/airflow/dags/example_etl.py
[2025-05-10T17:26:28.056+0000] {processor.py:839} INFO - DAG(s) dict_keys(['example_etl']) retrieved from /opt/airflow/dags/example_etl.py
[2025-05-10T17:26:28.073+0000] {logging_mixin.py:151} INFO - [2025-05-10T17:26:28.073+0000] {dag.py:2915} INFO - Sync 1 DAGs
[2025-05-10T17:26:28.084+0000] {logging_mixin.py:151} INFO - [2025-05-10T17:26:28.084+0000] {dag.py:3696} INFO - Setting next_dagrun for example_etl to 2025-05-09T00:00:00+00:00, run_after=2025-05-10T00:00:00+00:00
[2025-05-10T17:26:28.094+0000] {processor.py:179} INFO - Processing /opt/airflow/dags/example_etl.py took 0.054 seconds
[2025-05-10T17:26:58.242+0000] {processor.py:157} INFO - Started process (PID=537) to work on /opt/airflow/dags/example_etl.py
[2025-05-10T17:26:58.243+0000] {processor.py:829} INFO - Processing file /opt/airflow/dags/example_etl.py for tasks to queue
[2025-05-10T17:26:58.244+0000] {logging_mixin.py:151} INFO - [2025-05-10T17:26:58.243+0000] {dagbag.py:539} INFO - Filling up the DagBag from /opt/airflow/dags/example_etl.py
[2025-05-10T17:26:58.256+0000] {processor.py:839} INFO - DAG(s) dict_keys(['example_etl']) retrieved from /opt/airflow/dags/example_etl.py
[2025-05-10T17:26:58.273+0000] {logging_mixin.py:151} INFO - [2025-05-10T17:26:58.272+0000] {dag.py:2915} INFO - Sync 1 DAGs
[2025-05-10T17:26:58.282+0000] {logging_mixin.py:151} INFO - [2025-05-10T17:26:58.282+0000] {dag.py:3696} INFO - Setting next_dagrun for example_etl to 2025-05-09T00:00:00+00:00, run_after=2025-05-10T00:00:00+00:00
[2025-05-10T17:26:58.292+0000] {processor.py:179} INFO - Processing /opt/airflow/dags/example_etl.py took 0.054 seconds
[2025-05-10T17:27:28.447+0000] {processor.py:157} INFO - Started process (PID=539) to work on /opt/airflow/dags/example_etl.py
[2025-05-10T17:27:28.448+0000] {processor.py:829} INFO - Processing file /opt/airflow/dags/example_etl.py for tasks to queue
[2025-05-10T17:27:28.451+0000] {logging_mixin.py:151} INFO - [2025-05-10T17:27:28.450+0000] {dagbag.py:539} INFO - Filling up the DagBag from /opt/airflow/dags/example_etl.py
[2025-05-10T17:27:28.466+0000] {processor.py:839} INFO - DAG(s) dict_keys(['example_etl']) retrieved from /opt/airflow/dags/example_etl.py
[2025-05-10T17:27:28.483+0000] {logging_mixin.py:151} INFO - [2025-05-10T17:27:28.483+0000] {dag.py:2915} INFO - Sync 1 DAGs
[2025-05-10T17:27:28.497+0000] {logging_mixin.py:151} INFO - [2025-05-10T17:27:28.497+0000] {dag.py:3696} INFO - Setting next_dagrun for example_etl to 2025-05-09T00:00:00+00:00, run_after=2025-05-10T00:00:00+00:00
[2025-05-10T17:27:28.508+0000] {processor.py:179} INFO - Processing /opt/airflow/dags/example_etl.py took 0.067 seconds
[2025-05-10T17:27:58.643+0000] {processor.py:157} INFO - Started process (PID=541) to work on /opt/airflow/dags/example_etl.py
[2025-05-10T17:27:58.644+0000] {processor.py:829} INFO - Processing file /opt/airflow/dags/example_etl.py for tasks to queue
[2025-05-10T17:27:58.645+0000] {logging_mixin.py:151} INFO - [2025-05-10T17:27:58.645+0000] {dagbag.py:539} INFO - Filling up the DagBag from /opt/airflow/dags/example_etl.py
[2025-05-10T17:27:58.668+0000] {processor.py:839} INFO - DAG(s) dict_keys(['example_etl']) retrieved from /opt/airflow/dags/example_etl.py
[2025-05-10T17:27:58.726+0000] {logging_mixin.py:151} INFO - [2025-05-10T17:27:58.726+0000] {dag.py:2915} INFO - Sync 1 DAGs
[2025-05-10T17:27:58.758+0000] {logging_mixin.py:151} INFO - [2025-05-10T17:27:58.757+0000] {dag.py:3696} INFO - Setting next_dagrun for example_etl to 2025-05-09T00:00:00+00:00, run_after=2025-05-10T00:00:00+00:00
[2025-05-10T17:27:58.778+0000] {processor.py:179} INFO - Processing /opt/airflow/dags/example_etl.py took 0.137 seconds
[2025-05-10T17:28:28.969+0000] {processor.py:157} INFO - Started process (PID=543) to work on /opt/airflow/dags/example_etl.py
[2025-05-10T17:28:28.970+0000] {processor.py:829} INFO - Processing file /opt/airflow/dags/example_etl.py for tasks to queue
[2025-05-10T17:28:28.972+0000] {logging_mixin.py:151} INFO - [2025-05-10T17:28:28.971+0000] {dagbag.py:539} INFO - Filling up the DagBag from /opt/airflow/dags/example_etl.py
[2025-05-10T17:28:28.990+0000] {processor.py:839} INFO - DAG(s) dict_keys(['example_etl']) retrieved from /opt/airflow/dags/example_etl.py
[2025-05-10T17:28:29.007+0000] {logging_mixin.py:151} INFO - [2025-05-10T17:28:29.007+0000] {dag.py:2915} INFO - Sync 1 DAGs
[2025-05-10T17:28:29.018+0000] {logging_mixin.py:151} INFO - [2025-05-10T17:28:29.018+0000] {dag.py:3696} INFO - Setting next_dagrun for example_etl to 2025-05-09T00:00:00+00:00, run_after=2025-05-10T00:00:00+00:00
[2025-05-10T17:28:29.028+0000] {processor.py:179} INFO - Processing /opt/airflow/dags/example_etl.py took 0.063 seconds
[2025-05-10T17:28:59.172+0000] {processor.py:157} INFO - Started process (PID=545) to work on /opt/airflow/dags/example_etl.py
[2025-05-10T17:28:59.173+0000] {processor.py:829} INFO - Processing file /opt/airflow/dags/example_etl.py for tasks to queue
[2025-05-10T17:28:59.174+0000] {logging_mixin.py:151} INFO - [2025-05-10T17:28:59.174+0000] {dagbag.py:539} INFO - Filling up the DagBag from /opt/airflow/dags/example_etl.py
[2025-05-10T17:28:59.190+0000] {processor.py:839} INFO - DAG(s) dict_keys(['example_etl']) retrieved from /opt/airflow/dags/example_etl.py
[2025-05-10T17:28:59.208+0000] {logging_mixin.py:151} INFO - [2025-05-10T17:28:59.208+0000] {dag.py:2915} INFO - Sync 1 DAGs
[2025-05-10T17:28:59.218+0000] {logging_mixin.py:151} INFO - [2025-05-10T17:28:59.218+0000] {dag.py:3696} INFO - Setting next_dagrun for example_etl to 2025-05-09T00:00:00+00:00, run_after=2025-05-10T00:00:00+00:00
[2025-05-10T17:28:59.228+0000] {processor.py:179} INFO - Processing /opt/airflow/dags/example_etl.py took 0.061 seconds
[2025-05-10T17:29:29.340+0000] {processor.py:157} INFO - Started process (PID=547) to work on /opt/airflow/dags/example_etl.py
[2025-05-10T17:29:29.341+0000] {processor.py:829} INFO - Processing file /opt/airflow/dags/example_etl.py for tasks to queue
[2025-05-10T17:29:29.341+0000] {logging_mixin.py:151} INFO - [2025-05-10T17:29:29.341+0000] {dagbag.py:539} INFO - Filling up the DagBag from /opt/airflow/dags/example_etl.py
[2025-05-10T17:29:29.349+0000] {processor.py:839} INFO - DAG(s) dict_keys(['example_etl']) retrieved from /opt/airflow/dags/example_etl.py
[2025-05-10T17:29:29.366+0000] {logging_mixin.py:151} INFO - [2025-05-10T17:29:29.366+0000] {dag.py:2915} INFO - Sync 1 DAGs
[2025-05-10T17:29:29.376+0000] {logging_mixin.py:151} INFO - [2025-05-10T17:29:29.376+0000] {dag.py:3696} INFO - Setting next_dagrun for example_etl to 2025-05-09T00:00:00+00:00, run_after=2025-05-10T00:00:00+00:00
[2025-05-10T17:29:29.385+0000] {processor.py:179} INFO - Processing /opt/airflow/dags/example_etl.py took 0.047 seconds
[2025-05-10T17:29:59.506+0000] {processor.py:157} INFO - Started process (PID=549) to work on /opt/airflow/dags/example_etl.py
[2025-05-10T17:29:59.507+0000] {processor.py:829} INFO - Processing file /opt/airflow/dags/example_etl.py for tasks to queue
[2025-05-10T17:29:59.507+0000] {logging_mixin.py:151} INFO - [2025-05-10T17:29:59.507+0000] {dagbag.py:539} INFO - Filling up the DagBag from /opt/airflow/dags/example_etl.py
[2025-05-10T17:29:59.515+0000] {processor.py:839} INFO - DAG(s) dict_keys(['example_etl']) retrieved from /opt/airflow/dags/example_etl.py
[2025-05-10T17:29:59.528+0000] {logging_mixin.py:151} INFO - [2025-05-10T17:29:59.528+0000] {dag.py:2915} INFO - Sync 1 DAGs
[2025-05-10T17:29:59.539+0000] {logging_mixin.py:151} INFO - [2025-05-10T17:29:59.539+0000] {dag.py:3696} INFO - Setting next_dagrun for example_etl to 2025-05-09T00:00:00+00:00, run_after=2025-05-10T00:00:00+00:00
[2025-05-10T17:29:59.549+0000] {processor.py:179} INFO - Processing /opt/airflow/dags/example_etl.py took 0.044 seconds
[2025-05-10T17:30:29.675+0000] {processor.py:157} INFO - Started process (PID=551) to work on /opt/airflow/dags/example_etl.py
[2025-05-10T17:30:29.676+0000] {processor.py:829} INFO - Processing file /opt/airflow/dags/example_etl.py for tasks to queue
[2025-05-10T17:30:29.677+0000] {logging_mixin.py:151} INFO - [2025-05-10T17:30:29.676+0000] {dagbag.py:539} INFO - Filling up the DagBag from /opt/airflow/dags/example_etl.py
[2025-05-10T17:30:29.688+0000] {processor.py:839} INFO - DAG(s) dict_keys(['example_etl']) retrieved from /opt/airflow/dags/example_etl.py
[2025-05-10T17:30:29.704+0000] {logging_mixin.py:151} INFO - [2025-05-10T17:30:29.704+0000] {dag.py:2915} INFO - Sync 1 DAGs
[2025-05-10T17:30:29.715+0000] {logging_mixin.py:151} INFO - [2025-05-10T17:30:29.715+0000] {dag.py:3696} INFO - Setting next_dagrun for example_etl to 2025-05-09T00:00:00+00:00, run_after=2025-05-10T00:00:00+00:00
[2025-05-10T17:30:29.723+0000] {processor.py:179} INFO - Processing /opt/airflow/dags/example_etl.py took 0.051 seconds
[2025-05-10T17:30:59.836+0000] {processor.py:157} INFO - Started process (PID=553) to work on /opt/airflow/dags/example_etl.py
[2025-05-10T17:30:59.836+0000] {processor.py:829} INFO - Processing file /opt/airflow/dags/example_etl.py for tasks to queue
[2025-05-10T17:30:59.837+0000] {logging_mixin.py:151} INFO - [2025-05-10T17:30:59.837+0000] {dagbag.py:539} INFO - Filling up the DagBag from /opt/airflow/dags/example_etl.py
[2025-05-10T17:30:59.849+0000] {processor.py:839} INFO - DAG(s) dict_keys(['example_etl']) retrieved from /opt/airflow/dags/example_etl.py
[2025-05-10T17:30:59.865+0000] {logging_mixin.py:151} INFO - [2025-05-10T17:30:59.865+0000] {dag.py:2915} INFO - Sync 1 DAGs
[2025-05-10T17:30:59.875+0000] {logging_mixin.py:151} INFO - [2025-05-10T17:30:59.875+0000] {dag.py:3696} INFO - Setting next_dagrun for example_etl to 2025-05-09T00:00:00+00:00, run_after=2025-05-10T00:00:00+00:00
[2025-05-10T17:30:59.886+0000] {processor.py:179} INFO - Processing /opt/airflow/dags/example_etl.py took 0.054 seconds
[2025-05-10T17:31:30.034+0000] {processor.py:157} INFO - Started process (PID=555) to work on /opt/airflow/dags/example_etl.py
[2025-05-10T17:31:30.035+0000] {processor.py:829} INFO - Processing file /opt/airflow/dags/example_etl.py for tasks to queue
[2025-05-10T17:31:30.036+0000] {logging_mixin.py:151} INFO - [2025-05-10T17:31:30.036+0000] {dagbag.py:539} INFO - Filling up the DagBag from /opt/airflow/dags/example_etl.py
[2025-05-10T17:31:30.052+0000] {processor.py:839} INFO - DAG(s) dict_keys(['example_etl']) retrieved from /opt/airflow/dags/example_etl.py
[2025-05-10T17:31:30.075+0000] {logging_mixin.py:151} INFO - [2025-05-10T17:31:30.075+0000] {dag.py:2915} INFO - Sync 1 DAGs
[2025-05-10T17:31:30.091+0000] {logging_mixin.py:151} INFO - [2025-05-10T17:31:30.091+0000] {dag.py:3696} INFO - Setting next_dagrun for example_etl to 2025-05-09T00:00:00+00:00, run_after=2025-05-10T00:00:00+00:00
[2025-05-10T17:31:30.107+0000] {processor.py:179} INFO - Processing /opt/airflow/dags/example_etl.py took 0.076 seconds
[2025-05-10T17:32:00.244+0000] {processor.py:157} INFO - Started process (PID=557) to work on /opt/airflow/dags/example_etl.py
[2025-05-10T17:32:00.246+0000] {processor.py:829} INFO - Processing file /opt/airflow/dags/example_etl.py for tasks to queue
[2025-05-10T17:32:00.247+0000] {logging_mixin.py:151} INFO - [2025-05-10T17:32:00.246+0000] {dagbag.py:539} INFO - Filling up the DagBag from /opt/airflow/dags/example_etl.py
[2025-05-10T17:32:00.260+0000] {processor.py:839} INFO - DAG(s) dict_keys(['example_etl']) retrieved from /opt/airflow/dags/example_etl.py
[2025-05-10T17:32:00.276+0000] {logging_mixin.py:151} INFO - [2025-05-10T17:32:00.276+0000] {dag.py:2915} INFO - Sync 1 DAGs
[2025-05-10T17:32:00.287+0000] {logging_mixin.py:151} INFO - [2025-05-10T17:32:00.287+0000] {dag.py:3696} INFO - Setting next_dagrun for example_etl to 2025-05-09T00:00:00+00:00, run_after=2025-05-10T00:00:00+00:00
[2025-05-10T17:32:00.296+0000] {processor.py:179} INFO - Processing /opt/airflow/dags/example_etl.py took 0.055 seconds
[2025-05-10T17:32:30.424+0000] {processor.py:157} INFO - Started process (PID=559) to work on /opt/airflow/dags/example_etl.py
[2025-05-10T17:32:30.425+0000] {processor.py:829} INFO - Processing file /opt/airflow/dags/example_etl.py for tasks to queue
[2025-05-10T17:32:30.426+0000] {logging_mixin.py:151} INFO - [2025-05-10T17:32:30.426+0000] {dagbag.py:539} INFO - Filling up the DagBag from /opt/airflow/dags/example_etl.py
[2025-05-10T17:32:30.442+0000] {processor.py:839} INFO - DAG(s) dict_keys(['example_etl']) retrieved from /opt/airflow/dags/example_etl.py
[2025-05-10T17:32:30.463+0000] {logging_mixin.py:151} INFO - [2025-05-10T17:32:30.463+0000] {dag.py:2915} INFO - Sync 1 DAGs
[2025-05-10T17:32:30.476+0000] {logging_mixin.py:151} INFO - [2025-05-10T17:32:30.476+0000] {dag.py:3696} INFO - Setting next_dagrun for example_etl to 2025-05-09T00:00:00+00:00, run_after=2025-05-10T00:00:00+00:00
[2025-05-10T17:32:30.485+0000] {processor.py:179} INFO - Processing /opt/airflow/dags/example_etl.py took 0.064 seconds
[2025-05-10T17:33:00.622+0000] {processor.py:157} INFO - Started process (PID=561) to work on /opt/airflow/dags/example_etl.py
[2025-05-10T17:33:00.622+0000] {processor.py:829} INFO - Processing file /opt/airflow/dags/example_etl.py for tasks to queue
[2025-05-10T17:33:00.623+0000] {logging_mixin.py:151} INFO - [2025-05-10T17:33:00.622+0000] {dagbag.py:539} INFO - Filling up the DagBag from /opt/airflow/dags/example_etl.py
[2025-05-10T17:33:00.630+0000] {processor.py:839} INFO - DAG(s) dict_keys(['example_etl']) retrieved from /opt/airflow/dags/example_etl.py
[2025-05-10T17:33:00.644+0000] {logging_mixin.py:151} INFO - [2025-05-10T17:33:00.644+0000] {dag.py:2915} INFO - Sync 1 DAGs
[2025-05-10T17:33:00.654+0000] {logging_mixin.py:151} INFO - [2025-05-10T17:33:00.654+0000] {dag.py:3696} INFO - Setting next_dagrun for example_etl to 2025-05-09T00:00:00+00:00, run_after=2025-05-10T00:00:00+00:00
[2025-05-10T17:33:00.663+0000] {processor.py:179} INFO - Processing /opt/airflow/dags/example_etl.py took 0.043 seconds
[2025-05-10T17:33:30.817+0000] {processor.py:157} INFO - Started process (PID=563) to work on /opt/airflow/dags/example_etl.py
[2025-05-10T17:33:30.818+0000] {processor.py:829} INFO - Processing file /opt/airflow/dags/example_etl.py for tasks to queue
[2025-05-10T17:33:30.820+0000] {logging_mixin.py:151} INFO - [2025-05-10T17:33:30.819+0000] {dagbag.py:539} INFO - Filling up the DagBag from /opt/airflow/dags/example_etl.py
[2025-05-10T17:33:30.846+0000] {processor.py:839} INFO - DAG(s) dict_keys(['example_etl']) retrieved from /opt/airflow/dags/example_etl.py
[2025-05-10T17:33:30.871+0000] {logging_mixin.py:151} INFO - [2025-05-10T17:33:30.871+0000] {dag.py:2915} INFO - Sync 1 DAGs
[2025-05-10T17:33:30.886+0000] {logging_mixin.py:151} INFO - [2025-05-10T17:33:30.886+0000] {dag.py:3696} INFO - Setting next_dagrun for example_etl to 2025-05-09T00:00:00+00:00, run_after=2025-05-10T00:00:00+00:00
[2025-05-10T17:33:30.903+0000] {processor.py:179} INFO - Processing /opt/airflow/dags/example_etl.py took 0.089 seconds
[2025-05-10T17:34:01.022+0000] {processor.py:157} INFO - Started process (PID=565) to work on /opt/airflow/dags/example_etl.py
[2025-05-10T17:34:01.023+0000] {processor.py:829} INFO - Processing file /opt/airflow/dags/example_etl.py for tasks to queue
[2025-05-10T17:34:01.024+0000] {logging_mixin.py:151} INFO - [2025-05-10T17:34:01.023+0000] {dagbag.py:539} INFO - Filling up the DagBag from /opt/airflow/dags/example_etl.py
[2025-05-10T17:34:01.038+0000] {processor.py:839} INFO - DAG(s) dict_keys(['example_etl']) retrieved from /opt/airflow/dags/example_etl.py
[2025-05-10T17:34:01.059+0000] {logging_mixin.py:151} INFO - [2025-05-10T17:34:01.059+0000] {dag.py:2915} INFO - Sync 1 DAGs
[2025-05-10T17:34:01.071+0000] {logging_mixin.py:151} INFO - [2025-05-10T17:34:01.071+0000] {dag.py:3696} INFO - Setting next_dagrun for example_etl to 2025-05-09T00:00:00+00:00, run_after=2025-05-10T00:00:00+00:00
[2025-05-10T17:34:01.082+0000] {processor.py:179} INFO - Processing /opt/airflow/dags/example_etl.py took 0.062 seconds
[2025-05-10T17:34:31.189+0000] {processor.py:157} INFO - Started process (PID=567) to work on /opt/airflow/dags/example_etl.py
[2025-05-10T17:34:31.191+0000] {processor.py:829} INFO - Processing file /opt/airflow/dags/example_etl.py for tasks to queue
[2025-05-10T17:34:31.192+0000] {logging_mixin.py:151} INFO - [2025-05-10T17:34:31.192+0000] {dagbag.py:539} INFO - Filling up the DagBag from /opt/airflow/dags/example_etl.py
[2025-05-10T17:34:31.206+0000] {processor.py:839} INFO - DAG(s) dict_keys(['example_etl']) retrieved from /opt/airflow/dags/example_etl.py
[2025-05-10T17:34:31.222+0000] {logging_mixin.py:151} INFO - [2025-05-10T17:34:31.222+0000] {dag.py:2915} INFO - Sync 1 DAGs
[2025-05-10T17:34:31.233+0000] {logging_mixin.py:151} INFO - [2025-05-10T17:34:31.233+0000] {dag.py:3696} INFO - Setting next_dagrun for example_etl to 2025-05-09T00:00:00+00:00, run_after=2025-05-10T00:00:00+00:00
[2025-05-10T17:34:31.242+0000] {processor.py:179} INFO - Processing /opt/airflow/dags/example_etl.py took 0.057 seconds
[2025-05-10T17:35:01.369+0000] {processor.py:157} INFO - Started process (PID=569) to work on /opt/airflow/dags/example_etl.py
[2025-05-10T17:35:01.370+0000] {processor.py:829} INFO - Processing file /opt/airflow/dags/example_etl.py for tasks to queue
[2025-05-10T17:35:01.371+0000] {logging_mixin.py:151} INFO - [2025-05-10T17:35:01.370+0000] {dagbag.py:539} INFO - Filling up the DagBag from /opt/airflow/dags/example_etl.py
[2025-05-10T17:35:01.378+0000] {processor.py:839} INFO - DAG(s) dict_keys(['example_etl']) retrieved from /opt/airflow/dags/example_etl.py
[2025-05-10T17:35:01.387+0000] {logging_mixin.py:151} INFO - [2025-05-10T17:35:01.387+0000] {dag.py:2915} INFO - Sync 1 DAGs
[2025-05-10T17:35:01.395+0000] {logging_mixin.py:151} INFO - [2025-05-10T17:35:01.395+0000] {dag.py:3696} INFO - Setting next_dagrun for example_etl to 2025-05-09T00:00:00+00:00, run_after=2025-05-10T00:00:00+00:00
[2025-05-10T17:35:01.403+0000] {processor.py:179} INFO - Processing /opt/airflow/dags/example_etl.py took 0.037 seconds
[2025-05-10T17:35:31.581+0000] {processor.py:157} INFO - Started process (PID=571) to work on /opt/airflow/dags/example_etl.py
[2025-05-10T17:35:31.581+0000] {processor.py:829} INFO - Processing file /opt/airflow/dags/example_etl.py for tasks to queue
[2025-05-10T17:35:31.582+0000] {logging_mixin.py:151} INFO - [2025-05-10T17:35:31.582+0000] {dagbag.py:539} INFO - Filling up the DagBag from /opt/airflow/dags/example_etl.py
[2025-05-10T17:35:31.594+0000] {processor.py:839} INFO - DAG(s) dict_keys(['example_etl']) retrieved from /opt/airflow/dags/example_etl.py
[2025-05-10T17:35:31.611+0000] {logging_mixin.py:151} INFO - [2025-05-10T17:35:31.611+0000] {dag.py:2915} INFO - Sync 1 DAGs
[2025-05-10T17:35:31.624+0000] {logging_mixin.py:151} INFO - [2025-05-10T17:35:31.624+0000] {dag.py:3696} INFO - Setting next_dagrun for example_etl to 2025-05-09T00:00:00+00:00, run_after=2025-05-10T00:00:00+00:00
[2025-05-10T17:35:31.636+0000] {processor.py:179} INFO - Processing /opt/airflow/dags/example_etl.py took 0.058 seconds
