[2025-05-10T14:43:03.317+0000] {processor.py:157} INFO - Started process (PID=24) to work on /opt/airflow/dags/train_model_dag.py
[2025-05-10T14:43:03.318+0000] {processor.py:829} INFO - Processing file /opt/airflow/dags/train_model_dag.py for tasks to queue
[2025-05-10T14:43:03.318+0000] {logging_mixin.py:151} INFO - [2025-05-10T14:43:03.318+0000] {dagbag.py:539} INFO - Filling up the DagBag from /opt/airflow/dags/train_model_dag.py
[2025-05-10T14:43:03.324+0000] {processor.py:839} INFO - DAG(s) dict_keys(['model_training_dag']) retrieved from /opt/airflow/dags/train_model_dag.py
[2025-05-10T14:43:03.329+0000] {logging_mixin.py:151} INFO - [2025-05-10T14:43:03.329+0000] {dag.py:2915} INFO - Sync 1 DAGs
[2025-05-10T14:43:03.343+0000] {logging_mixin.py:151} INFO - [2025-05-10T14:43:03.343+0000] {dag.py:3696} INFO - Setting next_dagrun for model_training_dag to 2025-05-10T00:00:00+00:00, run_after=2025-05-11T00:00:00+00:00
[2025-05-10T14:43:03.352+0000] {processor.py:179} INFO - Processing /opt/airflow/dags/train_model_dag.py took 0.036 seconds
[2025-05-10T14:43:34.445+0000] {processor.py:157} INFO - Started process (PID=27) to work on /opt/airflow/dags/train_model_dag.py
[2025-05-10T14:43:34.452+0000] {processor.py:829} INFO - Processing file /opt/airflow/dags/train_model_dag.py for tasks to queue
[2025-05-10T14:43:34.465+0000] {logging_mixin.py:151} INFO - [2025-05-10T14:43:34.456+0000] {dagbag.py:539} INFO - Filling up the DagBag from /opt/airflow/dags/train_model_dag.py
[2025-05-10T14:43:34.495+0000] {processor.py:839} INFO - DAG(s) dict_keys(['model_training_dag']) retrieved from /opt/airflow/dags/train_model_dag.py
[2025-05-10T14:43:34.516+0000] {logging_mixin.py:151} INFO - [2025-05-10T14:43:34.516+0000] {dag.py:2915} INFO - Sync 1 DAGs
[2025-05-10T14:43:34.529+0000] {logging_mixin.py:151} INFO - [2025-05-10T14:43:34.529+0000] {dag.py:3696} INFO - Setting next_dagrun for model_training_dag to 2025-05-10T00:00:00+00:00, run_after=2025-05-11T00:00:00+00:00
[2025-05-10T14:43:34.541+0000] {processor.py:179} INFO - Processing /opt/airflow/dags/train_model_dag.py took 0.100 seconds
[2025-05-10T14:44:04.685+0000] {processor.py:157} INFO - Started process (PID=29) to work on /opt/airflow/dags/train_model_dag.py
[2025-05-10T14:44:04.686+0000] {processor.py:829} INFO - Processing file /opt/airflow/dags/train_model_dag.py for tasks to queue
[2025-05-10T14:44:04.687+0000] {logging_mixin.py:151} INFO - [2025-05-10T14:44:04.687+0000] {dagbag.py:539} INFO - Filling up the DagBag from /opt/airflow/dags/train_model_dag.py
[2025-05-10T14:44:04.701+0000] {processor.py:839} INFO - DAG(s) dict_keys(['model_training_dag']) retrieved from /opt/airflow/dags/train_model_dag.py
[2025-05-10T14:44:04.716+0000] {logging_mixin.py:151} INFO - [2025-05-10T14:44:04.716+0000] {dag.py:2915} INFO - Sync 1 DAGs
[2025-05-10T14:44:04.725+0000] {logging_mixin.py:151} INFO - [2025-05-10T14:44:04.725+0000] {dag.py:3696} INFO - Setting next_dagrun for model_training_dag to 2025-05-10T00:00:00+00:00, run_after=2025-05-11T00:00:00+00:00
[2025-05-10T14:44:04.733+0000] {processor.py:179} INFO - Processing /opt/airflow/dags/train_model_dag.py took 0.053 seconds
[2025-05-10T14:44:34.933+0000] {processor.py:157} INFO - Started process (PID=31) to work on /opt/airflow/dags/train_model_dag.py
[2025-05-10T14:44:34.933+0000] {processor.py:829} INFO - Processing file /opt/airflow/dags/train_model_dag.py for tasks to queue
[2025-05-10T14:44:34.934+0000] {logging_mixin.py:151} INFO - [2025-05-10T14:44:34.934+0000] {dagbag.py:539} INFO - Filling up the DagBag from /opt/airflow/dags/train_model_dag.py
[2025-05-10T14:44:34.944+0000] {processor.py:839} INFO - DAG(s) dict_keys(['model_training_dag']) retrieved from /opt/airflow/dags/train_model_dag.py
[2025-05-10T14:44:34.958+0000] {logging_mixin.py:151} INFO - [2025-05-10T14:44:34.958+0000] {dag.py:2915} INFO - Sync 1 DAGs
[2025-05-10T14:44:34.968+0000] {logging_mixin.py:151} INFO - [2025-05-10T14:44:34.968+0000] {dag.py:3696} INFO - Setting next_dagrun for model_training_dag to 2025-05-10T00:00:00+00:00, run_after=2025-05-11T00:00:00+00:00
[2025-05-10T14:44:34.978+0000] {processor.py:179} INFO - Processing /opt/airflow/dags/train_model_dag.py took 0.047 seconds
[2025-05-10T14:45:05.215+0000] {processor.py:157} INFO - Started process (PID=33) to work on /opt/airflow/dags/train_model_dag.py
[2025-05-10T14:45:05.216+0000] {processor.py:829} INFO - Processing file /opt/airflow/dags/train_model_dag.py for tasks to queue
[2025-05-10T14:45:05.218+0000] {logging_mixin.py:151} INFO - [2025-05-10T14:45:05.217+0000] {dagbag.py:539} INFO - Filling up the DagBag from /opt/airflow/dags/train_model_dag.py
[2025-05-10T14:45:05.239+0000] {processor.py:839} INFO - DAG(s) dict_keys(['model_training_dag']) retrieved from /opt/airflow/dags/train_model_dag.py
[2025-05-10T14:45:05.255+0000] {logging_mixin.py:151} INFO - [2025-05-10T14:45:05.255+0000] {dag.py:2915} INFO - Sync 1 DAGs
[2025-05-10T14:45:05.265+0000] {logging_mixin.py:151} INFO - [2025-05-10T14:45:05.265+0000] {dag.py:3696} INFO - Setting next_dagrun for model_training_dag to 2025-05-10T00:00:00+00:00, run_after=2025-05-11T00:00:00+00:00
[2025-05-10T14:45:05.275+0000] {processor.py:179} INFO - Processing /opt/airflow/dags/train_model_dag.py took 0.065 seconds
[2025-05-10T14:45:35.450+0000] {processor.py:157} INFO - Started process (PID=35) to work on /opt/airflow/dags/train_model_dag.py
[2025-05-10T14:45:35.451+0000] {processor.py:829} INFO - Processing file /opt/airflow/dags/train_model_dag.py for tasks to queue
[2025-05-10T14:45:35.452+0000] {logging_mixin.py:151} INFO - [2025-05-10T14:45:35.451+0000] {dagbag.py:539} INFO - Filling up the DagBag from /opt/airflow/dags/train_model_dag.py
[2025-05-10T14:45:35.468+0000] {processor.py:839} INFO - DAG(s) dict_keys(['model_training_dag']) retrieved from /opt/airflow/dags/train_model_dag.py
[2025-05-10T14:45:35.486+0000] {logging_mixin.py:151} INFO - [2025-05-10T14:45:35.486+0000] {dag.py:2915} INFO - Sync 1 DAGs
[2025-05-10T14:45:35.498+0000] {logging_mixin.py:151} INFO - [2025-05-10T14:45:35.498+0000] {dag.py:3696} INFO - Setting next_dagrun for model_training_dag to 2025-05-10T00:00:00+00:00, run_after=2025-05-11T00:00:00+00:00
[2025-05-10T14:45:35.507+0000] {processor.py:179} INFO - Processing /opt/airflow/dags/train_model_dag.py took 0.062 seconds
[2025-05-10T14:46:05.693+0000] {processor.py:157} INFO - Started process (PID=37) to work on /opt/airflow/dags/train_model_dag.py
[2025-05-10T14:46:05.694+0000] {processor.py:829} INFO - Processing file /opt/airflow/dags/train_model_dag.py for tasks to queue
[2025-05-10T14:46:05.695+0000] {logging_mixin.py:151} INFO - [2025-05-10T14:46:05.694+0000] {dagbag.py:539} INFO - Filling up the DagBag from /opt/airflow/dags/train_model_dag.py
[2025-05-10T14:46:05.708+0000] {processor.py:839} INFO - DAG(s) dict_keys(['model_training_dag']) retrieved from /opt/airflow/dags/train_model_dag.py
[2025-05-10T14:46:05.723+0000] {logging_mixin.py:151} INFO - [2025-05-10T14:46:05.723+0000] {dag.py:2915} INFO - Sync 1 DAGs
[2025-05-10T14:46:05.733+0000] {logging_mixin.py:151} INFO - [2025-05-10T14:46:05.733+0000] {dag.py:3696} INFO - Setting next_dagrun for model_training_dag to 2025-05-10T00:00:00+00:00, run_after=2025-05-11T00:00:00+00:00
[2025-05-10T14:46:05.742+0000] {processor.py:179} INFO - Processing /opt/airflow/dags/train_model_dag.py took 0.054 seconds
[2025-05-10T14:46:35.892+0000] {processor.py:157} INFO - Started process (PID=39) to work on /opt/airflow/dags/train_model_dag.py
[2025-05-10T14:46:35.893+0000] {processor.py:829} INFO - Processing file /opt/airflow/dags/train_model_dag.py for tasks to queue
[2025-05-10T14:46:35.894+0000] {logging_mixin.py:151} INFO - [2025-05-10T14:46:35.893+0000] {dagbag.py:539} INFO - Filling up the DagBag from /opt/airflow/dags/train_model_dag.py
[2025-05-10T14:46:35.906+0000] {processor.py:839} INFO - DAG(s) dict_keys(['model_training_dag']) retrieved from /opt/airflow/dags/train_model_dag.py
[2025-05-10T14:46:35.922+0000] {logging_mixin.py:151} INFO - [2025-05-10T14:46:35.922+0000] {dag.py:2915} INFO - Sync 1 DAGs
[2025-05-10T14:46:35.934+0000] {logging_mixin.py:151} INFO - [2025-05-10T14:46:35.933+0000] {dag.py:3696} INFO - Setting next_dagrun for model_training_dag to 2025-05-10T00:00:00+00:00, run_after=2025-05-11T00:00:00+00:00
[2025-05-10T14:46:35.946+0000] {processor.py:179} INFO - Processing /opt/airflow/dags/train_model_dag.py took 0.056 seconds
[2025-05-10T14:46:58.171+0000] {processor.py:157} INFO - Started process (PID=41) to work on /opt/airflow/dags/train_model_dag.py
[2025-05-10T14:46:58.172+0000] {processor.py:829} INFO - Processing file /opt/airflow/dags/train_model_dag.py for tasks to queue
[2025-05-10T14:46:58.173+0000] {logging_mixin.py:151} INFO - [2025-05-10T14:46:58.173+0000] {dagbag.py:539} INFO - Filling up the DagBag from /opt/airflow/dags/train_model_dag.py
[2025-05-10T14:46:58.192+0000] {processor.py:839} INFO - DAG(s) dict_keys(['model_training_dag']) retrieved from /opt/airflow/dags/train_model_dag.py
[2025-05-10T14:46:58.245+0000] {logging_mixin.py:151} INFO - [2025-05-10T14:46:58.245+0000] {security.py:708} INFO - Not syncing DAG-level permissions for DAG 'DAG:model_training_dag' as access control is unset.
[2025-05-10T14:46:58.245+0000] {logging_mixin.py:151} INFO - [2025-05-10T14:46:58.245+0000] {dag.py:2915} INFO - Sync 1 DAGs
[2025-05-10T14:46:58.254+0000] {logging_mixin.py:151} INFO - [2025-05-10T14:46:58.254+0000] {dag.py:3696} INFO - Setting next_dagrun for model_training_dag to 2025-05-10T14:45:00+00:00, run_after=2025-05-10T14:46:00+00:00
[2025-05-10T14:46:58.269+0000] {processor.py:179} INFO - Processing /opt/airflow/dags/train_model_dag.py took 0.103 seconds
[2025-05-10T14:46:59.400+0000] {processor.py:157} INFO - Started process (PID=42) to work on /opt/airflow/dags/train_model_dag.py
[2025-05-10T14:46:59.400+0000] {processor.py:829} INFO - Processing file /opt/airflow/dags/train_model_dag.py for tasks to queue
[2025-05-10T14:46:59.401+0000] {logging_mixin.py:151} INFO - [2025-05-10T14:46:59.401+0000] {dagbag.py:539} INFO - Filling up the DagBag from /opt/airflow/dags/train_model_dag.py
[2025-05-10T14:46:59.413+0000] {processor.py:839} INFO - DAG(s) dict_keys(['model_training_dag']) retrieved from /opt/airflow/dags/train_model_dag.py
[2025-05-10T14:46:59.418+0000] {logging_mixin.py:151} INFO - [2025-05-10T14:46:59.418+0000] {dag.py:2915} INFO - Sync 1 DAGs
[2025-05-10T14:46:59.429+0000] {logging_mixin.py:151} INFO - [2025-05-10T14:46:59.429+0000] {dag.py:3696} INFO - Setting next_dagrun for model_training_dag to 2025-05-10T14:45:00+00:00, run_after=2025-05-10T14:46:00+00:00
[2025-05-10T14:46:59.438+0000] {processor.py:179} INFO - Processing /opt/airflow/dags/train_model_dag.py took 0.042 seconds
[2025-05-10T14:47:00.083+0000] {processor.py:157} INFO - Started process (PID=43) to work on /opt/airflow/dags/train_model_dag.py
[2025-05-10T14:47:00.084+0000] {processor.py:829} INFO - Processing file /opt/airflow/dags/train_model_dag.py for tasks to queue
[2025-05-10T14:47:00.084+0000] {logging_mixin.py:151} INFO - [2025-05-10T14:47:00.084+0000] {dagbag.py:539} INFO - Filling up the DagBag from /opt/airflow/dags/train_model_dag.py
[2025-05-10T14:47:00.096+0000] {processor.py:839} INFO - DAG(s) dict_keys(['model_training_dag']) retrieved from /opt/airflow/dags/train_model_dag.py
[2025-05-10T14:47:00.101+0000] {logging_mixin.py:151} INFO - [2025-05-10T14:47:00.101+0000] {dag.py:2915} INFO - Sync 1 DAGs
[2025-05-10T14:47:00.116+0000] {logging_mixin.py:151} INFO - [2025-05-10T14:47:00.116+0000] {dag.py:3696} INFO - Setting next_dagrun for model_training_dag to 2025-05-10T14:46:00+00:00, run_after=2025-05-10T14:47:00+00:00
[2025-05-10T14:47:00.130+0000] {processor.py:179} INFO - Processing /opt/airflow/dags/train_model_dag.py took 0.050 seconds
[2025-05-10T14:47:01.221+0000] {processor.py:157} INFO - Started process (PID=44) to work on /opt/airflow/dags/train_model_dag.py
[2025-05-10T14:47:01.222+0000] {processor.py:829} INFO - Processing file /opt/airflow/dags/train_model_dag.py for tasks to queue
[2025-05-10T14:47:01.222+0000] {logging_mixin.py:151} INFO - [2025-05-10T14:47:01.222+0000] {dagbag.py:539} INFO - Filling up the DagBag from /opt/airflow/dags/train_model_dag.py
[2025-05-10T14:47:01.230+0000] {processor.py:839} INFO - DAG(s) dict_keys(['model_training_dag']) retrieved from /opt/airflow/dags/train_model_dag.py
[2025-05-10T14:47:01.235+0000] {logging_mixin.py:151} INFO - [2025-05-10T14:47:01.235+0000] {dag.py:2915} INFO - Sync 1 DAGs
[2025-05-10T14:47:01.245+0000] {logging_mixin.py:151} INFO - [2025-05-10T14:47:01.245+0000] {dag.py:3696} INFO - Setting next_dagrun for model_training_dag to 2025-05-10T14:46:00+00:00, run_after=2025-05-10T14:47:00+00:00
[2025-05-10T14:47:01.254+0000] {processor.py:179} INFO - Processing /opt/airflow/dags/train_model_dag.py took 0.034 seconds
[2025-05-10T14:47:57.709+0000] {processor.py:157} INFO - Started process (PID=25) to work on /opt/airflow/dags/train_model_dag.py
[2025-05-10T14:47:57.710+0000] {processor.py:829} INFO - Processing file /opt/airflow/dags/train_model_dag.py for tasks to queue
[2025-05-10T14:47:57.710+0000] {logging_mixin.py:151} INFO - [2025-05-10T14:47:57.710+0000] {dagbag.py:539} INFO - Filling up the DagBag from /opt/airflow/dags/train_model_dag.py
[2025-05-10T14:47:57.716+0000] {processor.py:839} INFO - DAG(s) dict_keys(['model_training_dag']) retrieved from /opt/airflow/dags/train_model_dag.py
[2025-05-10T14:47:57.719+0000] {logging_mixin.py:151} INFO - [2025-05-10T14:47:57.719+0000] {dag.py:2915} INFO - Sync 1 DAGs
[2025-05-10T14:47:57.729+0000] {logging_mixin.py:151} INFO - [2025-05-10T14:47:57.729+0000] {dag.py:3696} INFO - Setting next_dagrun for model_training_dag to 2025-05-10T14:46:00+00:00, run_after=2025-05-10T14:47:00+00:00
[2025-05-10T14:47:57.738+0000] {processor.py:179} INFO - Processing /opt/airflow/dags/train_model_dag.py took 0.031 seconds
[2025-05-10T14:48:27.915+0000] {processor.py:157} INFO - Started process (PID=27) to work on /opt/airflow/dags/train_model_dag.py
[2025-05-10T14:48:27.916+0000] {processor.py:829} INFO - Processing file /opt/airflow/dags/train_model_dag.py for tasks to queue
[2025-05-10T14:48:27.917+0000] {logging_mixin.py:151} INFO - [2025-05-10T14:48:27.916+0000] {dagbag.py:539} INFO - Filling up the DagBag from /opt/airflow/dags/train_model_dag.py
[2025-05-10T14:48:27.930+0000] {processor.py:839} INFO - DAG(s) dict_keys(['model_training_dag']) retrieved from /opt/airflow/dags/train_model_dag.py
[2025-05-10T14:48:27.946+0000] {logging_mixin.py:151} INFO - [2025-05-10T14:48:27.946+0000] {dag.py:2915} INFO - Sync 1 DAGs
[2025-05-10T14:48:27.957+0000] {logging_mixin.py:151} INFO - [2025-05-10T14:48:27.957+0000] {dag.py:3696} INFO - Setting next_dagrun for model_training_dag to 2025-05-10T14:47:00+00:00, run_after=2025-05-10T14:48:00+00:00
[2025-05-10T14:48:27.966+0000] {processor.py:179} INFO - Processing /opt/airflow/dags/train_model_dag.py took 0.055 seconds
[2025-05-10T14:48:58.266+0000] {processor.py:157} INFO - Started process (PID=29) to work on /opt/airflow/dags/train_model_dag.py
[2025-05-10T14:48:58.267+0000] {processor.py:829} INFO - Processing file /opt/airflow/dags/train_model_dag.py for tasks to queue
[2025-05-10T14:48:58.268+0000] {logging_mixin.py:151} INFO - [2025-05-10T14:48:58.267+0000] {dagbag.py:539} INFO - Filling up the DagBag from /opt/airflow/dags/train_model_dag.py
[2025-05-10T14:48:58.281+0000] {processor.py:839} INFO - DAG(s) dict_keys(['model_training_dag']) retrieved from /opt/airflow/dags/train_model_dag.py
[2025-05-10T14:48:58.297+0000] {logging_mixin.py:151} INFO - [2025-05-10T14:48:58.296+0000] {dag.py:2915} INFO - Sync 1 DAGs
[2025-05-10T14:48:58.306+0000] {logging_mixin.py:151} INFO - [2025-05-10T14:48:58.306+0000] {dag.py:3696} INFO - Setting next_dagrun for model_training_dag to 2025-05-10T14:47:00+00:00, run_after=2025-05-10T14:48:00+00:00
[2025-05-10T14:48:58.315+0000] {processor.py:179} INFO - Processing /opt/airflow/dags/train_model_dag.py took 0.052 seconds
[2025-05-10T14:49:28.631+0000] {processor.py:157} INFO - Started process (PID=31) to work on /opt/airflow/dags/train_model_dag.py
[2025-05-10T14:49:28.632+0000] {processor.py:829} INFO - Processing file /opt/airflow/dags/train_model_dag.py for tasks to queue
[2025-05-10T14:49:28.633+0000] {logging_mixin.py:151} INFO - [2025-05-10T14:49:28.632+0000] {dagbag.py:539} INFO - Filling up the DagBag from /opt/airflow/dags/train_model_dag.py
[2025-05-10T14:49:28.647+0000] {processor.py:839} INFO - DAG(s) dict_keys(['model_training_dag']) retrieved from /opt/airflow/dags/train_model_dag.py
[2025-05-10T14:49:28.663+0000] {logging_mixin.py:151} INFO - [2025-05-10T14:49:28.663+0000] {dag.py:2915} INFO - Sync 1 DAGs
[2025-05-10T14:49:28.675+0000] {logging_mixin.py:151} INFO - [2025-05-10T14:49:28.675+0000] {dag.py:3696} INFO - Setting next_dagrun for model_training_dag to 2025-05-10T14:48:00+00:00, run_after=2025-05-10T14:49:00+00:00
[2025-05-10T14:49:28.685+0000] {processor.py:179} INFO - Processing /opt/airflow/dags/train_model_dag.py took 0.059 seconds
[2025-05-10T14:49:58.957+0000] {processor.py:157} INFO - Started process (PID=33) to work on /opt/airflow/dags/train_model_dag.py
[2025-05-10T14:49:58.958+0000] {processor.py:829} INFO - Processing file /opt/airflow/dags/train_model_dag.py for tasks to queue
[2025-05-10T14:49:58.959+0000] {logging_mixin.py:151} INFO - [2025-05-10T14:49:58.958+0000] {dagbag.py:539} INFO - Filling up the DagBag from /opt/airflow/dags/train_model_dag.py
[2025-05-10T14:49:58.968+0000] {processor.py:839} INFO - DAG(s) dict_keys(['model_training_dag']) retrieved from /opt/airflow/dags/train_model_dag.py
[2025-05-10T14:49:58.980+0000] {logging_mixin.py:151} INFO - [2025-05-10T14:49:58.980+0000] {dag.py:2915} INFO - Sync 1 DAGs
[2025-05-10T14:49:58.990+0000] {logging_mixin.py:151} INFO - [2025-05-10T14:49:58.989+0000] {dag.py:3696} INFO - Setting next_dagrun for model_training_dag to 2025-05-10T14:48:00+00:00, run_after=2025-05-10T14:49:00+00:00
[2025-05-10T14:49:58.999+0000] {processor.py:179} INFO - Processing /opt/airflow/dags/train_model_dag.py took 0.043 seconds
[2025-05-10T14:50:29.204+0000] {processor.py:157} INFO - Started process (PID=35) to work on /opt/airflow/dags/train_model_dag.py
[2025-05-10T14:50:29.205+0000] {processor.py:829} INFO - Processing file /opt/airflow/dags/train_model_dag.py for tasks to queue
[2025-05-10T14:50:29.206+0000] {logging_mixin.py:151} INFO - [2025-05-10T14:50:29.205+0000] {dagbag.py:539} INFO - Filling up the DagBag from /opt/airflow/dags/train_model_dag.py
[2025-05-10T14:50:29.213+0000] {processor.py:839} INFO - DAG(s) dict_keys(['model_training_dag']) retrieved from /opt/airflow/dags/train_model_dag.py
[2025-05-10T14:50:29.224+0000] {logging_mixin.py:151} INFO - [2025-05-10T14:50:29.224+0000] {dag.py:2915} INFO - Sync 1 DAGs
[2025-05-10T14:50:29.233+0000] {logging_mixin.py:151} INFO - [2025-05-10T14:50:29.233+0000] {dag.py:3696} INFO - Setting next_dagrun for model_training_dag to 2025-05-10T14:49:00+00:00, run_after=2025-05-10T14:50:00+00:00
[2025-05-10T14:50:29.244+0000] {processor.py:179} INFO - Processing /opt/airflow/dags/train_model_dag.py took 0.041 seconds
[2025-05-10T14:50:59.328+0000] {processor.py:157} INFO - Started process (PID=37) to work on /opt/airflow/dags/train_model_dag.py
[2025-05-10T14:50:59.329+0000] {processor.py:829} INFO - Processing file /opt/airflow/dags/train_model_dag.py for tasks to queue
[2025-05-10T14:50:59.330+0000] {logging_mixin.py:151} INFO - [2025-05-10T14:50:59.329+0000] {dagbag.py:539} INFO - Filling up the DagBag from /opt/airflow/dags/train_model_dag.py
[2025-05-10T14:50:59.341+0000] {processor.py:839} INFO - DAG(s) dict_keys(['model_training_dag']) retrieved from /opt/airflow/dags/train_model_dag.py
[2025-05-10T14:50:59.355+0000] {logging_mixin.py:151} INFO - [2025-05-10T14:50:59.355+0000] {dag.py:2915} INFO - Sync 1 DAGs
[2025-05-10T14:50:59.365+0000] {logging_mixin.py:151} INFO - [2025-05-10T14:50:59.365+0000] {dag.py:3696} INFO - Setting next_dagrun for model_training_dag to 2025-05-10T14:49:00+00:00, run_after=2025-05-10T14:50:00+00:00
[2025-05-10T14:50:59.374+0000] {processor.py:179} INFO - Processing /opt/airflow/dags/train_model_dag.py took 0.049 seconds
[2025-05-10T14:51:29.707+0000] {processor.py:157} INFO - Started process (PID=39) to work on /opt/airflow/dags/train_model_dag.py
[2025-05-10T14:51:29.708+0000] {processor.py:829} INFO - Processing file /opt/airflow/dags/train_model_dag.py for tasks to queue
[2025-05-10T14:51:29.708+0000] {logging_mixin.py:151} INFO - [2025-05-10T14:51:29.708+0000] {dagbag.py:539} INFO - Filling up the DagBag from /opt/airflow/dags/train_model_dag.py
[2025-05-10T14:51:29.714+0000] {processor.py:839} INFO - DAG(s) dict_keys(['model_training_dag']) retrieved from /opt/airflow/dags/train_model_dag.py
[2025-05-10T14:51:29.724+0000] {logging_mixin.py:151} INFO - [2025-05-10T14:51:29.724+0000] {dag.py:2915} INFO - Sync 1 DAGs
[2025-05-10T14:51:29.732+0000] {logging_mixin.py:151} INFO - [2025-05-10T14:51:29.732+0000] {dag.py:3696} INFO - Setting next_dagrun for model_training_dag to 2025-05-10T14:50:00+00:00, run_after=2025-05-10T14:51:00+00:00
[2025-05-10T14:51:29.740+0000] {processor.py:179} INFO - Processing /opt/airflow/dags/train_model_dag.py took 0.035 seconds
[2025-05-10T14:52:00.065+0000] {processor.py:157} INFO - Started process (PID=41) to work on /opt/airflow/dags/train_model_dag.py
[2025-05-10T14:52:00.066+0000] {processor.py:829} INFO - Processing file /opt/airflow/dags/train_model_dag.py for tasks to queue
[2025-05-10T14:52:00.066+0000] {logging_mixin.py:151} INFO - [2025-05-10T14:52:00.066+0000] {dagbag.py:539} INFO - Filling up the DagBag from /opt/airflow/dags/train_model_dag.py
[2025-05-10T14:52:00.074+0000] {processor.py:839} INFO - DAG(s) dict_keys(['model_training_dag']) retrieved from /opt/airflow/dags/train_model_dag.py
[2025-05-10T14:52:00.086+0000] {logging_mixin.py:151} INFO - [2025-05-10T14:52:00.086+0000] {dag.py:2915} INFO - Sync 1 DAGs
[2025-05-10T14:52:00.095+0000] {logging_mixin.py:151} INFO - [2025-05-10T14:52:00.094+0000] {dag.py:3696} INFO - Setting next_dagrun for model_training_dag to 2025-05-10T14:51:00+00:00, run_after=2025-05-10T14:52:00+00:00
[2025-05-10T14:52:00.103+0000] {processor.py:179} INFO - Processing /opt/airflow/dags/train_model_dag.py took 0.039 seconds
[2025-05-10T14:52:30.403+0000] {processor.py:157} INFO - Started process (PID=43) to work on /opt/airflow/dags/train_model_dag.py
[2025-05-10T14:52:30.404+0000] {processor.py:829} INFO - Processing file /opt/airflow/dags/train_model_dag.py for tasks to queue
[2025-05-10T14:52:30.405+0000] {logging_mixin.py:151} INFO - [2025-05-10T14:52:30.404+0000] {dagbag.py:539} INFO - Filling up the DagBag from /opt/airflow/dags/train_model_dag.py
[2025-05-10T14:52:30.423+0000] {processor.py:839} INFO - DAG(s) dict_keys(['model_training_dag']) retrieved from /opt/airflow/dags/train_model_dag.py
[2025-05-10T14:52:30.441+0000] {logging_mixin.py:151} INFO - [2025-05-10T14:52:30.441+0000] {dag.py:2915} INFO - Sync 1 DAGs
[2025-05-10T14:52:30.452+0000] {logging_mixin.py:151} INFO - [2025-05-10T14:52:30.452+0000] {dag.py:3696} INFO - Setting next_dagrun for model_training_dag to 2025-05-10T14:51:00+00:00, run_after=2025-05-10T14:52:00+00:00
[2025-05-10T14:52:30.462+0000] {processor.py:179} INFO - Processing /opt/airflow/dags/train_model_dag.py took 0.063 seconds
[2025-05-10T14:53:00.780+0000] {processor.py:157} INFO - Started process (PID=45) to work on /opt/airflow/dags/train_model_dag.py
[2025-05-10T14:53:00.781+0000] {processor.py:829} INFO - Processing file /opt/airflow/dags/train_model_dag.py for tasks to queue
[2025-05-10T14:53:00.782+0000] {logging_mixin.py:151} INFO - [2025-05-10T14:53:00.782+0000] {dagbag.py:539} INFO - Filling up the DagBag from /opt/airflow/dags/train_model_dag.py
[2025-05-10T14:53:00.798+0000] {processor.py:839} INFO - DAG(s) dict_keys(['model_training_dag']) retrieved from /opt/airflow/dags/train_model_dag.py
[2025-05-10T14:53:00.815+0000] {logging_mixin.py:151} INFO - [2025-05-10T14:53:00.815+0000] {dag.py:2915} INFO - Sync 1 DAGs
[2025-05-10T14:53:00.827+0000] {logging_mixin.py:151} INFO - [2025-05-10T14:53:00.827+0000] {dag.py:3696} INFO - Setting next_dagrun for model_training_dag to 2025-05-10T14:52:00+00:00, run_after=2025-05-10T14:53:00+00:00
[2025-05-10T14:53:00.837+0000] {processor.py:179} INFO - Processing /opt/airflow/dags/train_model_dag.py took 0.060 seconds
[2025-05-10T14:53:30.939+0000] {processor.py:157} INFO - Started process (PID=47) to work on /opt/airflow/dags/train_model_dag.py
[2025-05-10T14:53:30.941+0000] {processor.py:829} INFO - Processing file /opt/airflow/dags/train_model_dag.py for tasks to queue
[2025-05-10T14:53:30.943+0000] {logging_mixin.py:151} INFO - [2025-05-10T14:53:30.942+0000] {dagbag.py:539} INFO - Filling up the DagBag from /opt/airflow/dags/train_model_dag.py
[2025-05-10T14:53:30.960+0000] {processor.py:839} INFO - DAG(s) dict_keys(['model_training_dag']) retrieved from /opt/airflow/dags/train_model_dag.py
[2025-05-10T14:53:30.976+0000] {logging_mixin.py:151} INFO - [2025-05-10T14:53:30.976+0000] {dag.py:2915} INFO - Sync 1 DAGs
[2025-05-10T14:53:30.988+0000] {logging_mixin.py:151} INFO - [2025-05-10T14:53:30.988+0000] {dag.py:3696} INFO - Setting next_dagrun for model_training_dag to 2025-05-10T14:52:00+00:00, run_after=2025-05-10T14:53:00+00:00
[2025-05-10T14:53:30.998+0000] {processor.py:179} INFO - Processing /opt/airflow/dags/train_model_dag.py took 0.063 seconds
[2025-05-10T14:54:01.076+0000] {processor.py:157} INFO - Started process (PID=49) to work on /opt/airflow/dags/train_model_dag.py
[2025-05-10T14:54:01.076+0000] {processor.py:829} INFO - Processing file /opt/airflow/dags/train_model_dag.py for tasks to queue
[2025-05-10T14:54:01.077+0000] {logging_mixin.py:151} INFO - [2025-05-10T14:54:01.077+0000] {dagbag.py:539} INFO - Filling up the DagBag from /opt/airflow/dags/train_model_dag.py
[2025-05-10T14:54:01.085+0000] {processor.py:839} INFO - DAG(s) dict_keys(['model_training_dag']) retrieved from /opt/airflow/dags/train_model_dag.py
[2025-05-10T14:54:01.096+0000] {logging_mixin.py:151} INFO - [2025-05-10T14:54:01.096+0000] {dag.py:2915} INFO - Sync 1 DAGs
[2025-05-10T14:54:01.105+0000] {logging_mixin.py:151} INFO - [2025-05-10T14:54:01.105+0000] {dag.py:3696} INFO - Setting next_dagrun for model_training_dag to 2025-05-10T14:53:00+00:00, run_after=2025-05-10T14:54:00+00:00
[2025-05-10T14:54:01.115+0000] {processor.py:179} INFO - Processing /opt/airflow/dags/train_model_dag.py took 0.041 seconds
[2025-05-10T14:54:31.581+0000] {processor.py:157} INFO - Started process (PID=51) to work on /opt/airflow/dags/train_model_dag.py
[2025-05-10T14:54:31.582+0000] {processor.py:829} INFO - Processing file /opt/airflow/dags/train_model_dag.py for tasks to queue
[2025-05-10T14:54:31.583+0000] {logging_mixin.py:151} INFO - [2025-05-10T14:54:31.582+0000] {dagbag.py:539} INFO - Filling up the DagBag from /opt/airflow/dags/train_model_dag.py
[2025-05-10T14:54:31.595+0000] {processor.py:839} INFO - DAG(s) dict_keys(['model_training_dag']) retrieved from /opt/airflow/dags/train_model_dag.py
[2025-05-10T14:54:31.611+0000] {logging_mixin.py:151} INFO - [2025-05-10T14:54:31.611+0000] {dag.py:2915} INFO - Sync 1 DAGs
[2025-05-10T14:54:31.623+0000] {logging_mixin.py:151} INFO - [2025-05-10T14:54:31.623+0000] {dag.py:3696} INFO - Setting next_dagrun for model_training_dag to 2025-05-10T14:53:00+00:00, run_after=2025-05-10T14:54:00+00:00
[2025-05-10T14:54:31.632+0000] {processor.py:179} INFO - Processing /opt/airflow/dags/train_model_dag.py took 0.055 seconds
[2025-05-10T14:55:01.913+0000] {processor.py:157} INFO - Started process (PID=53) to work on /opt/airflow/dags/train_model_dag.py
[2025-05-10T14:55:01.915+0000] {processor.py:829} INFO - Processing file /opt/airflow/dags/train_model_dag.py for tasks to queue
[2025-05-10T14:55:01.916+0000] {logging_mixin.py:151} INFO - [2025-05-10T14:55:01.916+0000] {dagbag.py:539} INFO - Filling up the DagBag from /opt/airflow/dags/train_model_dag.py
[2025-05-10T14:55:01.932+0000] {processor.py:839} INFO - DAG(s) dict_keys(['model_training_dag']) retrieved from /opt/airflow/dags/train_model_dag.py
[2025-05-10T14:55:01.947+0000] {logging_mixin.py:151} INFO - [2025-05-10T14:55:01.947+0000] {dag.py:2915} INFO - Sync 1 DAGs
[2025-05-10T14:55:01.958+0000] {logging_mixin.py:151} INFO - [2025-05-10T14:55:01.958+0000] {dag.py:3696} INFO - Setting next_dagrun for model_training_dag to 2025-05-10T14:54:00+00:00, run_after=2025-05-10T14:55:00+00:00
[2025-05-10T14:55:01.967+0000] {processor.py:179} INFO - Processing /opt/airflow/dags/train_model_dag.py took 0.060 seconds
[2025-05-10T14:55:32.236+0000] {processor.py:157} INFO - Started process (PID=55) to work on /opt/airflow/dags/train_model_dag.py
[2025-05-10T14:55:32.237+0000] {processor.py:829} INFO - Processing file /opt/airflow/dags/train_model_dag.py for tasks to queue
[2025-05-10T14:55:32.238+0000] {logging_mixin.py:151} INFO - [2025-05-10T14:55:32.238+0000] {dagbag.py:539} INFO - Filling up the DagBag from /opt/airflow/dags/train_model_dag.py
[2025-05-10T14:55:32.248+0000] {processor.py:839} INFO - DAG(s) dict_keys(['model_training_dag']) retrieved from /opt/airflow/dags/train_model_dag.py
[2025-05-10T14:55:32.262+0000] {logging_mixin.py:151} INFO - [2025-05-10T14:55:32.261+0000] {dag.py:2915} INFO - Sync 1 DAGs
[2025-05-10T14:55:32.271+0000] {logging_mixin.py:151} INFO - [2025-05-10T14:55:32.271+0000] {dag.py:3696} INFO - Setting next_dagrun for model_training_dag to 2025-05-10T14:54:00+00:00, run_after=2025-05-10T14:55:00+00:00
[2025-05-10T14:55:32.280+0000] {processor.py:179} INFO - Processing /opt/airflow/dags/train_model_dag.py took 0.047 seconds
[2025-05-10T14:56:02.490+0000] {processor.py:157} INFO - Started process (PID=57) to work on /opt/airflow/dags/train_model_dag.py
[2025-05-10T14:56:02.491+0000] {processor.py:829} INFO - Processing file /opt/airflow/dags/train_model_dag.py for tasks to queue
[2025-05-10T14:56:02.492+0000] {logging_mixin.py:151} INFO - [2025-05-10T14:56:02.492+0000] {dagbag.py:539} INFO - Filling up the DagBag from /opt/airflow/dags/train_model_dag.py
[2025-05-10T14:56:02.506+0000] {processor.py:839} INFO - DAG(s) dict_keys(['model_training_dag']) retrieved from /opt/airflow/dags/train_model_dag.py
[2025-05-10T14:56:02.522+0000] {logging_mixin.py:151} INFO - [2025-05-10T14:56:02.522+0000] {dag.py:2915} INFO - Sync 1 DAGs
[2025-05-10T14:56:02.532+0000] {logging_mixin.py:151} INFO - [2025-05-10T14:56:02.532+0000] {dag.py:3696} INFO - Setting next_dagrun for model_training_dag to 2025-05-10T14:55:00+00:00, run_after=2025-05-10T14:56:00+00:00
[2025-05-10T14:56:02.540+0000] {processor.py:179} INFO - Processing /opt/airflow/dags/train_model_dag.py took 0.054 seconds
[2025-05-10T14:56:32.849+0000] {processor.py:157} INFO - Started process (PID=59) to work on /opt/airflow/dags/train_model_dag.py
[2025-05-10T14:56:32.850+0000] {processor.py:829} INFO - Processing file /opt/airflow/dags/train_model_dag.py for tasks to queue
[2025-05-10T14:56:32.850+0000] {logging_mixin.py:151} INFO - [2025-05-10T14:56:32.850+0000] {dagbag.py:539} INFO - Filling up the DagBag from /opt/airflow/dags/train_model_dag.py
[2025-05-10T14:56:32.862+0000] {processor.py:839} INFO - DAG(s) dict_keys(['model_training_dag']) retrieved from /opt/airflow/dags/train_model_dag.py
[2025-05-10T14:56:32.876+0000] {logging_mixin.py:151} INFO - [2025-05-10T14:56:32.876+0000] {dag.py:2915} INFO - Sync 1 DAGs
[2025-05-10T14:56:32.886+0000] {logging_mixin.py:151} INFO - [2025-05-10T14:56:32.886+0000] {dag.py:3696} INFO - Setting next_dagrun for model_training_dag to 2025-05-10T14:55:00+00:00, run_after=2025-05-10T14:56:00+00:00
[2025-05-10T14:56:32.896+0000] {processor.py:179} INFO - Processing /opt/airflow/dags/train_model_dag.py took 0.051 seconds
[2025-05-10T14:57:03.217+0000] {processor.py:157} INFO - Started process (PID=61) to work on /opt/airflow/dags/train_model_dag.py
[2025-05-10T14:57:03.218+0000] {processor.py:829} INFO - Processing file /opt/airflow/dags/train_model_dag.py for tasks to queue
[2025-05-10T14:57:03.219+0000] {logging_mixin.py:151} INFO - [2025-05-10T14:57:03.218+0000] {dagbag.py:539} INFO - Filling up the DagBag from /opt/airflow/dags/train_model_dag.py
[2025-05-10T14:57:03.236+0000] {processor.py:839} INFO - DAG(s) dict_keys(['model_training_dag']) retrieved from /opt/airflow/dags/train_model_dag.py
[2025-05-10T14:57:03.253+0000] {logging_mixin.py:151} INFO - [2025-05-10T14:57:03.253+0000] {dag.py:2915} INFO - Sync 1 DAGs
[2025-05-10T14:57:03.265+0000] {logging_mixin.py:151} INFO - [2025-05-10T14:57:03.265+0000] {dag.py:3696} INFO - Setting next_dagrun for model_training_dag to 2025-05-10T14:56:00+00:00, run_after=2025-05-10T14:57:00+00:00
[2025-05-10T14:57:03.273+0000] {processor.py:179} INFO - Processing /opt/airflow/dags/train_model_dag.py took 0.061 seconds
[2025-05-10T14:57:33.588+0000] {processor.py:157} INFO - Started process (PID=63) to work on /opt/airflow/dags/train_model_dag.py
[2025-05-10T14:57:33.589+0000] {processor.py:829} INFO - Processing file /opt/airflow/dags/train_model_dag.py for tasks to queue
[2025-05-10T14:57:33.590+0000] {logging_mixin.py:151} INFO - [2025-05-10T14:57:33.590+0000] {dagbag.py:539} INFO - Filling up the DagBag from /opt/airflow/dags/train_model_dag.py
[2025-05-10T14:57:33.609+0000] {processor.py:839} INFO - DAG(s) dict_keys(['model_training_dag']) retrieved from /opt/airflow/dags/train_model_dag.py
[2025-05-10T14:57:33.625+0000] {logging_mixin.py:151} INFO - [2025-05-10T14:57:33.625+0000] {dag.py:2915} INFO - Sync 1 DAGs
[2025-05-10T14:57:33.635+0000] {logging_mixin.py:151} INFO - [2025-05-10T14:57:33.635+0000] {dag.py:3696} INFO - Setting next_dagrun for model_training_dag to 2025-05-10T14:56:00+00:00, run_after=2025-05-10T14:57:00+00:00
[2025-05-10T14:57:33.644+0000] {processor.py:179} INFO - Processing /opt/airflow/dags/train_model_dag.py took 0.064 seconds
[2025-05-10T14:58:03.969+0000] {processor.py:157} INFO - Started process (PID=65) to work on /opt/airflow/dags/train_model_dag.py
[2025-05-10T14:58:03.970+0000] {processor.py:829} INFO - Processing file /opt/airflow/dags/train_model_dag.py for tasks to queue
[2025-05-10T14:58:03.972+0000] {logging_mixin.py:151} INFO - [2025-05-10T14:58:03.971+0000] {dagbag.py:539} INFO - Filling up the DagBag from /opt/airflow/dags/train_model_dag.py
[2025-05-10T14:58:03.985+0000] {processor.py:839} INFO - DAG(s) dict_keys(['model_training_dag']) retrieved from /opt/airflow/dags/train_model_dag.py
[2025-05-10T14:58:04.000+0000] {logging_mixin.py:151} INFO - [2025-05-10T14:58:04.000+0000] {dag.py:2915} INFO - Sync 1 DAGs
[2025-05-10T14:58:04.010+0000] {logging_mixin.py:151} INFO - [2025-05-10T14:58:04.010+0000] {dag.py:3696} INFO - Setting next_dagrun for model_training_dag to 2025-05-10T14:57:00+00:00, run_after=2025-05-10T14:58:00+00:00
[2025-05-10T14:58:04.019+0000] {processor.py:179} INFO - Processing /opt/airflow/dags/train_model_dag.py took 0.054 seconds
[2025-05-10T14:58:34.300+0000] {processor.py:157} INFO - Started process (PID=67) to work on /opt/airflow/dags/train_model_dag.py
[2025-05-10T14:58:34.301+0000] {processor.py:829} INFO - Processing file /opt/airflow/dags/train_model_dag.py for tasks to queue
[2025-05-10T14:58:34.302+0000] {logging_mixin.py:151} INFO - [2025-05-10T14:58:34.301+0000] {dagbag.py:539} INFO - Filling up the DagBag from /opt/airflow/dags/train_model_dag.py
[2025-05-10T14:58:34.316+0000] {processor.py:839} INFO - DAG(s) dict_keys(['model_training_dag']) retrieved from /opt/airflow/dags/train_model_dag.py
[2025-05-10T14:58:34.333+0000] {logging_mixin.py:151} INFO - [2025-05-10T14:58:34.333+0000] {dag.py:2915} INFO - Sync 1 DAGs
[2025-05-10T14:58:34.345+0000] {logging_mixin.py:151} INFO - [2025-05-10T14:58:34.345+0000] {dag.py:3696} INFO - Setting next_dagrun for model_training_dag to 2025-05-10T14:57:00+00:00, run_after=2025-05-10T14:58:00+00:00
[2025-05-10T14:58:34.355+0000] {processor.py:179} INFO - Processing /opt/airflow/dags/train_model_dag.py took 0.059 seconds
[2025-05-10T14:59:04.641+0000] {processor.py:157} INFO - Started process (PID=69) to work on /opt/airflow/dags/train_model_dag.py
[2025-05-10T14:59:04.642+0000] {processor.py:829} INFO - Processing file /opt/airflow/dags/train_model_dag.py for tasks to queue
[2025-05-10T14:59:04.642+0000] {logging_mixin.py:151} INFO - [2025-05-10T14:59:04.642+0000] {dagbag.py:539} INFO - Filling up the DagBag from /opt/airflow/dags/train_model_dag.py
[2025-05-10T14:59:04.651+0000] {processor.py:839} INFO - DAG(s) dict_keys(['model_training_dag']) retrieved from /opt/airflow/dags/train_model_dag.py
[2025-05-10T14:59:04.663+0000] {logging_mixin.py:151} INFO - [2025-05-10T14:59:04.663+0000] {dag.py:2915} INFO - Sync 1 DAGs
[2025-05-10T14:59:04.673+0000] {logging_mixin.py:151} INFO - [2025-05-10T14:59:04.673+0000] {dag.py:3696} INFO - Setting next_dagrun for model_training_dag to 2025-05-10T14:58:00+00:00, run_after=2025-05-10T14:59:00+00:00
[2025-05-10T14:59:04.682+0000] {processor.py:179} INFO - Processing /opt/airflow/dags/train_model_dag.py took 0.042 seconds
[2025-05-10T14:59:35.014+0000] {processor.py:157} INFO - Started process (PID=71) to work on /opt/airflow/dags/train_model_dag.py
[2025-05-10T14:59:35.015+0000] {processor.py:829} INFO - Processing file /opt/airflow/dags/train_model_dag.py for tasks to queue
[2025-05-10T14:59:35.016+0000] {logging_mixin.py:151} INFO - [2025-05-10T14:59:35.015+0000] {dagbag.py:539} INFO - Filling up the DagBag from /opt/airflow/dags/train_model_dag.py
[2025-05-10T14:59:35.031+0000] {processor.py:839} INFO - DAG(s) dict_keys(['model_training_dag']) retrieved from /opt/airflow/dags/train_model_dag.py
[2025-05-10T14:59:35.051+0000] {logging_mixin.py:151} INFO - [2025-05-10T14:59:35.051+0000] {dag.py:2915} INFO - Sync 1 DAGs
[2025-05-10T14:59:35.061+0000] {logging_mixin.py:151} INFO - [2025-05-10T14:59:35.061+0000] {dag.py:3696} INFO - Setting next_dagrun for model_training_dag to 2025-05-10T14:58:00+00:00, run_after=2025-05-10T14:59:00+00:00
[2025-05-10T14:59:35.070+0000] {processor.py:179} INFO - Processing /opt/airflow/dags/train_model_dag.py took 0.060 seconds
[2025-05-10T15:00:05.300+0000] {processor.py:157} INFO - Started process (PID=73) to work on /opt/airflow/dags/train_model_dag.py
[2025-05-10T15:00:05.301+0000] {processor.py:829} INFO - Processing file /opt/airflow/dags/train_model_dag.py for tasks to queue
[2025-05-10T15:00:05.302+0000] {logging_mixin.py:151} INFO - [2025-05-10T15:00:05.301+0000] {dagbag.py:539} INFO - Filling up the DagBag from /opt/airflow/dags/train_model_dag.py
[2025-05-10T15:00:05.312+0000] {processor.py:839} INFO - DAG(s) dict_keys(['model_training_dag']) retrieved from /opt/airflow/dags/train_model_dag.py
[2025-05-10T15:00:05.326+0000] {logging_mixin.py:151} INFO - [2025-05-10T15:00:05.326+0000] {dag.py:2915} INFO - Sync 1 DAGs
[2025-05-10T15:00:05.336+0000] {logging_mixin.py:151} INFO - [2025-05-10T15:00:05.336+0000] {dag.py:3696} INFO - Setting next_dagrun for model_training_dag to 2025-05-10T14:59:00+00:00, run_after=2025-05-10T15:00:00+00:00
[2025-05-10T15:00:05.345+0000] {processor.py:179} INFO - Processing /opt/airflow/dags/train_model_dag.py took 0.048 seconds
[2025-05-10T15:00:35.651+0000] {processor.py:157} INFO - Started process (PID=75) to work on /opt/airflow/dags/train_model_dag.py
[2025-05-10T15:00:35.652+0000] {processor.py:829} INFO - Processing file /opt/airflow/dags/train_model_dag.py for tasks to queue
[2025-05-10T15:00:35.653+0000] {logging_mixin.py:151} INFO - [2025-05-10T15:00:35.653+0000] {dagbag.py:539} INFO - Filling up the DagBag from /opt/airflow/dags/train_model_dag.py
[2025-05-10T15:00:35.668+0000] {processor.py:839} INFO - DAG(s) dict_keys(['model_training_dag']) retrieved from /opt/airflow/dags/train_model_dag.py
[2025-05-10T15:00:35.682+0000] {logging_mixin.py:151} INFO - [2025-05-10T15:00:35.682+0000] {dag.py:2915} INFO - Sync 1 DAGs
[2025-05-10T15:00:35.692+0000] {logging_mixin.py:151} INFO - [2025-05-10T15:00:35.692+0000] {dag.py:3696} INFO - Setting next_dagrun for model_training_dag to 2025-05-10T14:59:00+00:00, run_after=2025-05-10T15:00:00+00:00
[2025-05-10T15:00:35.701+0000] {processor.py:179} INFO - Processing /opt/airflow/dags/train_model_dag.py took 0.053 seconds
[2025-05-10T15:01:06.007+0000] {processor.py:157} INFO - Started process (PID=77) to work on /opt/airflow/dags/train_model_dag.py
[2025-05-10T15:01:06.009+0000] {processor.py:829} INFO - Processing file /opt/airflow/dags/train_model_dag.py for tasks to queue
[2025-05-10T15:01:06.009+0000] {logging_mixin.py:151} INFO - [2025-05-10T15:01:06.009+0000] {dagbag.py:539} INFO - Filling up the DagBag from /opt/airflow/dags/train_model_dag.py
[2025-05-10T15:01:06.021+0000] {processor.py:839} INFO - DAG(s) dict_keys(['model_training_dag']) retrieved from /opt/airflow/dags/train_model_dag.py
[2025-05-10T15:01:06.036+0000] {logging_mixin.py:151} INFO - [2025-05-10T15:01:06.035+0000] {dag.py:2915} INFO - Sync 1 DAGs
[2025-05-10T15:01:06.045+0000] {logging_mixin.py:151} INFO - [2025-05-10T15:01:06.045+0000] {dag.py:3696} INFO - Setting next_dagrun for model_training_dag to 2025-05-10T15:00:00+00:00, run_after=2025-05-10T15:01:00+00:00
[2025-05-10T15:01:06.053+0000] {processor.py:179} INFO - Processing /opt/airflow/dags/train_model_dag.py took 0.050 seconds
[2025-05-10T15:01:36.349+0000] {processor.py:157} INFO - Started process (PID=79) to work on /opt/airflow/dags/train_model_dag.py
[2025-05-10T15:01:36.349+0000] {processor.py:829} INFO - Processing file /opt/airflow/dags/train_model_dag.py for tasks to queue
[2025-05-10T15:01:36.349+0000] {logging_mixin.py:151} INFO - [2025-05-10T15:01:36.349+0000] {dagbag.py:539} INFO - Filling up the DagBag from /opt/airflow/dags/train_model_dag.py
[2025-05-10T15:01:36.356+0000] {processor.py:839} INFO - DAG(s) dict_keys(['model_training_dag']) retrieved from /opt/airflow/dags/train_model_dag.py
[2025-05-10T15:01:36.366+0000] {logging_mixin.py:151} INFO - [2025-05-10T15:01:36.366+0000] {dag.py:2915} INFO - Sync 1 DAGs
[2025-05-10T15:01:36.374+0000] {logging_mixin.py:151} INFO - [2025-05-10T15:01:36.374+0000] {dag.py:3696} INFO - Setting next_dagrun for model_training_dag to 2025-05-10T15:00:00+00:00, run_after=2025-05-10T15:01:00+00:00
[2025-05-10T15:01:36.382+0000] {processor.py:179} INFO - Processing /opt/airflow/dags/train_model_dag.py took 0.036 seconds
[2025-05-10T15:02:06.698+0000] {processor.py:157} INFO - Started process (PID=81) to work on /opt/airflow/dags/train_model_dag.py
[2025-05-10T15:02:06.700+0000] {processor.py:829} INFO - Processing file /opt/airflow/dags/train_model_dag.py for tasks to queue
[2025-05-10T15:02:06.701+0000] {logging_mixin.py:151} INFO - [2025-05-10T15:02:06.700+0000] {dagbag.py:539} INFO - Filling up the DagBag from /opt/airflow/dags/train_model_dag.py
[2025-05-10T15:02:06.714+0000] {processor.py:839} INFO - DAG(s) dict_keys(['model_training_dag']) retrieved from /opt/airflow/dags/train_model_dag.py
[2025-05-10T15:02:06.730+0000] {logging_mixin.py:151} INFO - [2025-05-10T15:02:06.730+0000] {dag.py:2915} INFO - Sync 1 DAGs
[2025-05-10T15:02:06.741+0000] {logging_mixin.py:151} INFO - [2025-05-10T15:02:06.741+0000] {dag.py:3696} INFO - Setting next_dagrun for model_training_dag to 2025-05-10T15:01:00+00:00, run_after=2025-05-10T15:02:00+00:00
[2025-05-10T15:02:06.751+0000] {processor.py:179} INFO - Processing /opt/airflow/dags/train_model_dag.py took 0.057 seconds
[2025-05-10T15:02:37.041+0000] {processor.py:157} INFO - Started process (PID=83) to work on /opt/airflow/dags/train_model_dag.py
[2025-05-10T15:02:37.042+0000] {processor.py:829} INFO - Processing file /opt/airflow/dags/train_model_dag.py for tasks to queue
[2025-05-10T15:02:37.043+0000] {logging_mixin.py:151} INFO - [2025-05-10T15:02:37.043+0000] {dagbag.py:539} INFO - Filling up the DagBag from /opt/airflow/dags/train_model_dag.py
[2025-05-10T15:02:37.055+0000] {processor.py:839} INFO - DAG(s) dict_keys(['model_training_dag']) retrieved from /opt/airflow/dags/train_model_dag.py
[2025-05-10T15:02:37.071+0000] {logging_mixin.py:151} INFO - [2025-05-10T15:02:37.071+0000] {dag.py:2915} INFO - Sync 1 DAGs
[2025-05-10T15:02:37.081+0000] {logging_mixin.py:151} INFO - [2025-05-10T15:02:37.081+0000] {dag.py:3696} INFO - Setting next_dagrun for model_training_dag to 2025-05-10T15:01:00+00:00, run_after=2025-05-10T15:02:00+00:00
[2025-05-10T15:02:37.091+0000] {processor.py:179} INFO - Processing /opt/airflow/dags/train_model_dag.py took 0.053 seconds
[2025-05-10T15:03:07.372+0000] {processor.py:157} INFO - Started process (PID=85) to work on /opt/airflow/dags/train_model_dag.py
[2025-05-10T15:03:07.373+0000] {processor.py:829} INFO - Processing file /opt/airflow/dags/train_model_dag.py for tasks to queue
[2025-05-10T15:03:07.374+0000] {logging_mixin.py:151} INFO - [2025-05-10T15:03:07.373+0000] {dagbag.py:539} INFO - Filling up the DagBag from /opt/airflow/dags/train_model_dag.py
[2025-05-10T15:03:07.387+0000] {processor.py:839} INFO - DAG(s) dict_keys(['model_training_dag']) retrieved from /opt/airflow/dags/train_model_dag.py
[2025-05-10T15:03:07.403+0000] {logging_mixin.py:151} INFO - [2025-05-10T15:03:07.403+0000] {dag.py:2915} INFO - Sync 1 DAGs
[2025-05-10T15:03:07.415+0000] {logging_mixin.py:151} INFO - [2025-05-10T15:03:07.415+0000] {dag.py:3696} INFO - Setting next_dagrun for model_training_dag to 2025-05-10T15:02:00+00:00, run_after=2025-05-10T15:03:00+00:00
[2025-05-10T15:03:07.425+0000] {processor.py:179} INFO - Processing /opt/airflow/dags/train_model_dag.py took 0.056 seconds
[2025-05-10T15:03:37.674+0000] {processor.py:157} INFO - Started process (PID=87) to work on /opt/airflow/dags/train_model_dag.py
[2025-05-10T15:03:37.674+0000] {processor.py:829} INFO - Processing file /opt/airflow/dags/train_model_dag.py for tasks to queue
[2025-05-10T15:03:37.675+0000] {logging_mixin.py:151} INFO - [2025-05-10T15:03:37.675+0000] {dagbag.py:539} INFO - Filling up the DagBag from /opt/airflow/dags/train_model_dag.py
[2025-05-10T15:03:37.685+0000] {processor.py:839} INFO - DAG(s) dict_keys(['model_training_dag']) retrieved from /opt/airflow/dags/train_model_dag.py
[2025-05-10T15:03:37.698+0000] {logging_mixin.py:151} INFO - [2025-05-10T15:03:37.698+0000] {dag.py:2915} INFO - Sync 1 DAGs
[2025-05-10T15:03:37.709+0000] {logging_mixin.py:151} INFO - [2025-05-10T15:03:37.708+0000] {dag.py:3696} INFO - Setting next_dagrun for model_training_dag to 2025-05-10T15:02:00+00:00, run_after=2025-05-10T15:03:00+00:00
[2025-05-10T15:03:37.718+0000] {processor.py:179} INFO - Processing /opt/airflow/dags/train_model_dag.py took 0.047 seconds
[2025-05-10T15:04:08.018+0000] {processor.py:157} INFO - Started process (PID=89) to work on /opt/airflow/dags/train_model_dag.py
[2025-05-10T15:04:08.018+0000] {processor.py:829} INFO - Processing file /opt/airflow/dags/train_model_dag.py for tasks to queue
[2025-05-10T15:04:08.019+0000] {logging_mixin.py:151} INFO - [2025-05-10T15:04:08.019+0000] {dagbag.py:539} INFO - Filling up the DagBag from /opt/airflow/dags/train_model_dag.py
[2025-05-10T15:04:08.029+0000] {processor.py:839} INFO - DAG(s) dict_keys(['model_training_dag']) retrieved from /opt/airflow/dags/train_model_dag.py
[2025-05-10T15:04:08.042+0000] {logging_mixin.py:151} INFO - [2025-05-10T15:04:08.042+0000] {dag.py:2915} INFO - Sync 1 DAGs
[2025-05-10T15:04:08.052+0000] {logging_mixin.py:151} INFO - [2025-05-10T15:04:08.052+0000] {dag.py:3696} INFO - Setting next_dagrun for model_training_dag to 2025-05-10T15:03:00+00:00, run_after=2025-05-10T15:04:00+00:00
[2025-05-10T15:04:08.061+0000] {processor.py:179} INFO - Processing /opt/airflow/dags/train_model_dag.py took 0.045 seconds
[2025-05-10T15:04:38.340+0000] {processor.py:157} INFO - Started process (PID=91) to work on /opt/airflow/dags/train_model_dag.py
[2025-05-10T15:04:38.342+0000] {processor.py:829} INFO - Processing file /opt/airflow/dags/train_model_dag.py for tasks to queue
[2025-05-10T15:04:38.343+0000] {logging_mixin.py:151} INFO - [2025-05-10T15:04:38.343+0000] {dagbag.py:539} INFO - Filling up the DagBag from /opt/airflow/dags/train_model_dag.py
[2025-05-10T15:04:38.358+0000] {processor.py:839} INFO - DAG(s) dict_keys(['model_training_dag']) retrieved from /opt/airflow/dags/train_model_dag.py
[2025-05-10T15:04:38.375+0000] {logging_mixin.py:151} INFO - [2025-05-10T15:04:38.375+0000] {dag.py:2915} INFO - Sync 1 DAGs
[2025-05-10T15:04:38.385+0000] {logging_mixin.py:151} INFO - [2025-05-10T15:04:38.385+0000] {dag.py:3696} INFO - Setting next_dagrun for model_training_dag to 2025-05-10T15:03:00+00:00, run_after=2025-05-10T15:04:00+00:00
[2025-05-10T15:04:38.394+0000] {processor.py:179} INFO - Processing /opt/airflow/dags/train_model_dag.py took 0.058 seconds
[2025-05-10T15:05:08.711+0000] {processor.py:157} INFO - Started process (PID=93) to work on /opt/airflow/dags/train_model_dag.py
[2025-05-10T15:05:08.712+0000] {processor.py:829} INFO - Processing file /opt/airflow/dags/train_model_dag.py for tasks to queue
[2025-05-10T15:05:08.714+0000] {logging_mixin.py:151} INFO - [2025-05-10T15:05:08.713+0000] {dagbag.py:539} INFO - Filling up the DagBag from /opt/airflow/dags/train_model_dag.py
[2025-05-10T15:05:08.735+0000] {processor.py:839} INFO - DAG(s) dict_keys(['model_training_dag']) retrieved from /opt/airflow/dags/train_model_dag.py
[2025-05-10T15:05:08.753+0000] {logging_mixin.py:151} INFO - [2025-05-10T15:05:08.753+0000] {dag.py:2915} INFO - Sync 1 DAGs
[2025-05-10T15:05:08.764+0000] {logging_mixin.py:151} INFO - [2025-05-10T15:05:08.764+0000] {dag.py:3696} INFO - Setting next_dagrun for model_training_dag to 2025-05-10T15:04:00+00:00, run_after=2025-05-10T15:05:00+00:00
[2025-05-10T15:05:08.774+0000] {processor.py:179} INFO - Processing /opt/airflow/dags/train_model_dag.py took 0.069 seconds
[2025-05-10T15:05:39.069+0000] {processor.py:157} INFO - Started process (PID=95) to work on /opt/airflow/dags/train_model_dag.py
[2025-05-10T15:05:39.070+0000] {processor.py:829} INFO - Processing file /opt/airflow/dags/train_model_dag.py for tasks to queue
[2025-05-10T15:05:39.071+0000] {logging_mixin.py:151} INFO - [2025-05-10T15:05:39.070+0000] {dagbag.py:539} INFO - Filling up the DagBag from /opt/airflow/dags/train_model_dag.py
[2025-05-10T15:05:39.084+0000] {processor.py:839} INFO - DAG(s) dict_keys(['model_training_dag']) retrieved from /opt/airflow/dags/train_model_dag.py
[2025-05-10T15:05:39.101+0000] {logging_mixin.py:151} INFO - [2025-05-10T15:05:39.101+0000] {dag.py:2915} INFO - Sync 1 DAGs
[2025-05-10T15:05:39.112+0000] {logging_mixin.py:151} INFO - [2025-05-10T15:05:39.112+0000] {dag.py:3696} INFO - Setting next_dagrun for model_training_dag to 2025-05-10T15:04:00+00:00, run_after=2025-05-10T15:05:00+00:00
[2025-05-10T15:05:39.122+0000] {processor.py:179} INFO - Processing /opt/airflow/dags/train_model_dag.py took 0.058 seconds
[2025-05-10T15:06:09.404+0000] {processor.py:157} INFO - Started process (PID=97) to work on /opt/airflow/dags/train_model_dag.py
[2025-05-10T15:06:09.405+0000] {processor.py:829} INFO - Processing file /opt/airflow/dags/train_model_dag.py for tasks to queue
[2025-05-10T15:06:09.406+0000] {logging_mixin.py:151} INFO - [2025-05-10T15:06:09.405+0000] {dagbag.py:539} INFO - Filling up the DagBag from /opt/airflow/dags/train_model_dag.py
[2025-05-10T15:06:09.417+0000] {processor.py:839} INFO - DAG(s) dict_keys(['model_training_dag']) retrieved from /opt/airflow/dags/train_model_dag.py
[2025-05-10T15:06:09.433+0000] {logging_mixin.py:151} INFO - [2025-05-10T15:06:09.433+0000] {dag.py:2915} INFO - Sync 1 DAGs
[2025-05-10T15:06:09.442+0000] {logging_mixin.py:151} INFO - [2025-05-10T15:06:09.442+0000] {dag.py:3696} INFO - Setting next_dagrun for model_training_dag to 2025-05-10T15:05:00+00:00, run_after=2025-05-10T15:06:00+00:00
[2025-05-10T15:06:09.450+0000] {processor.py:179} INFO - Processing /opt/airflow/dags/train_model_dag.py took 0.049 seconds
[2025-05-10T15:06:39.743+0000] {processor.py:157} INFO - Started process (PID=99) to work on /opt/airflow/dags/train_model_dag.py
[2025-05-10T15:06:39.744+0000] {processor.py:829} INFO - Processing file /opt/airflow/dags/train_model_dag.py for tasks to queue
[2025-05-10T15:06:39.745+0000] {logging_mixin.py:151} INFO - [2025-05-10T15:06:39.744+0000] {dagbag.py:539} INFO - Filling up the DagBag from /opt/airflow/dags/train_model_dag.py
[2025-05-10T15:06:39.755+0000] {processor.py:839} INFO - DAG(s) dict_keys(['model_training_dag']) retrieved from /opt/airflow/dags/train_model_dag.py
[2025-05-10T15:06:39.770+0000] {logging_mixin.py:151} INFO - [2025-05-10T15:06:39.770+0000] {dag.py:2915} INFO - Sync 1 DAGs
[2025-05-10T15:06:39.779+0000] {logging_mixin.py:151} INFO - [2025-05-10T15:06:39.779+0000] {dag.py:3696} INFO - Setting next_dagrun for model_training_dag to 2025-05-10T15:05:00+00:00, run_after=2025-05-10T15:06:00+00:00
[2025-05-10T15:06:39.788+0000] {processor.py:179} INFO - Processing /opt/airflow/dags/train_model_dag.py took 0.048 seconds
[2025-05-10T15:07:10.077+0000] {processor.py:157} INFO - Started process (PID=101) to work on /opt/airflow/dags/train_model_dag.py
[2025-05-10T15:07:10.078+0000] {processor.py:829} INFO - Processing file /opt/airflow/dags/train_model_dag.py for tasks to queue
[2025-05-10T15:07:10.080+0000] {logging_mixin.py:151} INFO - [2025-05-10T15:07:10.079+0000] {dagbag.py:539} INFO - Filling up the DagBag from /opt/airflow/dags/train_model_dag.py
[2025-05-10T15:07:10.095+0000] {processor.py:839} INFO - DAG(s) dict_keys(['model_training_dag']) retrieved from /opt/airflow/dags/train_model_dag.py
[2025-05-10T15:07:10.110+0000] {logging_mixin.py:151} INFO - [2025-05-10T15:07:10.110+0000] {dag.py:2915} INFO - Sync 1 DAGs
[2025-05-10T15:07:10.121+0000] {logging_mixin.py:151} INFO - [2025-05-10T15:07:10.121+0000] {dag.py:3696} INFO - Setting next_dagrun for model_training_dag to 2025-05-10T15:06:00+00:00, run_after=2025-05-10T15:07:00+00:00
[2025-05-10T15:07:10.130+0000] {processor.py:179} INFO - Processing /opt/airflow/dags/train_model_dag.py took 0.056 seconds
[2025-05-10T15:07:40.418+0000] {processor.py:157} INFO - Started process (PID=103) to work on /opt/airflow/dags/train_model_dag.py
[2025-05-10T15:07:40.420+0000] {processor.py:829} INFO - Processing file /opt/airflow/dags/train_model_dag.py for tasks to queue
[2025-05-10T15:07:40.422+0000] {logging_mixin.py:151} INFO - [2025-05-10T15:07:40.421+0000] {dagbag.py:539} INFO - Filling up the DagBag from /opt/airflow/dags/train_model_dag.py
[2025-05-10T15:07:40.434+0000] {processor.py:839} INFO - DAG(s) dict_keys(['model_training_dag']) retrieved from /opt/airflow/dags/train_model_dag.py
[2025-05-10T15:07:40.450+0000] {logging_mixin.py:151} INFO - [2025-05-10T15:07:40.450+0000] {dag.py:2915} INFO - Sync 1 DAGs
[2025-05-10T15:07:40.461+0000] {logging_mixin.py:151} INFO - [2025-05-10T15:07:40.461+0000] {dag.py:3696} INFO - Setting next_dagrun for model_training_dag to 2025-05-10T15:06:00+00:00, run_after=2025-05-10T15:07:00+00:00
[2025-05-10T15:07:40.470+0000] {processor.py:179} INFO - Processing /opt/airflow/dags/train_model_dag.py took 0.055 seconds
[2025-05-10T15:15:18.891+0000] {processor.py:157} INFO - Started process (PID=24) to work on /opt/airflow/dags/train_model_dag.py
[2025-05-10T15:15:18.892+0000] {processor.py:829} INFO - Processing file /opt/airflow/dags/train_model_dag.py for tasks to queue
[2025-05-10T15:15:18.892+0000] {logging_mixin.py:151} INFO - [2025-05-10T15:15:18.892+0000] {dagbag.py:539} INFO - Filling up the DagBag from /opt/airflow/dags/train_model_dag.py
[2025-05-10T15:15:18.905+0000] {processor.py:839} INFO - DAG(s) dict_keys(['model_training_dag']) retrieved from /opt/airflow/dags/train_model_dag.py
[2025-05-10T15:15:19.002+0000] {logging_mixin.py:151} INFO - [2025-05-10T15:15:19.001+0000] {manager.py:499} INFO - Created Permission View: %s
[2025-05-10T15:15:19.006+0000] {logging_mixin.py:151} INFO - [2025-05-10T15:15:19.006+0000] {manager.py:499} INFO - Created Permission View: %s
[2025-05-10T15:15:19.010+0000] {logging_mixin.py:151} INFO - [2025-05-10T15:15:19.010+0000] {manager.py:499} INFO - Created Permission View: %s
[2025-05-10T15:15:19.010+0000] {logging_mixin.py:151} INFO - [2025-05-10T15:15:19.010+0000] {security.py:708} INFO - Not syncing DAG-level permissions for DAG 'DAG:model_training_dag' as access control is unset.
[2025-05-10T15:15:19.010+0000] {logging_mixin.py:151} INFO - [2025-05-10T15:15:19.010+0000] {dag.py:2915} INFO - Sync 1 DAGs
[2025-05-10T15:15:19.014+0000] {logging_mixin.py:151} INFO - [2025-05-10T15:15:19.014+0000] {dag.py:2937} INFO - Creating ORM DAG for model_training_dag
[2025-05-10T15:15:19.018+0000] {logging_mixin.py:151} INFO - [2025-05-10T15:15:19.018+0000] {dag.py:3696} INFO - Setting next_dagrun for model_training_dag to 2025-05-10T15:14:00+00:00, run_after=2025-05-10T15:15:00+00:00
[2025-05-10T15:15:19.025+0000] {processor.py:179} INFO - Processing /opt/airflow/dags/train_model_dag.py took 0.135 seconds
[2025-05-10T15:15:49.121+0000] {processor.py:157} INFO - Started process (PID=26) to work on /opt/airflow/dags/train_model_dag.py
[2025-05-10T15:15:49.123+0000] {processor.py:829} INFO - Processing file /opt/airflow/dags/train_model_dag.py for tasks to queue
[2025-05-10T15:15:49.124+0000] {logging_mixin.py:151} INFO - [2025-05-10T15:15:49.123+0000] {dagbag.py:539} INFO - Filling up the DagBag from /opt/airflow/dags/train_model_dag.py
[2025-05-10T15:15:49.144+0000] {processor.py:839} INFO - DAG(s) dict_keys(['model_training_dag']) retrieved from /opt/airflow/dags/train_model_dag.py
[2025-05-10T15:15:49.162+0000] {logging_mixin.py:151} INFO - [2025-05-10T15:15:49.162+0000] {dag.py:2915} INFO - Sync 1 DAGs
[2025-05-10T15:15:49.173+0000] {logging_mixin.py:151} INFO - [2025-05-10T15:15:49.173+0000] {dag.py:3696} INFO - Setting next_dagrun for model_training_dag to 2025-05-10T15:14:00+00:00, run_after=2025-05-10T15:15:00+00:00
[2025-05-10T15:15:49.183+0000] {processor.py:179} INFO - Processing /opt/airflow/dags/train_model_dag.py took 0.066 seconds
[2025-05-10T15:16:19.485+0000] {processor.py:157} INFO - Started process (PID=28) to work on /opt/airflow/dags/train_model_dag.py
[2025-05-10T15:16:19.486+0000] {processor.py:829} INFO - Processing file /opt/airflow/dags/train_model_dag.py for tasks to queue
[2025-05-10T15:16:19.487+0000] {logging_mixin.py:151} INFO - [2025-05-10T15:16:19.486+0000] {dagbag.py:539} INFO - Filling up the DagBag from /opt/airflow/dags/train_model_dag.py
[2025-05-10T15:16:19.500+0000] {processor.py:839} INFO - DAG(s) dict_keys(['model_training_dag']) retrieved from /opt/airflow/dags/train_model_dag.py
[2025-05-10T15:16:19.516+0000] {logging_mixin.py:151} INFO - [2025-05-10T15:16:19.516+0000] {dag.py:2915} INFO - Sync 1 DAGs
[2025-05-10T15:16:19.528+0000] {logging_mixin.py:151} INFO - [2025-05-10T15:16:19.528+0000] {dag.py:3696} INFO - Setting next_dagrun for model_training_dag to 2025-05-10T15:15:00+00:00, run_after=2025-05-10T15:16:00+00:00
[2025-05-10T15:16:19.539+0000] {processor.py:179} INFO - Processing /opt/airflow/dags/train_model_dag.py took 0.056 seconds
[2025-05-10T15:16:49.836+0000] {processor.py:157} INFO - Started process (PID=30) to work on /opt/airflow/dags/train_model_dag.py
[2025-05-10T15:16:49.836+0000] {processor.py:829} INFO - Processing file /opt/airflow/dags/train_model_dag.py for tasks to queue
[2025-05-10T15:16:49.837+0000] {logging_mixin.py:151} INFO - [2025-05-10T15:16:49.837+0000] {dagbag.py:539} INFO - Filling up the DagBag from /opt/airflow/dags/train_model_dag.py
[2025-05-10T15:16:49.848+0000] {processor.py:839} INFO - DAG(s) dict_keys(['model_training_dag']) retrieved from /opt/airflow/dags/train_model_dag.py
[2025-05-10T15:16:49.863+0000] {logging_mixin.py:151} INFO - [2025-05-10T15:16:49.863+0000] {dag.py:2915} INFO - Sync 1 DAGs
[2025-05-10T15:16:49.875+0000] {logging_mixin.py:151} INFO - [2025-05-10T15:16:49.875+0000] {dag.py:3696} INFO - Setting next_dagrun for model_training_dag to 2025-05-10T15:15:00+00:00, run_after=2025-05-10T15:16:00+00:00
[2025-05-10T15:16:49.886+0000] {processor.py:179} INFO - Processing /opt/airflow/dags/train_model_dag.py took 0.053 seconds
[2025-05-10T15:17:20.213+0000] {processor.py:157} INFO - Started process (PID=32) to work on /opt/airflow/dags/train_model_dag.py
[2025-05-10T15:17:20.214+0000] {processor.py:829} INFO - Processing file /opt/airflow/dags/train_model_dag.py for tasks to queue
[2025-05-10T15:17:20.216+0000] {logging_mixin.py:151} INFO - [2025-05-10T15:17:20.215+0000] {dagbag.py:539} INFO - Filling up the DagBag from /opt/airflow/dags/train_model_dag.py
[2025-05-10T15:17:20.236+0000] {processor.py:839} INFO - DAG(s) dict_keys(['model_training_dag']) retrieved from /opt/airflow/dags/train_model_dag.py
[2025-05-10T15:17:20.256+0000] {logging_mixin.py:151} INFO - [2025-05-10T15:17:20.256+0000] {dag.py:2915} INFO - Sync 1 DAGs
[2025-05-10T15:17:20.268+0000] {logging_mixin.py:151} INFO - [2025-05-10T15:17:20.268+0000] {dag.py:3696} INFO - Setting next_dagrun for model_training_dag to 2025-05-10T15:16:00+00:00, run_after=2025-05-10T15:17:00+00:00
[2025-05-10T15:17:20.278+0000] {processor.py:179} INFO - Processing /opt/airflow/dags/train_model_dag.py took 0.071 seconds
[2025-05-10T15:17:51.865+0000] {processor.py:157} INFO - Started process (PID=23) to work on /opt/airflow/dags/train_model_dag.py
[2025-05-10T15:17:51.866+0000] {processor.py:829} INFO - Processing file /opt/airflow/dags/train_model_dag.py for tasks to queue
[2025-05-10T15:17:51.866+0000] {logging_mixin.py:151} INFO - [2025-05-10T15:17:51.866+0000] {dagbag.py:539} INFO - Filling up the DagBag from /opt/airflow/dags/train_model_dag.py
[2025-05-10T15:17:51.875+0000] {processor.py:839} INFO - DAG(s) dict_keys(['model_training_dag']) retrieved from /opt/airflow/dags/train_model_dag.py
[2025-05-10T15:17:51.879+0000] {logging_mixin.py:151} INFO - [2025-05-10T15:17:51.879+0000] {dag.py:2915} INFO - Sync 1 DAGs
[2025-05-10T15:17:51.891+0000] {logging_mixin.py:151} INFO - [2025-05-10T15:17:51.891+0000] {dag.py:3696} INFO - Setting next_dagrun for model_training_dag to 2025-05-10T15:16:00+00:00, run_after=2025-05-10T15:17:00+00:00
[2025-05-10T15:17:51.901+0000] {processor.py:179} INFO - Processing /opt/airflow/dags/train_model_dag.py took 0.038 seconds
[2025-05-10T15:18:22.066+0000] {processor.py:157} INFO - Started process (PID=26) to work on /opt/airflow/dags/train_model_dag.py
[2025-05-10T15:18:22.067+0000] {processor.py:829} INFO - Processing file /opt/airflow/dags/train_model_dag.py for tasks to queue
[2025-05-10T15:18:22.068+0000] {logging_mixin.py:151} INFO - [2025-05-10T15:18:22.067+0000] {dagbag.py:539} INFO - Filling up the DagBag from /opt/airflow/dags/train_model_dag.py
[2025-05-10T15:18:22.081+0000] {processor.py:839} INFO - DAG(s) dict_keys(['model_training_dag']) retrieved from /opt/airflow/dags/train_model_dag.py
[2025-05-10T15:18:22.097+0000] {logging_mixin.py:151} INFO - [2025-05-10T15:18:22.097+0000] {dag.py:2915} INFO - Sync 1 DAGs
[2025-05-10T15:18:22.108+0000] {logging_mixin.py:151} INFO - [2025-05-10T15:18:22.108+0000] {dag.py:3696} INFO - Setting next_dagrun for model_training_dag to 2025-05-10T15:17:00+00:00, run_after=2025-05-10T15:18:00+00:00
[2025-05-10T15:18:22.117+0000] {processor.py:179} INFO - Processing /opt/airflow/dags/train_model_dag.py took 0.055 seconds
[2025-05-10T15:18:52.414+0000] {processor.py:157} INFO - Started process (PID=28) to work on /opt/airflow/dags/train_model_dag.py
[2025-05-10T15:18:52.415+0000] {processor.py:829} INFO - Processing file /opt/airflow/dags/train_model_dag.py for tasks to queue
[2025-05-10T15:18:52.415+0000] {logging_mixin.py:151} INFO - [2025-05-10T15:18:52.415+0000] {dagbag.py:539} INFO - Filling up the DagBag from /opt/airflow/dags/train_model_dag.py
[2025-05-10T15:18:52.422+0000] {processor.py:839} INFO - DAG(s) dict_keys(['model_training_dag']) retrieved from /opt/airflow/dags/train_model_dag.py
[2025-05-10T15:18:52.433+0000] {logging_mixin.py:151} INFO - [2025-05-10T15:18:52.433+0000] {dag.py:2915} INFO - Sync 1 DAGs
[2025-05-10T15:18:52.442+0000] {logging_mixin.py:151} INFO - [2025-05-10T15:18:52.442+0000] {dag.py:3696} INFO - Setting next_dagrun for model_training_dag to 2025-05-10T15:17:00+00:00, run_after=2025-05-10T15:18:00+00:00
[2025-05-10T15:18:52.453+0000] {processor.py:179} INFO - Processing /opt/airflow/dags/train_model_dag.py took 0.040 seconds
[2025-05-10T15:19:22.761+0000] {processor.py:157} INFO - Started process (PID=30) to work on /opt/airflow/dags/train_model_dag.py
[2025-05-10T15:19:22.762+0000] {processor.py:829} INFO - Processing file /opt/airflow/dags/train_model_dag.py for tasks to queue
[2025-05-10T15:19:22.763+0000] {logging_mixin.py:151} INFO - [2025-05-10T15:19:22.762+0000] {dagbag.py:539} INFO - Filling up the DagBag from /opt/airflow/dags/train_model_dag.py
[2025-05-10T15:19:22.778+0000] {processor.py:839} INFO - DAG(s) dict_keys(['model_training_dag']) retrieved from /opt/airflow/dags/train_model_dag.py
[2025-05-10T15:19:22.792+0000] {logging_mixin.py:151} INFO - [2025-05-10T15:19:22.792+0000] {dag.py:2915} INFO - Sync 1 DAGs
[2025-05-10T15:19:22.803+0000] {logging_mixin.py:151} INFO - [2025-05-10T15:19:22.803+0000] {dag.py:3696} INFO - Setting next_dagrun for model_training_dag to 2025-05-10T15:18:00+00:00, run_after=2025-05-10T15:19:00+00:00
[2025-05-10T15:19:22.813+0000] {processor.py:179} INFO - Processing /opt/airflow/dags/train_model_dag.py took 0.057 seconds
[2025-05-10T15:19:53.123+0000] {processor.py:157} INFO - Started process (PID=32) to work on /opt/airflow/dags/train_model_dag.py
[2025-05-10T15:19:53.127+0000] {processor.py:829} INFO - Processing file /opt/airflow/dags/train_model_dag.py for tasks to queue
[2025-05-10T15:19:53.127+0000] {logging_mixin.py:151} INFO - [2025-05-10T15:19:53.127+0000] {dagbag.py:539} INFO - Filling up the DagBag from /opt/airflow/dags/train_model_dag.py
[2025-05-10T15:19:53.137+0000] {processor.py:839} INFO - DAG(s) dict_keys(['model_training_dag']) retrieved from /opt/airflow/dags/train_model_dag.py
[2025-05-10T15:19:53.148+0000] {logging_mixin.py:151} INFO - [2025-05-10T15:19:53.148+0000] {dag.py:2915} INFO - Sync 1 DAGs
[2025-05-10T15:19:53.157+0000] {logging_mixin.py:151} INFO - [2025-05-10T15:19:53.157+0000] {dag.py:3696} INFO - Setting next_dagrun for model_training_dag to 2025-05-10T15:18:00+00:00, run_after=2025-05-10T15:19:00+00:00
[2025-05-10T15:19:53.165+0000] {processor.py:179} INFO - Processing /opt/airflow/dags/train_model_dag.py took 0.044 seconds
[2025-05-10T15:20:23.357+0000] {processor.py:157} INFO - Started process (PID=34) to work on /opt/airflow/dags/train_model_dag.py
[2025-05-10T15:20:23.357+0000] {processor.py:829} INFO - Processing file /opt/airflow/dags/train_model_dag.py for tasks to queue
[2025-05-10T15:20:23.358+0000] {logging_mixin.py:151} INFO - [2025-05-10T15:20:23.358+0000] {dagbag.py:539} INFO - Filling up the DagBag from /opt/airflow/dags/train_model_dag.py
[2025-05-10T15:20:23.369+0000] {processor.py:839} INFO - DAG(s) dict_keys(['model_training_dag']) retrieved from /opt/airflow/dags/train_model_dag.py
[2025-05-10T15:20:23.382+0000] {logging_mixin.py:151} INFO - [2025-05-10T15:20:23.382+0000] {dag.py:2915} INFO - Sync 1 DAGs
[2025-05-10T15:20:23.392+0000] {logging_mixin.py:151} INFO - [2025-05-10T15:20:23.392+0000] {dag.py:3696} INFO - Setting next_dagrun for model_training_dag to 2025-05-10T15:19:00+00:00, run_after=2025-05-10T15:20:00+00:00
[2025-05-10T15:20:23.401+0000] {processor.py:179} INFO - Processing /opt/airflow/dags/train_model_dag.py took 0.048 seconds
[2025-05-10T15:20:53.710+0000] {processor.py:157} INFO - Started process (PID=36) to work on /opt/airflow/dags/train_model_dag.py
[2025-05-10T15:20:53.711+0000] {processor.py:829} INFO - Processing file /opt/airflow/dags/train_model_dag.py for tasks to queue
[2025-05-10T15:20:53.712+0000] {logging_mixin.py:151} INFO - [2025-05-10T15:20:53.712+0000] {dagbag.py:539} INFO - Filling up the DagBag from /opt/airflow/dags/train_model_dag.py
[2025-05-10T15:20:53.725+0000] {processor.py:839} INFO - DAG(s) dict_keys(['model_training_dag']) retrieved from /opt/airflow/dags/train_model_dag.py
[2025-05-10T15:20:53.741+0000] {logging_mixin.py:151} INFO - [2025-05-10T15:20:53.741+0000] {dag.py:2915} INFO - Sync 1 DAGs
[2025-05-10T15:20:53.751+0000] {logging_mixin.py:151} INFO - [2025-05-10T15:20:53.751+0000] {dag.py:3696} INFO - Setting next_dagrun for model_training_dag to 2025-05-10T15:19:00+00:00, run_after=2025-05-10T15:20:00+00:00
[2025-05-10T15:20:53.760+0000] {processor.py:179} INFO - Processing /opt/airflow/dags/train_model_dag.py took 0.055 seconds
[2025-05-10T15:21:24.055+0000] {processor.py:157} INFO - Started process (PID=38) to work on /opt/airflow/dags/train_model_dag.py
[2025-05-10T15:21:24.056+0000] {processor.py:829} INFO - Processing file /opt/airflow/dags/train_model_dag.py for tasks to queue
[2025-05-10T15:21:24.057+0000] {logging_mixin.py:151} INFO - [2025-05-10T15:21:24.056+0000] {dagbag.py:539} INFO - Filling up the DagBag from /opt/airflow/dags/train_model_dag.py
[2025-05-10T15:21:24.077+0000] {processor.py:839} INFO - DAG(s) dict_keys(['model_training_dag']) retrieved from /opt/airflow/dags/train_model_dag.py
[2025-05-10T15:21:24.095+0000] {logging_mixin.py:151} INFO - [2025-05-10T15:21:24.095+0000] {dag.py:2915} INFO - Sync 1 DAGs
[2025-05-10T15:21:24.106+0000] {logging_mixin.py:151} INFO - [2025-05-10T15:21:24.106+0000] {dag.py:3696} INFO - Setting next_dagrun for model_training_dag to 2025-05-10T15:20:00+00:00, run_after=2025-05-10T15:21:00+00:00
[2025-05-10T15:21:24.114+0000] {processor.py:179} INFO - Processing /opt/airflow/dags/train_model_dag.py took 0.064 seconds
[2025-05-10T15:21:54.382+0000] {processor.py:157} INFO - Started process (PID=40) to work on /opt/airflow/dags/train_model_dag.py
[2025-05-10T15:21:54.383+0000] {processor.py:829} INFO - Processing file /opt/airflow/dags/train_model_dag.py for tasks to queue
[2025-05-10T15:21:54.384+0000] {logging_mixin.py:151} INFO - [2025-05-10T15:21:54.383+0000] {dagbag.py:539} INFO - Filling up the DagBag from /opt/airflow/dags/train_model_dag.py
[2025-05-10T15:21:54.396+0000] {processor.py:839} INFO - DAG(s) dict_keys(['model_training_dag']) retrieved from /opt/airflow/dags/train_model_dag.py
[2025-05-10T15:21:54.412+0000] {logging_mixin.py:151} INFO - [2025-05-10T15:21:54.412+0000] {dag.py:2915} INFO - Sync 1 DAGs
[2025-05-10T15:21:54.421+0000] {logging_mixin.py:151} INFO - [2025-05-10T15:21:54.421+0000] {dag.py:3696} INFO - Setting next_dagrun for model_training_dag to 2025-05-10T15:20:00+00:00, run_after=2025-05-10T15:21:00+00:00
[2025-05-10T15:21:54.431+0000] {processor.py:179} INFO - Processing /opt/airflow/dags/train_model_dag.py took 0.053 seconds
[2025-05-10T15:22:24.746+0000] {processor.py:157} INFO - Started process (PID=42) to work on /opt/airflow/dags/train_model_dag.py
[2025-05-10T15:22:24.747+0000] {processor.py:829} INFO - Processing file /opt/airflow/dags/train_model_dag.py for tasks to queue
[2025-05-10T15:22:24.748+0000] {logging_mixin.py:151} INFO - [2025-05-10T15:22:24.747+0000] {dagbag.py:539} INFO - Filling up the DagBag from /opt/airflow/dags/train_model_dag.py
[2025-05-10T15:22:24.761+0000] {processor.py:839} INFO - DAG(s) dict_keys(['model_training_dag']) retrieved from /opt/airflow/dags/train_model_dag.py
[2025-05-10T15:22:24.778+0000] {logging_mixin.py:151} INFO - [2025-05-10T15:22:24.778+0000] {dag.py:2915} INFO - Sync 1 DAGs
[2025-05-10T15:22:24.788+0000] {logging_mixin.py:151} INFO - [2025-05-10T15:22:24.787+0000] {dag.py:3696} INFO - Setting next_dagrun for model_training_dag to 2025-05-10T15:21:00+00:00, run_after=2025-05-10T15:22:00+00:00
[2025-05-10T15:22:24.797+0000] {processor.py:179} INFO - Processing /opt/airflow/dags/train_model_dag.py took 0.055 seconds
[2025-05-10T15:22:54.882+0000] {processor.py:157} INFO - Started process (PID=44) to work on /opt/airflow/dags/train_model_dag.py
[2025-05-10T15:22:54.882+0000] {processor.py:829} INFO - Processing file /opt/airflow/dags/train_model_dag.py for tasks to queue
[2025-05-10T15:22:54.883+0000] {logging_mixin.py:151} INFO - [2025-05-10T15:22:54.883+0000] {dagbag.py:539} INFO - Filling up the DagBag from /opt/airflow/dags/train_model_dag.py
[2025-05-10T15:22:54.893+0000] {processor.py:839} INFO - DAG(s) dict_keys(['model_training_dag']) retrieved from /opt/airflow/dags/train_model_dag.py
[2025-05-10T15:22:54.905+0000] {logging_mixin.py:151} INFO - [2025-05-10T15:22:54.905+0000] {dag.py:2915} INFO - Sync 1 DAGs
[2025-05-10T15:22:54.914+0000] {logging_mixin.py:151} INFO - [2025-05-10T15:22:54.914+0000] {dag.py:3696} INFO - Setting next_dagrun for model_training_dag to 2025-05-10T15:21:00+00:00, run_after=2025-05-10T15:22:00+00:00
[2025-05-10T15:22:54.922+0000] {processor.py:179} INFO - Processing /opt/airflow/dags/train_model_dag.py took 0.044 seconds
[2025-05-10T15:23:25.299+0000] {processor.py:157} INFO - Started process (PID=46) to work on /opt/airflow/dags/train_model_dag.py
[2025-05-10T15:23:25.300+0000] {processor.py:829} INFO - Processing file /opt/airflow/dags/train_model_dag.py for tasks to queue
[2025-05-10T15:23:25.300+0000] {logging_mixin.py:151} INFO - [2025-05-10T15:23:25.300+0000] {dagbag.py:539} INFO - Filling up the DagBag from /opt/airflow/dags/train_model_dag.py
[2025-05-10T15:23:25.312+0000] {processor.py:839} INFO - DAG(s) dict_keys(['model_training_dag']) retrieved from /opt/airflow/dags/train_model_dag.py
[2025-05-10T15:23:25.335+0000] {logging_mixin.py:151} INFO - [2025-05-10T15:23:25.335+0000] {dag.py:2915} INFO - Sync 1 DAGs
[2025-05-10T15:23:25.355+0000] {logging_mixin.py:151} INFO - [2025-05-10T15:23:25.355+0000] {dag.py:3696} INFO - Setting next_dagrun for model_training_dag to 2025-05-10T15:22:00+00:00, run_after=2025-05-10T15:23:00+00:00
[2025-05-10T15:23:25.367+0000] {processor.py:179} INFO - Processing /opt/airflow/dags/train_model_dag.py took 0.070 seconds
[2025-05-10T15:23:55.656+0000] {processor.py:157} INFO - Started process (PID=48) to work on /opt/airflow/dags/train_model_dag.py
[2025-05-10T15:23:55.657+0000] {processor.py:829} INFO - Processing file /opt/airflow/dags/train_model_dag.py for tasks to queue
[2025-05-10T15:23:55.658+0000] {logging_mixin.py:151} INFO - [2025-05-10T15:23:55.657+0000] {dagbag.py:539} INFO - Filling up the DagBag from /opt/airflow/dags/train_model_dag.py
[2025-05-10T15:23:55.669+0000] {processor.py:839} INFO - DAG(s) dict_keys(['model_training_dag']) retrieved from /opt/airflow/dags/train_model_dag.py
[2025-05-10T15:23:55.682+0000] {logging_mixin.py:151} INFO - [2025-05-10T15:23:55.682+0000] {dag.py:2915} INFO - Sync 1 DAGs
[2025-05-10T15:23:55.693+0000] {logging_mixin.py:151} INFO - [2025-05-10T15:23:55.693+0000] {dag.py:3696} INFO - Setting next_dagrun for model_training_dag to 2025-05-10T15:22:00+00:00, run_after=2025-05-10T15:23:00+00:00
[2025-05-10T15:23:55.703+0000] {processor.py:179} INFO - Processing /opt/airflow/dags/train_model_dag.py took 0.050 seconds
[2025-05-10T15:24:25.998+0000] {processor.py:157} INFO - Started process (PID=50) to work on /opt/airflow/dags/train_model_dag.py
[2025-05-10T15:24:25.999+0000] {processor.py:829} INFO - Processing file /opt/airflow/dags/train_model_dag.py for tasks to queue
[2025-05-10T15:24:26.000+0000] {logging_mixin.py:151} INFO - [2025-05-10T15:24:25.999+0000] {dagbag.py:539} INFO - Filling up the DagBag from /opt/airflow/dags/train_model_dag.py
[2025-05-10T15:24:26.013+0000] {processor.py:839} INFO - DAG(s) dict_keys(['model_training_dag']) retrieved from /opt/airflow/dags/train_model_dag.py
[2025-05-10T15:24:26.029+0000] {logging_mixin.py:151} INFO - [2025-05-10T15:24:26.028+0000] {dag.py:2915} INFO - Sync 1 DAGs
[2025-05-10T15:24:26.038+0000] {logging_mixin.py:151} INFO - [2025-05-10T15:24:26.038+0000] {dag.py:3696} INFO - Setting next_dagrun for model_training_dag to 2025-05-10T15:23:00+00:00, run_after=2025-05-10T15:24:00+00:00
[2025-05-10T15:24:26.047+0000] {processor.py:179} INFO - Processing /opt/airflow/dags/train_model_dag.py took 0.052 seconds
[2025-05-10T15:24:56.317+0000] {processor.py:157} INFO - Started process (PID=52) to work on /opt/airflow/dags/train_model_dag.py
[2025-05-10T15:24:56.318+0000] {processor.py:829} INFO - Processing file /opt/airflow/dags/train_model_dag.py for tasks to queue
[2025-05-10T15:24:56.319+0000] {logging_mixin.py:151} INFO - [2025-05-10T15:24:56.319+0000] {dagbag.py:539} INFO - Filling up the DagBag from /opt/airflow/dags/train_model_dag.py
[2025-05-10T15:24:56.340+0000] {processor.py:839} INFO - DAG(s) dict_keys(['model_training_dag']) retrieved from /opt/airflow/dags/train_model_dag.py
[2025-05-10T15:24:56.356+0000] {logging_mixin.py:151} INFO - [2025-05-10T15:24:56.355+0000] {dag.py:2915} INFO - Sync 1 DAGs
[2025-05-10T15:24:56.367+0000] {logging_mixin.py:151} INFO - [2025-05-10T15:24:56.367+0000] {dag.py:3696} INFO - Setting next_dagrun for model_training_dag to 2025-05-10T15:23:00+00:00, run_after=2025-05-10T15:24:00+00:00
[2025-05-10T15:24:56.376+0000] {processor.py:179} INFO - Processing /opt/airflow/dags/train_model_dag.py took 0.062 seconds
[2025-05-10T15:25:26.687+0000] {processor.py:157} INFO - Started process (PID=54) to work on /opt/airflow/dags/train_model_dag.py
[2025-05-10T15:25:26.689+0000] {processor.py:829} INFO - Processing file /opt/airflow/dags/train_model_dag.py for tasks to queue
[2025-05-10T15:25:26.690+0000] {logging_mixin.py:151} INFO - [2025-05-10T15:25:26.689+0000] {dagbag.py:539} INFO - Filling up the DagBag from /opt/airflow/dags/train_model_dag.py
[2025-05-10T15:25:26.706+0000] {processor.py:839} INFO - DAG(s) dict_keys(['model_training_dag']) retrieved from /opt/airflow/dags/train_model_dag.py
[2025-05-10T15:25:26.723+0000] {logging_mixin.py:151} INFO - [2025-05-10T15:25:26.723+0000] {dag.py:2915} INFO - Sync 1 DAGs
[2025-05-10T15:25:26.733+0000] {logging_mixin.py:151} INFO - [2025-05-10T15:25:26.733+0000] {dag.py:3696} INFO - Setting next_dagrun for model_training_dag to 2025-05-10T15:24:00+00:00, run_after=2025-05-10T15:25:00+00:00
[2025-05-10T15:25:26.742+0000] {processor.py:179} INFO - Processing /opt/airflow/dags/train_model_dag.py took 0.059 seconds
[2025-05-10T15:25:57.004+0000] {processor.py:157} INFO - Started process (PID=56) to work on /opt/airflow/dags/train_model_dag.py
[2025-05-10T15:25:57.005+0000] {processor.py:829} INFO - Processing file /opt/airflow/dags/train_model_dag.py for tasks to queue
[2025-05-10T15:25:57.006+0000] {logging_mixin.py:151} INFO - [2025-05-10T15:25:57.006+0000] {dagbag.py:539} INFO - Filling up the DagBag from /opt/airflow/dags/train_model_dag.py
[2025-05-10T15:25:57.024+0000] {processor.py:839} INFO - DAG(s) dict_keys(['model_training_dag']) retrieved from /opt/airflow/dags/train_model_dag.py
[2025-05-10T15:25:57.041+0000] {logging_mixin.py:151} INFO - [2025-05-10T15:25:57.041+0000] {dag.py:2915} INFO - Sync 1 DAGs
[2025-05-10T15:25:57.052+0000] {logging_mixin.py:151} INFO - [2025-05-10T15:25:57.052+0000] {dag.py:3696} INFO - Setting next_dagrun for model_training_dag to 2025-05-10T15:24:00+00:00, run_after=2025-05-10T15:25:00+00:00
[2025-05-10T15:25:57.062+0000] {processor.py:179} INFO - Processing /opt/airflow/dags/train_model_dag.py took 0.061 seconds
[2025-05-10T15:26:27.342+0000] {processor.py:157} INFO - Started process (PID=58) to work on /opt/airflow/dags/train_model_dag.py
[2025-05-10T15:26:27.342+0000] {processor.py:829} INFO - Processing file /opt/airflow/dags/train_model_dag.py for tasks to queue
[2025-05-10T15:26:27.343+0000] {logging_mixin.py:151} INFO - [2025-05-10T15:26:27.343+0000] {dagbag.py:539} INFO - Filling up the DagBag from /opt/airflow/dags/train_model_dag.py
[2025-05-10T15:26:27.353+0000] {processor.py:839} INFO - DAG(s) dict_keys(['model_training_dag']) retrieved from /opt/airflow/dags/train_model_dag.py
[2025-05-10T15:26:27.365+0000] {logging_mixin.py:151} INFO - [2025-05-10T15:26:27.365+0000] {dag.py:2915} INFO - Sync 1 DAGs
[2025-05-10T15:26:27.375+0000] {logging_mixin.py:151} INFO - [2025-05-10T15:26:27.374+0000] {dag.py:3696} INFO - Setting next_dagrun for model_training_dag to 2025-05-10T15:25:00+00:00, run_after=2025-05-10T15:26:00+00:00
[2025-05-10T15:26:27.384+0000] {processor.py:179} INFO - Processing /opt/airflow/dags/train_model_dag.py took 0.045 seconds
[2025-05-10T15:26:57.722+0000] {processor.py:157} INFO - Started process (PID=60) to work on /opt/airflow/dags/train_model_dag.py
[2025-05-10T15:26:57.723+0000] {processor.py:829} INFO - Processing file /opt/airflow/dags/train_model_dag.py for tasks to queue
[2025-05-10T15:26:57.724+0000] {logging_mixin.py:151} INFO - [2025-05-10T15:26:57.724+0000] {dagbag.py:539} INFO - Filling up the DagBag from /opt/airflow/dags/train_model_dag.py
[2025-05-10T15:26:57.738+0000] {processor.py:839} INFO - DAG(s) dict_keys(['model_training_dag']) retrieved from /opt/airflow/dags/train_model_dag.py
[2025-05-10T15:26:57.755+0000] {logging_mixin.py:151} INFO - [2025-05-10T15:26:57.755+0000] {dag.py:2915} INFO - Sync 1 DAGs
[2025-05-10T15:26:57.764+0000] {logging_mixin.py:151} INFO - [2025-05-10T15:26:57.764+0000] {dag.py:3696} INFO - Setting next_dagrun for model_training_dag to 2025-05-10T15:25:00+00:00, run_after=2025-05-10T15:26:00+00:00
[2025-05-10T15:26:57.772+0000] {processor.py:179} INFO - Processing /opt/airflow/dags/train_model_dag.py took 0.055 seconds
[2025-05-10T15:27:27.918+0000] {processor.py:157} INFO - Started process (PID=62) to work on /opt/airflow/dags/train_model_dag.py
[2025-05-10T15:27:27.919+0000] {processor.py:829} INFO - Processing file /opt/airflow/dags/train_model_dag.py for tasks to queue
[2025-05-10T15:27:27.920+0000] {logging_mixin.py:151} INFO - [2025-05-10T15:27:27.920+0000] {dagbag.py:539} INFO - Filling up the DagBag from /opt/airflow/dags/train_model_dag.py
[2025-05-10T15:27:27.938+0000] {processor.py:839} INFO - DAG(s) dict_keys(['model_training_dag']) retrieved from /opt/airflow/dags/train_model_dag.py
[2025-05-10T15:27:27.956+0000] {logging_mixin.py:151} INFO - [2025-05-10T15:27:27.956+0000] {dag.py:2915} INFO - Sync 1 DAGs
[2025-05-10T15:27:27.968+0000] {logging_mixin.py:151} INFO - [2025-05-10T15:27:27.968+0000] {dag.py:3696} INFO - Setting next_dagrun for model_training_dag to 2025-05-10T15:26:00+00:00, run_after=2025-05-10T15:27:00+00:00
[2025-05-10T15:27:27.978+0000] {processor.py:179} INFO - Processing /opt/airflow/dags/train_model_dag.py took 0.065 seconds
[2025-05-10T15:27:58.265+0000] {processor.py:157} INFO - Started process (PID=64) to work on /opt/airflow/dags/train_model_dag.py
[2025-05-10T15:27:58.266+0000] {processor.py:829} INFO - Processing file /opt/airflow/dags/train_model_dag.py for tasks to queue
[2025-05-10T15:27:58.267+0000] {logging_mixin.py:151} INFO - [2025-05-10T15:27:58.267+0000] {dagbag.py:539} INFO - Filling up the DagBag from /opt/airflow/dags/train_model_dag.py
[2025-05-10T15:27:58.279+0000] {processor.py:839} INFO - DAG(s) dict_keys(['model_training_dag']) retrieved from /opt/airflow/dags/train_model_dag.py
[2025-05-10T15:27:58.296+0000] {logging_mixin.py:151} INFO - [2025-05-10T15:27:58.296+0000] {dag.py:2915} INFO - Sync 1 DAGs
[2025-05-10T15:27:58.307+0000] {logging_mixin.py:151} INFO - [2025-05-10T15:27:58.307+0000] {dag.py:3696} INFO - Setting next_dagrun for model_training_dag to 2025-05-10T15:26:00+00:00, run_after=2025-05-10T15:27:00+00:00
[2025-05-10T15:27:58.318+0000] {processor.py:179} INFO - Processing /opt/airflow/dags/train_model_dag.py took 0.056 seconds
[2025-05-10T15:28:28.593+0000] {processor.py:157} INFO - Started process (PID=66) to work on /opt/airflow/dags/train_model_dag.py
[2025-05-10T15:28:28.594+0000] {processor.py:829} INFO - Processing file /opt/airflow/dags/train_model_dag.py for tasks to queue
[2025-05-10T15:28:28.595+0000] {logging_mixin.py:151} INFO - [2025-05-10T15:28:28.594+0000] {dagbag.py:539} INFO - Filling up the DagBag from /opt/airflow/dags/train_model_dag.py
[2025-05-10T15:28:28.604+0000] {processor.py:839} INFO - DAG(s) dict_keys(['model_training_dag']) retrieved from /opt/airflow/dags/train_model_dag.py
[2025-05-10T15:28:28.616+0000] {logging_mixin.py:151} INFO - [2025-05-10T15:28:28.616+0000] {dag.py:2915} INFO - Sync 1 DAGs
[2025-05-10T15:28:28.626+0000] {logging_mixin.py:151} INFO - [2025-05-10T15:28:28.626+0000] {dag.py:3696} INFO - Setting next_dagrun for model_training_dag to 2025-05-10T15:27:00+00:00, run_after=2025-05-10T15:28:00+00:00
[2025-05-10T15:28:28.636+0000] {processor.py:179} INFO - Processing /opt/airflow/dags/train_model_dag.py took 0.045 seconds
[2025-05-10T15:28:58.958+0000] {processor.py:157} INFO - Started process (PID=68) to work on /opt/airflow/dags/train_model_dag.py
[2025-05-10T15:28:58.960+0000] {processor.py:829} INFO - Processing file /opt/airflow/dags/train_model_dag.py for tasks to queue
[2025-05-10T15:28:58.961+0000] {logging_mixin.py:151} INFO - [2025-05-10T15:28:58.960+0000] {dagbag.py:539} INFO - Filling up the DagBag from /opt/airflow/dags/train_model_dag.py
[2025-05-10T15:28:58.973+0000] {processor.py:839} INFO - DAG(s) dict_keys(['model_training_dag']) retrieved from /opt/airflow/dags/train_model_dag.py
[2025-05-10T15:28:58.990+0000] {logging_mixin.py:151} INFO - [2025-05-10T15:28:58.990+0000] {dag.py:2915} INFO - Sync 1 DAGs
[2025-05-10T15:28:59.003+0000] {logging_mixin.py:151} INFO - [2025-05-10T15:28:59.002+0000] {dag.py:3696} INFO - Setting next_dagrun for model_training_dag to 2025-05-10T15:27:00+00:00, run_after=2025-05-10T15:28:00+00:00
[2025-05-10T15:28:59.013+0000] {processor.py:179} INFO - Processing /opt/airflow/dags/train_model_dag.py took 0.059 seconds
[2025-05-10T15:29:29.299+0000] {processor.py:157} INFO - Started process (PID=70) to work on /opt/airflow/dags/train_model_dag.py
[2025-05-10T15:29:29.300+0000] {processor.py:829} INFO - Processing file /opt/airflow/dags/train_model_dag.py for tasks to queue
[2025-05-10T15:29:29.301+0000] {logging_mixin.py:151} INFO - [2025-05-10T15:29:29.300+0000] {dagbag.py:539} INFO - Filling up the DagBag from /opt/airflow/dags/train_model_dag.py
[2025-05-10T15:29:29.315+0000] {processor.py:839} INFO - DAG(s) dict_keys(['model_training_dag']) retrieved from /opt/airflow/dags/train_model_dag.py
[2025-05-10T15:29:29.331+0000] {logging_mixin.py:151} INFO - [2025-05-10T15:29:29.330+0000] {dag.py:2915} INFO - Sync 1 DAGs
[2025-05-10T15:29:29.342+0000] {logging_mixin.py:151} INFO - [2025-05-10T15:29:29.342+0000] {dag.py:3696} INFO - Setting next_dagrun for model_training_dag to 2025-05-10T15:28:00+00:00, run_after=2025-05-10T15:29:00+00:00
[2025-05-10T15:29:29.352+0000] {processor.py:179} INFO - Processing /opt/airflow/dags/train_model_dag.py took 0.057 seconds
[2025-05-10T15:29:59.651+0000] {processor.py:157} INFO - Started process (PID=72) to work on /opt/airflow/dags/train_model_dag.py
[2025-05-10T15:29:59.652+0000] {processor.py:829} INFO - Processing file /opt/airflow/dags/train_model_dag.py for tasks to queue
[2025-05-10T15:29:59.653+0000] {logging_mixin.py:151} INFO - [2025-05-10T15:29:59.653+0000] {dagbag.py:539} INFO - Filling up the DagBag from /opt/airflow/dags/train_model_dag.py
[2025-05-10T15:29:59.664+0000] {processor.py:839} INFO - DAG(s) dict_keys(['model_training_dag']) retrieved from /opt/airflow/dags/train_model_dag.py
[2025-05-10T15:29:59.677+0000] {logging_mixin.py:151} INFO - [2025-05-10T15:29:59.677+0000] {dag.py:2915} INFO - Sync 1 DAGs
[2025-05-10T15:29:59.688+0000] {logging_mixin.py:151} INFO - [2025-05-10T15:29:59.688+0000] {dag.py:3696} INFO - Setting next_dagrun for model_training_dag to 2025-05-10T15:28:00+00:00, run_after=2025-05-10T15:29:00+00:00
[2025-05-10T15:29:59.697+0000] {processor.py:179} INFO - Processing /opt/airflow/dags/train_model_dag.py took 0.048 seconds
[2025-05-10T15:30:29.987+0000] {processor.py:157} INFO - Started process (PID=74) to work on /opt/airflow/dags/train_model_dag.py
[2025-05-10T15:30:29.988+0000] {processor.py:829} INFO - Processing file /opt/airflow/dags/train_model_dag.py for tasks to queue
[2025-05-10T15:30:29.989+0000] {logging_mixin.py:151} INFO - [2025-05-10T15:30:29.988+0000] {dagbag.py:539} INFO - Filling up the DagBag from /opt/airflow/dags/train_model_dag.py
[2025-05-10T15:30:29.999+0000] {processor.py:839} INFO - DAG(s) dict_keys(['model_training_dag']) retrieved from /opt/airflow/dags/train_model_dag.py
[2025-05-10T15:30:30.015+0000] {logging_mixin.py:151} INFO - [2025-05-10T15:30:30.015+0000] {dag.py:2915} INFO - Sync 1 DAGs
[2025-05-10T15:30:30.025+0000] {logging_mixin.py:151} INFO - [2025-05-10T15:30:30.025+0000] {dag.py:3696} INFO - Setting next_dagrun for model_training_dag to 2025-05-10T15:29:00+00:00, run_after=2025-05-10T15:30:00+00:00
[2025-05-10T15:30:30.035+0000] {processor.py:179} INFO - Processing /opt/airflow/dags/train_model_dag.py took 0.051 seconds
[2025-05-10T15:31:00.339+0000] {processor.py:157} INFO - Started process (PID=76) to work on /opt/airflow/dags/train_model_dag.py
[2025-05-10T15:31:00.340+0000] {processor.py:829} INFO - Processing file /opt/airflow/dags/train_model_dag.py for tasks to queue
[2025-05-10T15:31:00.341+0000] {logging_mixin.py:151} INFO - [2025-05-10T15:31:00.341+0000] {dagbag.py:539} INFO - Filling up the DagBag from /opt/airflow/dags/train_model_dag.py
[2025-05-10T15:31:00.359+0000] {processor.py:839} INFO - DAG(s) dict_keys(['model_training_dag']) retrieved from /opt/airflow/dags/train_model_dag.py
[2025-05-10T15:31:00.379+0000] {logging_mixin.py:151} INFO - [2025-05-10T15:31:00.378+0000] {dag.py:2915} INFO - Sync 1 DAGs
[2025-05-10T15:31:00.395+0000] {logging_mixin.py:151} INFO - [2025-05-10T15:31:00.395+0000] {dag.py:3696} INFO - Setting next_dagrun for model_training_dag to 2025-05-10T15:30:00+00:00, run_after=2025-05-10T15:31:00+00:00
[2025-05-10T15:31:00.421+0000] {processor.py:179} INFO - Processing /opt/airflow/dags/train_model_dag.py took 0.084 seconds
[2025-05-10T15:31:30.842+0000] {processor.py:157} INFO - Started process (PID=78) to work on /opt/airflow/dags/train_model_dag.py
[2025-05-10T15:31:30.843+0000] {processor.py:829} INFO - Processing file /opt/airflow/dags/train_model_dag.py for tasks to queue
[2025-05-10T15:31:30.844+0000] {logging_mixin.py:151} INFO - [2025-05-10T15:31:30.844+0000] {dagbag.py:539} INFO - Filling up the DagBag from /opt/airflow/dags/train_model_dag.py
[2025-05-10T15:31:30.857+0000] {processor.py:839} INFO - DAG(s) dict_keys(['model_training_dag']) retrieved from /opt/airflow/dags/train_model_dag.py
[2025-05-10T15:31:30.872+0000] {logging_mixin.py:151} INFO - [2025-05-10T15:31:30.872+0000] {dag.py:2915} INFO - Sync 1 DAGs
[2025-05-10T15:31:30.884+0000] {logging_mixin.py:151} INFO - [2025-05-10T15:31:30.884+0000] {dag.py:3696} INFO - Setting next_dagrun for model_training_dag to 2025-05-10T15:30:00+00:00, run_after=2025-05-10T15:31:00+00:00
[2025-05-10T15:31:30.896+0000] {processor.py:179} INFO - Processing /opt/airflow/dags/train_model_dag.py took 0.057 seconds
[2025-05-10T15:32:01.175+0000] {processor.py:157} INFO - Started process (PID=80) to work on /opt/airflow/dags/train_model_dag.py
[2025-05-10T15:32:01.176+0000] {processor.py:829} INFO - Processing file /opt/airflow/dags/train_model_dag.py for tasks to queue
[2025-05-10T15:32:01.177+0000] {logging_mixin.py:151} INFO - [2025-05-10T15:32:01.177+0000] {dagbag.py:539} INFO - Filling up the DagBag from /opt/airflow/dags/train_model_dag.py
[2025-05-10T15:32:01.186+0000] {processor.py:839} INFO - DAG(s) dict_keys(['model_training_dag']) retrieved from /opt/airflow/dags/train_model_dag.py
[2025-05-10T15:32:01.201+0000] {logging_mixin.py:151} INFO - [2025-05-10T15:32:01.201+0000] {dag.py:2915} INFO - Sync 1 DAGs
[2025-05-10T15:32:01.214+0000] {logging_mixin.py:151} INFO - [2025-05-10T15:32:01.214+0000] {dag.py:3696} INFO - Setting next_dagrun for model_training_dag to 2025-05-10T15:31:00+00:00, run_after=2025-05-10T15:32:00+00:00
[2025-05-10T15:32:01.228+0000] {processor.py:179} INFO - Processing /opt/airflow/dags/train_model_dag.py took 0.056 seconds
[2025-05-10T15:32:31.490+0000] {processor.py:157} INFO - Started process (PID=82) to work on /opt/airflow/dags/train_model_dag.py
[2025-05-10T15:32:31.491+0000] {processor.py:829} INFO - Processing file /opt/airflow/dags/train_model_dag.py for tasks to queue
[2025-05-10T15:32:31.491+0000] {logging_mixin.py:151} INFO - [2025-05-10T15:32:31.491+0000] {dagbag.py:539} INFO - Filling up the DagBag from /opt/airflow/dags/train_model_dag.py
[2025-05-10T15:32:31.498+0000] {processor.py:839} INFO - DAG(s) dict_keys(['model_training_dag']) retrieved from /opt/airflow/dags/train_model_dag.py
[2025-05-10T15:32:31.508+0000] {logging_mixin.py:151} INFO - [2025-05-10T15:32:31.508+0000] {dag.py:2915} INFO - Sync 1 DAGs
[2025-05-10T15:32:31.517+0000] {logging_mixin.py:151} INFO - [2025-05-10T15:32:31.517+0000] {dag.py:3696} INFO - Setting next_dagrun for model_training_dag to 2025-05-10T15:31:00+00:00, run_after=2025-05-10T15:32:00+00:00
[2025-05-10T15:32:31.526+0000] {processor.py:179} INFO - Processing /opt/airflow/dags/train_model_dag.py took 0.037 seconds
[2025-05-10T15:33:01.849+0000] {processor.py:157} INFO - Started process (PID=84) to work on /opt/airflow/dags/train_model_dag.py
[2025-05-10T15:33:01.850+0000] {processor.py:829} INFO - Processing file /opt/airflow/dags/train_model_dag.py for tasks to queue
[2025-05-10T15:33:01.851+0000] {logging_mixin.py:151} INFO - [2025-05-10T15:33:01.851+0000] {dagbag.py:539} INFO - Filling up the DagBag from /opt/airflow/dags/train_model_dag.py
[2025-05-10T15:33:01.864+0000] {processor.py:839} INFO - DAG(s) dict_keys(['model_training_dag']) retrieved from /opt/airflow/dags/train_model_dag.py
[2025-05-10T15:33:01.880+0000] {logging_mixin.py:151} INFO - [2025-05-10T15:33:01.880+0000] {dag.py:2915} INFO - Sync 1 DAGs
[2025-05-10T15:33:01.890+0000] {logging_mixin.py:151} INFO - [2025-05-10T15:33:01.890+0000] {dag.py:3696} INFO - Setting next_dagrun for model_training_dag to 2025-05-10T15:32:00+00:00, run_after=2025-05-10T15:33:00+00:00
[2025-05-10T15:33:01.899+0000] {processor.py:179} INFO - Processing /opt/airflow/dags/train_model_dag.py took 0.053 seconds
[2025-05-10T15:33:32.165+0000] {processor.py:157} INFO - Started process (PID=86) to work on /opt/airflow/dags/train_model_dag.py
[2025-05-10T15:33:32.166+0000] {processor.py:829} INFO - Processing file /opt/airflow/dags/train_model_dag.py for tasks to queue
[2025-05-10T15:33:32.167+0000] {logging_mixin.py:151} INFO - [2025-05-10T15:33:32.167+0000] {dagbag.py:539} INFO - Filling up the DagBag from /opt/airflow/dags/train_model_dag.py
[2025-05-10T15:33:32.180+0000] {processor.py:839} INFO - DAG(s) dict_keys(['model_training_dag']) retrieved from /opt/airflow/dags/train_model_dag.py
[2025-05-10T15:33:32.197+0000] {logging_mixin.py:151} INFO - [2025-05-10T15:33:32.197+0000] {dag.py:2915} INFO - Sync 1 DAGs
[2025-05-10T15:33:32.207+0000] {logging_mixin.py:151} INFO - [2025-05-10T15:33:32.207+0000] {dag.py:3696} INFO - Setting next_dagrun for model_training_dag to 2025-05-10T15:32:00+00:00, run_after=2025-05-10T15:33:00+00:00
[2025-05-10T15:33:32.216+0000] {processor.py:179} INFO - Processing /opt/airflow/dags/train_model_dag.py took 0.055 seconds
[2025-05-10T15:34:02.510+0000] {processor.py:157} INFO - Started process (PID=88) to work on /opt/airflow/dags/train_model_dag.py
[2025-05-10T15:34:02.511+0000] {processor.py:829} INFO - Processing file /opt/airflow/dags/train_model_dag.py for tasks to queue
[2025-05-10T15:34:02.512+0000] {logging_mixin.py:151} INFO - [2025-05-10T15:34:02.511+0000] {dagbag.py:539} INFO - Filling up the DagBag from /opt/airflow/dags/train_model_dag.py
[2025-05-10T15:34:02.524+0000] {processor.py:839} INFO - DAG(s) dict_keys(['model_training_dag']) retrieved from /opt/airflow/dags/train_model_dag.py
[2025-05-10T15:34:02.541+0000] {logging_mixin.py:151} INFO - [2025-05-10T15:34:02.541+0000] {dag.py:2915} INFO - Sync 1 DAGs
[2025-05-10T15:34:02.551+0000] {logging_mixin.py:151} INFO - [2025-05-10T15:34:02.550+0000] {dag.py:3696} INFO - Setting next_dagrun for model_training_dag to 2025-05-10T15:33:00+00:00, run_after=2025-05-10T15:34:00+00:00
[2025-05-10T15:34:02.560+0000] {processor.py:179} INFO - Processing /opt/airflow/dags/train_model_dag.py took 0.054 seconds
[2025-05-10T15:34:32.873+0000] {processor.py:157} INFO - Started process (PID=90) to work on /opt/airflow/dags/train_model_dag.py
[2025-05-10T15:34:32.874+0000] {processor.py:829} INFO - Processing file /opt/airflow/dags/train_model_dag.py for tasks to queue
[2025-05-10T15:34:32.874+0000] {logging_mixin.py:151} INFO - [2025-05-10T15:34:32.874+0000] {dagbag.py:539} INFO - Filling up the DagBag from /opt/airflow/dags/train_model_dag.py
[2025-05-10T15:34:32.886+0000] {processor.py:839} INFO - DAG(s) dict_keys(['model_training_dag']) retrieved from /opt/airflow/dags/train_model_dag.py
[2025-05-10T15:34:32.901+0000] {logging_mixin.py:151} INFO - [2025-05-10T15:34:32.901+0000] {dag.py:2915} INFO - Sync 1 DAGs
[2025-05-10T15:34:32.911+0000] {logging_mixin.py:151} INFO - [2025-05-10T15:34:32.910+0000] {dag.py:3696} INFO - Setting next_dagrun for model_training_dag to 2025-05-10T15:33:00+00:00, run_after=2025-05-10T15:34:00+00:00
[2025-05-10T15:34:32.920+0000] {processor.py:179} INFO - Processing /opt/airflow/dags/train_model_dag.py took 0.051 seconds
[2025-05-10T15:35:03.224+0000] {processor.py:157} INFO - Started process (PID=92) to work on /opt/airflow/dags/train_model_dag.py
[2025-05-10T15:35:03.225+0000] {processor.py:829} INFO - Processing file /opt/airflow/dags/train_model_dag.py for tasks to queue
[2025-05-10T15:35:03.226+0000] {logging_mixin.py:151} INFO - [2025-05-10T15:35:03.226+0000] {dagbag.py:539} INFO - Filling up the DagBag from /opt/airflow/dags/train_model_dag.py
[2025-05-10T15:35:03.236+0000] {processor.py:839} INFO - DAG(s) dict_keys(['model_training_dag']) retrieved from /opt/airflow/dags/train_model_dag.py
[2025-05-10T15:35:03.249+0000] {logging_mixin.py:151} INFO - [2025-05-10T15:35:03.249+0000] {dag.py:2915} INFO - Sync 1 DAGs
[2025-05-10T15:35:03.258+0000] {logging_mixin.py:151} INFO - [2025-05-10T15:35:03.258+0000] {dag.py:3696} INFO - Setting next_dagrun for model_training_dag to 2025-05-10T15:34:00+00:00, run_after=2025-05-10T15:35:00+00:00
[2025-05-10T15:35:03.268+0000] {processor.py:179} INFO - Processing /opt/airflow/dags/train_model_dag.py took 0.047 seconds
[2025-05-10T15:35:33.551+0000] {processor.py:157} INFO - Started process (PID=94) to work on /opt/airflow/dags/train_model_dag.py
[2025-05-10T15:35:33.552+0000] {processor.py:829} INFO - Processing file /opt/airflow/dags/train_model_dag.py for tasks to queue
[2025-05-10T15:35:33.553+0000] {logging_mixin.py:151} INFO - [2025-05-10T15:35:33.552+0000] {dagbag.py:539} INFO - Filling up the DagBag from /opt/airflow/dags/train_model_dag.py
[2025-05-10T15:35:33.565+0000] {processor.py:839} INFO - DAG(s) dict_keys(['model_training_dag']) retrieved from /opt/airflow/dags/train_model_dag.py
[2025-05-10T15:35:33.581+0000] {logging_mixin.py:151} INFO - [2025-05-10T15:35:33.581+0000] {dag.py:2915} INFO - Sync 1 DAGs
[2025-05-10T15:35:33.591+0000] {logging_mixin.py:151} INFO - [2025-05-10T15:35:33.591+0000] {dag.py:3696} INFO - Setting next_dagrun for model_training_dag to 2025-05-10T15:34:00+00:00, run_after=2025-05-10T15:35:00+00:00
[2025-05-10T15:35:33.600+0000] {processor.py:179} INFO - Processing /opt/airflow/dags/train_model_dag.py took 0.053 seconds
[2025-05-10T15:36:03.870+0000] {processor.py:157} INFO - Started process (PID=96) to work on /opt/airflow/dags/train_model_dag.py
[2025-05-10T15:36:03.872+0000] {processor.py:829} INFO - Processing file /opt/airflow/dags/train_model_dag.py for tasks to queue
[2025-05-10T15:36:03.874+0000] {logging_mixin.py:151} INFO - [2025-05-10T15:36:03.873+0000] {dagbag.py:539} INFO - Filling up the DagBag from /opt/airflow/dags/train_model_dag.py
[2025-05-10T15:36:03.889+0000] {processor.py:839} INFO - DAG(s) dict_keys(['model_training_dag']) retrieved from /opt/airflow/dags/train_model_dag.py
[2025-05-10T15:36:03.906+0000] {logging_mixin.py:151} INFO - [2025-05-10T15:36:03.905+0000] {dag.py:2915} INFO - Sync 1 DAGs
[2025-05-10T15:36:03.916+0000] {logging_mixin.py:151} INFO - [2025-05-10T15:36:03.916+0000] {dag.py:3696} INFO - Setting next_dagrun for model_training_dag to 2025-05-10T15:35:00+00:00, run_after=2025-05-10T15:36:00+00:00
[2025-05-10T15:36:03.925+0000] {processor.py:179} INFO - Processing /opt/airflow/dags/train_model_dag.py took 0.060 seconds
[2025-05-10T15:36:34.229+0000] {processor.py:157} INFO - Started process (PID=98) to work on /opt/airflow/dags/train_model_dag.py
[2025-05-10T15:36:34.229+0000] {processor.py:829} INFO - Processing file /opt/airflow/dags/train_model_dag.py for tasks to queue
[2025-05-10T15:36:34.230+0000] {logging_mixin.py:151} INFO - [2025-05-10T15:36:34.230+0000] {dagbag.py:539} INFO - Filling up the DagBag from /opt/airflow/dags/train_model_dag.py
[2025-05-10T15:36:34.241+0000] {processor.py:839} INFO - DAG(s) dict_keys(['model_training_dag']) retrieved from /opt/airflow/dags/train_model_dag.py
[2025-05-10T15:36:34.254+0000] {logging_mixin.py:151} INFO - [2025-05-10T15:36:34.254+0000] {dag.py:2915} INFO - Sync 1 DAGs
[2025-05-10T15:36:34.264+0000] {logging_mixin.py:151} INFO - [2025-05-10T15:36:34.264+0000] {dag.py:3696} INFO - Setting next_dagrun for model_training_dag to 2025-05-10T15:35:00+00:00, run_after=2025-05-10T15:36:00+00:00
[2025-05-10T15:36:34.273+0000] {processor.py:179} INFO - Processing /opt/airflow/dags/train_model_dag.py took 0.047 seconds
[2025-05-10T15:37:04.572+0000] {processor.py:157} INFO - Started process (PID=100) to work on /opt/airflow/dags/train_model_dag.py
[2025-05-10T15:37:04.574+0000] {processor.py:829} INFO - Processing file /opt/airflow/dags/train_model_dag.py for tasks to queue
[2025-05-10T15:37:04.575+0000] {logging_mixin.py:151} INFO - [2025-05-10T15:37:04.574+0000] {dagbag.py:539} INFO - Filling up the DagBag from /opt/airflow/dags/train_model_dag.py
[2025-05-10T15:37:04.587+0000] {processor.py:839} INFO - DAG(s) dict_keys(['model_training_dag']) retrieved from /opt/airflow/dags/train_model_dag.py
[2025-05-10T15:37:04.603+0000] {logging_mixin.py:151} INFO - [2025-05-10T15:37:04.603+0000] {dag.py:2915} INFO - Sync 1 DAGs
[2025-05-10T15:37:04.613+0000] {logging_mixin.py:151} INFO - [2025-05-10T15:37:04.612+0000] {dag.py:3696} INFO - Setting next_dagrun for model_training_dag to 2025-05-10T15:36:00+00:00, run_after=2025-05-10T15:37:00+00:00
[2025-05-10T15:37:04.621+0000] {processor.py:179} INFO - Processing /opt/airflow/dags/train_model_dag.py took 0.052 seconds
[2025-05-10T15:37:34.924+0000] {processor.py:157} INFO - Started process (PID=102) to work on /opt/airflow/dags/train_model_dag.py
[2025-05-10T15:37:34.925+0000] {processor.py:829} INFO - Processing file /opt/airflow/dags/train_model_dag.py for tasks to queue
[2025-05-10T15:37:34.926+0000] {logging_mixin.py:151} INFO - [2025-05-10T15:37:34.925+0000] {dagbag.py:539} INFO - Filling up the DagBag from /opt/airflow/dags/train_model_dag.py
[2025-05-10T15:37:34.939+0000] {processor.py:839} INFO - DAG(s) dict_keys(['model_training_dag']) retrieved from /opt/airflow/dags/train_model_dag.py
[2025-05-10T15:37:34.957+0000] {logging_mixin.py:151} INFO - [2025-05-10T15:37:34.957+0000] {dag.py:2915} INFO - Sync 1 DAGs
[2025-05-10T15:37:34.967+0000] {logging_mixin.py:151} INFO - [2025-05-10T15:37:34.967+0000] {dag.py:3696} INFO - Setting next_dagrun for model_training_dag to 2025-05-10T15:36:00+00:00, run_after=2025-05-10T15:37:00+00:00
[2025-05-10T15:37:34.976+0000] {processor.py:179} INFO - Processing /opt/airflow/dags/train_model_dag.py took 0.056 seconds
[2025-05-10T15:38:05.267+0000] {processor.py:157} INFO - Started process (PID=104) to work on /opt/airflow/dags/train_model_dag.py
[2025-05-10T15:38:05.268+0000] {processor.py:829} INFO - Processing file /opt/airflow/dags/train_model_dag.py for tasks to queue
[2025-05-10T15:38:05.269+0000] {logging_mixin.py:151} INFO - [2025-05-10T15:38:05.269+0000] {dagbag.py:539} INFO - Filling up the DagBag from /opt/airflow/dags/train_model_dag.py
[2025-05-10T15:38:05.282+0000] {processor.py:839} INFO - DAG(s) dict_keys(['model_training_dag']) retrieved from /opt/airflow/dags/train_model_dag.py
[2025-05-10T15:38:05.305+0000] {logging_mixin.py:151} INFO - [2025-05-10T15:38:05.305+0000] {dag.py:2915} INFO - Sync 1 DAGs
[2025-05-10T15:38:05.323+0000] {logging_mixin.py:151} INFO - [2025-05-10T15:38:05.323+0000] {dag.py:3696} INFO - Setting next_dagrun for model_training_dag to 2025-05-10T15:37:00+00:00, run_after=2025-05-10T15:38:00+00:00
[2025-05-10T15:38:05.343+0000] {processor.py:179} INFO - Processing /opt/airflow/dags/train_model_dag.py took 0.078 seconds
[2025-05-10T15:38:35.581+0000] {processor.py:157} INFO - Started process (PID=106) to work on /opt/airflow/dags/train_model_dag.py
[2025-05-10T15:38:35.582+0000] {processor.py:829} INFO - Processing file /opt/airflow/dags/train_model_dag.py for tasks to queue
[2025-05-10T15:38:35.583+0000] {logging_mixin.py:151} INFO - [2025-05-10T15:38:35.583+0000] {dagbag.py:539} INFO - Filling up the DagBag from /opt/airflow/dags/train_model_dag.py
[2025-05-10T15:38:35.598+0000] {processor.py:839} INFO - DAG(s) dict_keys(['model_training_dag']) retrieved from /opt/airflow/dags/train_model_dag.py
[2025-05-10T15:38:35.615+0000] {logging_mixin.py:151} INFO - [2025-05-10T15:38:35.615+0000] {dag.py:2915} INFO - Sync 1 DAGs
[2025-05-10T15:38:35.626+0000] {logging_mixin.py:151} INFO - [2025-05-10T15:38:35.626+0000] {dag.py:3696} INFO - Setting next_dagrun for model_training_dag to 2025-05-10T15:37:00+00:00, run_after=2025-05-10T15:38:00+00:00
[2025-05-10T15:38:35.635+0000] {processor.py:179} INFO - Processing /opt/airflow/dags/train_model_dag.py took 0.057 seconds
[2025-05-10T15:39:05.908+0000] {processor.py:157} INFO - Started process (PID=108) to work on /opt/airflow/dags/train_model_dag.py
[2025-05-10T15:39:05.909+0000] {processor.py:829} INFO - Processing file /opt/airflow/dags/train_model_dag.py for tasks to queue
[2025-05-10T15:39:05.910+0000] {logging_mixin.py:151} INFO - [2025-05-10T15:39:05.910+0000] {dagbag.py:539} INFO - Filling up the DagBag from /opt/airflow/dags/train_model_dag.py
[2025-05-10T15:39:05.924+0000] {processor.py:839} INFO - DAG(s) dict_keys(['model_training_dag']) retrieved from /opt/airflow/dags/train_model_dag.py
[2025-05-10T15:39:05.940+0000] {logging_mixin.py:151} INFO - [2025-05-10T15:39:05.940+0000] {dag.py:2915} INFO - Sync 1 DAGs
[2025-05-10T15:39:05.950+0000] {logging_mixin.py:151} INFO - [2025-05-10T15:39:05.950+0000] {dag.py:3696} INFO - Setting next_dagrun for model_training_dag to 2025-05-10T15:38:00+00:00, run_after=2025-05-10T15:39:00+00:00
[2025-05-10T15:39:05.960+0000] {processor.py:179} INFO - Processing /opt/airflow/dags/train_model_dag.py took 0.055 seconds
[2025-05-10T15:39:36.238+0000] {processor.py:157} INFO - Started process (PID=110) to work on /opt/airflow/dags/train_model_dag.py
[2025-05-10T15:39:36.238+0000] {processor.py:829} INFO - Processing file /opt/airflow/dags/train_model_dag.py for tasks to queue
[2025-05-10T15:39:36.239+0000] {logging_mixin.py:151} INFO - [2025-05-10T15:39:36.239+0000] {dagbag.py:539} INFO - Filling up the DagBag from /opt/airflow/dags/train_model_dag.py
[2025-05-10T15:39:36.246+0000] {processor.py:839} INFO - DAG(s) dict_keys(['model_training_dag']) retrieved from /opt/airflow/dags/train_model_dag.py
[2025-05-10T15:39:36.258+0000] {logging_mixin.py:151} INFO - [2025-05-10T15:39:36.258+0000] {dag.py:2915} INFO - Sync 1 DAGs
[2025-05-10T15:39:36.267+0000] {logging_mixin.py:151} INFO - [2025-05-10T15:39:36.267+0000] {dag.py:3696} INFO - Setting next_dagrun for model_training_dag to 2025-05-10T15:38:00+00:00, run_after=2025-05-10T15:39:00+00:00
[2025-05-10T15:39:36.276+0000] {processor.py:179} INFO - Processing /opt/airflow/dags/train_model_dag.py took 0.040 seconds
[2025-05-10T15:40:06.547+0000] {processor.py:157} INFO - Started process (PID=112) to work on /opt/airflow/dags/train_model_dag.py
[2025-05-10T15:40:06.547+0000] {processor.py:829} INFO - Processing file /opt/airflow/dags/train_model_dag.py for tasks to queue
[2025-05-10T15:40:06.548+0000] {logging_mixin.py:151} INFO - [2025-05-10T15:40:06.548+0000] {dagbag.py:539} INFO - Filling up the DagBag from /opt/airflow/dags/train_model_dag.py
[2025-05-10T15:40:06.560+0000] {processor.py:839} INFO - DAG(s) dict_keys(['model_training_dag']) retrieved from /opt/airflow/dags/train_model_dag.py
[2025-05-10T15:40:06.576+0000] {logging_mixin.py:151} INFO - [2025-05-10T15:40:06.576+0000] {dag.py:2915} INFO - Sync 1 DAGs
[2025-05-10T15:40:06.587+0000] {logging_mixin.py:151} INFO - [2025-05-10T15:40:06.587+0000] {dag.py:3696} INFO - Setting next_dagrun for model_training_dag to 2025-05-10T15:39:00+00:00, run_after=2025-05-10T15:40:00+00:00
[2025-05-10T15:40:06.596+0000] {processor.py:179} INFO - Processing /opt/airflow/dags/train_model_dag.py took 0.053 seconds
[2025-05-10T15:40:36.883+0000] {processor.py:157} INFO - Started process (PID=114) to work on /opt/airflow/dags/train_model_dag.py
[2025-05-10T15:40:36.884+0000] {processor.py:829} INFO - Processing file /opt/airflow/dags/train_model_dag.py for tasks to queue
[2025-05-10T15:40:36.884+0000] {logging_mixin.py:151} INFO - [2025-05-10T15:40:36.884+0000] {dagbag.py:539} INFO - Filling up the DagBag from /opt/airflow/dags/train_model_dag.py
[2025-05-10T15:40:36.896+0000] {processor.py:839} INFO - DAG(s) dict_keys(['model_training_dag']) retrieved from /opt/airflow/dags/train_model_dag.py
[2025-05-10T15:40:36.910+0000] {logging_mixin.py:151} INFO - [2025-05-10T15:40:36.910+0000] {dag.py:2915} INFO - Sync 1 DAGs
[2025-05-10T15:40:36.920+0000] {logging_mixin.py:151} INFO - [2025-05-10T15:40:36.920+0000] {dag.py:3696} INFO - Setting next_dagrun for model_training_dag to 2025-05-10T15:39:00+00:00, run_after=2025-05-10T15:40:00+00:00
[2025-05-10T15:40:36.930+0000] {processor.py:179} INFO - Processing /opt/airflow/dags/train_model_dag.py took 0.050 seconds
[2025-05-10T15:41:07.236+0000] {processor.py:157} INFO - Started process (PID=116) to work on /opt/airflow/dags/train_model_dag.py
[2025-05-10T15:41:07.237+0000] {processor.py:829} INFO - Processing file /opt/airflow/dags/train_model_dag.py for tasks to queue
[2025-05-10T15:41:07.238+0000] {logging_mixin.py:151} INFO - [2025-05-10T15:41:07.237+0000] {dagbag.py:539} INFO - Filling up the DagBag from /opt/airflow/dags/train_model_dag.py
[2025-05-10T15:41:07.253+0000] {processor.py:839} INFO - DAG(s) dict_keys(['model_training_dag']) retrieved from /opt/airflow/dags/train_model_dag.py
[2025-05-10T15:41:07.269+0000] {logging_mixin.py:151} INFO - [2025-05-10T15:41:07.269+0000] {dag.py:2915} INFO - Sync 1 DAGs
[2025-05-10T15:41:07.280+0000] {logging_mixin.py:151} INFO - [2025-05-10T15:41:07.280+0000] {dag.py:3696} INFO - Setting next_dagrun for model_training_dag to 2025-05-10T15:40:00+00:00, run_after=2025-05-10T15:41:00+00:00
[2025-05-10T15:41:07.290+0000] {processor.py:179} INFO - Processing /opt/airflow/dags/train_model_dag.py took 0.059 seconds
[2025-05-10T15:41:37.562+0000] {processor.py:157} INFO - Started process (PID=118) to work on /opt/airflow/dags/train_model_dag.py
[2025-05-10T15:41:37.563+0000] {processor.py:829} INFO - Processing file /opt/airflow/dags/train_model_dag.py for tasks to queue
[2025-05-10T15:41:37.564+0000] {logging_mixin.py:151} INFO - [2025-05-10T15:41:37.564+0000] {dagbag.py:539} INFO - Filling up the DagBag from /opt/airflow/dags/train_model_dag.py
[2025-05-10T15:41:37.575+0000] {processor.py:839} INFO - DAG(s) dict_keys(['model_training_dag']) retrieved from /opt/airflow/dags/train_model_dag.py
[2025-05-10T15:41:37.591+0000] {logging_mixin.py:151} INFO - [2025-05-10T15:41:37.591+0000] {dag.py:2915} INFO - Sync 1 DAGs
[2025-05-10T15:41:37.602+0000] {logging_mixin.py:151} INFO - [2025-05-10T15:41:37.602+0000] {dag.py:3696} INFO - Setting next_dagrun for model_training_dag to 2025-05-10T15:40:00+00:00, run_after=2025-05-10T15:41:00+00:00
[2025-05-10T15:41:37.612+0000] {processor.py:179} INFO - Processing /opt/airflow/dags/train_model_dag.py took 0.053 seconds
[2025-05-10T15:42:07.788+0000] {processor.py:157} INFO - Started process (PID=120) to work on /opt/airflow/dags/train_model_dag.py
[2025-05-10T15:42:07.790+0000] {processor.py:829} INFO - Processing file /opt/airflow/dags/train_model_dag.py for tasks to queue
[2025-05-10T15:42:07.792+0000] {logging_mixin.py:151} INFO - [2025-05-10T15:42:07.791+0000] {dagbag.py:539} INFO - Filling up the DagBag from /opt/airflow/dags/train_model_dag.py
[2025-05-10T15:42:07.807+0000] {processor.py:839} INFO - DAG(s) dict_keys(['model_training_dag']) retrieved from /opt/airflow/dags/train_model_dag.py
[2025-05-10T15:42:07.825+0000] {logging_mixin.py:151} INFO - [2025-05-10T15:42:07.825+0000] {dag.py:2915} INFO - Sync 1 DAGs
[2025-05-10T15:42:07.836+0000] {logging_mixin.py:151} INFO - [2025-05-10T15:42:07.836+0000] {dag.py:3696} INFO - Setting next_dagrun for model_training_dag to 2025-05-10T15:41:00+00:00, run_after=2025-05-10T15:42:00+00:00
[2025-05-10T15:42:07.845+0000] {processor.py:179} INFO - Processing /opt/airflow/dags/train_model_dag.py took 0.061 seconds
[2025-05-10T15:42:38.005+0000] {processor.py:157} INFO - Started process (PID=122) to work on /opt/airflow/dags/train_model_dag.py
[2025-05-10T15:42:38.006+0000] {processor.py:829} INFO - Processing file /opt/airflow/dags/train_model_dag.py for tasks to queue
[2025-05-10T15:42:38.006+0000] {logging_mixin.py:151} INFO - [2025-05-10T15:42:38.006+0000] {dagbag.py:539} INFO - Filling up the DagBag from /opt/airflow/dags/train_model_dag.py
[2025-05-10T15:42:38.017+0000] {processor.py:839} INFO - DAG(s) dict_keys(['model_training_dag']) retrieved from /opt/airflow/dags/train_model_dag.py
[2025-05-10T15:42:38.032+0000] {logging_mixin.py:151} INFO - [2025-05-10T15:42:38.032+0000] {dag.py:2915} INFO - Sync 1 DAGs
[2025-05-10T15:42:38.043+0000] {logging_mixin.py:151} INFO - [2025-05-10T15:42:38.043+0000] {dag.py:3696} INFO - Setting next_dagrun for model_training_dag to 2025-05-10T15:41:00+00:00, run_after=2025-05-10T15:42:00+00:00
[2025-05-10T15:42:38.116+0000] {processor.py:179} INFO - Processing /opt/airflow/dags/train_model_dag.py took 0.114 seconds
[2025-05-10T15:43:08.310+0000] {processor.py:157} INFO - Started process (PID=124) to work on /opt/airflow/dags/train_model_dag.py
[2025-05-10T15:43:08.312+0000] {processor.py:829} INFO - Processing file /opt/airflow/dags/train_model_dag.py for tasks to queue
[2025-05-10T15:43:08.313+0000] {logging_mixin.py:151} INFO - [2025-05-10T15:43:08.312+0000] {dagbag.py:539} INFO - Filling up the DagBag from /opt/airflow/dags/train_model_dag.py
[2025-05-10T15:43:08.329+0000] {processor.py:839} INFO - DAG(s) dict_keys(['model_training_dag']) retrieved from /opt/airflow/dags/train_model_dag.py
[2025-05-10T15:43:08.342+0000] {logging_mixin.py:151} INFO - [2025-05-10T15:43:08.342+0000] {dag.py:2915} INFO - Sync 1 DAGs
[2025-05-10T15:43:08.352+0000] {logging_mixin.py:151} INFO - [2025-05-10T15:43:08.352+0000] {dag.py:3696} INFO - Setting next_dagrun for model_training_dag to 2025-05-10T15:42:00+00:00, run_after=2025-05-10T15:43:00+00:00
[2025-05-10T15:43:08.361+0000] {processor.py:179} INFO - Processing /opt/airflow/dags/train_model_dag.py took 0.055 seconds
[2025-05-10T15:43:38.510+0000] {processor.py:157} INFO - Started process (PID=126) to work on /opt/airflow/dags/train_model_dag.py
[2025-05-10T15:43:38.511+0000] {processor.py:829} INFO - Processing file /opt/airflow/dags/train_model_dag.py for tasks to queue
[2025-05-10T15:43:38.513+0000] {logging_mixin.py:151} INFO - [2025-05-10T15:43:38.512+0000] {dagbag.py:539} INFO - Filling up the DagBag from /opt/airflow/dags/train_model_dag.py
[2025-05-10T15:43:38.532+0000] {processor.py:839} INFO - DAG(s) dict_keys(['model_training_dag']) retrieved from /opt/airflow/dags/train_model_dag.py
[2025-05-10T15:43:38.549+0000] {logging_mixin.py:151} INFO - [2025-05-10T15:43:38.549+0000] {dag.py:2915} INFO - Sync 1 DAGs
[2025-05-10T15:43:38.559+0000] {logging_mixin.py:151} INFO - [2025-05-10T15:43:38.559+0000] {dag.py:3696} INFO - Setting next_dagrun for model_training_dag to 2025-05-10T15:42:00+00:00, run_after=2025-05-10T15:43:00+00:00
[2025-05-10T15:43:38.569+0000] {processor.py:179} INFO - Processing /opt/airflow/dags/train_model_dag.py took 0.064 seconds
[2025-05-10T15:44:08.721+0000] {processor.py:157} INFO - Started process (PID=128) to work on /opt/airflow/dags/train_model_dag.py
[2025-05-10T15:44:08.722+0000] {processor.py:829} INFO - Processing file /opt/airflow/dags/train_model_dag.py for tasks to queue
[2025-05-10T15:44:08.723+0000] {logging_mixin.py:151} INFO - [2025-05-10T15:44:08.723+0000] {dagbag.py:539} INFO - Filling up the DagBag from /opt/airflow/dags/train_model_dag.py
[2025-05-10T15:44:08.737+0000] {processor.py:839} INFO - DAG(s) dict_keys(['model_training_dag']) retrieved from /opt/airflow/dags/train_model_dag.py
[2025-05-10T15:44:08.752+0000] {logging_mixin.py:151} INFO - [2025-05-10T15:44:08.752+0000] {dag.py:2915} INFO - Sync 1 DAGs
[2025-05-10T15:44:08.764+0000] {logging_mixin.py:151} INFO - [2025-05-10T15:44:08.763+0000] {dag.py:3696} INFO - Setting next_dagrun for model_training_dag to 2025-05-10T15:43:00+00:00, run_after=2025-05-10T15:44:00+00:00
[2025-05-10T15:44:08.773+0000] {processor.py:179} INFO - Processing /opt/airflow/dags/train_model_dag.py took 0.056 seconds
[2025-05-10T15:44:38.907+0000] {processor.py:157} INFO - Started process (PID=130) to work on /opt/airflow/dags/train_model_dag.py
[2025-05-10T15:44:38.911+0000] {processor.py:829} INFO - Processing file /opt/airflow/dags/train_model_dag.py for tasks to queue
[2025-05-10T15:44:38.911+0000] {logging_mixin.py:151} INFO - [2025-05-10T15:44:38.911+0000] {dagbag.py:539} INFO - Filling up the DagBag from /opt/airflow/dags/train_model_dag.py
[2025-05-10T15:44:38.921+0000] {processor.py:839} INFO - DAG(s) dict_keys(['model_training_dag']) retrieved from /opt/airflow/dags/train_model_dag.py
[2025-05-10T15:44:38.934+0000] {logging_mixin.py:151} INFO - [2025-05-10T15:44:38.934+0000] {dag.py:2915} INFO - Sync 1 DAGs
[2025-05-10T15:44:38.943+0000] {logging_mixin.py:151} INFO - [2025-05-10T15:44:38.943+0000] {dag.py:3696} INFO - Setting next_dagrun for model_training_dag to 2025-05-10T15:43:00+00:00, run_after=2025-05-10T15:44:00+00:00
[2025-05-10T15:44:38.953+0000] {processor.py:179} INFO - Processing /opt/airflow/dags/train_model_dag.py took 0.048 seconds
[2025-05-10T15:45:09.132+0000] {processor.py:157} INFO - Started process (PID=132) to work on /opt/airflow/dags/train_model_dag.py
[2025-05-10T15:45:09.133+0000] {processor.py:829} INFO - Processing file /opt/airflow/dags/train_model_dag.py for tasks to queue
[2025-05-10T15:45:09.134+0000] {logging_mixin.py:151} INFO - [2025-05-10T15:45:09.134+0000] {dagbag.py:539} INFO - Filling up the DagBag from /opt/airflow/dags/train_model_dag.py
[2025-05-10T15:45:09.150+0000] {processor.py:839} INFO - DAG(s) dict_keys(['model_training_dag']) retrieved from /opt/airflow/dags/train_model_dag.py
[2025-05-10T15:45:09.165+0000] {logging_mixin.py:151} INFO - [2025-05-10T15:45:09.165+0000] {dag.py:2915} INFO - Sync 1 DAGs
[2025-05-10T15:45:09.176+0000] {logging_mixin.py:151} INFO - [2025-05-10T15:45:09.176+0000] {dag.py:3696} INFO - Setting next_dagrun for model_training_dag to 2025-05-10T15:44:00+00:00, run_after=2025-05-10T15:45:00+00:00
[2025-05-10T15:45:09.184+0000] {processor.py:179} INFO - Processing /opt/airflow/dags/train_model_dag.py took 0.057 seconds
[2025-05-10T15:45:39.308+0000] {processor.py:157} INFO - Started process (PID=134) to work on /opt/airflow/dags/train_model_dag.py
[2025-05-10T15:45:39.309+0000] {processor.py:829} INFO - Processing file /opt/airflow/dags/train_model_dag.py for tasks to queue
[2025-05-10T15:45:39.309+0000] {logging_mixin.py:151} INFO - [2025-05-10T15:45:39.309+0000] {dagbag.py:539} INFO - Filling up the DagBag from /opt/airflow/dags/train_model_dag.py
[2025-05-10T15:45:39.320+0000] {processor.py:839} INFO - DAG(s) dict_keys(['model_training_dag']) retrieved from /opt/airflow/dags/train_model_dag.py
[2025-05-10T15:45:39.336+0000] {logging_mixin.py:151} INFO - [2025-05-10T15:45:39.336+0000] {dag.py:2915} INFO - Sync 1 DAGs
[2025-05-10T15:45:39.348+0000] {logging_mixin.py:151} INFO - [2025-05-10T15:45:39.347+0000] {dag.py:3696} INFO - Setting next_dagrun for model_training_dag to 2025-05-10T15:44:00+00:00, run_after=2025-05-10T15:45:00+00:00
[2025-05-10T15:45:39.356+0000] {processor.py:179} INFO - Processing /opt/airflow/dags/train_model_dag.py took 0.051 seconds
[2025-05-10T15:46:09.503+0000] {processor.py:157} INFO - Started process (PID=136) to work on /opt/airflow/dags/train_model_dag.py
[2025-05-10T15:46:09.504+0000] {processor.py:829} INFO - Processing file /opt/airflow/dags/train_model_dag.py for tasks to queue
[2025-05-10T15:46:09.505+0000] {logging_mixin.py:151} INFO - [2025-05-10T15:46:09.504+0000] {dagbag.py:539} INFO - Filling up the DagBag from /opt/airflow/dags/train_model_dag.py
[2025-05-10T15:46:09.516+0000] {processor.py:839} INFO - DAG(s) dict_keys(['model_training_dag']) retrieved from /opt/airflow/dags/train_model_dag.py
[2025-05-10T15:46:09.535+0000] {logging_mixin.py:151} INFO - [2025-05-10T15:46:09.535+0000] {dag.py:2915} INFO - Sync 1 DAGs
[2025-05-10T15:46:09.545+0000] {logging_mixin.py:151} INFO - [2025-05-10T15:46:09.545+0000] {dag.py:3696} INFO - Setting next_dagrun for model_training_dag to 2025-05-10T15:45:00+00:00, run_after=2025-05-10T15:46:00+00:00
[2025-05-10T15:46:09.558+0000] {processor.py:179} INFO - Processing /opt/airflow/dags/train_model_dag.py took 0.058 seconds
[2025-05-10T15:46:39.706+0000] {processor.py:157} INFO - Started process (PID=138) to work on /opt/airflow/dags/train_model_dag.py
[2025-05-10T15:46:39.706+0000] {processor.py:829} INFO - Processing file /opt/airflow/dags/train_model_dag.py for tasks to queue
[2025-05-10T15:46:39.707+0000] {logging_mixin.py:151} INFO - [2025-05-10T15:46:39.707+0000] {dagbag.py:539} INFO - Filling up the DagBag from /opt/airflow/dags/train_model_dag.py
[2025-05-10T15:46:39.717+0000] {processor.py:839} INFO - DAG(s) dict_keys(['model_training_dag']) retrieved from /opt/airflow/dags/train_model_dag.py
[2025-05-10T15:46:39.729+0000] {logging_mixin.py:151} INFO - [2025-05-10T15:46:39.729+0000] {dag.py:2915} INFO - Sync 1 DAGs
[2025-05-10T15:46:39.739+0000] {logging_mixin.py:151} INFO - [2025-05-10T15:46:39.739+0000] {dag.py:3696} INFO - Setting next_dagrun for model_training_dag to 2025-05-10T15:45:00+00:00, run_after=2025-05-10T15:46:00+00:00
[2025-05-10T15:46:39.748+0000] {processor.py:179} INFO - Processing /opt/airflow/dags/train_model_dag.py took 0.045 seconds
[2025-05-10T15:47:09.920+0000] {processor.py:157} INFO - Started process (PID=140) to work on /opt/airflow/dags/train_model_dag.py
[2025-05-10T15:47:09.922+0000] {processor.py:829} INFO - Processing file /opt/airflow/dags/train_model_dag.py for tasks to queue
[2025-05-10T15:47:09.922+0000] {logging_mixin.py:151} INFO - [2025-05-10T15:47:09.922+0000] {dagbag.py:539} INFO - Filling up the DagBag from /opt/airflow/dags/train_model_dag.py
[2025-05-10T15:47:09.936+0000] {processor.py:839} INFO - DAG(s) dict_keys(['model_training_dag']) retrieved from /opt/airflow/dags/train_model_dag.py
[2025-05-10T15:47:09.954+0000] {logging_mixin.py:151} INFO - [2025-05-10T15:47:09.954+0000] {dag.py:2915} INFO - Sync 1 DAGs
[2025-05-10T15:47:09.964+0000] {logging_mixin.py:151} INFO - [2025-05-10T15:47:09.963+0000] {dag.py:3696} INFO - Setting next_dagrun for model_training_dag to 2025-05-10T15:46:00+00:00, run_after=2025-05-10T15:47:00+00:00
[2025-05-10T15:47:09.972+0000] {processor.py:179} INFO - Processing /opt/airflow/dags/train_model_dag.py took 0.056 seconds
[2025-05-10T15:47:40.163+0000] {processor.py:157} INFO - Started process (PID=142) to work on /opt/airflow/dags/train_model_dag.py
[2025-05-10T15:47:40.164+0000] {processor.py:829} INFO - Processing file /opt/airflow/dags/train_model_dag.py for tasks to queue
[2025-05-10T15:47:40.165+0000] {logging_mixin.py:151} INFO - [2025-05-10T15:47:40.165+0000] {dagbag.py:539} INFO - Filling up the DagBag from /opt/airflow/dags/train_model_dag.py
[2025-05-10T15:47:40.201+0000] {processor.py:839} INFO - DAG(s) dict_keys(['model_training_dag']) retrieved from /opt/airflow/dags/train_model_dag.py
[2025-05-10T15:47:40.230+0000] {logging_mixin.py:151} INFO - [2025-05-10T15:47:40.230+0000] {dag.py:2915} INFO - Sync 1 DAGs
[2025-05-10T15:47:40.251+0000] {logging_mixin.py:151} INFO - [2025-05-10T15:47:40.251+0000] {dag.py:3696} INFO - Setting next_dagrun for model_training_dag to 2025-05-10T15:46:00+00:00, run_after=2025-05-10T15:47:00+00:00
[2025-05-10T15:47:40.324+0000] {processor.py:179} INFO - Processing /opt/airflow/dags/train_model_dag.py took 0.172 seconds
[2025-05-10T15:48:10.452+0000] {processor.py:157} INFO - Started process (PID=144) to work on /opt/airflow/dags/train_model_dag.py
[2025-05-10T15:48:10.453+0000] {processor.py:829} INFO - Processing file /opt/airflow/dags/train_model_dag.py for tasks to queue
[2025-05-10T15:48:10.455+0000] {logging_mixin.py:151} INFO - [2025-05-10T15:48:10.454+0000] {dagbag.py:539} INFO - Filling up the DagBag from /opt/airflow/dags/train_model_dag.py
[2025-05-10T15:48:10.474+0000] {processor.py:839} INFO - DAG(s) dict_keys(['model_training_dag']) retrieved from /opt/airflow/dags/train_model_dag.py
[2025-05-10T15:48:10.512+0000] {logging_mixin.py:151} INFO - [2025-05-10T15:48:10.512+0000] {dag.py:2915} INFO - Sync 1 DAGs
[2025-05-10T15:48:10.524+0000] {logging_mixin.py:151} INFO - [2025-05-10T15:48:10.524+0000] {dag.py:3696} INFO - Setting next_dagrun for model_training_dag to 2025-05-10T15:47:00+00:00, run_after=2025-05-10T15:48:00+00:00
[2025-05-10T15:48:10.535+0000] {processor.py:179} INFO - Processing /opt/airflow/dags/train_model_dag.py took 0.091 seconds
[2025-05-10T15:48:40.661+0000] {processor.py:157} INFO - Started process (PID=146) to work on /opt/airflow/dags/train_model_dag.py
[2025-05-10T15:48:40.662+0000] {processor.py:829} INFO - Processing file /opt/airflow/dags/train_model_dag.py for tasks to queue
[2025-05-10T15:48:40.663+0000] {logging_mixin.py:151} INFO - [2025-05-10T15:48:40.663+0000] {dagbag.py:539} INFO - Filling up the DagBag from /opt/airflow/dags/train_model_dag.py
[2025-05-10T15:48:40.676+0000] {processor.py:839} INFO - DAG(s) dict_keys(['model_training_dag']) retrieved from /opt/airflow/dags/train_model_dag.py
[2025-05-10T15:48:40.696+0000] {logging_mixin.py:151} INFO - [2025-05-10T15:48:40.696+0000] {dag.py:2915} INFO - Sync 1 DAGs
[2025-05-10T15:48:40.709+0000] {logging_mixin.py:151} INFO - [2025-05-10T15:48:40.709+0000] {dag.py:3696} INFO - Setting next_dagrun for model_training_dag to 2025-05-10T15:47:00+00:00, run_after=2025-05-10T15:48:00+00:00
[2025-05-10T15:48:40.718+0000] {processor.py:179} INFO - Processing /opt/airflow/dags/train_model_dag.py took 0.060 seconds
[2025-05-10T15:49:10.851+0000] {processor.py:157} INFO - Started process (PID=148) to work on /opt/airflow/dags/train_model_dag.py
[2025-05-10T15:49:10.852+0000] {processor.py:829} INFO - Processing file /opt/airflow/dags/train_model_dag.py for tasks to queue
[2025-05-10T15:49:10.853+0000] {logging_mixin.py:151} INFO - [2025-05-10T15:49:10.852+0000] {dagbag.py:539} INFO - Filling up the DagBag from /opt/airflow/dags/train_model_dag.py
[2025-05-10T15:49:10.865+0000] {processor.py:839} INFO - DAG(s) dict_keys(['model_training_dag']) retrieved from /opt/airflow/dags/train_model_dag.py
[2025-05-10T15:49:10.880+0000] {logging_mixin.py:151} INFO - [2025-05-10T15:49:10.880+0000] {dag.py:2915} INFO - Sync 1 DAGs
[2025-05-10T15:49:10.891+0000] {logging_mixin.py:151} INFO - [2025-05-10T15:49:10.891+0000] {dag.py:3696} INFO - Setting next_dagrun for model_training_dag to 2025-05-10T15:48:00+00:00, run_after=2025-05-10T15:49:00+00:00
[2025-05-10T15:49:10.904+0000] {processor.py:179} INFO - Processing /opt/airflow/dags/train_model_dag.py took 0.055 seconds
[2025-05-10T15:49:41.047+0000] {processor.py:157} INFO - Started process (PID=150) to work on /opt/airflow/dags/train_model_dag.py
[2025-05-10T15:49:41.047+0000] {processor.py:829} INFO - Processing file /opt/airflow/dags/train_model_dag.py for tasks to queue
[2025-05-10T15:49:41.048+0000] {logging_mixin.py:151} INFO - [2025-05-10T15:49:41.048+0000] {dagbag.py:539} INFO - Filling up the DagBag from /opt/airflow/dags/train_model_dag.py
[2025-05-10T15:49:41.055+0000] {processor.py:839} INFO - DAG(s) dict_keys(['model_training_dag']) retrieved from /opt/airflow/dags/train_model_dag.py
[2025-05-10T15:49:41.067+0000] {logging_mixin.py:151} INFO - [2025-05-10T15:49:41.067+0000] {dag.py:2915} INFO - Sync 1 DAGs
[2025-05-10T15:49:41.083+0000] {logging_mixin.py:151} INFO - [2025-05-10T15:49:41.083+0000] {dag.py:3696} INFO - Setting next_dagrun for model_training_dag to 2025-05-10T15:48:00+00:00, run_after=2025-05-10T15:49:00+00:00
[2025-05-10T15:49:41.098+0000] {processor.py:179} INFO - Processing /opt/airflow/dags/train_model_dag.py took 0.053 seconds
[2025-05-10T15:50:11.220+0000] {processor.py:157} INFO - Started process (PID=152) to work on /opt/airflow/dags/train_model_dag.py
[2025-05-10T15:50:11.220+0000] {processor.py:829} INFO - Processing file /opt/airflow/dags/train_model_dag.py for tasks to queue
[2025-05-10T15:50:11.221+0000] {logging_mixin.py:151} INFO - [2025-05-10T15:50:11.221+0000] {dagbag.py:539} INFO - Filling up the DagBag from /opt/airflow/dags/train_model_dag.py
[2025-05-10T15:50:11.227+0000] {processor.py:839} INFO - DAG(s) dict_keys(['model_training_dag']) retrieved from /opt/airflow/dags/train_model_dag.py
[2025-05-10T15:50:11.239+0000] {logging_mixin.py:151} INFO - [2025-05-10T15:50:11.239+0000] {dag.py:2915} INFO - Sync 1 DAGs
[2025-05-10T15:50:11.249+0000] {logging_mixin.py:151} INFO - [2025-05-10T15:50:11.249+0000] {dag.py:3696} INFO - Setting next_dagrun for model_training_dag to 2025-05-10T15:49:00+00:00, run_after=2025-05-10T15:50:00+00:00
[2025-05-10T15:50:11.258+0000] {processor.py:179} INFO - Processing /opt/airflow/dags/train_model_dag.py took 0.040 seconds
[2025-05-10T15:50:41.389+0000] {processor.py:157} INFO - Started process (PID=154) to work on /opt/airflow/dags/train_model_dag.py
[2025-05-10T15:50:41.389+0000] {processor.py:829} INFO - Processing file /opt/airflow/dags/train_model_dag.py for tasks to queue
[2025-05-10T15:50:41.389+0000] {logging_mixin.py:151} INFO - [2025-05-10T15:50:41.389+0000] {dagbag.py:539} INFO - Filling up the DagBag from /opt/airflow/dags/train_model_dag.py
[2025-05-10T15:50:41.396+0000] {processor.py:839} INFO - DAG(s) dict_keys(['model_training_dag']) retrieved from /opt/airflow/dags/train_model_dag.py
[2025-05-10T15:50:41.407+0000] {logging_mixin.py:151} INFO - [2025-05-10T15:50:41.407+0000] {dag.py:2915} INFO - Sync 1 DAGs
[2025-05-10T15:50:41.415+0000] {logging_mixin.py:151} INFO - [2025-05-10T15:50:41.415+0000] {dag.py:3696} INFO - Setting next_dagrun for model_training_dag to 2025-05-10T15:49:00+00:00, run_after=2025-05-10T15:50:00+00:00
[2025-05-10T15:50:41.423+0000] {processor.py:179} INFO - Processing /opt/airflow/dags/train_model_dag.py took 0.037 seconds
[2025-05-10T15:51:11.608+0000] {processor.py:157} INFO - Started process (PID=156) to work on /opt/airflow/dags/train_model_dag.py
[2025-05-10T15:51:11.610+0000] {processor.py:829} INFO - Processing file /opt/airflow/dags/train_model_dag.py for tasks to queue
[2025-05-10T15:51:11.611+0000] {logging_mixin.py:151} INFO - [2025-05-10T15:51:11.610+0000] {dagbag.py:539} INFO - Filling up the DagBag from /opt/airflow/dags/train_model_dag.py
[2025-05-10T15:51:11.633+0000] {processor.py:839} INFO - DAG(s) dict_keys(['model_training_dag']) retrieved from /opt/airflow/dags/train_model_dag.py
[2025-05-10T15:51:11.656+0000] {logging_mixin.py:151} INFO - [2025-05-10T15:51:11.656+0000] {dag.py:2915} INFO - Sync 1 DAGs
[2025-05-10T15:51:11.670+0000] {logging_mixin.py:151} INFO - [2025-05-10T15:51:11.670+0000] {dag.py:3696} INFO - Setting next_dagrun for model_training_dag to 2025-05-10T15:50:00+00:00, run_after=2025-05-10T15:51:00+00:00
[2025-05-10T15:51:11.681+0000] {processor.py:179} INFO - Processing /opt/airflow/dags/train_model_dag.py took 0.079 seconds
[2025-05-10T15:51:41.839+0000] {processor.py:157} INFO - Started process (PID=158) to work on /opt/airflow/dags/train_model_dag.py
[2025-05-10T15:51:41.840+0000] {processor.py:829} INFO - Processing file /opt/airflow/dags/train_model_dag.py for tasks to queue
[2025-05-10T15:51:41.841+0000] {logging_mixin.py:151} INFO - [2025-05-10T15:51:41.841+0000] {dagbag.py:539} INFO - Filling up the DagBag from /opt/airflow/dags/train_model_dag.py
[2025-05-10T15:51:41.854+0000] {processor.py:839} INFO - DAG(s) dict_keys(['model_training_dag']) retrieved from /opt/airflow/dags/train_model_dag.py
[2025-05-10T15:51:41.869+0000] {logging_mixin.py:151} INFO - [2025-05-10T15:51:41.869+0000] {dag.py:2915} INFO - Sync 1 DAGs
[2025-05-10T15:51:41.879+0000] {logging_mixin.py:151} INFO - [2025-05-10T15:51:41.879+0000] {dag.py:3696} INFO - Setting next_dagrun for model_training_dag to 2025-05-10T15:50:00+00:00, run_after=2025-05-10T15:51:00+00:00
[2025-05-10T15:51:41.888+0000] {processor.py:179} INFO - Processing /opt/airflow/dags/train_model_dag.py took 0.053 seconds
[2025-05-10T15:52:12.047+0000] {processor.py:157} INFO - Started process (PID=160) to work on /opt/airflow/dags/train_model_dag.py
[2025-05-10T15:52:12.048+0000] {processor.py:829} INFO - Processing file /opt/airflow/dags/train_model_dag.py for tasks to queue
[2025-05-10T15:52:12.049+0000] {logging_mixin.py:151} INFO - [2025-05-10T15:52:12.049+0000] {dagbag.py:539} INFO - Filling up the DagBag from /opt/airflow/dags/train_model_dag.py
[2025-05-10T15:52:12.064+0000] {processor.py:839} INFO - DAG(s) dict_keys(['model_training_dag']) retrieved from /opt/airflow/dags/train_model_dag.py
[2025-05-10T15:52:12.084+0000] {logging_mixin.py:151} INFO - [2025-05-10T15:52:12.084+0000] {dag.py:2915} INFO - Sync 1 DAGs
[2025-05-10T15:52:12.098+0000] {logging_mixin.py:151} INFO - [2025-05-10T15:52:12.098+0000] {dag.py:3696} INFO - Setting next_dagrun for model_training_dag to 2025-05-10T15:51:00+00:00, run_after=2025-05-10T15:52:00+00:00
[2025-05-10T15:52:12.109+0000] {processor.py:179} INFO - Processing /opt/airflow/dags/train_model_dag.py took 0.067 seconds
[2025-05-10T15:52:42.252+0000] {processor.py:157} INFO - Started process (PID=162) to work on /opt/airflow/dags/train_model_dag.py
[2025-05-10T15:52:42.253+0000] {processor.py:829} INFO - Processing file /opt/airflow/dags/train_model_dag.py for tasks to queue
[2025-05-10T15:52:42.253+0000] {logging_mixin.py:151} INFO - [2025-05-10T15:52:42.253+0000] {dagbag.py:539} INFO - Filling up the DagBag from /opt/airflow/dags/train_model_dag.py
[2025-05-10T15:52:42.263+0000] {processor.py:839} INFO - DAG(s) dict_keys(['model_training_dag']) retrieved from /opt/airflow/dags/train_model_dag.py
[2025-05-10T15:52:42.283+0000] {logging_mixin.py:151} INFO - [2025-05-10T15:52:42.282+0000] {dag.py:2915} INFO - Sync 1 DAGs
[2025-05-10T15:52:42.297+0000] {logging_mixin.py:151} INFO - [2025-05-10T15:52:42.297+0000] {dag.py:3696} INFO - Setting next_dagrun for model_training_dag to 2025-05-10T15:51:00+00:00, run_after=2025-05-10T15:52:00+00:00
[2025-05-10T15:52:42.310+0000] {processor.py:179} INFO - Processing /opt/airflow/dags/train_model_dag.py took 0.060 seconds
[2025-05-10T15:53:12.445+0000] {processor.py:157} INFO - Started process (PID=164) to work on /opt/airflow/dags/train_model_dag.py
[2025-05-10T15:53:12.446+0000] {processor.py:829} INFO - Processing file /opt/airflow/dags/train_model_dag.py for tasks to queue
[2025-05-10T15:53:12.446+0000] {logging_mixin.py:151} INFO - [2025-05-10T15:53:12.446+0000] {dagbag.py:539} INFO - Filling up the DagBag from /opt/airflow/dags/train_model_dag.py
[2025-05-10T15:53:12.457+0000] {processor.py:839} INFO - DAG(s) dict_keys(['model_training_dag']) retrieved from /opt/airflow/dags/train_model_dag.py
[2025-05-10T15:53:12.471+0000] {logging_mixin.py:151} INFO - [2025-05-10T15:53:12.471+0000] {dag.py:2915} INFO - Sync 1 DAGs
[2025-05-10T15:53:12.481+0000] {logging_mixin.py:151} INFO - [2025-05-10T15:53:12.481+0000] {dag.py:3696} INFO - Setting next_dagrun for model_training_dag to 2025-05-10T15:52:00+00:00, run_after=2025-05-10T15:53:00+00:00
[2025-05-10T15:53:12.490+0000] {processor.py:179} INFO - Processing /opt/airflow/dags/train_model_dag.py took 0.049 seconds
[2025-05-10T15:53:42.640+0000] {processor.py:157} INFO - Started process (PID=166) to work on /opt/airflow/dags/train_model_dag.py
[2025-05-10T15:53:42.640+0000] {processor.py:829} INFO - Processing file /opt/airflow/dags/train_model_dag.py for tasks to queue
[2025-05-10T15:53:42.642+0000] {logging_mixin.py:151} INFO - [2025-05-10T15:53:42.641+0000] {dagbag.py:539} INFO - Filling up the DagBag from /opt/airflow/dags/train_model_dag.py
[2025-05-10T15:53:42.656+0000] {processor.py:839} INFO - DAG(s) dict_keys(['model_training_dag']) retrieved from /opt/airflow/dags/train_model_dag.py
[2025-05-10T15:53:42.676+0000] {logging_mixin.py:151} INFO - [2025-05-10T15:53:42.676+0000] {dag.py:2915} INFO - Sync 1 DAGs
[2025-05-10T15:53:42.687+0000] {logging_mixin.py:151} INFO - [2025-05-10T15:53:42.687+0000] {dag.py:3696} INFO - Setting next_dagrun for model_training_dag to 2025-05-10T15:52:00+00:00, run_after=2025-05-10T15:53:00+00:00
[2025-05-10T15:53:42.696+0000] {processor.py:179} INFO - Processing /opt/airflow/dags/train_model_dag.py took 0.060 seconds
[2025-05-10T15:54:12.838+0000] {processor.py:157} INFO - Started process (PID=168) to work on /opt/airflow/dags/train_model_dag.py
[2025-05-10T15:54:12.839+0000] {processor.py:829} INFO - Processing file /opt/airflow/dags/train_model_dag.py for tasks to queue
[2025-05-10T15:54:12.840+0000] {logging_mixin.py:151} INFO - [2025-05-10T15:54:12.840+0000] {dagbag.py:539} INFO - Filling up the DagBag from /opt/airflow/dags/train_model_dag.py
[2025-05-10T15:54:12.856+0000] {processor.py:839} INFO - DAG(s) dict_keys(['model_training_dag']) retrieved from /opt/airflow/dags/train_model_dag.py
[2025-05-10T15:54:12.874+0000] {logging_mixin.py:151} INFO - [2025-05-10T15:54:12.874+0000] {dag.py:2915} INFO - Sync 1 DAGs
[2025-05-10T15:54:12.885+0000] {logging_mixin.py:151} INFO - [2025-05-10T15:54:12.885+0000] {dag.py:3696} INFO - Setting next_dagrun for model_training_dag to 2025-05-10T15:53:00+00:00, run_after=2025-05-10T15:54:00+00:00
[2025-05-10T15:54:12.895+0000] {processor.py:179} INFO - Processing /opt/airflow/dags/train_model_dag.py took 0.061 seconds
[2025-05-10T15:54:43.030+0000] {processor.py:157} INFO - Started process (PID=170) to work on /opt/airflow/dags/train_model_dag.py
[2025-05-10T15:54:43.031+0000] {processor.py:829} INFO - Processing file /opt/airflow/dags/train_model_dag.py for tasks to queue
[2025-05-10T15:54:43.032+0000] {logging_mixin.py:151} INFO - [2025-05-10T15:54:43.031+0000] {dagbag.py:539} INFO - Filling up the DagBag from /opt/airflow/dags/train_model_dag.py
[2025-05-10T15:54:43.045+0000] {processor.py:839} INFO - DAG(s) dict_keys(['model_training_dag']) retrieved from /opt/airflow/dags/train_model_dag.py
[2025-05-10T15:54:43.057+0000] {logging_mixin.py:151} INFO - [2025-05-10T15:54:43.057+0000] {dag.py:2915} INFO - Sync 1 DAGs
[2025-05-10T15:54:43.067+0000] {logging_mixin.py:151} INFO - [2025-05-10T15:54:43.067+0000] {dag.py:3696} INFO - Setting next_dagrun for model_training_dag to 2025-05-10T15:53:00+00:00, run_after=2025-05-10T15:54:00+00:00
[2025-05-10T15:54:43.075+0000] {processor.py:179} INFO - Processing /opt/airflow/dags/train_model_dag.py took 0.049 seconds
[2025-05-10T15:55:13.209+0000] {processor.py:157} INFO - Started process (PID=172) to work on /opt/airflow/dags/train_model_dag.py
[2025-05-10T15:55:13.209+0000] {processor.py:829} INFO - Processing file /opt/airflow/dags/train_model_dag.py for tasks to queue
[2025-05-10T15:55:13.210+0000] {logging_mixin.py:151} INFO - [2025-05-10T15:55:13.210+0000] {dagbag.py:539} INFO - Filling up the DagBag from /opt/airflow/dags/train_model_dag.py
[2025-05-10T15:55:13.227+0000] {processor.py:839} INFO - DAG(s) dict_keys(['model_training_dag']) retrieved from /opt/airflow/dags/train_model_dag.py
[2025-05-10T15:55:13.246+0000] {logging_mixin.py:151} INFO - [2025-05-10T15:55:13.246+0000] {dag.py:2915} INFO - Sync 1 DAGs
[2025-05-10T15:55:13.258+0000] {logging_mixin.py:151} INFO - [2025-05-10T15:55:13.258+0000] {dag.py:3696} INFO - Setting next_dagrun for model_training_dag to 2025-05-10T15:54:00+00:00, run_after=2025-05-10T15:55:00+00:00
[2025-05-10T15:55:13.268+0000] {processor.py:179} INFO - Processing /opt/airflow/dags/train_model_dag.py took 0.062 seconds
[2025-05-10T15:55:43.351+0000] {processor.py:157} INFO - Started process (PID=174) to work on /opt/airflow/dags/train_model_dag.py
[2025-05-10T15:55:43.352+0000] {processor.py:829} INFO - Processing file /opt/airflow/dags/train_model_dag.py for tasks to queue
[2025-05-10T15:55:43.352+0000] {logging_mixin.py:151} INFO - [2025-05-10T15:55:43.352+0000] {dagbag.py:539} INFO - Filling up the DagBag from /opt/airflow/dags/train_model_dag.py
[2025-05-10T15:55:43.362+0000] {processor.py:839} INFO - DAG(s) dict_keys(['model_training_dag']) retrieved from /opt/airflow/dags/train_model_dag.py
[2025-05-10T15:55:43.374+0000] {logging_mixin.py:151} INFO - [2025-05-10T15:55:43.374+0000] {dag.py:2915} INFO - Sync 1 DAGs
[2025-05-10T15:55:43.389+0000] {logging_mixin.py:151} INFO - [2025-05-10T15:55:43.389+0000] {dag.py:3696} INFO - Setting next_dagrun for model_training_dag to 2025-05-10T15:54:00+00:00, run_after=2025-05-10T15:55:00+00:00
[2025-05-10T15:55:43.400+0000] {processor.py:179} INFO - Processing /opt/airflow/dags/train_model_dag.py took 0.051 seconds
[2025-05-10T15:56:13.560+0000] {processor.py:157} INFO - Started process (PID=176) to work on /opt/airflow/dags/train_model_dag.py
[2025-05-10T15:56:13.561+0000] {processor.py:829} INFO - Processing file /opt/airflow/dags/train_model_dag.py for tasks to queue
[2025-05-10T15:56:13.562+0000] {logging_mixin.py:151} INFO - [2025-05-10T15:56:13.561+0000] {dagbag.py:539} INFO - Filling up the DagBag from /opt/airflow/dags/train_model_dag.py
[2025-05-10T15:56:13.574+0000] {processor.py:839} INFO - DAG(s) dict_keys(['model_training_dag']) retrieved from /opt/airflow/dags/train_model_dag.py
[2025-05-10T15:56:13.590+0000] {logging_mixin.py:151} INFO - [2025-05-10T15:56:13.590+0000] {dag.py:2915} INFO - Sync 1 DAGs
[2025-05-10T15:56:13.601+0000] {logging_mixin.py:151} INFO - [2025-05-10T15:56:13.600+0000] {dag.py:3696} INFO - Setting next_dagrun for model_training_dag to 2025-05-10T15:55:00+00:00, run_after=2025-05-10T15:56:00+00:00
[2025-05-10T15:56:13.611+0000] {processor.py:179} INFO - Processing /opt/airflow/dags/train_model_dag.py took 0.055 seconds
[2025-05-10T15:56:43.792+0000] {processor.py:157} INFO - Started process (PID=178) to work on /opt/airflow/dags/train_model_dag.py
[2025-05-10T15:56:43.794+0000] {processor.py:829} INFO - Processing file /opt/airflow/dags/train_model_dag.py for tasks to queue
[2025-05-10T15:56:43.796+0000] {logging_mixin.py:151} INFO - [2025-05-10T15:56:43.795+0000] {dagbag.py:539} INFO - Filling up the DagBag from /opt/airflow/dags/train_model_dag.py
[2025-05-10T15:56:43.818+0000] {processor.py:839} INFO - DAG(s) dict_keys(['model_training_dag']) retrieved from /opt/airflow/dags/train_model_dag.py
[2025-05-10T15:56:43.833+0000] {logging_mixin.py:151} INFO - [2025-05-10T15:56:43.833+0000] {dag.py:2915} INFO - Sync 1 DAGs
[2025-05-10T15:56:43.844+0000] {logging_mixin.py:151} INFO - [2025-05-10T15:56:43.844+0000] {dag.py:3696} INFO - Setting next_dagrun for model_training_dag to 2025-05-10T15:55:00+00:00, run_after=2025-05-10T15:56:00+00:00
[2025-05-10T15:56:43.853+0000] {processor.py:179} INFO - Processing /opt/airflow/dags/train_model_dag.py took 0.068 seconds
[2025-05-10T15:57:13.953+0000] {processor.py:157} INFO - Started process (PID=180) to work on /opt/airflow/dags/train_model_dag.py
[2025-05-10T15:57:13.954+0000] {processor.py:829} INFO - Processing file /opt/airflow/dags/train_model_dag.py for tasks to queue
[2025-05-10T15:57:13.955+0000] {logging_mixin.py:151} INFO - [2025-05-10T15:57:13.954+0000] {dagbag.py:539} INFO - Filling up the DagBag from /opt/airflow/dags/train_model_dag.py
[2025-05-10T15:57:13.969+0000] {processor.py:839} INFO - DAG(s) dict_keys(['model_training_dag']) retrieved from /opt/airflow/dags/train_model_dag.py
[2025-05-10T15:57:13.987+0000] {logging_mixin.py:151} INFO - [2025-05-10T15:57:13.986+0000] {dag.py:2915} INFO - Sync 1 DAGs
[2025-05-10T15:57:13.997+0000] {logging_mixin.py:151} INFO - [2025-05-10T15:57:13.997+0000] {dag.py:3696} INFO - Setting next_dagrun for model_training_dag to 2025-05-10T15:56:00+00:00, run_after=2025-05-10T15:57:00+00:00
[2025-05-10T15:57:14.008+0000] {processor.py:179} INFO - Processing /opt/airflow/dags/train_model_dag.py took 0.059 seconds
[2025-05-10T15:57:44.152+0000] {processor.py:157} INFO - Started process (PID=182) to work on /opt/airflow/dags/train_model_dag.py
[2025-05-10T15:57:44.152+0000] {processor.py:829} INFO - Processing file /opt/airflow/dags/train_model_dag.py for tasks to queue
[2025-05-10T15:57:44.153+0000] {logging_mixin.py:151} INFO - [2025-05-10T15:57:44.153+0000] {dagbag.py:539} INFO - Filling up the DagBag from /opt/airflow/dags/train_model_dag.py
[2025-05-10T15:57:44.167+0000] {processor.py:839} INFO - DAG(s) dict_keys(['model_training_dag']) retrieved from /opt/airflow/dags/train_model_dag.py
[2025-05-10T15:57:44.185+0000] {logging_mixin.py:151} INFO - [2025-05-10T15:57:44.184+0000] {dag.py:2915} INFO - Sync 1 DAGs
[2025-05-10T15:57:44.196+0000] {logging_mixin.py:151} INFO - [2025-05-10T15:57:44.196+0000] {dag.py:3696} INFO - Setting next_dagrun for model_training_dag to 2025-05-10T15:56:00+00:00, run_after=2025-05-10T15:57:00+00:00
[2025-05-10T15:57:44.206+0000] {processor.py:179} INFO - Processing /opt/airflow/dags/train_model_dag.py took 0.057 seconds
[2025-05-10T15:58:14.360+0000] {processor.py:157} INFO - Started process (PID=184) to work on /opt/airflow/dags/train_model_dag.py
[2025-05-10T15:58:14.361+0000] {processor.py:829} INFO - Processing file /opt/airflow/dags/train_model_dag.py for tasks to queue
[2025-05-10T15:58:14.361+0000] {logging_mixin.py:151} INFO - [2025-05-10T15:58:14.361+0000] {dagbag.py:539} INFO - Filling up the DagBag from /opt/airflow/dags/train_model_dag.py
[2025-05-10T15:58:14.370+0000] {processor.py:839} INFO - DAG(s) dict_keys(['model_training_dag']) retrieved from /opt/airflow/dags/train_model_dag.py
[2025-05-10T15:58:14.384+0000] {logging_mixin.py:151} INFO - [2025-05-10T15:58:14.384+0000] {dag.py:2915} INFO - Sync 1 DAGs
[2025-05-10T15:58:14.394+0000] {logging_mixin.py:151} INFO - [2025-05-10T15:58:14.394+0000] {dag.py:3696} INFO - Setting next_dagrun for model_training_dag to 2025-05-10T15:57:00+00:00, run_after=2025-05-10T15:58:00+00:00
[2025-05-10T15:58:14.405+0000] {processor.py:179} INFO - Processing /opt/airflow/dags/train_model_dag.py took 0.046 seconds
[2025-05-10T15:58:44.545+0000] {processor.py:157} INFO - Started process (PID=186) to work on /opt/airflow/dags/train_model_dag.py
[2025-05-10T15:58:44.545+0000] {processor.py:829} INFO - Processing file /opt/airflow/dags/train_model_dag.py for tasks to queue
[2025-05-10T15:58:44.546+0000] {logging_mixin.py:151} INFO - [2025-05-10T15:58:44.546+0000] {dagbag.py:539} INFO - Filling up the DagBag from /opt/airflow/dags/train_model_dag.py
[2025-05-10T15:58:44.553+0000] {processor.py:839} INFO - DAG(s) dict_keys(['model_training_dag']) retrieved from /opt/airflow/dags/train_model_dag.py
[2025-05-10T15:58:44.564+0000] {logging_mixin.py:151} INFO - [2025-05-10T15:58:44.564+0000] {dag.py:2915} INFO - Sync 1 DAGs
[2025-05-10T15:58:44.572+0000] {logging_mixin.py:151} INFO - [2025-05-10T15:58:44.572+0000] {dag.py:3696} INFO - Setting next_dagrun for model_training_dag to 2025-05-10T15:57:00+00:00, run_after=2025-05-10T15:58:00+00:00
[2025-05-10T15:58:44.582+0000] {processor.py:179} INFO - Processing /opt/airflow/dags/train_model_dag.py took 0.040 seconds
[2025-05-10T15:59:14.749+0000] {processor.py:157} INFO - Started process (PID=188) to work on /opt/airflow/dags/train_model_dag.py
[2025-05-10T15:59:14.749+0000] {processor.py:829} INFO - Processing file /opt/airflow/dags/train_model_dag.py for tasks to queue
[2025-05-10T15:59:14.750+0000] {logging_mixin.py:151} INFO - [2025-05-10T15:59:14.750+0000] {dagbag.py:539} INFO - Filling up the DagBag from /opt/airflow/dags/train_model_dag.py
[2025-05-10T15:59:14.758+0000] {processor.py:839} INFO - DAG(s) dict_keys(['model_training_dag']) retrieved from /opt/airflow/dags/train_model_dag.py
[2025-05-10T15:59:14.771+0000] {logging_mixin.py:151} INFO - [2025-05-10T15:59:14.771+0000] {dag.py:2915} INFO - Sync 1 DAGs
[2025-05-10T15:59:14.781+0000] {logging_mixin.py:151} INFO - [2025-05-10T15:59:14.781+0000] {dag.py:3696} INFO - Setting next_dagrun for model_training_dag to 2025-05-10T15:58:00+00:00, run_after=2025-05-10T15:59:00+00:00
[2025-05-10T15:59:14.790+0000] {processor.py:179} INFO - Processing /opt/airflow/dags/train_model_dag.py took 0.044 seconds
[2025-05-10T15:59:44.942+0000] {processor.py:157} INFO - Started process (PID=190) to work on /opt/airflow/dags/train_model_dag.py
[2025-05-10T15:59:44.943+0000] {processor.py:829} INFO - Processing file /opt/airflow/dags/train_model_dag.py for tasks to queue
[2025-05-10T15:59:44.944+0000] {logging_mixin.py:151} INFO - [2025-05-10T15:59:44.944+0000] {dagbag.py:539} INFO - Filling up the DagBag from /opt/airflow/dags/train_model_dag.py
[2025-05-10T15:59:44.957+0000] {processor.py:839} INFO - DAG(s) dict_keys(['model_training_dag']) retrieved from /opt/airflow/dags/train_model_dag.py
[2025-05-10T15:59:44.972+0000] {logging_mixin.py:151} INFO - [2025-05-10T15:59:44.971+0000] {dag.py:2915} INFO - Sync 1 DAGs
[2025-05-10T15:59:44.984+0000] {logging_mixin.py:151} INFO - [2025-05-10T15:59:44.984+0000] {dag.py:3696} INFO - Setting next_dagrun for model_training_dag to 2025-05-10T15:58:00+00:00, run_after=2025-05-10T15:59:00+00:00
[2025-05-10T15:59:44.997+0000] {processor.py:179} INFO - Processing /opt/airflow/dags/train_model_dag.py took 0.058 seconds
[2025-05-10T16:00:15.148+0000] {processor.py:157} INFO - Started process (PID=192) to work on /opt/airflow/dags/train_model_dag.py
[2025-05-10T16:00:15.149+0000] {processor.py:829} INFO - Processing file /opt/airflow/dags/train_model_dag.py for tasks to queue
[2025-05-10T16:00:15.151+0000] {logging_mixin.py:151} INFO - [2025-05-10T16:00:15.150+0000] {dagbag.py:539} INFO - Filling up the DagBag from /opt/airflow/dags/train_model_dag.py
[2025-05-10T16:00:15.168+0000] {processor.py:839} INFO - DAG(s) dict_keys(['model_training_dag']) retrieved from /opt/airflow/dags/train_model_dag.py
[2025-05-10T16:00:15.188+0000] {logging_mixin.py:151} INFO - [2025-05-10T16:00:15.188+0000] {dag.py:2915} INFO - Sync 1 DAGs
[2025-05-10T16:00:15.199+0000] {logging_mixin.py:151} INFO - [2025-05-10T16:00:15.199+0000] {dag.py:3696} INFO - Setting next_dagrun for model_training_dag to 2025-05-10T15:59:00+00:00, run_after=2025-05-10T16:00:00+00:00
[2025-05-10T16:00:15.209+0000] {processor.py:179} INFO - Processing /opt/airflow/dags/train_model_dag.py took 0.066 seconds
[2025-05-10T16:00:45.331+0000] {processor.py:157} INFO - Started process (PID=194) to work on /opt/airflow/dags/train_model_dag.py
[2025-05-10T16:00:45.332+0000] {processor.py:829} INFO - Processing file /opt/airflow/dags/train_model_dag.py for tasks to queue
[2025-05-10T16:00:45.333+0000] {logging_mixin.py:151} INFO - [2025-05-10T16:00:45.333+0000] {dagbag.py:539} INFO - Filling up the DagBag from /opt/airflow/dags/train_model_dag.py
[2025-05-10T16:00:45.351+0000] {processor.py:839} INFO - DAG(s) dict_keys(['model_training_dag']) retrieved from /opt/airflow/dags/train_model_dag.py
[2025-05-10T16:00:45.368+0000] {logging_mixin.py:151} INFO - [2025-05-10T16:00:45.368+0000] {dag.py:2915} INFO - Sync 1 DAGs
[2025-05-10T16:00:45.379+0000] {logging_mixin.py:151} INFO - [2025-05-10T16:00:45.379+0000] {dag.py:3696} INFO - Setting next_dagrun for model_training_dag to 2025-05-10T15:59:00+00:00, run_after=2025-05-10T16:00:00+00:00
[2025-05-10T16:00:45.388+0000] {processor.py:179} INFO - Processing /opt/airflow/dags/train_model_dag.py took 0.060 seconds
[2025-05-10T16:01:15.544+0000] {processor.py:157} INFO - Started process (PID=196) to work on /opt/airflow/dags/train_model_dag.py
[2025-05-10T16:01:15.545+0000] {processor.py:829} INFO - Processing file /opt/airflow/dags/train_model_dag.py for tasks to queue
[2025-05-10T16:01:15.546+0000] {logging_mixin.py:151} INFO - [2025-05-10T16:01:15.546+0000] {dagbag.py:539} INFO - Filling up the DagBag from /opt/airflow/dags/train_model_dag.py
[2025-05-10T16:01:15.560+0000] {processor.py:839} INFO - DAG(s) dict_keys(['model_training_dag']) retrieved from /opt/airflow/dags/train_model_dag.py
[2025-05-10T16:01:15.577+0000] {logging_mixin.py:151} INFO - [2025-05-10T16:01:15.577+0000] {dag.py:2915} INFO - Sync 1 DAGs
[2025-05-10T16:01:15.588+0000] {logging_mixin.py:151} INFO - [2025-05-10T16:01:15.588+0000] {dag.py:3696} INFO - Setting next_dagrun for model_training_dag to 2025-05-10T16:00:00+00:00, run_after=2025-05-10T16:01:00+00:00
[2025-05-10T16:01:15.598+0000] {processor.py:179} INFO - Processing /opt/airflow/dags/train_model_dag.py took 0.061 seconds
[2025-05-10T16:01:45.762+0000] {processor.py:157} INFO - Started process (PID=198) to work on /opt/airflow/dags/train_model_dag.py
[2025-05-10T16:01:45.763+0000] {processor.py:829} INFO - Processing file /opt/airflow/dags/train_model_dag.py for tasks to queue
[2025-05-10T16:01:45.764+0000] {logging_mixin.py:151} INFO - [2025-05-10T16:01:45.764+0000] {dagbag.py:539} INFO - Filling up the DagBag from /opt/airflow/dags/train_model_dag.py
[2025-05-10T16:01:45.785+0000] {processor.py:839} INFO - DAG(s) dict_keys(['model_training_dag']) retrieved from /opt/airflow/dags/train_model_dag.py
[2025-05-10T16:01:45.806+0000] {logging_mixin.py:151} INFO - [2025-05-10T16:01:45.806+0000] {dag.py:2915} INFO - Sync 1 DAGs
[2025-05-10T16:01:45.817+0000] {logging_mixin.py:151} INFO - [2025-05-10T16:01:45.817+0000] {dag.py:3696} INFO - Setting next_dagrun for model_training_dag to 2025-05-10T16:00:00+00:00, run_after=2025-05-10T16:01:00+00:00
[2025-05-10T16:01:45.828+0000] {processor.py:179} INFO - Processing /opt/airflow/dags/train_model_dag.py took 0.071 seconds
[2025-05-10T16:02:15.965+0000] {processor.py:157} INFO - Started process (PID=200) to work on /opt/airflow/dags/train_model_dag.py
[2025-05-10T16:02:15.967+0000] {processor.py:829} INFO - Processing file /opt/airflow/dags/train_model_dag.py for tasks to queue
[2025-05-10T16:02:15.968+0000] {logging_mixin.py:151} INFO - [2025-05-10T16:02:15.968+0000] {dagbag.py:539} INFO - Filling up the DagBag from /opt/airflow/dags/train_model_dag.py
[2025-05-10T16:02:15.986+0000] {processor.py:839} INFO - DAG(s) dict_keys(['model_training_dag']) retrieved from /opt/airflow/dags/train_model_dag.py
[2025-05-10T16:02:16.001+0000] {logging_mixin.py:151} INFO - [2025-05-10T16:02:16.001+0000] {dag.py:2915} INFO - Sync 1 DAGs
[2025-05-10T16:02:16.012+0000] {logging_mixin.py:151} INFO - [2025-05-10T16:02:16.012+0000] {dag.py:3696} INFO - Setting next_dagrun for model_training_dag to 2025-05-10T16:01:00+00:00, run_after=2025-05-10T16:02:00+00:00
[2025-05-10T16:02:16.022+0000] {processor.py:179} INFO - Processing /opt/airflow/dags/train_model_dag.py took 0.062 seconds
[2025-05-10T16:02:46.170+0000] {processor.py:157} INFO - Started process (PID=202) to work on /opt/airflow/dags/train_model_dag.py
[2025-05-10T16:02:46.171+0000] {processor.py:829} INFO - Processing file /opt/airflow/dags/train_model_dag.py for tasks to queue
[2025-05-10T16:02:46.172+0000] {logging_mixin.py:151} INFO - [2025-05-10T16:02:46.172+0000] {dagbag.py:539} INFO - Filling up the DagBag from /opt/airflow/dags/train_model_dag.py
[2025-05-10T16:02:46.188+0000] {processor.py:839} INFO - DAG(s) dict_keys(['model_training_dag']) retrieved from /opt/airflow/dags/train_model_dag.py
[2025-05-10T16:02:46.205+0000] {logging_mixin.py:151} INFO - [2025-05-10T16:02:46.205+0000] {dag.py:2915} INFO - Sync 1 DAGs
[2025-05-10T16:02:46.217+0000] {logging_mixin.py:151} INFO - [2025-05-10T16:02:46.217+0000] {dag.py:3696} INFO - Setting next_dagrun for model_training_dag to 2025-05-10T16:01:00+00:00, run_after=2025-05-10T16:02:00+00:00
[2025-05-10T16:02:46.227+0000] {processor.py:179} INFO - Processing /opt/airflow/dags/train_model_dag.py took 0.061 seconds
[2025-05-10T16:03:16.382+0000] {processor.py:157} INFO - Started process (PID=204) to work on /opt/airflow/dags/train_model_dag.py
[2025-05-10T16:03:16.383+0000] {processor.py:829} INFO - Processing file /opt/airflow/dags/train_model_dag.py for tasks to queue
[2025-05-10T16:03:16.384+0000] {logging_mixin.py:151} INFO - [2025-05-10T16:03:16.384+0000] {dagbag.py:539} INFO - Filling up the DagBag from /opt/airflow/dags/train_model_dag.py
[2025-05-10T16:03:16.400+0000] {processor.py:839} INFO - DAG(s) dict_keys(['model_training_dag']) retrieved from /opt/airflow/dags/train_model_dag.py
[2025-05-10T16:03:16.419+0000] {logging_mixin.py:151} INFO - [2025-05-10T16:03:16.419+0000] {dag.py:2915} INFO - Sync 1 DAGs
[2025-05-10T16:03:16.430+0000] {logging_mixin.py:151} INFO - [2025-05-10T16:03:16.430+0000] {dag.py:3696} INFO - Setting next_dagrun for model_training_dag to 2025-05-10T16:02:00+00:00, run_after=2025-05-10T16:03:00+00:00
[2025-05-10T16:03:16.439+0000] {processor.py:179} INFO - Processing /opt/airflow/dags/train_model_dag.py took 0.062 seconds
[2025-05-10T16:03:46.589+0000] {processor.py:157} INFO - Started process (PID=206) to work on /opt/airflow/dags/train_model_dag.py
[2025-05-10T16:03:46.590+0000] {processor.py:829} INFO - Processing file /opt/airflow/dags/train_model_dag.py for tasks to queue
[2025-05-10T16:03:46.591+0000] {logging_mixin.py:151} INFO - [2025-05-10T16:03:46.591+0000] {dagbag.py:539} INFO - Filling up the DagBag from /opt/airflow/dags/train_model_dag.py
[2025-05-10T16:03:46.603+0000] {processor.py:839} INFO - DAG(s) dict_keys(['model_training_dag']) retrieved from /opt/airflow/dags/train_model_dag.py
[2025-05-10T16:03:46.620+0000] {logging_mixin.py:151} INFO - [2025-05-10T16:03:46.619+0000] {dag.py:2915} INFO - Sync 1 DAGs
[2025-05-10T16:03:46.630+0000] {logging_mixin.py:151} INFO - [2025-05-10T16:03:46.630+0000] {dag.py:3696} INFO - Setting next_dagrun for model_training_dag to 2025-05-10T16:02:00+00:00, run_after=2025-05-10T16:03:00+00:00
[2025-05-10T16:03:46.639+0000] {processor.py:179} INFO - Processing /opt/airflow/dags/train_model_dag.py took 0.053 seconds
[2025-05-10T16:04:16.812+0000] {processor.py:157} INFO - Started process (PID=208) to work on /opt/airflow/dags/train_model_dag.py
[2025-05-10T16:04:16.813+0000] {processor.py:829} INFO - Processing file /opt/airflow/dags/train_model_dag.py for tasks to queue
[2025-05-10T16:04:16.814+0000] {logging_mixin.py:151} INFO - [2025-05-10T16:04:16.814+0000] {dagbag.py:539} INFO - Filling up the DagBag from /opt/airflow/dags/train_model_dag.py
[2025-05-10T16:04:16.826+0000] {processor.py:839} INFO - DAG(s) dict_keys(['model_training_dag']) retrieved from /opt/airflow/dags/train_model_dag.py
[2025-05-10T16:04:16.842+0000] {logging_mixin.py:151} INFO - [2025-05-10T16:04:16.842+0000] {dag.py:2915} INFO - Sync 1 DAGs
[2025-05-10T16:04:16.852+0000] {logging_mixin.py:151} INFO - [2025-05-10T16:04:16.852+0000] {dag.py:3696} INFO - Setting next_dagrun for model_training_dag to 2025-05-10T16:03:00+00:00, run_after=2025-05-10T16:04:00+00:00
[2025-05-10T16:04:16.861+0000] {processor.py:179} INFO - Processing /opt/airflow/dags/train_model_dag.py took 0.053 seconds
[2025-05-10T16:04:47.036+0000] {processor.py:157} INFO - Started process (PID=210) to work on /opt/airflow/dags/train_model_dag.py
[2025-05-10T16:04:47.037+0000] {processor.py:829} INFO - Processing file /opt/airflow/dags/train_model_dag.py for tasks to queue
[2025-05-10T16:04:47.038+0000] {logging_mixin.py:151} INFO - [2025-05-10T16:04:47.038+0000] {dagbag.py:539} INFO - Filling up the DagBag from /opt/airflow/dags/train_model_dag.py
[2025-05-10T16:04:47.051+0000] {processor.py:839} INFO - DAG(s) dict_keys(['model_training_dag']) retrieved from /opt/airflow/dags/train_model_dag.py
[2025-05-10T16:04:47.065+0000] {logging_mixin.py:151} INFO - [2025-05-10T16:04:47.065+0000] {dag.py:2915} INFO - Sync 1 DAGs
[2025-05-10T16:04:47.075+0000] {logging_mixin.py:151} INFO - [2025-05-10T16:04:47.075+0000] {dag.py:3696} INFO - Setting next_dagrun for model_training_dag to 2025-05-10T16:03:00+00:00, run_after=2025-05-10T16:04:00+00:00
[2025-05-10T16:04:47.083+0000] {processor.py:179} INFO - Processing /opt/airflow/dags/train_model_dag.py took 0.051 seconds
[2025-05-10T16:05:17.229+0000] {processor.py:157} INFO - Started process (PID=212) to work on /opt/airflow/dags/train_model_dag.py
[2025-05-10T16:05:17.230+0000] {processor.py:829} INFO - Processing file /opt/airflow/dags/train_model_dag.py for tasks to queue
[2025-05-10T16:05:17.231+0000] {logging_mixin.py:151} INFO - [2025-05-10T16:05:17.230+0000] {dagbag.py:539} INFO - Filling up the DagBag from /opt/airflow/dags/train_model_dag.py
[2025-05-10T16:05:17.245+0000] {processor.py:839} INFO - DAG(s) dict_keys(['model_training_dag']) retrieved from /opt/airflow/dags/train_model_dag.py
[2025-05-10T16:05:17.264+0000] {logging_mixin.py:151} INFO - [2025-05-10T16:05:17.264+0000] {dag.py:2915} INFO - Sync 1 DAGs
[2025-05-10T16:05:17.276+0000] {logging_mixin.py:151} INFO - [2025-05-10T16:05:17.276+0000] {dag.py:3696} INFO - Setting next_dagrun for model_training_dag to 2025-05-10T16:04:00+00:00, run_after=2025-05-10T16:05:00+00:00
[2025-05-10T16:05:17.286+0000] {processor.py:179} INFO - Processing /opt/airflow/dags/train_model_dag.py took 0.060 seconds
[2025-05-10T16:05:47.384+0000] {processor.py:157} INFO - Started process (PID=214) to work on /opt/airflow/dags/train_model_dag.py
[2025-05-10T16:05:47.384+0000] {processor.py:829} INFO - Processing file /opt/airflow/dags/train_model_dag.py for tasks to queue
[2025-05-10T16:05:47.385+0000] {logging_mixin.py:151} INFO - [2025-05-10T16:05:47.385+0000] {dagbag.py:539} INFO - Filling up the DagBag from /opt/airflow/dags/train_model_dag.py
[2025-05-10T16:05:47.397+0000] {processor.py:839} INFO - DAG(s) dict_keys(['model_training_dag']) retrieved from /opt/airflow/dags/train_model_dag.py
[2025-05-10T16:05:47.414+0000] {logging_mixin.py:151} INFO - [2025-05-10T16:05:47.414+0000] {dag.py:2915} INFO - Sync 1 DAGs
[2025-05-10T16:05:47.426+0000] {logging_mixin.py:151} INFO - [2025-05-10T16:05:47.426+0000] {dag.py:3696} INFO - Setting next_dagrun for model_training_dag to 2025-05-10T16:04:00+00:00, run_after=2025-05-10T16:05:00+00:00
[2025-05-10T16:05:47.437+0000] {processor.py:179} INFO - Processing /opt/airflow/dags/train_model_dag.py took 0.057 seconds
[2025-05-10T16:06:17.567+0000] {processor.py:157} INFO - Started process (PID=216) to work on /opt/airflow/dags/train_model_dag.py
[2025-05-10T16:06:17.568+0000] {processor.py:829} INFO - Processing file /opt/airflow/dags/train_model_dag.py for tasks to queue
[2025-05-10T16:06:17.570+0000] {logging_mixin.py:151} INFO - [2025-05-10T16:06:17.569+0000] {dagbag.py:539} INFO - Filling up the DagBag from /opt/airflow/dags/train_model_dag.py
[2025-05-10T16:06:17.585+0000] {processor.py:839} INFO - DAG(s) dict_keys(['model_training_dag']) retrieved from /opt/airflow/dags/train_model_dag.py
[2025-05-10T16:06:17.604+0000] {logging_mixin.py:151} INFO - [2025-05-10T16:06:17.604+0000] {dag.py:2915} INFO - Sync 1 DAGs
[2025-05-10T16:06:17.615+0000] {logging_mixin.py:151} INFO - [2025-05-10T16:06:17.614+0000] {dag.py:3696} INFO - Setting next_dagrun for model_training_dag to 2025-05-10T16:05:00+00:00, run_after=2025-05-10T16:06:00+00:00
[2025-05-10T16:06:17.624+0000] {processor.py:179} INFO - Processing /opt/airflow/dags/train_model_dag.py took 0.061 seconds
[2025-05-10T16:06:47.738+0000] {processor.py:157} INFO - Started process (PID=218) to work on /opt/airflow/dags/train_model_dag.py
[2025-05-10T16:06:47.739+0000] {processor.py:829} INFO - Processing file /opt/airflow/dags/train_model_dag.py for tasks to queue
[2025-05-10T16:06:47.740+0000] {logging_mixin.py:151} INFO - [2025-05-10T16:06:47.740+0000] {dagbag.py:539} INFO - Filling up the DagBag from /opt/airflow/dags/train_model_dag.py
[2025-05-10T16:06:47.752+0000] {processor.py:839} INFO - DAG(s) dict_keys(['model_training_dag']) retrieved from /opt/airflow/dags/train_model_dag.py
[2025-05-10T16:06:47.767+0000] {logging_mixin.py:151} INFO - [2025-05-10T16:06:47.767+0000] {dag.py:2915} INFO - Sync 1 DAGs
[2025-05-10T16:06:47.778+0000] {logging_mixin.py:151} INFO - [2025-05-10T16:06:47.778+0000] {dag.py:3696} INFO - Setting next_dagrun for model_training_dag to 2025-05-10T16:05:00+00:00, run_after=2025-05-10T16:06:00+00:00
[2025-05-10T16:06:47.788+0000] {processor.py:179} INFO - Processing /opt/airflow/dags/train_model_dag.py took 0.053 seconds
[2025-05-10T16:07:17.883+0000] {processor.py:157} INFO - Started process (PID=220) to work on /opt/airflow/dags/train_model_dag.py
[2025-05-10T16:07:17.884+0000] {processor.py:829} INFO - Processing file /opt/airflow/dags/train_model_dag.py for tasks to queue
[2025-05-10T16:07:17.885+0000] {logging_mixin.py:151} INFO - [2025-05-10T16:07:17.884+0000] {dagbag.py:539} INFO - Filling up the DagBag from /opt/airflow/dags/train_model_dag.py
[2025-05-10T16:07:17.897+0000] {processor.py:839} INFO - DAG(s) dict_keys(['model_training_dag']) retrieved from /opt/airflow/dags/train_model_dag.py
[2025-05-10T16:07:17.913+0000] {logging_mixin.py:151} INFO - [2025-05-10T16:07:17.913+0000] {dag.py:2915} INFO - Sync 1 DAGs
[2025-05-10T16:07:17.924+0000] {logging_mixin.py:151} INFO - [2025-05-10T16:07:17.924+0000] {dag.py:3696} INFO - Setting next_dagrun for model_training_dag to 2025-05-10T16:06:00+00:00, run_after=2025-05-10T16:07:00+00:00
[2025-05-10T16:07:17.934+0000] {processor.py:179} INFO - Processing /opt/airflow/dags/train_model_dag.py took 0.054 seconds
[2025-05-10T16:07:48.050+0000] {processor.py:157} INFO - Started process (PID=222) to work on /opt/airflow/dags/train_model_dag.py
[2025-05-10T16:07:48.052+0000] {processor.py:829} INFO - Processing file /opt/airflow/dags/train_model_dag.py for tasks to queue
[2025-05-10T16:07:48.053+0000] {logging_mixin.py:151} INFO - [2025-05-10T16:07:48.052+0000] {dagbag.py:539} INFO - Filling up the DagBag from /opt/airflow/dags/train_model_dag.py
[2025-05-10T16:07:48.065+0000] {processor.py:839} INFO - DAG(s) dict_keys(['model_training_dag']) retrieved from /opt/airflow/dags/train_model_dag.py
[2025-05-10T16:07:48.082+0000] {logging_mixin.py:151} INFO - [2025-05-10T16:07:48.082+0000] {dag.py:2915} INFO - Sync 1 DAGs
[2025-05-10T16:07:48.091+0000] {logging_mixin.py:151} INFO - [2025-05-10T16:07:48.091+0000] {dag.py:3696} INFO - Setting next_dagrun for model_training_dag to 2025-05-10T16:06:00+00:00, run_after=2025-05-10T16:07:00+00:00
[2025-05-10T16:07:48.100+0000] {processor.py:179} INFO - Processing /opt/airflow/dags/train_model_dag.py took 0.053 seconds
[2025-05-10T16:08:18.234+0000] {processor.py:157} INFO - Started process (PID=224) to work on /opt/airflow/dags/train_model_dag.py
[2025-05-10T16:08:18.235+0000] {processor.py:829} INFO - Processing file /opt/airflow/dags/train_model_dag.py for tasks to queue
[2025-05-10T16:08:18.236+0000] {logging_mixin.py:151} INFO - [2025-05-10T16:08:18.236+0000] {dagbag.py:539} INFO - Filling up the DagBag from /opt/airflow/dags/train_model_dag.py
[2025-05-10T16:08:18.250+0000] {processor.py:839} INFO - DAG(s) dict_keys(['model_training_dag']) retrieved from /opt/airflow/dags/train_model_dag.py
[2025-05-10T16:08:18.265+0000] {logging_mixin.py:151} INFO - [2025-05-10T16:08:18.265+0000] {dag.py:2915} INFO - Sync 1 DAGs
[2025-05-10T16:08:18.275+0000] {logging_mixin.py:151} INFO - [2025-05-10T16:08:18.275+0000] {dag.py:3696} INFO - Setting next_dagrun for model_training_dag to 2025-05-10T16:07:00+00:00, run_after=2025-05-10T16:08:00+00:00
[2025-05-10T16:08:18.284+0000] {processor.py:179} INFO - Processing /opt/airflow/dags/train_model_dag.py took 0.053 seconds
[2025-05-10T16:08:48.408+0000] {processor.py:157} INFO - Started process (PID=226) to work on /opt/airflow/dags/train_model_dag.py
[2025-05-10T16:08:48.409+0000] {processor.py:829} INFO - Processing file /opt/airflow/dags/train_model_dag.py for tasks to queue
[2025-05-10T16:08:48.410+0000] {logging_mixin.py:151} INFO - [2025-05-10T16:08:48.410+0000] {dagbag.py:539} INFO - Filling up the DagBag from /opt/airflow/dags/train_model_dag.py
[2025-05-10T16:08:48.424+0000] {processor.py:839} INFO - DAG(s) dict_keys(['model_training_dag']) retrieved from /opt/airflow/dags/train_model_dag.py
[2025-05-10T16:08:48.442+0000] {logging_mixin.py:151} INFO - [2025-05-10T16:08:48.442+0000] {dag.py:2915} INFO - Sync 1 DAGs
[2025-05-10T16:08:48.452+0000] {logging_mixin.py:151} INFO - [2025-05-10T16:08:48.452+0000] {dag.py:3696} INFO - Setting next_dagrun for model_training_dag to 2025-05-10T16:07:00+00:00, run_after=2025-05-10T16:08:00+00:00
[2025-05-10T16:08:48.461+0000] {processor.py:179} INFO - Processing /opt/airflow/dags/train_model_dag.py took 0.057 seconds
[2025-05-10T16:09:18.588+0000] {processor.py:157} INFO - Started process (PID=228) to work on /opt/airflow/dags/train_model_dag.py
[2025-05-10T16:09:18.589+0000] {processor.py:829} INFO - Processing file /opt/airflow/dags/train_model_dag.py for tasks to queue
[2025-05-10T16:09:18.591+0000] {logging_mixin.py:151} INFO - [2025-05-10T16:09:18.590+0000] {dagbag.py:539} INFO - Filling up the DagBag from /opt/airflow/dags/train_model_dag.py
[2025-05-10T16:09:18.604+0000] {processor.py:839} INFO - DAG(s) dict_keys(['model_training_dag']) retrieved from /opt/airflow/dags/train_model_dag.py
[2025-05-10T16:09:18.620+0000] {logging_mixin.py:151} INFO - [2025-05-10T16:09:18.620+0000] {dag.py:2915} INFO - Sync 1 DAGs
[2025-05-10T16:09:18.630+0000] {logging_mixin.py:151} INFO - [2025-05-10T16:09:18.630+0000] {dag.py:3696} INFO - Setting next_dagrun for model_training_dag to 2025-05-10T16:08:00+00:00, run_after=2025-05-10T16:09:00+00:00
[2025-05-10T16:09:18.640+0000] {processor.py:179} INFO - Processing /opt/airflow/dags/train_model_dag.py took 0.055 seconds
[2025-05-10T16:09:48.769+0000] {processor.py:157} INFO - Started process (PID=230) to work on /opt/airflow/dags/train_model_dag.py
[2025-05-10T16:09:48.770+0000] {processor.py:829} INFO - Processing file /opt/airflow/dags/train_model_dag.py for tasks to queue
[2025-05-10T16:09:48.771+0000] {logging_mixin.py:151} INFO - [2025-05-10T16:09:48.771+0000] {dagbag.py:539} INFO - Filling up the DagBag from /opt/airflow/dags/train_model_dag.py
[2025-05-10T16:09:48.785+0000] {processor.py:839} INFO - DAG(s) dict_keys(['model_training_dag']) retrieved from /opt/airflow/dags/train_model_dag.py
[2025-05-10T16:09:48.801+0000] {logging_mixin.py:151} INFO - [2025-05-10T16:09:48.801+0000] {dag.py:2915} INFO - Sync 1 DAGs
[2025-05-10T16:09:48.811+0000] {logging_mixin.py:151} INFO - [2025-05-10T16:09:48.811+0000] {dag.py:3696} INFO - Setting next_dagrun for model_training_dag to 2025-05-10T16:08:00+00:00, run_after=2025-05-10T16:09:00+00:00
[2025-05-10T16:09:48.820+0000] {processor.py:179} INFO - Processing /opt/airflow/dags/train_model_dag.py took 0.055 seconds
[2025-05-10T16:10:18.959+0000] {processor.py:157} INFO - Started process (PID=232) to work on /opt/airflow/dags/train_model_dag.py
[2025-05-10T16:10:18.960+0000] {processor.py:829} INFO - Processing file /opt/airflow/dags/train_model_dag.py for tasks to queue
[2025-05-10T16:10:18.961+0000] {logging_mixin.py:151} INFO - [2025-05-10T16:10:18.961+0000] {dagbag.py:539} INFO - Filling up the DagBag from /opt/airflow/dags/train_model_dag.py
[2025-05-10T16:10:18.979+0000] {processor.py:839} INFO - DAG(s) dict_keys(['model_training_dag']) retrieved from /opt/airflow/dags/train_model_dag.py
[2025-05-10T16:10:19.000+0000] {logging_mixin.py:151} INFO - [2025-05-10T16:10:19.000+0000] {dag.py:2915} INFO - Sync 1 DAGs
[2025-05-10T16:10:19.012+0000] {logging_mixin.py:151} INFO - [2025-05-10T16:10:19.012+0000] {dag.py:3696} INFO - Setting next_dagrun for model_training_dag to 2025-05-10T16:09:00+00:00, run_after=2025-05-10T16:10:00+00:00
[2025-05-10T16:10:19.023+0000] {processor.py:179} INFO - Processing /opt/airflow/dags/train_model_dag.py took 0.069 seconds
[2025-05-10T16:10:49.130+0000] {processor.py:157} INFO - Started process (PID=234) to work on /opt/airflow/dags/train_model_dag.py
[2025-05-10T16:10:49.132+0000] {processor.py:829} INFO - Processing file /opt/airflow/dags/train_model_dag.py for tasks to queue
[2025-05-10T16:10:49.132+0000] {logging_mixin.py:151} INFO - [2025-05-10T16:10:49.132+0000] {dagbag.py:539} INFO - Filling up the DagBag from /opt/airflow/dags/train_model_dag.py
[2025-05-10T16:10:49.143+0000] {processor.py:839} INFO - DAG(s) dict_keys(['model_training_dag']) retrieved from /opt/airflow/dags/train_model_dag.py
[2025-05-10T16:10:49.157+0000] {logging_mixin.py:151} INFO - [2025-05-10T16:10:49.157+0000] {dag.py:2915} INFO - Sync 1 DAGs
[2025-05-10T16:10:49.167+0000] {logging_mixin.py:151} INFO - [2025-05-10T16:10:49.167+0000] {dag.py:3696} INFO - Setting next_dagrun for model_training_dag to 2025-05-10T16:09:00+00:00, run_after=2025-05-10T16:10:00+00:00
[2025-05-10T16:10:49.176+0000] {processor.py:179} INFO - Processing /opt/airflow/dags/train_model_dag.py took 0.049 seconds
[2025-05-10T16:11:19.293+0000] {processor.py:157} INFO - Started process (PID=236) to work on /opt/airflow/dags/train_model_dag.py
[2025-05-10T16:11:19.294+0000] {processor.py:829} INFO - Processing file /opt/airflow/dags/train_model_dag.py for tasks to queue
[2025-05-10T16:11:19.294+0000] {logging_mixin.py:151} INFO - [2025-05-10T16:11:19.294+0000] {dagbag.py:539} INFO - Filling up the DagBag from /opt/airflow/dags/train_model_dag.py
[2025-05-10T16:11:19.301+0000] {processor.py:839} INFO - DAG(s) dict_keys(['model_training_dag']) retrieved from /opt/airflow/dags/train_model_dag.py
[2025-05-10T16:11:19.310+0000] {logging_mixin.py:151} INFO - [2025-05-10T16:11:19.310+0000] {dag.py:2915} INFO - Sync 1 DAGs
[2025-05-10T16:11:19.318+0000] {logging_mixin.py:151} INFO - [2025-05-10T16:11:19.318+0000] {dag.py:3696} INFO - Setting next_dagrun for model_training_dag to 2025-05-10T16:10:00+00:00, run_after=2025-05-10T16:11:00+00:00
[2025-05-10T16:11:19.326+0000] {processor.py:179} INFO - Processing /opt/airflow/dags/train_model_dag.py took 0.035 seconds
[2025-05-10T16:11:49.452+0000] {processor.py:157} INFO - Started process (PID=238) to work on /opt/airflow/dags/train_model_dag.py
[2025-05-10T16:11:49.452+0000] {processor.py:829} INFO - Processing file /opt/airflow/dags/train_model_dag.py for tasks to queue
[2025-05-10T16:11:49.453+0000] {logging_mixin.py:151} INFO - [2025-05-10T16:11:49.453+0000] {dagbag.py:539} INFO - Filling up the DagBag from /opt/airflow/dags/train_model_dag.py
[2025-05-10T16:11:49.463+0000] {processor.py:839} INFO - DAG(s) dict_keys(['model_training_dag']) retrieved from /opt/airflow/dags/train_model_dag.py
[2025-05-10T16:11:49.476+0000] {logging_mixin.py:151} INFO - [2025-05-10T16:11:49.476+0000] {dag.py:2915} INFO - Sync 1 DAGs
[2025-05-10T16:11:49.485+0000] {logging_mixin.py:151} INFO - [2025-05-10T16:11:49.485+0000] {dag.py:3696} INFO - Setting next_dagrun for model_training_dag to 2025-05-10T16:10:00+00:00, run_after=2025-05-10T16:11:00+00:00
[2025-05-10T16:11:49.495+0000] {processor.py:179} INFO - Processing /opt/airflow/dags/train_model_dag.py took 0.046 seconds
[2025-05-10T16:12:19.631+0000] {processor.py:157} INFO - Started process (PID=240) to work on /opt/airflow/dags/train_model_dag.py
[2025-05-10T16:12:19.632+0000] {processor.py:829} INFO - Processing file /opt/airflow/dags/train_model_dag.py for tasks to queue
[2025-05-10T16:12:19.633+0000] {logging_mixin.py:151} INFO - [2025-05-10T16:12:19.633+0000] {dagbag.py:539} INFO - Filling up the DagBag from /opt/airflow/dags/train_model_dag.py
[2025-05-10T16:12:19.645+0000] {processor.py:839} INFO - DAG(s) dict_keys(['model_training_dag']) retrieved from /opt/airflow/dags/train_model_dag.py
[2025-05-10T16:12:19.663+0000] {logging_mixin.py:151} INFO - [2025-05-10T16:12:19.663+0000] {dag.py:2915} INFO - Sync 1 DAGs
[2025-05-10T16:12:19.674+0000] {logging_mixin.py:151} INFO - [2025-05-10T16:12:19.674+0000] {dag.py:3696} INFO - Setting next_dagrun for model_training_dag to 2025-05-10T16:11:00+00:00, run_after=2025-05-10T16:12:00+00:00
[2025-05-10T16:12:19.685+0000] {processor.py:179} INFO - Processing /opt/airflow/dags/train_model_dag.py took 0.057 seconds
[2025-05-10T16:12:49.805+0000] {processor.py:157} INFO - Started process (PID=242) to work on /opt/airflow/dags/train_model_dag.py
[2025-05-10T16:12:49.806+0000] {processor.py:829} INFO - Processing file /opt/airflow/dags/train_model_dag.py for tasks to queue
[2025-05-10T16:12:49.807+0000] {logging_mixin.py:151} INFO - [2025-05-10T16:12:49.806+0000] {dagbag.py:539} INFO - Filling up the DagBag from /opt/airflow/dags/train_model_dag.py
[2025-05-10T16:12:49.821+0000] {processor.py:839} INFO - DAG(s) dict_keys(['model_training_dag']) retrieved from /opt/airflow/dags/train_model_dag.py
[2025-05-10T16:12:49.840+0000] {logging_mixin.py:151} INFO - [2025-05-10T16:12:49.840+0000] {dag.py:2915} INFO - Sync 1 DAGs
[2025-05-10T16:12:49.850+0000] {logging_mixin.py:151} INFO - [2025-05-10T16:12:49.850+0000] {dag.py:3696} INFO - Setting next_dagrun for model_training_dag to 2025-05-10T16:11:00+00:00, run_after=2025-05-10T16:12:00+00:00
[2025-05-10T16:12:49.860+0000] {processor.py:179} INFO - Processing /opt/airflow/dags/train_model_dag.py took 0.059 seconds
[2025-05-10T16:13:19.978+0000] {processor.py:157} INFO - Started process (PID=244) to work on /opt/airflow/dags/train_model_dag.py
[2025-05-10T16:13:19.979+0000] {processor.py:829} INFO - Processing file /opt/airflow/dags/train_model_dag.py for tasks to queue
[2025-05-10T16:13:19.980+0000] {logging_mixin.py:151} INFO - [2025-05-10T16:13:19.980+0000] {dagbag.py:539} INFO - Filling up the DagBag from /opt/airflow/dags/train_model_dag.py
[2025-05-10T16:13:19.995+0000] {processor.py:839} INFO - DAG(s) dict_keys(['model_training_dag']) retrieved from /opt/airflow/dags/train_model_dag.py
[2025-05-10T16:13:20.014+0000] {logging_mixin.py:151} INFO - [2025-05-10T16:13:20.014+0000] {dag.py:2915} INFO - Sync 1 DAGs
[2025-05-10T16:13:20.027+0000] {logging_mixin.py:151} INFO - [2025-05-10T16:13:20.027+0000] {dag.py:3696} INFO - Setting next_dagrun for model_training_dag to 2025-05-10T16:12:00+00:00, run_after=2025-05-10T16:13:00+00:00
[2025-05-10T16:13:20.039+0000] {processor.py:179} INFO - Processing /opt/airflow/dags/train_model_dag.py took 0.066 seconds
[2025-05-10T16:13:50.153+0000] {processor.py:157} INFO - Started process (PID=246) to work on /opt/airflow/dags/train_model_dag.py
[2025-05-10T16:13:50.155+0000] {processor.py:829} INFO - Processing file /opt/airflow/dags/train_model_dag.py for tasks to queue
[2025-05-10T16:13:50.156+0000] {logging_mixin.py:151} INFO - [2025-05-10T16:13:50.156+0000] {dagbag.py:539} INFO - Filling up the DagBag from /opt/airflow/dags/train_model_dag.py
[2025-05-10T16:13:50.177+0000] {processor.py:839} INFO - DAG(s) dict_keys(['model_training_dag']) retrieved from /opt/airflow/dags/train_model_dag.py
[2025-05-10T16:13:50.203+0000] {logging_mixin.py:151} INFO - [2025-05-10T16:13:50.203+0000] {dag.py:2915} INFO - Sync 1 DAGs
[2025-05-10T16:13:50.215+0000] {logging_mixin.py:151} INFO - [2025-05-10T16:13:50.214+0000] {dag.py:3696} INFO - Setting next_dagrun for model_training_dag to 2025-05-10T16:12:00+00:00, run_after=2025-05-10T16:13:00+00:00
[2025-05-10T16:13:50.224+0000] {processor.py:179} INFO - Processing /opt/airflow/dags/train_model_dag.py took 0.075 seconds
[2025-05-10T16:14:20.307+0000] {processor.py:157} INFO - Started process (PID=248) to work on /opt/airflow/dags/train_model_dag.py
[2025-05-10T16:14:20.308+0000] {processor.py:829} INFO - Processing file /opt/airflow/dags/train_model_dag.py for tasks to queue
[2025-05-10T16:14:20.309+0000] {logging_mixin.py:151} INFO - [2025-05-10T16:14:20.309+0000] {dagbag.py:539} INFO - Filling up the DagBag from /opt/airflow/dags/train_model_dag.py
[2025-05-10T16:14:20.321+0000] {processor.py:839} INFO - DAG(s) dict_keys(['model_training_dag']) retrieved from /opt/airflow/dags/train_model_dag.py
[2025-05-10T16:14:20.339+0000] {logging_mixin.py:151} INFO - [2025-05-10T16:14:20.339+0000] {dag.py:2915} INFO - Sync 1 DAGs
[2025-05-10T16:14:20.354+0000] {logging_mixin.py:151} INFO - [2025-05-10T16:14:20.354+0000] {dag.py:3696} INFO - Setting next_dagrun for model_training_dag to 2025-05-10T16:13:00+00:00, run_after=2025-05-10T16:14:00+00:00
[2025-05-10T16:14:20.366+0000] {processor.py:179} INFO - Processing /opt/airflow/dags/train_model_dag.py took 0.062 seconds
[2025-05-10T16:14:50.479+0000] {processor.py:157} INFO - Started process (PID=250) to work on /opt/airflow/dags/train_model_dag.py
[2025-05-10T16:14:50.481+0000] {processor.py:829} INFO - Processing file /opt/airflow/dags/train_model_dag.py for tasks to queue
[2025-05-10T16:14:50.483+0000] {logging_mixin.py:151} INFO - [2025-05-10T16:14:50.482+0000] {dagbag.py:539} INFO - Filling up the DagBag from /opt/airflow/dags/train_model_dag.py
[2025-05-10T16:14:50.499+0000] {processor.py:839} INFO - DAG(s) dict_keys(['model_training_dag']) retrieved from /opt/airflow/dags/train_model_dag.py
[2025-05-10T16:14:50.516+0000] {logging_mixin.py:151} INFO - [2025-05-10T16:14:50.516+0000] {dag.py:2915} INFO - Sync 1 DAGs
[2025-05-10T16:14:50.528+0000] {logging_mixin.py:151} INFO - [2025-05-10T16:14:50.528+0000] {dag.py:3696} INFO - Setting next_dagrun for model_training_dag to 2025-05-10T16:13:00+00:00, run_after=2025-05-10T16:14:00+00:00
[2025-05-10T16:14:50.543+0000] {processor.py:179} INFO - Processing /opt/airflow/dags/train_model_dag.py took 0.073 seconds
[2025-05-10T16:15:20.652+0000] {processor.py:157} INFO - Started process (PID=252) to work on /opt/airflow/dags/train_model_dag.py
[2025-05-10T16:15:20.653+0000] {processor.py:829} INFO - Processing file /opt/airflow/dags/train_model_dag.py for tasks to queue
[2025-05-10T16:15:20.654+0000] {logging_mixin.py:151} INFO - [2025-05-10T16:15:20.653+0000] {dagbag.py:539} INFO - Filling up the DagBag from /opt/airflow/dags/train_model_dag.py
[2025-05-10T16:15:20.667+0000] {processor.py:839} INFO - DAG(s) dict_keys(['model_training_dag']) retrieved from /opt/airflow/dags/train_model_dag.py
[2025-05-10T16:15:20.682+0000] {logging_mixin.py:151} INFO - [2025-05-10T16:15:20.682+0000] {dag.py:2915} INFO - Sync 1 DAGs
[2025-05-10T16:15:20.692+0000] {logging_mixin.py:151} INFO - [2025-05-10T16:15:20.692+0000] {dag.py:3696} INFO - Setting next_dagrun for model_training_dag to 2025-05-10T16:14:00+00:00, run_after=2025-05-10T16:15:00+00:00
[2025-05-10T16:15:20.701+0000] {processor.py:179} INFO - Processing /opt/airflow/dags/train_model_dag.py took 0.057 seconds
[2025-05-10T16:15:50.817+0000] {processor.py:157} INFO - Started process (PID=254) to work on /opt/airflow/dags/train_model_dag.py
[2025-05-10T16:15:50.818+0000] {processor.py:829} INFO - Processing file /opt/airflow/dags/train_model_dag.py for tasks to queue
[2025-05-10T16:15:50.819+0000] {logging_mixin.py:151} INFO - [2025-05-10T16:15:50.818+0000] {dagbag.py:539} INFO - Filling up the DagBag from /opt/airflow/dags/train_model_dag.py
[2025-05-10T16:15:50.832+0000] {processor.py:839} INFO - DAG(s) dict_keys(['model_training_dag']) retrieved from /opt/airflow/dags/train_model_dag.py
[2025-05-10T16:15:50.849+0000] {logging_mixin.py:151} INFO - [2025-05-10T16:15:50.849+0000] {dag.py:2915} INFO - Sync 1 DAGs
[2025-05-10T16:15:50.860+0000] {logging_mixin.py:151} INFO - [2025-05-10T16:15:50.860+0000] {dag.py:3696} INFO - Setting next_dagrun for model_training_dag to 2025-05-10T16:14:00+00:00, run_after=2025-05-10T16:15:00+00:00
[2025-05-10T16:15:50.870+0000] {processor.py:179} INFO - Processing /opt/airflow/dags/train_model_dag.py took 0.058 seconds
[2025-05-10T16:16:20.984+0000] {processor.py:157} INFO - Started process (PID=256) to work on /opt/airflow/dags/train_model_dag.py
[2025-05-10T16:16:20.986+0000] {processor.py:829} INFO - Processing file /opt/airflow/dags/train_model_dag.py for tasks to queue
[2025-05-10T16:16:20.987+0000] {logging_mixin.py:151} INFO - [2025-05-10T16:16:20.986+0000] {dagbag.py:539} INFO - Filling up the DagBag from /opt/airflow/dags/train_model_dag.py
[2025-05-10T16:16:21.004+0000] {processor.py:839} INFO - DAG(s) dict_keys(['model_training_dag']) retrieved from /opt/airflow/dags/train_model_dag.py
[2025-05-10T16:16:21.023+0000] {logging_mixin.py:151} INFO - [2025-05-10T16:16:21.023+0000] {dag.py:2915} INFO - Sync 1 DAGs
[2025-05-10T16:16:21.034+0000] {logging_mixin.py:151} INFO - [2025-05-10T16:16:21.034+0000] {dag.py:3696} INFO - Setting next_dagrun for model_training_dag to 2025-05-10T16:15:00+00:00, run_after=2025-05-10T16:16:00+00:00
[2025-05-10T16:16:21.044+0000] {processor.py:179} INFO - Processing /opt/airflow/dags/train_model_dag.py took 0.064 seconds
[2025-05-10T16:16:51.141+0000] {processor.py:157} INFO - Started process (PID=258) to work on /opt/airflow/dags/train_model_dag.py
[2025-05-10T16:16:51.142+0000] {processor.py:829} INFO - Processing file /opt/airflow/dags/train_model_dag.py for tasks to queue
[2025-05-10T16:16:51.142+0000] {logging_mixin.py:151} INFO - [2025-05-10T16:16:51.142+0000] {dagbag.py:539} INFO - Filling up the DagBag from /opt/airflow/dags/train_model_dag.py
[2025-05-10T16:16:51.154+0000] {processor.py:839} INFO - DAG(s) dict_keys(['model_training_dag']) retrieved from /opt/airflow/dags/train_model_dag.py
[2025-05-10T16:16:51.171+0000] {logging_mixin.py:151} INFO - [2025-05-10T16:16:51.171+0000] {dag.py:2915} INFO - Sync 1 DAGs
[2025-05-10T16:16:51.183+0000] {logging_mixin.py:151} INFO - [2025-05-10T16:16:51.183+0000] {dag.py:3696} INFO - Setting next_dagrun for model_training_dag to 2025-05-10T16:15:00+00:00, run_after=2025-05-10T16:16:00+00:00
[2025-05-10T16:16:51.194+0000] {processor.py:179} INFO - Processing /opt/airflow/dags/train_model_dag.py took 0.056 seconds
[2025-05-10T16:17:21.295+0000] {processor.py:157} INFO - Started process (PID=260) to work on /opt/airflow/dags/train_model_dag.py
[2025-05-10T16:17:21.295+0000] {processor.py:829} INFO - Processing file /opt/airflow/dags/train_model_dag.py for tasks to queue
[2025-05-10T16:17:21.296+0000] {logging_mixin.py:151} INFO - [2025-05-10T16:17:21.295+0000] {dagbag.py:539} INFO - Filling up the DagBag from /opt/airflow/dags/train_model_dag.py
[2025-05-10T16:17:21.306+0000] {processor.py:839} INFO - DAG(s) dict_keys(['model_training_dag']) retrieved from /opt/airflow/dags/train_model_dag.py
[2025-05-10T16:17:21.319+0000] {logging_mixin.py:151} INFO - [2025-05-10T16:17:21.319+0000] {dag.py:2915} INFO - Sync 1 DAGs
[2025-05-10T16:17:21.329+0000] {logging_mixin.py:151} INFO - [2025-05-10T16:17:21.329+0000] {dag.py:3696} INFO - Setting next_dagrun for model_training_dag to 2025-05-10T16:16:00+00:00, run_after=2025-05-10T16:17:00+00:00
[2025-05-10T16:17:21.339+0000] {processor.py:179} INFO - Processing /opt/airflow/dags/train_model_dag.py took 0.046 seconds
[2025-05-10T16:17:51.448+0000] {processor.py:157} INFO - Started process (PID=262) to work on /opt/airflow/dags/train_model_dag.py
[2025-05-10T16:17:51.449+0000] {processor.py:829} INFO - Processing file /opt/airflow/dags/train_model_dag.py for tasks to queue
[2025-05-10T16:17:51.450+0000] {logging_mixin.py:151} INFO - [2025-05-10T16:17:51.450+0000] {dagbag.py:539} INFO - Filling up the DagBag from /opt/airflow/dags/train_model_dag.py
[2025-05-10T16:17:51.466+0000] {processor.py:839} INFO - DAG(s) dict_keys(['model_training_dag']) retrieved from /opt/airflow/dags/train_model_dag.py
[2025-05-10T16:17:51.481+0000] {logging_mixin.py:151} INFO - [2025-05-10T16:17:51.481+0000] {dag.py:2915} INFO - Sync 1 DAGs
[2025-05-10T16:17:51.492+0000] {logging_mixin.py:151} INFO - [2025-05-10T16:17:51.491+0000] {dag.py:3696} INFO - Setting next_dagrun for model_training_dag to 2025-05-10T16:16:00+00:00, run_after=2025-05-10T16:17:00+00:00
[2025-05-10T16:17:51.502+0000] {processor.py:179} INFO - Processing /opt/airflow/dags/train_model_dag.py took 0.059 seconds
[2025-05-10T16:18:21.632+0000] {processor.py:157} INFO - Started process (PID=264) to work on /opt/airflow/dags/train_model_dag.py
[2025-05-10T16:18:21.633+0000] {processor.py:829} INFO - Processing file /opt/airflow/dags/train_model_dag.py for tasks to queue
[2025-05-10T16:18:21.634+0000] {logging_mixin.py:151} INFO - [2025-05-10T16:18:21.633+0000] {dagbag.py:539} INFO - Filling up the DagBag from /opt/airflow/dags/train_model_dag.py
[2025-05-10T16:18:21.645+0000] {processor.py:839} INFO - DAG(s) dict_keys(['model_training_dag']) retrieved from /opt/airflow/dags/train_model_dag.py
[2025-05-10T16:18:21.662+0000] {logging_mixin.py:151} INFO - [2025-05-10T16:18:21.662+0000] {dag.py:2915} INFO - Sync 1 DAGs
[2025-05-10T16:18:21.673+0000] {logging_mixin.py:151} INFO - [2025-05-10T16:18:21.673+0000] {dag.py:3696} INFO - Setting next_dagrun for model_training_dag to 2025-05-10T16:17:00+00:00, run_after=2025-05-10T16:18:00+00:00
[2025-05-10T16:18:21.682+0000] {processor.py:179} INFO - Processing /opt/airflow/dags/train_model_dag.py took 0.056 seconds
[2025-05-10T16:18:51.816+0000] {processor.py:157} INFO - Started process (PID=266) to work on /opt/airflow/dags/train_model_dag.py
[2025-05-10T16:18:51.817+0000] {processor.py:829} INFO - Processing file /opt/airflow/dags/train_model_dag.py for tasks to queue
[2025-05-10T16:18:51.819+0000] {logging_mixin.py:151} INFO - [2025-05-10T16:18:51.818+0000] {dagbag.py:539} INFO - Filling up the DagBag from /opt/airflow/dags/train_model_dag.py
[2025-05-10T16:18:51.833+0000] {processor.py:839} INFO - DAG(s) dict_keys(['model_training_dag']) retrieved from /opt/airflow/dags/train_model_dag.py
[2025-05-10T16:18:51.850+0000] {logging_mixin.py:151} INFO - [2025-05-10T16:18:51.850+0000] {dag.py:2915} INFO - Sync 1 DAGs
[2025-05-10T16:18:51.861+0000] {logging_mixin.py:151} INFO - [2025-05-10T16:18:51.861+0000] {dag.py:3696} INFO - Setting next_dagrun for model_training_dag to 2025-05-10T16:17:00+00:00, run_after=2025-05-10T16:18:00+00:00
[2025-05-10T16:18:51.870+0000] {processor.py:179} INFO - Processing /opt/airflow/dags/train_model_dag.py took 0.058 seconds
[2025-05-10T16:19:21.998+0000] {processor.py:157} INFO - Started process (PID=268) to work on /opt/airflow/dags/train_model_dag.py
[2025-05-10T16:19:21.999+0000] {processor.py:829} INFO - Processing file /opt/airflow/dags/train_model_dag.py for tasks to queue
[2025-05-10T16:19:22.001+0000] {logging_mixin.py:151} INFO - [2025-05-10T16:19:22.000+0000] {dagbag.py:539} INFO - Filling up the DagBag from /opt/airflow/dags/train_model_dag.py
[2025-05-10T16:19:22.015+0000] {processor.py:839} INFO - DAG(s) dict_keys(['model_training_dag']) retrieved from /opt/airflow/dags/train_model_dag.py
[2025-05-10T16:19:22.031+0000] {logging_mixin.py:151} INFO - [2025-05-10T16:19:22.031+0000] {dag.py:2915} INFO - Sync 1 DAGs
[2025-05-10T16:19:22.043+0000] {logging_mixin.py:151} INFO - [2025-05-10T16:19:22.043+0000] {dag.py:3696} INFO - Setting next_dagrun for model_training_dag to 2025-05-10T16:18:00+00:00, run_after=2025-05-10T16:19:00+00:00
[2025-05-10T16:19:22.055+0000] {processor.py:179} INFO - Processing /opt/airflow/dags/train_model_dag.py took 0.059 seconds
[2025-05-10T16:19:52.170+0000] {processor.py:157} INFO - Started process (PID=270) to work on /opt/airflow/dags/train_model_dag.py
[2025-05-10T16:19:52.171+0000] {processor.py:829} INFO - Processing file /opt/airflow/dags/train_model_dag.py for tasks to queue
[2025-05-10T16:19:52.173+0000] {logging_mixin.py:151} INFO - [2025-05-10T16:19:52.172+0000] {dagbag.py:539} INFO - Filling up the DagBag from /opt/airflow/dags/train_model_dag.py
[2025-05-10T16:19:52.187+0000] {processor.py:839} INFO - DAG(s) dict_keys(['model_training_dag']) retrieved from /opt/airflow/dags/train_model_dag.py
[2025-05-10T16:19:52.206+0000] {logging_mixin.py:151} INFO - [2025-05-10T16:19:52.206+0000] {dag.py:2915} INFO - Sync 1 DAGs
[2025-05-10T16:19:52.217+0000] {logging_mixin.py:151} INFO - [2025-05-10T16:19:52.217+0000] {dag.py:3696} INFO - Setting next_dagrun for model_training_dag to 2025-05-10T16:18:00+00:00, run_after=2025-05-10T16:19:00+00:00
[2025-05-10T16:19:52.226+0000] {processor.py:179} INFO - Processing /opt/airflow/dags/train_model_dag.py took 0.060 seconds
[2025-05-10T16:20:22.343+0000] {processor.py:157} INFO - Started process (PID=272) to work on /opt/airflow/dags/train_model_dag.py
[2025-05-10T16:20:22.344+0000] {processor.py:829} INFO - Processing file /opt/airflow/dags/train_model_dag.py for tasks to queue
[2025-05-10T16:20:22.345+0000] {logging_mixin.py:151} INFO - [2025-05-10T16:20:22.344+0000] {dagbag.py:539} INFO - Filling up the DagBag from /opt/airflow/dags/train_model_dag.py
[2025-05-10T16:20:22.361+0000] {processor.py:839} INFO - DAG(s) dict_keys(['model_training_dag']) retrieved from /opt/airflow/dags/train_model_dag.py
[2025-05-10T16:20:22.381+0000] {logging_mixin.py:151} INFO - [2025-05-10T16:20:22.381+0000] {dag.py:2915} INFO - Sync 1 DAGs
[2025-05-10T16:20:22.393+0000] {logging_mixin.py:151} INFO - [2025-05-10T16:20:22.393+0000] {dag.py:3696} INFO - Setting next_dagrun for model_training_dag to 2025-05-10T16:19:00+00:00, run_after=2025-05-10T16:20:00+00:00
[2025-05-10T16:20:22.405+0000] {processor.py:179} INFO - Processing /opt/airflow/dags/train_model_dag.py took 0.065 seconds
[2025-05-10T16:20:52.530+0000] {processor.py:157} INFO - Started process (PID=274) to work on /opt/airflow/dags/train_model_dag.py
[2025-05-10T16:20:52.531+0000] {processor.py:829} INFO - Processing file /opt/airflow/dags/train_model_dag.py for tasks to queue
[2025-05-10T16:20:52.532+0000] {logging_mixin.py:151} INFO - [2025-05-10T16:20:52.532+0000] {dagbag.py:539} INFO - Filling up the DagBag from /opt/airflow/dags/train_model_dag.py
[2025-05-10T16:20:52.549+0000] {processor.py:839} INFO - DAG(s) dict_keys(['model_training_dag']) retrieved from /opt/airflow/dags/train_model_dag.py
[2025-05-10T16:20:52.569+0000] {logging_mixin.py:151} INFO - [2025-05-10T16:20:52.569+0000] {dag.py:2915} INFO - Sync 1 DAGs
[2025-05-10T16:20:52.580+0000] {logging_mixin.py:151} INFO - [2025-05-10T16:20:52.580+0000] {dag.py:3696} INFO - Setting next_dagrun for model_training_dag to 2025-05-10T16:19:00+00:00, run_after=2025-05-10T16:20:00+00:00
[2025-05-10T16:20:52.590+0000] {processor.py:179} INFO - Processing /opt/airflow/dags/train_model_dag.py took 0.065 seconds
[2025-05-10T16:21:22.715+0000] {processor.py:157} INFO - Started process (PID=276) to work on /opt/airflow/dags/train_model_dag.py
[2025-05-10T16:21:22.716+0000] {processor.py:829} INFO - Processing file /opt/airflow/dags/train_model_dag.py for tasks to queue
[2025-05-10T16:21:22.718+0000] {logging_mixin.py:151} INFO - [2025-05-10T16:21:22.717+0000] {dagbag.py:539} INFO - Filling up the DagBag from /opt/airflow/dags/train_model_dag.py
[2025-05-10T16:21:22.733+0000] {processor.py:839} INFO - DAG(s) dict_keys(['model_training_dag']) retrieved from /opt/airflow/dags/train_model_dag.py
[2025-05-10T16:21:22.750+0000] {logging_mixin.py:151} INFO - [2025-05-10T16:21:22.749+0000] {dag.py:2915} INFO - Sync 1 DAGs
[2025-05-10T16:21:22.761+0000] {logging_mixin.py:151} INFO - [2025-05-10T16:21:22.761+0000] {dag.py:3696} INFO - Setting next_dagrun for model_training_dag to 2025-05-10T16:20:00+00:00, run_after=2025-05-10T16:21:00+00:00
[2025-05-10T16:21:22.772+0000] {processor.py:179} INFO - Processing /opt/airflow/dags/train_model_dag.py took 0.061 seconds
[2025-05-10T16:21:52.876+0000] {processor.py:157} INFO - Started process (PID=278) to work on /opt/airflow/dags/train_model_dag.py
[2025-05-10T16:21:52.876+0000] {processor.py:829} INFO - Processing file /opt/airflow/dags/train_model_dag.py for tasks to queue
[2025-05-10T16:21:52.877+0000] {logging_mixin.py:151} INFO - [2025-05-10T16:21:52.877+0000] {dagbag.py:539} INFO - Filling up the DagBag from /opt/airflow/dags/train_model_dag.py
[2025-05-10T16:21:52.888+0000] {processor.py:839} INFO - DAG(s) dict_keys(['model_training_dag']) retrieved from /opt/airflow/dags/train_model_dag.py
[2025-05-10T16:21:52.902+0000] {logging_mixin.py:151} INFO - [2025-05-10T16:21:52.902+0000] {dag.py:2915} INFO - Sync 1 DAGs
[2025-05-10T16:21:52.912+0000] {logging_mixin.py:151} INFO - [2025-05-10T16:21:52.912+0000] {dag.py:3696} INFO - Setting next_dagrun for model_training_dag to 2025-05-10T16:20:00+00:00, run_after=2025-05-10T16:21:00+00:00
[2025-05-10T16:21:52.922+0000] {processor.py:179} INFO - Processing /opt/airflow/dags/train_model_dag.py took 0.048 seconds
[2025-05-10T16:22:23.052+0000] {processor.py:157} INFO - Started process (PID=280) to work on /opt/airflow/dags/train_model_dag.py
[2025-05-10T16:22:23.054+0000] {processor.py:829} INFO - Processing file /opt/airflow/dags/train_model_dag.py for tasks to queue
[2025-05-10T16:22:23.055+0000] {logging_mixin.py:151} INFO - [2025-05-10T16:22:23.054+0000] {dagbag.py:539} INFO - Filling up the DagBag from /opt/airflow/dags/train_model_dag.py
[2025-05-10T16:22:23.069+0000] {processor.py:839} INFO - DAG(s) dict_keys(['model_training_dag']) retrieved from /opt/airflow/dags/train_model_dag.py
[2025-05-10T16:22:23.087+0000] {logging_mixin.py:151} INFO - [2025-05-10T16:22:23.087+0000] {dag.py:2915} INFO - Sync 1 DAGs
[2025-05-10T16:22:23.097+0000] {logging_mixin.py:151} INFO - [2025-05-10T16:22:23.097+0000] {dag.py:3696} INFO - Setting next_dagrun for model_training_dag to 2025-05-10T16:21:00+00:00, run_after=2025-05-10T16:22:00+00:00
[2025-05-10T16:22:23.107+0000] {processor.py:179} INFO - Processing /opt/airflow/dags/train_model_dag.py took 0.059 seconds
[2025-05-10T16:22:53.222+0000] {processor.py:157} INFO - Started process (PID=282) to work on /opt/airflow/dags/train_model_dag.py
[2025-05-10T16:22:53.223+0000] {processor.py:829} INFO - Processing file /opt/airflow/dags/train_model_dag.py for tasks to queue
[2025-05-10T16:22:53.224+0000] {logging_mixin.py:151} INFO - [2025-05-10T16:22:53.223+0000] {dagbag.py:539} INFO - Filling up the DagBag from /opt/airflow/dags/train_model_dag.py
[2025-05-10T16:22:53.238+0000] {processor.py:839} INFO - DAG(s) dict_keys(['model_training_dag']) retrieved from /opt/airflow/dags/train_model_dag.py
[2025-05-10T16:22:53.254+0000] {logging_mixin.py:151} INFO - [2025-05-10T16:22:53.254+0000] {dag.py:2915} INFO - Sync 1 DAGs
[2025-05-10T16:22:53.265+0000] {logging_mixin.py:151} INFO - [2025-05-10T16:22:53.265+0000] {dag.py:3696} INFO - Setting next_dagrun for model_training_dag to 2025-05-10T16:21:00+00:00, run_after=2025-05-10T16:22:00+00:00
[2025-05-10T16:22:53.275+0000] {processor.py:179} INFO - Processing /opt/airflow/dags/train_model_dag.py took 0.057 seconds
[2025-05-10T16:23:23.383+0000] {processor.py:157} INFO - Started process (PID=284) to work on /opt/airflow/dags/train_model_dag.py
[2025-05-10T16:23:23.383+0000] {processor.py:829} INFO - Processing file /opt/airflow/dags/train_model_dag.py for tasks to queue
[2025-05-10T16:23:23.384+0000] {logging_mixin.py:151} INFO - [2025-05-10T16:23:23.384+0000] {dagbag.py:539} INFO - Filling up the DagBag from /opt/airflow/dags/train_model_dag.py
[2025-05-10T16:23:23.393+0000] {processor.py:839} INFO - DAG(s) dict_keys(['model_training_dag']) retrieved from /opt/airflow/dags/train_model_dag.py
[2025-05-10T16:23:23.405+0000] {logging_mixin.py:151} INFO - [2025-05-10T16:23:23.405+0000] {dag.py:2915} INFO - Sync 1 DAGs
[2025-05-10T16:23:23.415+0000] {logging_mixin.py:151} INFO - [2025-05-10T16:23:23.415+0000] {dag.py:3696} INFO - Setting next_dagrun for model_training_dag to 2025-05-10T16:22:00+00:00, run_after=2025-05-10T16:23:00+00:00
[2025-05-10T16:23:23.425+0000] {processor.py:179} INFO - Processing /opt/airflow/dags/train_model_dag.py took 0.045 seconds
[2025-05-10T16:23:53.559+0000] {processor.py:157} INFO - Started process (PID=286) to work on /opt/airflow/dags/train_model_dag.py
[2025-05-10T16:23:53.560+0000] {processor.py:829} INFO - Processing file /opt/airflow/dags/train_model_dag.py for tasks to queue
[2025-05-10T16:23:53.561+0000] {logging_mixin.py:151} INFO - [2025-05-10T16:23:53.560+0000] {dagbag.py:539} INFO - Filling up the DagBag from /opt/airflow/dags/train_model_dag.py
[2025-05-10T16:23:53.573+0000] {processor.py:839} INFO - DAG(s) dict_keys(['model_training_dag']) retrieved from /opt/airflow/dags/train_model_dag.py
[2025-05-10T16:23:53.589+0000] {logging_mixin.py:151} INFO - [2025-05-10T16:23:53.589+0000] {dag.py:2915} INFO - Sync 1 DAGs
[2025-05-10T16:23:53.600+0000] {logging_mixin.py:151} INFO - [2025-05-10T16:23:53.600+0000] {dag.py:3696} INFO - Setting next_dagrun for model_training_dag to 2025-05-10T16:22:00+00:00, run_after=2025-05-10T16:23:00+00:00
[2025-05-10T16:23:53.610+0000] {processor.py:179} INFO - Processing /opt/airflow/dags/train_model_dag.py took 0.054 seconds
[2025-05-10T16:24:23.747+0000] {processor.py:157} INFO - Started process (PID=288) to work on /opt/airflow/dags/train_model_dag.py
[2025-05-10T16:24:23.748+0000] {processor.py:829} INFO - Processing file /opt/airflow/dags/train_model_dag.py for tasks to queue
[2025-05-10T16:24:23.749+0000] {logging_mixin.py:151} INFO - [2025-05-10T16:24:23.748+0000] {dagbag.py:539} INFO - Filling up the DagBag from /opt/airflow/dags/train_model_dag.py
[2025-05-10T16:24:23.764+0000] {processor.py:839} INFO - DAG(s) dict_keys(['model_training_dag']) retrieved from /opt/airflow/dags/train_model_dag.py
[2025-05-10T16:24:23.781+0000] {logging_mixin.py:151} INFO - [2025-05-10T16:24:23.781+0000] {dag.py:2915} INFO - Sync 1 DAGs
[2025-05-10T16:24:23.794+0000] {logging_mixin.py:151} INFO - [2025-05-10T16:24:23.794+0000] {dag.py:3696} INFO - Setting next_dagrun for model_training_dag to 2025-05-10T16:23:00+00:00, run_after=2025-05-10T16:24:00+00:00
[2025-05-10T16:24:23.805+0000] {processor.py:179} INFO - Processing /opt/airflow/dags/train_model_dag.py took 0.062 seconds
[2025-05-10T16:24:53.902+0000] {processor.py:157} INFO - Started process (PID=290) to work on /opt/airflow/dags/train_model_dag.py
[2025-05-10T16:24:53.903+0000] {processor.py:829} INFO - Processing file /opt/airflow/dags/train_model_dag.py for tasks to queue
[2025-05-10T16:24:53.903+0000] {logging_mixin.py:151} INFO - [2025-05-10T16:24:53.903+0000] {dagbag.py:539} INFO - Filling up the DagBag from /opt/airflow/dags/train_model_dag.py
[2025-05-10T16:24:53.910+0000] {processor.py:839} INFO - DAG(s) dict_keys(['model_training_dag']) retrieved from /opt/airflow/dags/train_model_dag.py
[2025-05-10T16:24:53.922+0000] {logging_mixin.py:151} INFO - [2025-05-10T16:24:53.922+0000] {dag.py:2915} INFO - Sync 1 DAGs
[2025-05-10T16:24:53.932+0000] {logging_mixin.py:151} INFO - [2025-05-10T16:24:53.932+0000] {dag.py:3696} INFO - Setting next_dagrun for model_training_dag to 2025-05-10T16:23:00+00:00, run_after=2025-05-10T16:24:00+00:00
[2025-05-10T16:24:53.941+0000] {processor.py:179} INFO - Processing /opt/airflow/dags/train_model_dag.py took 0.040 seconds
[2025-05-10T16:25:24.069+0000] {processor.py:157} INFO - Started process (PID=292) to work on /opt/airflow/dags/train_model_dag.py
[2025-05-10T16:25:24.070+0000] {processor.py:829} INFO - Processing file /opt/airflow/dags/train_model_dag.py for tasks to queue
[2025-05-10T16:25:24.071+0000] {logging_mixin.py:151} INFO - [2025-05-10T16:25:24.070+0000] {dagbag.py:539} INFO - Filling up the DagBag from /opt/airflow/dags/train_model_dag.py
[2025-05-10T16:25:24.077+0000] {processor.py:839} INFO - DAG(s) dict_keys(['model_training_dag']) retrieved from /opt/airflow/dags/train_model_dag.py
[2025-05-10T16:25:24.088+0000] {logging_mixin.py:151} INFO - [2025-05-10T16:25:24.088+0000] {dag.py:2915} INFO - Sync 1 DAGs
[2025-05-10T16:25:24.096+0000] {logging_mixin.py:151} INFO - [2025-05-10T16:25:24.096+0000] {dag.py:3696} INFO - Setting next_dagrun for model_training_dag to 2025-05-10T16:24:00+00:00, run_after=2025-05-10T16:25:00+00:00
[2025-05-10T16:25:24.105+0000] {processor.py:179} INFO - Processing /opt/airflow/dags/train_model_dag.py took 0.037 seconds
[2025-05-10T16:25:54.227+0000] {processor.py:157} INFO - Started process (PID=294) to work on /opt/airflow/dags/train_model_dag.py
[2025-05-10T16:25:54.228+0000] {processor.py:829} INFO - Processing file /opt/airflow/dags/train_model_dag.py for tasks to queue
[2025-05-10T16:25:54.229+0000] {logging_mixin.py:151} INFO - [2025-05-10T16:25:54.228+0000] {dagbag.py:539} INFO - Filling up the DagBag from /opt/airflow/dags/train_model_dag.py
[2025-05-10T16:25:54.246+0000] {processor.py:839} INFO - DAG(s) dict_keys(['model_training_dag']) retrieved from /opt/airflow/dags/train_model_dag.py
[2025-05-10T16:25:54.261+0000] {logging_mixin.py:151} INFO - [2025-05-10T16:25:54.261+0000] {dag.py:2915} INFO - Sync 1 DAGs
[2025-05-10T16:25:54.274+0000] {logging_mixin.py:151} INFO - [2025-05-10T16:25:54.273+0000] {dag.py:3696} INFO - Setting next_dagrun for model_training_dag to 2025-05-10T16:24:00+00:00, run_after=2025-05-10T16:25:00+00:00
[2025-05-10T16:25:54.285+0000] {processor.py:179} INFO - Processing /opt/airflow/dags/train_model_dag.py took 0.061 seconds
[2025-05-10T16:26:24.394+0000] {processor.py:157} INFO - Started process (PID=296) to work on /opt/airflow/dags/train_model_dag.py
[2025-05-10T16:26:24.395+0000] {processor.py:829} INFO - Processing file /opt/airflow/dags/train_model_dag.py for tasks to queue
[2025-05-10T16:26:24.396+0000] {logging_mixin.py:151} INFO - [2025-05-10T16:26:24.396+0000] {dagbag.py:539} INFO - Filling up the DagBag from /opt/airflow/dags/train_model_dag.py
[2025-05-10T16:26:24.410+0000] {processor.py:839} INFO - DAG(s) dict_keys(['model_training_dag']) retrieved from /opt/airflow/dags/train_model_dag.py
[2025-05-10T16:26:24.427+0000] {logging_mixin.py:151} INFO - [2025-05-10T16:26:24.426+0000] {dag.py:2915} INFO - Sync 1 DAGs
[2025-05-10T16:26:24.436+0000] {logging_mixin.py:151} INFO - [2025-05-10T16:26:24.436+0000] {dag.py:3696} INFO - Setting next_dagrun for model_training_dag to 2025-05-10T16:25:00+00:00, run_after=2025-05-10T16:26:00+00:00
[2025-05-10T16:26:24.446+0000] {processor.py:179} INFO - Processing /opt/airflow/dags/train_model_dag.py took 0.056 seconds
[2025-05-10T16:26:54.583+0000] {processor.py:157} INFO - Started process (PID=298) to work on /opt/airflow/dags/train_model_dag.py
[2025-05-10T16:26:54.584+0000] {processor.py:829} INFO - Processing file /opt/airflow/dags/train_model_dag.py for tasks to queue
[2025-05-10T16:26:54.585+0000] {logging_mixin.py:151} INFO - [2025-05-10T16:26:54.584+0000] {dagbag.py:539} INFO - Filling up the DagBag from /opt/airflow/dags/train_model_dag.py
[2025-05-10T16:26:54.598+0000] {processor.py:839} INFO - DAG(s) dict_keys(['model_training_dag']) retrieved from /opt/airflow/dags/train_model_dag.py
[2025-05-10T16:26:54.617+0000] {logging_mixin.py:151} INFO - [2025-05-10T16:26:54.617+0000] {dag.py:2915} INFO - Sync 1 DAGs
[2025-05-10T16:26:54.627+0000] {logging_mixin.py:151} INFO - [2025-05-10T16:26:54.627+0000] {dag.py:3696} INFO - Setting next_dagrun for model_training_dag to 2025-05-10T16:25:00+00:00, run_after=2025-05-10T16:26:00+00:00
[2025-05-10T16:26:54.637+0000] {processor.py:179} INFO - Processing /opt/airflow/dags/train_model_dag.py took 0.059 seconds
[2025-05-10T16:27:24.742+0000] {processor.py:157} INFO - Started process (PID=300) to work on /opt/airflow/dags/train_model_dag.py
[2025-05-10T16:27:24.743+0000] {processor.py:829} INFO - Processing file /opt/airflow/dags/train_model_dag.py for tasks to queue
[2025-05-10T16:27:24.744+0000] {logging_mixin.py:151} INFO - [2025-05-10T16:27:24.743+0000] {dagbag.py:539} INFO - Filling up the DagBag from /opt/airflow/dags/train_model_dag.py
[2025-05-10T16:27:24.756+0000] {processor.py:839} INFO - DAG(s) dict_keys(['model_training_dag']) retrieved from /opt/airflow/dags/train_model_dag.py
[2025-05-10T16:27:24.772+0000] {logging_mixin.py:151} INFO - [2025-05-10T16:27:24.772+0000] {dag.py:2915} INFO - Sync 1 DAGs
[2025-05-10T16:27:24.781+0000] {logging_mixin.py:151} INFO - [2025-05-10T16:27:24.781+0000] {dag.py:3696} INFO - Setting next_dagrun for model_training_dag to 2025-05-10T16:26:00+00:00, run_after=2025-05-10T16:27:00+00:00
[2025-05-10T16:27:24.792+0000] {processor.py:179} INFO - Processing /opt/airflow/dags/train_model_dag.py took 0.054 seconds
[2025-05-10T16:27:54.919+0000] {processor.py:157} INFO - Started process (PID=302) to work on /opt/airflow/dags/train_model_dag.py
[2025-05-10T16:27:54.920+0000] {processor.py:829} INFO - Processing file /opt/airflow/dags/train_model_dag.py for tasks to queue
[2025-05-10T16:27:54.921+0000] {logging_mixin.py:151} INFO - [2025-05-10T16:27:54.921+0000] {dagbag.py:539} INFO - Filling up the DagBag from /opt/airflow/dags/train_model_dag.py
[2025-05-10T16:27:54.934+0000] {processor.py:839} INFO - DAG(s) dict_keys(['model_training_dag']) retrieved from /opt/airflow/dags/train_model_dag.py
[2025-05-10T16:27:54.950+0000] {logging_mixin.py:151} INFO - [2025-05-10T16:27:54.950+0000] {dag.py:2915} INFO - Sync 1 DAGs
[2025-05-10T16:27:54.961+0000] {logging_mixin.py:151} INFO - [2025-05-10T16:27:54.960+0000] {dag.py:3696} INFO - Setting next_dagrun for model_training_dag to 2025-05-10T16:26:00+00:00, run_after=2025-05-10T16:27:00+00:00
[2025-05-10T16:27:54.969+0000] {processor.py:179} INFO - Processing /opt/airflow/dags/train_model_dag.py took 0.054 seconds
[2025-05-10T16:28:25.112+0000] {processor.py:157} INFO - Started process (PID=304) to work on /opt/airflow/dags/train_model_dag.py
[2025-05-10T16:28:25.114+0000] {processor.py:829} INFO - Processing file /opt/airflow/dags/train_model_dag.py for tasks to queue
[2025-05-10T16:28:25.115+0000] {logging_mixin.py:151} INFO - [2025-05-10T16:28:25.115+0000] {dagbag.py:539} INFO - Filling up the DagBag from /opt/airflow/dags/train_model_dag.py
[2025-05-10T16:28:25.133+0000] {processor.py:839} INFO - DAG(s) dict_keys(['model_training_dag']) retrieved from /opt/airflow/dags/train_model_dag.py
[2025-05-10T16:28:25.152+0000] {logging_mixin.py:151} INFO - [2025-05-10T16:28:25.152+0000] {dag.py:2915} INFO - Sync 1 DAGs
[2025-05-10T16:28:25.163+0000] {logging_mixin.py:151} INFO - [2025-05-10T16:28:25.163+0000] {dag.py:3696} INFO - Setting next_dagrun for model_training_dag to 2025-05-10T16:27:00+00:00, run_after=2025-05-10T16:28:00+00:00
[2025-05-10T16:28:25.175+0000] {processor.py:179} INFO - Processing /opt/airflow/dags/train_model_dag.py took 0.069 seconds
[2025-05-10T16:28:55.274+0000] {processor.py:157} INFO - Started process (PID=306) to work on /opt/airflow/dags/train_model_dag.py
[2025-05-10T16:28:55.275+0000] {processor.py:829} INFO - Processing file /opt/airflow/dags/train_model_dag.py for tasks to queue
[2025-05-10T16:28:55.276+0000] {logging_mixin.py:151} INFO - [2025-05-10T16:28:55.275+0000] {dagbag.py:539} INFO - Filling up the DagBag from /opt/airflow/dags/train_model_dag.py
[2025-05-10T16:28:55.283+0000] {processor.py:839} INFO - DAG(s) dict_keys(['model_training_dag']) retrieved from /opt/airflow/dags/train_model_dag.py
[2025-05-10T16:28:55.294+0000] {logging_mixin.py:151} INFO - [2025-05-10T16:28:55.294+0000] {dag.py:2915} INFO - Sync 1 DAGs
[2025-05-10T16:28:55.304+0000] {logging_mixin.py:151} INFO - [2025-05-10T16:28:55.304+0000] {dag.py:3696} INFO - Setting next_dagrun for model_training_dag to 2025-05-10T16:27:00+00:00, run_after=2025-05-10T16:28:00+00:00
[2025-05-10T16:28:55.312+0000] {processor.py:179} INFO - Processing /opt/airflow/dags/train_model_dag.py took 0.040 seconds
[2025-05-10T16:29:25.437+0000] {processor.py:157} INFO - Started process (PID=308) to work on /opt/airflow/dags/train_model_dag.py
[2025-05-10T16:29:25.438+0000] {processor.py:829} INFO - Processing file /opt/airflow/dags/train_model_dag.py for tasks to queue
[2025-05-10T16:29:25.439+0000] {logging_mixin.py:151} INFO - [2025-05-10T16:29:25.438+0000] {dagbag.py:539} INFO - Filling up the DagBag from /opt/airflow/dags/train_model_dag.py
[2025-05-10T16:29:25.452+0000] {processor.py:839} INFO - DAG(s) dict_keys(['model_training_dag']) retrieved from /opt/airflow/dags/train_model_dag.py
[2025-05-10T16:29:25.468+0000] {logging_mixin.py:151} INFO - [2025-05-10T16:29:25.468+0000] {dag.py:2915} INFO - Sync 1 DAGs
[2025-05-10T16:29:25.478+0000] {logging_mixin.py:151} INFO - [2025-05-10T16:29:25.478+0000] {dag.py:3696} INFO - Setting next_dagrun for model_training_dag to 2025-05-10T16:28:00+00:00, run_after=2025-05-10T16:29:00+00:00
[2025-05-10T16:29:25.488+0000] {processor.py:179} INFO - Processing /opt/airflow/dags/train_model_dag.py took 0.056 seconds
[2025-05-10T16:29:55.614+0000] {processor.py:157} INFO - Started process (PID=310) to work on /opt/airflow/dags/train_model_dag.py
[2025-05-10T16:29:55.615+0000] {processor.py:829} INFO - Processing file /opt/airflow/dags/train_model_dag.py for tasks to queue
[2025-05-10T16:29:55.616+0000] {logging_mixin.py:151} INFO - [2025-05-10T16:29:55.616+0000] {dagbag.py:539} INFO - Filling up the DagBag from /opt/airflow/dags/train_model_dag.py
[2025-05-10T16:29:55.632+0000] {processor.py:839} INFO - DAG(s) dict_keys(['model_training_dag']) retrieved from /opt/airflow/dags/train_model_dag.py
[2025-05-10T16:29:55.649+0000] {logging_mixin.py:151} INFO - [2025-05-10T16:29:55.649+0000] {dag.py:2915} INFO - Sync 1 DAGs
[2025-05-10T16:29:55.660+0000] {logging_mixin.py:151} INFO - [2025-05-10T16:29:55.660+0000] {dag.py:3696} INFO - Setting next_dagrun for model_training_dag to 2025-05-10T16:28:00+00:00, run_after=2025-05-10T16:29:00+00:00
[2025-05-10T16:29:55.669+0000] {processor.py:179} INFO - Processing /opt/airflow/dags/train_model_dag.py took 0.059 seconds
[2025-05-10T16:30:25.792+0000] {processor.py:157} INFO - Started process (PID=312) to work on /opt/airflow/dags/train_model_dag.py
[2025-05-10T16:30:25.793+0000] {processor.py:829} INFO - Processing file /opt/airflow/dags/train_model_dag.py for tasks to queue
[2025-05-10T16:30:25.794+0000] {logging_mixin.py:151} INFO - [2025-05-10T16:30:25.793+0000] {dagbag.py:539} INFO - Filling up the DagBag from /opt/airflow/dags/train_model_dag.py
[2025-05-10T16:30:25.806+0000] {processor.py:839} INFO - DAG(s) dict_keys(['model_training_dag']) retrieved from /opt/airflow/dags/train_model_dag.py
[2025-05-10T16:30:25.823+0000] {logging_mixin.py:151} INFO - [2025-05-10T16:30:25.823+0000] {dag.py:2915} INFO - Sync 1 DAGs
[2025-05-10T16:30:25.834+0000] {logging_mixin.py:151} INFO - [2025-05-10T16:30:25.833+0000] {dag.py:3696} INFO - Setting next_dagrun for model_training_dag to 2025-05-10T16:29:00+00:00, run_after=2025-05-10T16:30:00+00:00
[2025-05-10T16:30:25.843+0000] {processor.py:179} INFO - Processing /opt/airflow/dags/train_model_dag.py took 0.056 seconds
[2025-05-10T16:30:55.970+0000] {processor.py:157} INFO - Started process (PID=314) to work on /opt/airflow/dags/train_model_dag.py
[2025-05-10T16:30:55.972+0000] {processor.py:829} INFO - Processing file /opt/airflow/dags/train_model_dag.py for tasks to queue
[2025-05-10T16:30:55.973+0000] {logging_mixin.py:151} INFO - [2025-05-10T16:30:55.973+0000] {dagbag.py:539} INFO - Filling up the DagBag from /opt/airflow/dags/train_model_dag.py
[2025-05-10T16:30:55.990+0000] {processor.py:839} INFO - DAG(s) dict_keys(['model_training_dag']) retrieved from /opt/airflow/dags/train_model_dag.py
[2025-05-10T16:30:56.010+0000] {logging_mixin.py:151} INFO - [2025-05-10T16:30:56.010+0000] {dag.py:2915} INFO - Sync 1 DAGs
[2025-05-10T16:30:56.021+0000] {logging_mixin.py:151} INFO - [2025-05-10T16:30:56.021+0000] {dag.py:3696} INFO - Setting next_dagrun for model_training_dag to 2025-05-10T16:29:00+00:00, run_after=2025-05-10T16:30:00+00:00
[2025-05-10T16:30:56.031+0000] {processor.py:179} INFO - Processing /opt/airflow/dags/train_model_dag.py took 0.067 seconds
[2025-05-10T16:31:26.159+0000] {processor.py:157} INFO - Started process (PID=316) to work on /opt/airflow/dags/train_model_dag.py
[2025-05-10T16:31:26.162+0000] {processor.py:829} INFO - Processing file /opt/airflow/dags/train_model_dag.py for tasks to queue
[2025-05-10T16:31:26.165+0000] {logging_mixin.py:151} INFO - [2025-05-10T16:31:26.163+0000] {dagbag.py:539} INFO - Filling up the DagBag from /opt/airflow/dags/train_model_dag.py
[2025-05-10T16:31:26.198+0000] {processor.py:839} INFO - DAG(s) dict_keys(['model_training_dag']) retrieved from /opt/airflow/dags/train_model_dag.py
[2025-05-10T16:31:26.219+0000] {logging_mixin.py:151} INFO - [2025-05-10T16:31:26.219+0000] {dag.py:2915} INFO - Sync 1 DAGs
[2025-05-10T16:31:26.233+0000] {logging_mixin.py:151} INFO - [2025-05-10T16:31:26.232+0000] {dag.py:3696} INFO - Setting next_dagrun for model_training_dag to 2025-05-10T16:30:00+00:00, run_after=2025-05-10T16:31:00+00:00
[2025-05-10T16:31:26.247+0000] {processor.py:179} INFO - Processing /opt/airflow/dags/train_model_dag.py took 0.095 seconds
[2025-05-10T16:31:56.439+0000] {processor.py:157} INFO - Started process (PID=318) to work on /opt/airflow/dags/train_model_dag.py
[2025-05-10T16:31:56.440+0000] {processor.py:829} INFO - Processing file /opt/airflow/dags/train_model_dag.py for tasks to queue
[2025-05-10T16:31:56.442+0000] {logging_mixin.py:151} INFO - [2025-05-10T16:31:56.441+0000] {dagbag.py:539} INFO - Filling up the DagBag from /opt/airflow/dags/train_model_dag.py
[2025-05-10T16:31:56.468+0000] {processor.py:839} INFO - DAG(s) dict_keys(['model_training_dag']) retrieved from /opt/airflow/dags/train_model_dag.py
[2025-05-10T16:31:56.496+0000] {logging_mixin.py:151} INFO - [2025-05-10T16:31:56.496+0000] {dag.py:2915} INFO - Sync 1 DAGs
[2025-05-10T16:31:56.507+0000] {logging_mixin.py:151} INFO - [2025-05-10T16:31:56.507+0000] {dag.py:3696} INFO - Setting next_dagrun for model_training_dag to 2025-05-10T16:30:00+00:00, run_after=2025-05-10T16:31:00+00:00
[2025-05-10T16:31:56.518+0000] {processor.py:179} INFO - Processing /opt/airflow/dags/train_model_dag.py took 0.085 seconds
[2025-05-10T16:32:26.604+0000] {processor.py:157} INFO - Started process (PID=320) to work on /opt/airflow/dags/train_model_dag.py
[2025-05-10T16:32:26.605+0000] {processor.py:829} INFO - Processing file /opt/airflow/dags/train_model_dag.py for tasks to queue
[2025-05-10T16:32:26.606+0000] {logging_mixin.py:151} INFO - [2025-05-10T16:32:26.606+0000] {dagbag.py:539} INFO - Filling up the DagBag from /opt/airflow/dags/train_model_dag.py
[2025-05-10T16:32:26.621+0000] {processor.py:839} INFO - DAG(s) dict_keys(['model_training_dag']) retrieved from /opt/airflow/dags/train_model_dag.py
[2025-05-10T16:32:26.641+0000] {logging_mixin.py:151} INFO - [2025-05-10T16:32:26.640+0000] {dag.py:2915} INFO - Sync 1 DAGs
[2025-05-10T16:32:26.651+0000] {logging_mixin.py:151} INFO - [2025-05-10T16:32:26.651+0000] {dag.py:3696} INFO - Setting next_dagrun for model_training_dag to 2025-05-10T16:31:00+00:00, run_after=2025-05-10T16:32:00+00:00
[2025-05-10T16:32:26.660+0000] {processor.py:179} INFO - Processing /opt/airflow/dags/train_model_dag.py took 0.060 seconds
[2025-05-10T16:32:56.774+0000] {processor.py:157} INFO - Started process (PID=322) to work on /opt/airflow/dags/train_model_dag.py
[2025-05-10T16:32:56.775+0000] {processor.py:829} INFO - Processing file /opt/airflow/dags/train_model_dag.py for tasks to queue
[2025-05-10T16:32:56.776+0000] {logging_mixin.py:151} INFO - [2025-05-10T16:32:56.775+0000] {dagbag.py:539} INFO - Filling up the DagBag from /opt/airflow/dags/train_model_dag.py
[2025-05-10T16:32:56.790+0000] {processor.py:839} INFO - DAG(s) dict_keys(['model_training_dag']) retrieved from /opt/airflow/dags/train_model_dag.py
[2025-05-10T16:32:56.807+0000] {logging_mixin.py:151} INFO - [2025-05-10T16:32:56.806+0000] {dag.py:2915} INFO - Sync 1 DAGs
[2025-05-10T16:32:56.820+0000] {logging_mixin.py:151} INFO - [2025-05-10T16:32:56.820+0000] {dag.py:3696} INFO - Setting next_dagrun for model_training_dag to 2025-05-10T16:31:00+00:00, run_after=2025-05-10T16:32:00+00:00
[2025-05-10T16:32:56.833+0000] {processor.py:179} INFO - Processing /opt/airflow/dags/train_model_dag.py took 0.062 seconds
[2025-05-10T16:33:26.957+0000] {processor.py:157} INFO - Started process (PID=324) to work on /opt/airflow/dags/train_model_dag.py
[2025-05-10T16:33:26.958+0000] {processor.py:829} INFO - Processing file /opt/airflow/dags/train_model_dag.py for tasks to queue
[2025-05-10T16:33:26.959+0000] {logging_mixin.py:151} INFO - [2025-05-10T16:33:26.959+0000] {dagbag.py:539} INFO - Filling up the DagBag from /opt/airflow/dags/train_model_dag.py
[2025-05-10T16:33:26.973+0000] {processor.py:839} INFO - DAG(s) dict_keys(['model_training_dag']) retrieved from /opt/airflow/dags/train_model_dag.py
[2025-05-10T16:33:26.988+0000] {logging_mixin.py:151} INFO - [2025-05-10T16:33:26.988+0000] {dag.py:2915} INFO - Sync 1 DAGs
[2025-05-10T16:33:26.998+0000] {logging_mixin.py:151} INFO - [2025-05-10T16:33:26.998+0000] {dag.py:3696} INFO - Setting next_dagrun for model_training_dag to 2025-05-10T16:32:00+00:00, run_after=2025-05-10T16:33:00+00:00
[2025-05-10T16:33:27.008+0000] {processor.py:179} INFO - Processing /opt/airflow/dags/train_model_dag.py took 0.055 seconds
[2025-05-10T16:33:57.133+0000] {processor.py:157} INFO - Started process (PID=326) to work on /opt/airflow/dags/train_model_dag.py
[2025-05-10T16:33:57.134+0000] {processor.py:829} INFO - Processing file /opt/airflow/dags/train_model_dag.py for tasks to queue
[2025-05-10T16:33:57.135+0000] {logging_mixin.py:151} INFO - [2025-05-10T16:33:57.134+0000] {dagbag.py:539} INFO - Filling up the DagBag from /opt/airflow/dags/train_model_dag.py
[2025-05-10T16:33:57.147+0000] {processor.py:839} INFO - DAG(s) dict_keys(['model_training_dag']) retrieved from /opt/airflow/dags/train_model_dag.py
[2025-05-10T16:33:57.163+0000] {logging_mixin.py:151} INFO - [2025-05-10T16:33:57.163+0000] {dag.py:2915} INFO - Sync 1 DAGs
[2025-05-10T16:33:57.173+0000] {logging_mixin.py:151} INFO - [2025-05-10T16:33:57.173+0000] {dag.py:3696} INFO - Setting next_dagrun for model_training_dag to 2025-05-10T16:32:00+00:00, run_after=2025-05-10T16:33:00+00:00
[2025-05-10T16:33:57.183+0000] {processor.py:179} INFO - Processing /opt/airflow/dags/train_model_dag.py took 0.053 seconds
[2025-05-10T16:34:27.306+0000] {processor.py:157} INFO - Started process (PID=328) to work on /opt/airflow/dags/train_model_dag.py
[2025-05-10T16:34:27.306+0000] {processor.py:829} INFO - Processing file /opt/airflow/dags/train_model_dag.py for tasks to queue
[2025-05-10T16:34:27.307+0000] {logging_mixin.py:151} INFO - [2025-05-10T16:34:27.307+0000] {dagbag.py:539} INFO - Filling up the DagBag from /opt/airflow/dags/train_model_dag.py
[2025-05-10T16:34:27.321+0000] {processor.py:839} INFO - DAG(s) dict_keys(['model_training_dag']) retrieved from /opt/airflow/dags/train_model_dag.py
[2025-05-10T16:34:27.336+0000] {logging_mixin.py:151} INFO - [2025-05-10T16:34:27.336+0000] {dag.py:2915} INFO - Sync 1 DAGs
[2025-05-10T16:34:27.346+0000] {logging_mixin.py:151} INFO - [2025-05-10T16:34:27.346+0000] {dag.py:3696} INFO - Setting next_dagrun for model_training_dag to 2025-05-10T16:33:00+00:00, run_after=2025-05-10T16:34:00+00:00
[2025-05-10T16:34:27.355+0000] {processor.py:179} INFO - Processing /opt/airflow/dags/train_model_dag.py took 0.053 seconds
[2025-05-10T16:34:57.470+0000] {processor.py:157} INFO - Started process (PID=330) to work on /opt/airflow/dags/train_model_dag.py
[2025-05-10T16:34:57.472+0000] {processor.py:829} INFO - Processing file /opt/airflow/dags/train_model_dag.py for tasks to queue
[2025-05-10T16:34:57.473+0000] {logging_mixin.py:151} INFO - [2025-05-10T16:34:57.472+0000] {dagbag.py:539} INFO - Filling up the DagBag from /opt/airflow/dags/train_model_dag.py
[2025-05-10T16:34:57.486+0000] {processor.py:839} INFO - DAG(s) dict_keys(['model_training_dag']) retrieved from /opt/airflow/dags/train_model_dag.py
[2025-05-10T16:34:57.504+0000] {logging_mixin.py:151} INFO - [2025-05-10T16:34:57.503+0000] {dag.py:2915} INFO - Sync 1 DAGs
[2025-05-10T16:34:57.514+0000] {logging_mixin.py:151} INFO - [2025-05-10T16:34:57.514+0000] {dag.py:3696} INFO - Setting next_dagrun for model_training_dag to 2025-05-10T16:33:00+00:00, run_after=2025-05-10T16:34:00+00:00
[2025-05-10T16:34:57.525+0000] {processor.py:179} INFO - Processing /opt/airflow/dags/train_model_dag.py took 0.059 seconds
[2025-05-10T16:35:27.645+0000] {processor.py:157} INFO - Started process (PID=332) to work on /opt/airflow/dags/train_model_dag.py
[2025-05-10T16:35:27.646+0000] {processor.py:829} INFO - Processing file /opt/airflow/dags/train_model_dag.py for tasks to queue
[2025-05-10T16:35:27.647+0000] {logging_mixin.py:151} INFO - [2025-05-10T16:35:27.647+0000] {dagbag.py:539} INFO - Filling up the DagBag from /opt/airflow/dags/train_model_dag.py
[2025-05-10T16:35:27.667+0000] {processor.py:839} INFO - DAG(s) dict_keys(['model_training_dag']) retrieved from /opt/airflow/dags/train_model_dag.py
[2025-05-10T16:35:27.692+0000] {logging_mixin.py:151} INFO - [2025-05-10T16:35:27.691+0000] {dag.py:2915} INFO - Sync 1 DAGs
[2025-05-10T16:35:27.705+0000] {logging_mixin.py:151} INFO - [2025-05-10T16:35:27.705+0000] {dag.py:3696} INFO - Setting next_dagrun for model_training_dag to 2025-05-10T16:34:00+00:00, run_after=2025-05-10T16:35:00+00:00
[2025-05-10T16:35:27.715+0000] {processor.py:179} INFO - Processing /opt/airflow/dags/train_model_dag.py took 0.076 seconds
[2025-05-10T16:35:57.835+0000] {processor.py:157} INFO - Started process (PID=334) to work on /opt/airflow/dags/train_model_dag.py
[2025-05-10T16:35:57.836+0000] {processor.py:829} INFO - Processing file /opt/airflow/dags/train_model_dag.py for tasks to queue
[2025-05-10T16:35:57.837+0000] {logging_mixin.py:151} INFO - [2025-05-10T16:35:57.837+0000] {dagbag.py:539} INFO - Filling up the DagBag from /opt/airflow/dags/train_model_dag.py
[2025-05-10T16:35:57.855+0000] {processor.py:839} INFO - DAG(s) dict_keys(['model_training_dag']) retrieved from /opt/airflow/dags/train_model_dag.py
[2025-05-10T16:35:57.875+0000] {logging_mixin.py:151} INFO - [2025-05-10T16:35:57.875+0000] {dag.py:2915} INFO - Sync 1 DAGs
[2025-05-10T16:35:57.886+0000] {logging_mixin.py:151} INFO - [2025-05-10T16:35:57.886+0000] {dag.py:3696} INFO - Setting next_dagrun for model_training_dag to 2025-05-10T16:34:00+00:00, run_after=2025-05-10T16:35:00+00:00
[2025-05-10T16:35:57.895+0000] {processor.py:179} INFO - Processing /opt/airflow/dags/train_model_dag.py took 0.065 seconds
[2025-05-10T16:36:28.015+0000] {processor.py:157} INFO - Started process (PID=336) to work on /opt/airflow/dags/train_model_dag.py
[2025-05-10T16:36:28.016+0000] {processor.py:829} INFO - Processing file /opt/airflow/dags/train_model_dag.py for tasks to queue
[2025-05-10T16:36:28.017+0000] {logging_mixin.py:151} INFO - [2025-05-10T16:36:28.016+0000] {dagbag.py:539} INFO - Filling up the DagBag from /opt/airflow/dags/train_model_dag.py
[2025-05-10T16:36:28.031+0000] {processor.py:839} INFO - DAG(s) dict_keys(['model_training_dag']) retrieved from /opt/airflow/dags/train_model_dag.py
[2025-05-10T16:36:28.047+0000] {logging_mixin.py:151} INFO - [2025-05-10T16:36:28.047+0000] {dag.py:2915} INFO - Sync 1 DAGs
[2025-05-10T16:36:28.057+0000] {logging_mixin.py:151} INFO - [2025-05-10T16:36:28.057+0000] {dag.py:3696} INFO - Setting next_dagrun for model_training_dag to 2025-05-10T16:35:00+00:00, run_after=2025-05-10T16:36:00+00:00
[2025-05-10T16:36:28.067+0000] {processor.py:179} INFO - Processing /opt/airflow/dags/train_model_dag.py took 0.056 seconds
[2025-05-10T16:36:58.182+0000] {processor.py:157} INFO - Started process (PID=338) to work on /opt/airflow/dags/train_model_dag.py
[2025-05-10T16:36:58.183+0000] {processor.py:829} INFO - Processing file /opt/airflow/dags/train_model_dag.py for tasks to queue
[2025-05-10T16:36:58.184+0000] {logging_mixin.py:151} INFO - [2025-05-10T16:36:58.183+0000] {dagbag.py:539} INFO - Filling up the DagBag from /opt/airflow/dags/train_model_dag.py
[2025-05-10T16:36:58.192+0000] {processor.py:839} INFO - DAG(s) dict_keys(['model_training_dag']) retrieved from /opt/airflow/dags/train_model_dag.py
[2025-05-10T16:36:58.203+0000] {logging_mixin.py:151} INFO - [2025-05-10T16:36:58.203+0000] {dag.py:2915} INFO - Sync 1 DAGs
[2025-05-10T16:36:58.211+0000] {logging_mixin.py:151} INFO - [2025-05-10T16:36:58.211+0000] {dag.py:3696} INFO - Setting next_dagrun for model_training_dag to 2025-05-10T16:35:00+00:00, run_after=2025-05-10T16:36:00+00:00
[2025-05-10T16:36:58.221+0000] {processor.py:179} INFO - Processing /opt/airflow/dags/train_model_dag.py took 0.041 seconds
[2025-05-10T16:37:28.362+0000] {processor.py:157} INFO - Started process (PID=340) to work on /opt/airflow/dags/train_model_dag.py
[2025-05-10T16:37:28.363+0000] {processor.py:829} INFO - Processing file /opt/airflow/dags/train_model_dag.py for tasks to queue
[2025-05-10T16:37:28.364+0000] {logging_mixin.py:151} INFO - [2025-05-10T16:37:28.364+0000] {dagbag.py:539} INFO - Filling up the DagBag from /opt/airflow/dags/train_model_dag.py
[2025-05-10T16:37:28.376+0000] {processor.py:839} INFO - DAG(s) dict_keys(['model_training_dag']) retrieved from /opt/airflow/dags/train_model_dag.py
[2025-05-10T16:37:28.391+0000] {logging_mixin.py:151} INFO - [2025-05-10T16:37:28.391+0000] {dag.py:2915} INFO - Sync 1 DAGs
[2025-05-10T16:37:28.400+0000] {logging_mixin.py:151} INFO - [2025-05-10T16:37:28.400+0000] {dag.py:3696} INFO - Setting next_dagrun for model_training_dag to 2025-05-10T16:36:00+00:00, run_after=2025-05-10T16:37:00+00:00
[2025-05-10T16:37:28.410+0000] {processor.py:179} INFO - Processing /opt/airflow/dags/train_model_dag.py took 0.052 seconds
[2025-05-10T16:37:58.529+0000] {processor.py:157} INFO - Started process (PID=342) to work on /opt/airflow/dags/train_model_dag.py
[2025-05-10T16:37:58.530+0000] {processor.py:829} INFO - Processing file /opt/airflow/dags/train_model_dag.py for tasks to queue
[2025-05-10T16:37:58.531+0000] {logging_mixin.py:151} INFO - [2025-05-10T16:37:58.530+0000] {dagbag.py:539} INFO - Filling up the DagBag from /opt/airflow/dags/train_model_dag.py
[2025-05-10T16:37:58.542+0000] {processor.py:839} INFO - DAG(s) dict_keys(['model_training_dag']) retrieved from /opt/airflow/dags/train_model_dag.py
[2025-05-10T16:37:58.556+0000] {logging_mixin.py:151} INFO - [2025-05-10T16:37:58.556+0000] {dag.py:2915} INFO - Sync 1 DAGs
[2025-05-10T16:37:58.565+0000] {logging_mixin.py:151} INFO - [2025-05-10T16:37:58.565+0000] {dag.py:3696} INFO - Setting next_dagrun for model_training_dag to 2025-05-10T16:36:00+00:00, run_after=2025-05-10T16:37:00+00:00
[2025-05-10T16:37:58.574+0000] {processor.py:179} INFO - Processing /opt/airflow/dags/train_model_dag.py took 0.048 seconds
[2025-05-10T16:38:28.701+0000] {processor.py:157} INFO - Started process (PID=344) to work on /opt/airflow/dags/train_model_dag.py
[2025-05-10T16:38:28.702+0000] {processor.py:829} INFO - Processing file /opt/airflow/dags/train_model_dag.py for tasks to queue
[2025-05-10T16:38:28.703+0000] {logging_mixin.py:151} INFO - [2025-05-10T16:38:28.702+0000] {dagbag.py:539} INFO - Filling up the DagBag from /opt/airflow/dags/train_model_dag.py
[2025-05-10T16:38:28.716+0000] {processor.py:839} INFO - DAG(s) dict_keys(['model_training_dag']) retrieved from /opt/airflow/dags/train_model_dag.py
[2025-05-10T16:38:28.734+0000] {logging_mixin.py:151} INFO - [2025-05-10T16:38:28.734+0000] {dag.py:2915} INFO - Sync 1 DAGs
[2025-05-10T16:38:28.746+0000] {logging_mixin.py:151} INFO - [2025-05-10T16:38:28.745+0000] {dag.py:3696} INFO - Setting next_dagrun for model_training_dag to 2025-05-10T16:37:00+00:00, run_after=2025-05-10T16:38:00+00:00
[2025-05-10T16:38:28.757+0000] {processor.py:179} INFO - Processing /opt/airflow/dags/train_model_dag.py took 0.060 seconds
[2025-05-10T16:38:58.871+0000] {processor.py:157} INFO - Started process (PID=346) to work on /opt/airflow/dags/train_model_dag.py
[2025-05-10T16:38:58.872+0000] {processor.py:829} INFO - Processing file /opt/airflow/dags/train_model_dag.py for tasks to queue
[2025-05-10T16:38:58.873+0000] {logging_mixin.py:151} INFO - [2025-05-10T16:38:58.873+0000] {dagbag.py:539} INFO - Filling up the DagBag from /opt/airflow/dags/train_model_dag.py
[2025-05-10T16:38:58.886+0000] {processor.py:839} INFO - DAG(s) dict_keys(['model_training_dag']) retrieved from /opt/airflow/dags/train_model_dag.py
[2025-05-10T16:38:58.903+0000] {logging_mixin.py:151} INFO - [2025-05-10T16:38:58.902+0000] {dag.py:2915} INFO - Sync 1 DAGs
[2025-05-10T16:38:58.915+0000] {logging_mixin.py:151} INFO - [2025-05-10T16:38:58.915+0000] {dag.py:3696} INFO - Setting next_dagrun for model_training_dag to 2025-05-10T16:37:00+00:00, run_after=2025-05-10T16:38:00+00:00
[2025-05-10T16:38:58.925+0000] {processor.py:179} INFO - Processing /opt/airflow/dags/train_model_dag.py took 0.058 seconds
[2025-05-10T16:39:29.044+0000] {processor.py:157} INFO - Started process (PID=348) to work on /opt/airflow/dags/train_model_dag.py
[2025-05-10T16:39:29.045+0000] {processor.py:829} INFO - Processing file /opt/airflow/dags/train_model_dag.py for tasks to queue
[2025-05-10T16:39:29.046+0000] {logging_mixin.py:151} INFO - [2025-05-10T16:39:29.045+0000] {dagbag.py:539} INFO - Filling up the DagBag from /opt/airflow/dags/train_model_dag.py
[2025-05-10T16:39:29.059+0000] {processor.py:839} INFO - DAG(s) dict_keys(['model_training_dag']) retrieved from /opt/airflow/dags/train_model_dag.py
[2025-05-10T16:39:29.075+0000] {logging_mixin.py:151} INFO - [2025-05-10T16:39:29.075+0000] {dag.py:2915} INFO - Sync 1 DAGs
[2025-05-10T16:39:29.085+0000] {logging_mixin.py:151} INFO - [2025-05-10T16:39:29.085+0000] {dag.py:3696} INFO - Setting next_dagrun for model_training_dag to 2025-05-10T16:38:00+00:00, run_after=2025-05-10T16:39:00+00:00
[2025-05-10T16:39:29.094+0000] {processor.py:179} INFO - Processing /opt/airflow/dags/train_model_dag.py took 0.055 seconds
[2025-05-10T16:39:59.225+0000] {processor.py:157} INFO - Started process (PID=350) to work on /opt/airflow/dags/train_model_dag.py
[2025-05-10T16:39:59.226+0000] {processor.py:829} INFO - Processing file /opt/airflow/dags/train_model_dag.py for tasks to queue
[2025-05-10T16:39:59.227+0000] {logging_mixin.py:151} INFO - [2025-05-10T16:39:59.227+0000] {dagbag.py:539} INFO - Filling up the DagBag from /opt/airflow/dags/train_model_dag.py
[2025-05-10T16:39:59.238+0000] {processor.py:839} INFO - DAG(s) dict_keys(['model_training_dag']) retrieved from /opt/airflow/dags/train_model_dag.py
[2025-05-10T16:39:59.252+0000] {logging_mixin.py:151} INFO - [2025-05-10T16:39:59.252+0000] {dag.py:2915} INFO - Sync 1 DAGs
[2025-05-10T16:39:59.262+0000] {logging_mixin.py:151} INFO - [2025-05-10T16:39:59.262+0000] {dag.py:3696} INFO - Setting next_dagrun for model_training_dag to 2025-05-10T16:38:00+00:00, run_after=2025-05-10T16:39:00+00:00
[2025-05-10T16:39:59.272+0000] {processor.py:179} INFO - Processing /opt/airflow/dags/train_model_dag.py took 0.050 seconds
[2025-05-10T16:40:29.398+0000] {processor.py:157} INFO - Started process (PID=352) to work on /opt/airflow/dags/train_model_dag.py
[2025-05-10T16:40:29.399+0000] {processor.py:829} INFO - Processing file /opt/airflow/dags/train_model_dag.py for tasks to queue
[2025-05-10T16:40:29.400+0000] {logging_mixin.py:151} INFO - [2025-05-10T16:40:29.400+0000] {dagbag.py:539} INFO - Filling up the DagBag from /opt/airflow/dags/train_model_dag.py
[2025-05-10T16:40:29.413+0000] {processor.py:839} INFO - DAG(s) dict_keys(['model_training_dag']) retrieved from /opt/airflow/dags/train_model_dag.py
[2025-05-10T16:40:29.429+0000] {logging_mixin.py:151} INFO - [2025-05-10T16:40:29.429+0000] {dag.py:2915} INFO - Sync 1 DAGs
[2025-05-10T16:40:29.439+0000] {logging_mixin.py:151} INFO - [2025-05-10T16:40:29.439+0000] {dag.py:3696} INFO - Setting next_dagrun for model_training_dag to 2025-05-10T16:39:00+00:00, run_after=2025-05-10T16:40:00+00:00
[2025-05-10T16:40:29.449+0000] {processor.py:179} INFO - Processing /opt/airflow/dags/train_model_dag.py took 0.054 seconds
[2025-05-10T16:40:59.582+0000] {processor.py:157} INFO - Started process (PID=354) to work on /opt/airflow/dags/train_model_dag.py
[2025-05-10T16:40:59.583+0000] {processor.py:829} INFO - Processing file /opt/airflow/dags/train_model_dag.py for tasks to queue
[2025-05-10T16:40:59.584+0000] {logging_mixin.py:151} INFO - [2025-05-10T16:40:59.583+0000] {dagbag.py:539} INFO - Filling up the DagBag from /opt/airflow/dags/train_model_dag.py
[2025-05-10T16:40:59.595+0000] {processor.py:839} INFO - DAG(s) dict_keys(['model_training_dag']) retrieved from /opt/airflow/dags/train_model_dag.py
[2025-05-10T16:40:59.610+0000] {logging_mixin.py:151} INFO - [2025-05-10T16:40:59.610+0000] {dag.py:2915} INFO - Sync 1 DAGs
[2025-05-10T16:40:59.621+0000] {logging_mixin.py:151} INFO - [2025-05-10T16:40:59.621+0000] {dag.py:3696} INFO - Setting next_dagrun for model_training_dag to 2025-05-10T16:39:00+00:00, run_after=2025-05-10T16:40:00+00:00
[2025-05-10T16:40:59.631+0000] {processor.py:179} INFO - Processing /opt/airflow/dags/train_model_dag.py took 0.053 seconds
[2025-05-10T16:41:29.743+0000] {processor.py:157} INFO - Started process (PID=356) to work on /opt/airflow/dags/train_model_dag.py
[2025-05-10T16:41:29.743+0000] {processor.py:829} INFO - Processing file /opt/airflow/dags/train_model_dag.py for tasks to queue
[2025-05-10T16:41:29.744+0000] {logging_mixin.py:151} INFO - [2025-05-10T16:41:29.743+0000] {dagbag.py:539} INFO - Filling up the DagBag from /opt/airflow/dags/train_model_dag.py
[2025-05-10T16:41:29.750+0000] {processor.py:839} INFO - DAG(s) dict_keys(['model_training_dag']) retrieved from /opt/airflow/dags/train_model_dag.py
[2025-05-10T16:41:29.760+0000] {logging_mixin.py:151} INFO - [2025-05-10T16:41:29.760+0000] {dag.py:2915} INFO - Sync 1 DAGs
[2025-05-10T16:41:29.768+0000] {logging_mixin.py:151} INFO - [2025-05-10T16:41:29.768+0000] {dag.py:3696} INFO - Setting next_dagrun for model_training_dag to 2025-05-10T16:40:00+00:00, run_after=2025-05-10T16:41:00+00:00
[2025-05-10T16:41:29.777+0000] {processor.py:179} INFO - Processing /opt/airflow/dags/train_model_dag.py took 0.036 seconds
[2025-05-10T16:41:59.917+0000] {processor.py:157} INFO - Started process (PID=358) to work on /opt/airflow/dags/train_model_dag.py
[2025-05-10T16:41:59.918+0000] {processor.py:829} INFO - Processing file /opt/airflow/dags/train_model_dag.py for tasks to queue
[2025-05-10T16:41:59.918+0000] {logging_mixin.py:151} INFO - [2025-05-10T16:41:59.918+0000] {dagbag.py:539} INFO - Filling up the DagBag from /opt/airflow/dags/train_model_dag.py
[2025-05-10T16:41:59.928+0000] {processor.py:839} INFO - DAG(s) dict_keys(['model_training_dag']) retrieved from /opt/airflow/dags/train_model_dag.py
[2025-05-10T16:41:59.943+0000] {logging_mixin.py:151} INFO - [2025-05-10T16:41:59.943+0000] {dag.py:2915} INFO - Sync 1 DAGs
[2025-05-10T16:41:59.952+0000] {logging_mixin.py:151} INFO - [2025-05-10T16:41:59.952+0000] {dag.py:3696} INFO - Setting next_dagrun for model_training_dag to 2025-05-10T16:40:00+00:00, run_after=2025-05-10T16:41:00+00:00
[2025-05-10T16:41:59.962+0000] {processor.py:179} INFO - Processing /opt/airflow/dags/train_model_dag.py took 0.048 seconds
[2025-05-10T16:42:30.091+0000] {processor.py:157} INFO - Started process (PID=360) to work on /opt/airflow/dags/train_model_dag.py
[2025-05-10T16:42:30.092+0000] {processor.py:829} INFO - Processing file /opt/airflow/dags/train_model_dag.py for tasks to queue
[2025-05-10T16:42:30.092+0000] {logging_mixin.py:151} INFO - [2025-05-10T16:42:30.092+0000] {dagbag.py:539} INFO - Filling up the DagBag from /opt/airflow/dags/train_model_dag.py
[2025-05-10T16:42:30.100+0000] {processor.py:839} INFO - DAG(s) dict_keys(['model_training_dag']) retrieved from /opt/airflow/dags/train_model_dag.py
[2025-05-10T16:42:30.111+0000] {logging_mixin.py:151} INFO - [2025-05-10T16:42:30.111+0000] {dag.py:2915} INFO - Sync 1 DAGs
[2025-05-10T16:42:30.119+0000] {logging_mixin.py:151} INFO - [2025-05-10T16:42:30.119+0000] {dag.py:3696} INFO - Setting next_dagrun for model_training_dag to 2025-05-10T16:41:00+00:00, run_after=2025-05-10T16:42:00+00:00
[2025-05-10T16:42:30.128+0000] {processor.py:179} INFO - Processing /opt/airflow/dags/train_model_dag.py took 0.039 seconds
[2025-05-10T16:43:00.255+0000] {processor.py:157} INFO - Started process (PID=362) to work on /opt/airflow/dags/train_model_dag.py
[2025-05-10T16:43:00.256+0000] {processor.py:829} INFO - Processing file /opt/airflow/dags/train_model_dag.py for tasks to queue
[2025-05-10T16:43:00.257+0000] {logging_mixin.py:151} INFO - [2025-05-10T16:43:00.257+0000] {dagbag.py:539} INFO - Filling up the DagBag from /opt/airflow/dags/train_model_dag.py
[2025-05-10T16:43:00.267+0000] {processor.py:839} INFO - DAG(s) dict_keys(['model_training_dag']) retrieved from /opt/airflow/dags/train_model_dag.py
[2025-05-10T16:43:00.281+0000] {logging_mixin.py:151} INFO - [2025-05-10T16:43:00.281+0000] {dag.py:2915} INFO - Sync 1 DAGs
[2025-05-10T16:43:00.291+0000] {logging_mixin.py:151} INFO - [2025-05-10T16:43:00.291+0000] {dag.py:3696} INFO - Setting next_dagrun for model_training_dag to 2025-05-10T16:42:00+00:00, run_after=2025-05-10T16:43:00+00:00
[2025-05-10T16:43:00.301+0000] {processor.py:179} INFO - Processing /opt/airflow/dags/train_model_dag.py took 0.049 seconds
[2025-05-10T16:43:30.426+0000] {processor.py:157} INFO - Started process (PID=364) to work on /opt/airflow/dags/train_model_dag.py
[2025-05-10T16:43:30.427+0000] {processor.py:829} INFO - Processing file /opt/airflow/dags/train_model_dag.py for tasks to queue
[2025-05-10T16:43:30.428+0000] {logging_mixin.py:151} INFO - [2025-05-10T16:43:30.427+0000] {dagbag.py:539} INFO - Filling up the DagBag from /opt/airflow/dags/train_model_dag.py
[2025-05-10T16:43:30.442+0000] {processor.py:839} INFO - DAG(s) dict_keys(['model_training_dag']) retrieved from /opt/airflow/dags/train_model_dag.py
[2025-05-10T16:43:30.459+0000] {logging_mixin.py:151} INFO - [2025-05-10T16:43:30.459+0000] {dag.py:2915} INFO - Sync 1 DAGs
[2025-05-10T16:43:30.469+0000] {logging_mixin.py:151} INFO - [2025-05-10T16:43:30.469+0000] {dag.py:3696} INFO - Setting next_dagrun for model_training_dag to 2025-05-10T16:42:00+00:00, run_after=2025-05-10T16:43:00+00:00
[2025-05-10T16:43:30.479+0000] {processor.py:179} INFO - Processing /opt/airflow/dags/train_model_dag.py took 0.057 seconds
[2025-05-10T16:44:00.584+0000] {processor.py:157} INFO - Started process (PID=366) to work on /opt/airflow/dags/train_model_dag.py
[2025-05-10T16:44:00.585+0000] {processor.py:829} INFO - Processing file /opt/airflow/dags/train_model_dag.py for tasks to queue
[2025-05-10T16:44:00.586+0000] {logging_mixin.py:151} INFO - [2025-05-10T16:44:00.585+0000] {dagbag.py:539} INFO - Filling up the DagBag from /opt/airflow/dags/train_model_dag.py
[2025-05-10T16:44:00.597+0000] {processor.py:839} INFO - DAG(s) dict_keys(['model_training_dag']) retrieved from /opt/airflow/dags/train_model_dag.py
[2025-05-10T16:44:00.612+0000] {logging_mixin.py:151} INFO - [2025-05-10T16:44:00.612+0000] {dag.py:2915} INFO - Sync 1 DAGs
[2025-05-10T16:44:00.621+0000] {logging_mixin.py:151} INFO - [2025-05-10T16:44:00.621+0000] {dag.py:3696} INFO - Setting next_dagrun for model_training_dag to 2025-05-10T16:43:00+00:00, run_after=2025-05-10T16:44:00+00:00
[2025-05-10T16:44:00.630+0000] {processor.py:179} INFO - Processing /opt/airflow/dags/train_model_dag.py took 0.050 seconds
[2025-05-10T16:44:30.743+0000] {processor.py:157} INFO - Started process (PID=368) to work on /opt/airflow/dags/train_model_dag.py
[2025-05-10T16:44:30.743+0000] {processor.py:829} INFO - Processing file /opt/airflow/dags/train_model_dag.py for tasks to queue
[2025-05-10T16:44:30.744+0000] {logging_mixin.py:151} INFO - [2025-05-10T16:44:30.744+0000] {dagbag.py:539} INFO - Filling up the DagBag from /opt/airflow/dags/train_model_dag.py
[2025-05-10T16:44:30.755+0000] {processor.py:839} INFO - DAG(s) dict_keys(['model_training_dag']) retrieved from /opt/airflow/dags/train_model_dag.py
[2025-05-10T16:44:30.770+0000] {logging_mixin.py:151} INFO - [2025-05-10T16:44:30.770+0000] {dag.py:2915} INFO - Sync 1 DAGs
[2025-05-10T16:44:30.779+0000] {logging_mixin.py:151} INFO - [2025-05-10T16:44:30.779+0000] {dag.py:3696} INFO - Setting next_dagrun for model_training_dag to 2025-05-10T16:43:00+00:00, run_after=2025-05-10T16:44:00+00:00
[2025-05-10T16:44:30.788+0000] {processor.py:179} INFO - Processing /opt/airflow/dags/train_model_dag.py took 0.048 seconds
[2025-05-10T16:45:00.910+0000] {processor.py:157} INFO - Started process (PID=370) to work on /opt/airflow/dags/train_model_dag.py
[2025-05-10T16:45:00.911+0000] {processor.py:829} INFO - Processing file /opt/airflow/dags/train_model_dag.py for tasks to queue
[2025-05-10T16:45:00.912+0000] {logging_mixin.py:151} INFO - [2025-05-10T16:45:00.912+0000] {dagbag.py:539} INFO - Filling up the DagBag from /opt/airflow/dags/train_model_dag.py
[2025-05-10T16:45:00.925+0000] {processor.py:839} INFO - DAG(s) dict_keys(['model_training_dag']) retrieved from /opt/airflow/dags/train_model_dag.py
[2025-05-10T16:45:00.941+0000] {logging_mixin.py:151} INFO - [2025-05-10T16:45:00.941+0000] {dag.py:2915} INFO - Sync 1 DAGs
[2025-05-10T16:45:00.950+0000] {logging_mixin.py:151} INFO - [2025-05-10T16:45:00.950+0000] {dag.py:3696} INFO - Setting next_dagrun for model_training_dag to 2025-05-10T16:44:00+00:00, run_after=2025-05-10T16:45:00+00:00
[2025-05-10T16:45:00.959+0000] {processor.py:179} INFO - Processing /opt/airflow/dags/train_model_dag.py took 0.053 seconds
[2025-05-10T16:45:31.098+0000] {processor.py:157} INFO - Started process (PID=372) to work on /opt/airflow/dags/train_model_dag.py
[2025-05-10T16:45:31.099+0000] {processor.py:829} INFO - Processing file /opt/airflow/dags/train_model_dag.py for tasks to queue
[2025-05-10T16:45:31.100+0000] {logging_mixin.py:151} INFO - [2025-05-10T16:45:31.099+0000] {dagbag.py:539} INFO - Filling up the DagBag from /opt/airflow/dags/train_model_dag.py
[2025-05-10T16:45:31.110+0000] {processor.py:839} INFO - DAG(s) dict_keys(['model_training_dag']) retrieved from /opt/airflow/dags/train_model_dag.py
[2025-05-10T16:45:31.124+0000] {logging_mixin.py:151} INFO - [2025-05-10T16:45:31.124+0000] {dag.py:2915} INFO - Sync 1 DAGs
[2025-05-10T16:45:31.134+0000] {logging_mixin.py:151} INFO - [2025-05-10T16:45:31.134+0000] {dag.py:3696} INFO - Setting next_dagrun for model_training_dag to 2025-05-10T16:44:00+00:00, run_after=2025-05-10T16:45:00+00:00
[2025-05-10T16:45:31.142+0000] {processor.py:179} INFO - Processing /opt/airflow/dags/train_model_dag.py took 0.047 seconds
[2025-05-10T16:46:01.247+0000] {processor.py:157} INFO - Started process (PID=374) to work on /opt/airflow/dags/train_model_dag.py
[2025-05-10T16:46:01.247+0000] {processor.py:829} INFO - Processing file /opt/airflow/dags/train_model_dag.py for tasks to queue
[2025-05-10T16:46:01.248+0000] {logging_mixin.py:151} INFO - [2025-05-10T16:46:01.248+0000] {dagbag.py:539} INFO - Filling up the DagBag from /opt/airflow/dags/train_model_dag.py
[2025-05-10T16:46:01.256+0000] {processor.py:839} INFO - DAG(s) dict_keys(['model_training_dag']) retrieved from /opt/airflow/dags/train_model_dag.py
[2025-05-10T16:46:01.267+0000] {logging_mixin.py:151} INFO - [2025-05-10T16:46:01.267+0000] {dag.py:2915} INFO - Sync 1 DAGs
[2025-05-10T16:46:01.275+0000] {logging_mixin.py:151} INFO - [2025-05-10T16:46:01.275+0000] {dag.py:3696} INFO - Setting next_dagrun for model_training_dag to 2025-05-10T16:45:00+00:00, run_after=2025-05-10T16:46:00+00:00
[2025-05-10T16:46:01.285+0000] {processor.py:179} INFO - Processing /opt/airflow/dags/train_model_dag.py took 0.041 seconds
[2025-05-10T16:46:31.430+0000] {processor.py:157} INFO - Started process (PID=376) to work on /opt/airflow/dags/train_model_dag.py
[2025-05-10T16:46:31.431+0000] {processor.py:829} INFO - Processing file /opt/airflow/dags/train_model_dag.py for tasks to queue
[2025-05-10T16:46:31.432+0000] {logging_mixin.py:151} INFO - [2025-05-10T16:46:31.431+0000] {dagbag.py:539} INFO - Filling up the DagBag from /opt/airflow/dags/train_model_dag.py
[2025-05-10T16:46:31.443+0000] {processor.py:839} INFO - DAG(s) dict_keys(['model_training_dag']) retrieved from /opt/airflow/dags/train_model_dag.py
[2025-05-10T16:46:31.459+0000] {logging_mixin.py:151} INFO - [2025-05-10T16:46:31.459+0000] {dag.py:2915} INFO - Sync 1 DAGs
[2025-05-10T16:46:31.468+0000] {logging_mixin.py:151} INFO - [2025-05-10T16:46:31.468+0000] {dag.py:3696} INFO - Setting next_dagrun for model_training_dag to 2025-05-10T16:45:00+00:00, run_after=2025-05-10T16:46:00+00:00
[2025-05-10T16:46:31.477+0000] {processor.py:179} INFO - Processing /opt/airflow/dags/train_model_dag.py took 0.051 seconds
[2025-05-10T16:47:01.616+0000] {processor.py:157} INFO - Started process (PID=378) to work on /opt/airflow/dags/train_model_dag.py
[2025-05-10T16:47:01.617+0000] {processor.py:829} INFO - Processing file /opt/airflow/dags/train_model_dag.py for tasks to queue
[2025-05-10T16:47:01.618+0000] {logging_mixin.py:151} INFO - [2025-05-10T16:47:01.617+0000] {dagbag.py:539} INFO - Filling up the DagBag from /opt/airflow/dags/train_model_dag.py
[2025-05-10T16:47:01.633+0000] {processor.py:839} INFO - DAG(s) dict_keys(['model_training_dag']) retrieved from /opt/airflow/dags/train_model_dag.py
[2025-05-10T16:47:01.651+0000] {logging_mixin.py:151} INFO - [2025-05-10T16:47:01.651+0000] {dag.py:2915} INFO - Sync 1 DAGs
[2025-05-10T16:47:01.662+0000] {logging_mixin.py:151} INFO - [2025-05-10T16:47:01.662+0000] {dag.py:3696} INFO - Setting next_dagrun for model_training_dag to 2025-05-10T16:46:00+00:00, run_after=2025-05-10T16:47:00+00:00
[2025-05-10T16:47:01.673+0000] {processor.py:179} INFO - Processing /opt/airflow/dags/train_model_dag.py took 0.062 seconds
[2025-05-10T16:47:31.790+0000] {processor.py:157} INFO - Started process (PID=380) to work on /opt/airflow/dags/train_model_dag.py
[2025-05-10T16:47:31.791+0000] {processor.py:829} INFO - Processing file /opt/airflow/dags/train_model_dag.py for tasks to queue
[2025-05-10T16:47:31.791+0000] {logging_mixin.py:151} INFO - [2025-05-10T16:47:31.791+0000] {dagbag.py:539} INFO - Filling up the DagBag from /opt/airflow/dags/train_model_dag.py
[2025-05-10T16:47:31.799+0000] {processor.py:839} INFO - DAG(s) dict_keys(['model_training_dag']) retrieved from /opt/airflow/dags/train_model_dag.py
[2025-05-10T16:47:31.810+0000] {logging_mixin.py:151} INFO - [2025-05-10T16:47:31.810+0000] {dag.py:2915} INFO - Sync 1 DAGs
[2025-05-10T16:47:31.818+0000] {logging_mixin.py:151} INFO - [2025-05-10T16:47:31.818+0000] {dag.py:3696} INFO - Setting next_dagrun for model_training_dag to 2025-05-10T16:46:00+00:00, run_after=2025-05-10T16:47:00+00:00
[2025-05-10T16:47:31.827+0000] {processor.py:179} INFO - Processing /opt/airflow/dags/train_model_dag.py took 0.039 seconds
[2025-05-10T16:48:01.970+0000] {processor.py:157} INFO - Started process (PID=382) to work on /opt/airflow/dags/train_model_dag.py
[2025-05-10T16:48:01.971+0000] {processor.py:829} INFO - Processing file /opt/airflow/dags/train_model_dag.py for tasks to queue
[2025-05-10T16:48:01.972+0000] {logging_mixin.py:151} INFO - [2025-05-10T16:48:01.972+0000] {dagbag.py:539} INFO - Filling up the DagBag from /opt/airflow/dags/train_model_dag.py
[2025-05-10T16:48:01.985+0000] {processor.py:839} INFO - DAG(s) dict_keys(['model_training_dag']) retrieved from /opt/airflow/dags/train_model_dag.py
[2025-05-10T16:48:02.001+0000] {logging_mixin.py:151} INFO - [2025-05-10T16:48:02.001+0000] {dag.py:2915} INFO - Sync 1 DAGs
[2025-05-10T16:48:02.011+0000] {logging_mixin.py:151} INFO - [2025-05-10T16:48:02.011+0000] {dag.py:3696} INFO - Setting next_dagrun for model_training_dag to 2025-05-10T16:47:00+00:00, run_after=2025-05-10T16:48:00+00:00
[2025-05-10T16:48:02.020+0000] {processor.py:179} INFO - Processing /opt/airflow/dags/train_model_dag.py took 0.053 seconds
[2025-05-10T16:48:32.166+0000] {processor.py:157} INFO - Started process (PID=384) to work on /opt/airflow/dags/train_model_dag.py
[2025-05-10T16:48:32.168+0000] {processor.py:829} INFO - Processing file /opt/airflow/dags/train_model_dag.py for tasks to queue
[2025-05-10T16:48:32.169+0000] {logging_mixin.py:151} INFO - [2025-05-10T16:48:32.168+0000] {dagbag.py:539} INFO - Filling up the DagBag from /opt/airflow/dags/train_model_dag.py
[2025-05-10T16:48:32.184+0000] {processor.py:839} INFO - DAG(s) dict_keys(['model_training_dag']) retrieved from /opt/airflow/dags/train_model_dag.py
[2025-05-10T16:48:32.202+0000] {logging_mixin.py:151} INFO - [2025-05-10T16:48:32.202+0000] {dag.py:2915} INFO - Sync 1 DAGs
[2025-05-10T16:48:32.213+0000] {logging_mixin.py:151} INFO - [2025-05-10T16:48:32.213+0000] {dag.py:3696} INFO - Setting next_dagrun for model_training_dag to 2025-05-10T16:47:00+00:00, run_after=2025-05-10T16:48:00+00:00
[2025-05-10T16:48:32.224+0000] {processor.py:179} INFO - Processing /opt/airflow/dags/train_model_dag.py took 0.062 seconds
[2025-05-10T16:49:02.330+0000] {processor.py:157} INFO - Started process (PID=386) to work on /opt/airflow/dags/train_model_dag.py
[2025-05-10T16:49:02.331+0000] {processor.py:829} INFO - Processing file /opt/airflow/dags/train_model_dag.py for tasks to queue
[2025-05-10T16:49:02.332+0000] {logging_mixin.py:151} INFO - [2025-05-10T16:49:02.332+0000] {dagbag.py:539} INFO - Filling up the DagBag from /opt/airflow/dags/train_model_dag.py
[2025-05-10T16:49:02.345+0000] {processor.py:839} INFO - DAG(s) dict_keys(['model_training_dag']) retrieved from /opt/airflow/dags/train_model_dag.py
[2025-05-10T16:49:02.365+0000] {logging_mixin.py:151} INFO - [2025-05-10T16:49:02.365+0000] {dag.py:2915} INFO - Sync 1 DAGs
[2025-05-10T16:49:02.377+0000] {logging_mixin.py:151} INFO - [2025-05-10T16:49:02.377+0000] {dag.py:3696} INFO - Setting next_dagrun for model_training_dag to 2025-05-10T16:48:00+00:00, run_after=2025-05-10T16:49:00+00:00
[2025-05-10T16:49:02.388+0000] {processor.py:179} INFO - Processing /opt/airflow/dags/train_model_dag.py took 0.062 seconds
[2025-05-10T16:49:32.503+0000] {processor.py:157} INFO - Started process (PID=388) to work on /opt/airflow/dags/train_model_dag.py
[2025-05-10T16:49:32.504+0000] {processor.py:829} INFO - Processing file /opt/airflow/dags/train_model_dag.py for tasks to queue
[2025-05-10T16:49:32.505+0000] {logging_mixin.py:151} INFO - [2025-05-10T16:49:32.505+0000] {dagbag.py:539} INFO - Filling up the DagBag from /opt/airflow/dags/train_model_dag.py
[2025-05-10T16:49:32.515+0000] {processor.py:839} INFO - DAG(s) dict_keys(['model_training_dag']) retrieved from /opt/airflow/dags/train_model_dag.py
[2025-05-10T16:49:32.530+0000] {logging_mixin.py:151} INFO - [2025-05-10T16:49:32.530+0000] {dag.py:2915} INFO - Sync 1 DAGs
[2025-05-10T16:49:32.541+0000] {logging_mixin.py:151} INFO - [2025-05-10T16:49:32.541+0000] {dag.py:3696} INFO - Setting next_dagrun for model_training_dag to 2025-05-10T16:48:00+00:00, run_after=2025-05-10T16:49:00+00:00
[2025-05-10T16:49:32.550+0000] {processor.py:179} INFO - Processing /opt/airflow/dags/train_model_dag.py took 0.050 seconds
[2025-05-10T16:50:02.688+0000] {processor.py:157} INFO - Started process (PID=390) to work on /opt/airflow/dags/train_model_dag.py
[2025-05-10T16:50:02.689+0000] {processor.py:829} INFO - Processing file /opt/airflow/dags/train_model_dag.py for tasks to queue
[2025-05-10T16:50:02.691+0000] {logging_mixin.py:151} INFO - [2025-05-10T16:50:02.690+0000] {dagbag.py:539} INFO - Filling up the DagBag from /opt/airflow/dags/train_model_dag.py
[2025-05-10T16:50:02.704+0000] {processor.py:839} INFO - DAG(s) dict_keys(['model_training_dag']) retrieved from /opt/airflow/dags/train_model_dag.py
[2025-05-10T16:50:02.719+0000] {logging_mixin.py:151} INFO - [2025-05-10T16:50:02.719+0000] {dag.py:2915} INFO - Sync 1 DAGs
[2025-05-10T16:50:02.731+0000] {logging_mixin.py:151} INFO - [2025-05-10T16:50:02.730+0000] {dag.py:3696} INFO - Setting next_dagrun for model_training_dag to 2025-05-10T16:49:00+00:00, run_after=2025-05-10T16:50:00+00:00
[2025-05-10T16:50:02.741+0000] {processor.py:179} INFO - Processing /opt/airflow/dags/train_model_dag.py took 0.056 seconds
[2025-05-10T16:50:32.869+0000] {processor.py:157} INFO - Started process (PID=392) to work on /opt/airflow/dags/train_model_dag.py
[2025-05-10T16:50:32.870+0000] {processor.py:829} INFO - Processing file /opt/airflow/dags/train_model_dag.py for tasks to queue
[2025-05-10T16:50:32.871+0000] {logging_mixin.py:151} INFO - [2025-05-10T16:50:32.871+0000] {dagbag.py:539} INFO - Filling up the DagBag from /opt/airflow/dags/train_model_dag.py
[2025-05-10T16:50:32.885+0000] {processor.py:839} INFO - DAG(s) dict_keys(['model_training_dag']) retrieved from /opt/airflow/dags/train_model_dag.py
[2025-05-10T16:50:32.903+0000] {logging_mixin.py:151} INFO - [2025-05-10T16:50:32.903+0000] {dag.py:2915} INFO - Sync 1 DAGs
[2025-05-10T16:50:32.912+0000] {logging_mixin.py:151} INFO - [2025-05-10T16:50:32.912+0000] {dag.py:3696} INFO - Setting next_dagrun for model_training_dag to 2025-05-10T16:49:00+00:00, run_after=2025-05-10T16:50:00+00:00
[2025-05-10T16:50:32.922+0000] {processor.py:179} INFO - Processing /opt/airflow/dags/train_model_dag.py took 0.061 seconds
[2025-05-10T16:51:03.015+0000] {processor.py:157} INFO - Started process (PID=394) to work on /opt/airflow/dags/train_model_dag.py
[2025-05-10T16:51:03.017+0000] {processor.py:829} INFO - Processing file /opt/airflow/dags/train_model_dag.py for tasks to queue
[2025-05-10T16:51:03.019+0000] {logging_mixin.py:151} INFO - [2025-05-10T16:51:03.018+0000] {dagbag.py:539} INFO - Filling up the DagBag from /opt/airflow/dags/train_model_dag.py
[2025-05-10T16:51:03.042+0000] {processor.py:839} INFO - DAG(s) dict_keys(['model_training_dag']) retrieved from /opt/airflow/dags/train_model_dag.py
[2025-05-10T16:51:03.064+0000] {logging_mixin.py:151} INFO - [2025-05-10T16:51:03.064+0000] {dag.py:2915} INFO - Sync 1 DAGs
[2025-05-10T16:51:03.076+0000] {logging_mixin.py:151} INFO - [2025-05-10T16:51:03.076+0000] {dag.py:3696} INFO - Setting next_dagrun for model_training_dag to 2025-05-10T16:50:00+00:00, run_after=2025-05-10T16:51:00+00:00
[2025-05-10T16:51:03.088+0000] {processor.py:179} INFO - Processing /opt/airflow/dags/train_model_dag.py took 0.078 seconds
[2025-05-10T16:51:33.173+0000] {processor.py:157} INFO - Started process (PID=396) to work on /opt/airflow/dags/train_model_dag.py
[2025-05-10T16:51:33.175+0000] {processor.py:829} INFO - Processing file /opt/airflow/dags/train_model_dag.py for tasks to queue
[2025-05-10T16:51:33.176+0000] {logging_mixin.py:151} INFO - [2025-05-10T16:51:33.175+0000] {dagbag.py:539} INFO - Filling up the DagBag from /opt/airflow/dags/train_model_dag.py
[2025-05-10T16:51:33.196+0000] {processor.py:839} INFO - DAG(s) dict_keys(['model_training_dag']) retrieved from /opt/airflow/dags/train_model_dag.py
[2025-05-10T16:51:33.215+0000] {logging_mixin.py:151} INFO - [2025-05-10T16:51:33.215+0000] {dag.py:2915} INFO - Sync 1 DAGs
[2025-05-10T16:51:33.226+0000] {logging_mixin.py:151} INFO - [2025-05-10T16:51:33.226+0000] {dag.py:3696} INFO - Setting next_dagrun for model_training_dag to 2025-05-10T16:50:00+00:00, run_after=2025-05-10T16:51:00+00:00
[2025-05-10T16:51:33.247+0000] {processor.py:179} INFO - Processing /opt/airflow/dags/train_model_dag.py took 0.078 seconds
[2025-05-10T16:52:03.314+0000] {processor.py:157} INFO - Started process (PID=398) to work on /opt/airflow/dags/train_model_dag.py
[2025-05-10T16:52:03.315+0000] {processor.py:829} INFO - Processing file /opt/airflow/dags/train_model_dag.py for tasks to queue
[2025-05-10T16:52:03.316+0000] {logging_mixin.py:151} INFO - [2025-05-10T16:52:03.315+0000] {dagbag.py:539} INFO - Filling up the DagBag from /opt/airflow/dags/train_model_dag.py
[2025-05-10T16:52:03.330+0000] {processor.py:839} INFO - DAG(s) dict_keys(['model_training_dag']) retrieved from /opt/airflow/dags/train_model_dag.py
[2025-05-10T16:52:03.347+0000] {logging_mixin.py:151} INFO - [2025-05-10T16:52:03.347+0000] {dag.py:2915} INFO - Sync 1 DAGs
[2025-05-10T16:52:03.358+0000] {logging_mixin.py:151} INFO - [2025-05-10T16:52:03.358+0000] {dag.py:3696} INFO - Setting next_dagrun for model_training_dag to 2025-05-10T16:51:00+00:00, run_after=2025-05-10T16:52:00+00:00
[2025-05-10T16:52:03.369+0000] {processor.py:179} INFO - Processing /opt/airflow/dags/train_model_dag.py took 0.058 seconds
[2025-05-10T16:52:33.501+0000] {processor.py:157} INFO - Started process (PID=400) to work on /opt/airflow/dags/train_model_dag.py
[2025-05-10T16:52:33.503+0000] {processor.py:829} INFO - Processing file /opt/airflow/dags/train_model_dag.py for tasks to queue
[2025-05-10T16:52:33.504+0000] {logging_mixin.py:151} INFO - [2025-05-10T16:52:33.504+0000] {dagbag.py:539} INFO - Filling up the DagBag from /opt/airflow/dags/train_model_dag.py
[2025-05-10T16:52:33.520+0000] {processor.py:839} INFO - DAG(s) dict_keys(['model_training_dag']) retrieved from /opt/airflow/dags/train_model_dag.py
[2025-05-10T16:52:33.541+0000] {logging_mixin.py:151} INFO - [2025-05-10T16:52:33.541+0000] {dag.py:2915} INFO - Sync 1 DAGs
[2025-05-10T16:52:33.554+0000] {logging_mixin.py:151} INFO - [2025-05-10T16:52:33.554+0000] {dag.py:3696} INFO - Setting next_dagrun for model_training_dag to 2025-05-10T16:51:00+00:00, run_after=2025-05-10T16:52:00+00:00
[2025-05-10T16:52:33.570+0000] {processor.py:179} INFO - Processing /opt/airflow/dags/train_model_dag.py took 0.074 seconds
[2025-05-10T16:53:03.676+0000] {processor.py:157} INFO - Started process (PID=402) to work on /opt/airflow/dags/train_model_dag.py
[2025-05-10T16:53:03.678+0000] {processor.py:829} INFO - Processing file /opt/airflow/dags/train_model_dag.py for tasks to queue
[2025-05-10T16:53:03.679+0000] {logging_mixin.py:151} INFO - [2025-05-10T16:53:03.679+0000] {dagbag.py:539} INFO - Filling up the DagBag from /opt/airflow/dags/train_model_dag.py
[2025-05-10T16:53:03.690+0000] {processor.py:839} INFO - DAG(s) dict_keys(['model_training_dag']) retrieved from /opt/airflow/dags/train_model_dag.py
[2025-05-10T16:53:03.705+0000] {logging_mixin.py:151} INFO - [2025-05-10T16:53:03.705+0000] {dag.py:2915} INFO - Sync 1 DAGs
[2025-05-10T16:53:03.716+0000] {logging_mixin.py:151} INFO - [2025-05-10T16:53:03.716+0000] {dag.py:3696} INFO - Setting next_dagrun for model_training_dag to 2025-05-10T16:52:00+00:00, run_after=2025-05-10T16:53:00+00:00
[2025-05-10T16:53:03.729+0000] {processor.py:179} INFO - Processing /opt/airflow/dags/train_model_dag.py took 0.058 seconds
[2025-05-10T16:53:33.838+0000] {processor.py:157} INFO - Started process (PID=404) to work on /opt/airflow/dags/train_model_dag.py
[2025-05-10T16:53:33.838+0000] {processor.py:829} INFO - Processing file /opt/airflow/dags/train_model_dag.py for tasks to queue
[2025-05-10T16:53:33.840+0000] {logging_mixin.py:151} INFO - [2025-05-10T16:53:33.839+0000] {dagbag.py:539} INFO - Filling up the DagBag from /opt/airflow/dags/train_model_dag.py
[2025-05-10T16:53:33.857+0000] {processor.py:839} INFO - DAG(s) dict_keys(['model_training_dag']) retrieved from /opt/airflow/dags/train_model_dag.py
[2025-05-10T16:53:33.873+0000] {logging_mixin.py:151} INFO - [2025-05-10T16:53:33.873+0000] {dag.py:2915} INFO - Sync 1 DAGs
[2025-05-10T16:53:33.884+0000] {logging_mixin.py:151} INFO - [2025-05-10T16:53:33.884+0000] {dag.py:3696} INFO - Setting next_dagrun for model_training_dag to 2025-05-10T16:52:00+00:00, run_after=2025-05-10T16:53:00+00:00
[2025-05-10T16:53:33.892+0000] {processor.py:179} INFO - Processing /opt/airflow/dags/train_model_dag.py took 0.058 seconds
[2025-05-10T16:54:04.021+0000] {processor.py:157} INFO - Started process (PID=406) to work on /opt/airflow/dags/train_model_dag.py
[2025-05-10T16:54:04.024+0000] {processor.py:829} INFO - Processing file /opt/airflow/dags/train_model_dag.py for tasks to queue
[2025-05-10T16:54:04.025+0000] {logging_mixin.py:151} INFO - [2025-05-10T16:54:04.024+0000] {dagbag.py:539} INFO - Filling up the DagBag from /opt/airflow/dags/train_model_dag.py
[2025-05-10T16:54:04.036+0000] {processor.py:839} INFO - DAG(s) dict_keys(['model_training_dag']) retrieved from /opt/airflow/dags/train_model_dag.py
[2025-05-10T16:54:04.052+0000] {logging_mixin.py:151} INFO - [2025-05-10T16:54:04.052+0000] {dag.py:2915} INFO - Sync 1 DAGs
[2025-05-10T16:54:04.063+0000] {logging_mixin.py:151} INFO - [2025-05-10T16:54:04.063+0000] {dag.py:3696} INFO - Setting next_dagrun for model_training_dag to 2025-05-10T16:53:00+00:00, run_after=2025-05-10T16:54:00+00:00
[2025-05-10T16:54:04.074+0000] {processor.py:179} INFO - Processing /opt/airflow/dags/train_model_dag.py took 0.059 seconds
[2025-05-10T16:54:34.191+0000] {processor.py:157} INFO - Started process (PID=408) to work on /opt/airflow/dags/train_model_dag.py
[2025-05-10T16:54:34.192+0000] {processor.py:829} INFO - Processing file /opt/airflow/dags/train_model_dag.py for tasks to queue
[2025-05-10T16:54:34.193+0000] {logging_mixin.py:151} INFO - [2025-05-10T16:54:34.193+0000] {dagbag.py:539} INFO - Filling up the DagBag from /opt/airflow/dags/train_model_dag.py
[2025-05-10T16:54:34.212+0000] {processor.py:839} INFO - DAG(s) dict_keys(['model_training_dag']) retrieved from /opt/airflow/dags/train_model_dag.py
[2025-05-10T16:54:34.236+0000] {logging_mixin.py:151} INFO - [2025-05-10T16:54:34.236+0000] {dag.py:2915} INFO - Sync 1 DAGs
[2025-05-10T16:54:34.251+0000] {logging_mixin.py:151} INFO - [2025-05-10T16:54:34.251+0000] {dag.py:3696} INFO - Setting next_dagrun for model_training_dag to 2025-05-10T16:53:00+00:00, run_after=2025-05-10T16:54:00+00:00
[2025-05-10T16:54:34.262+0000] {processor.py:179} INFO - Processing /opt/airflow/dags/train_model_dag.py took 0.075 seconds
[2025-05-10T16:55:04.341+0000] {processor.py:157} INFO - Started process (PID=410) to work on /opt/airflow/dags/train_model_dag.py
[2025-05-10T16:55:04.343+0000] {processor.py:829} INFO - Processing file /opt/airflow/dags/train_model_dag.py for tasks to queue
[2025-05-10T16:55:04.344+0000] {logging_mixin.py:151} INFO - [2025-05-10T16:55:04.343+0000] {dagbag.py:539} INFO - Filling up the DagBag from /opt/airflow/dags/train_model_dag.py
[2025-05-10T16:55:04.355+0000] {processor.py:839} INFO - DAG(s) dict_keys(['model_training_dag']) retrieved from /opt/airflow/dags/train_model_dag.py
[2025-05-10T16:55:04.365+0000] {logging_mixin.py:151} INFO - [2025-05-10T16:55:04.365+0000] {dag.py:2915} INFO - Sync 1 DAGs
[2025-05-10T16:55:04.373+0000] {logging_mixin.py:151} INFO - [2025-05-10T16:55:04.373+0000] {dag.py:3696} INFO - Setting next_dagrun for model_training_dag to 2025-05-10T16:54:00+00:00, run_after=2025-05-10T16:55:00+00:00
[2025-05-10T16:55:04.382+0000] {processor.py:179} INFO - Processing /opt/airflow/dags/train_model_dag.py took 0.044 seconds
[2025-05-10T16:55:34.515+0000] {processor.py:157} INFO - Started process (PID=412) to work on /opt/airflow/dags/train_model_dag.py
[2025-05-10T16:55:34.516+0000] {processor.py:829} INFO - Processing file /opt/airflow/dags/train_model_dag.py for tasks to queue
[2025-05-10T16:55:34.517+0000] {logging_mixin.py:151} INFO - [2025-05-10T16:55:34.517+0000] {dagbag.py:539} INFO - Filling up the DagBag from /opt/airflow/dags/train_model_dag.py
[2025-05-10T16:55:34.533+0000] {processor.py:839} INFO - DAG(s) dict_keys(['model_training_dag']) retrieved from /opt/airflow/dags/train_model_dag.py
[2025-05-10T16:55:34.555+0000] {logging_mixin.py:151} INFO - [2025-05-10T16:55:34.555+0000] {dag.py:2915} INFO - Sync 1 DAGs
[2025-05-10T16:55:34.565+0000] {logging_mixin.py:151} INFO - [2025-05-10T16:55:34.565+0000] {dag.py:3696} INFO - Setting next_dagrun for model_training_dag to 2025-05-10T16:54:00+00:00, run_after=2025-05-10T16:55:00+00:00
[2025-05-10T16:55:34.579+0000] {processor.py:179} INFO - Processing /opt/airflow/dags/train_model_dag.py took 0.068 seconds
[2025-05-10T16:56:04.689+0000] {processor.py:157} INFO - Started process (PID=414) to work on /opt/airflow/dags/train_model_dag.py
[2025-05-10T16:56:04.691+0000] {processor.py:829} INFO - Processing file /opt/airflow/dags/train_model_dag.py for tasks to queue
[2025-05-10T16:56:04.692+0000] {logging_mixin.py:151} INFO - [2025-05-10T16:56:04.691+0000] {dagbag.py:539} INFO - Filling up the DagBag from /opt/airflow/dags/train_model_dag.py
[2025-05-10T16:56:04.705+0000] {processor.py:839} INFO - DAG(s) dict_keys(['model_training_dag']) retrieved from /opt/airflow/dags/train_model_dag.py
[2025-05-10T16:56:04.720+0000] {logging_mixin.py:151} INFO - [2025-05-10T16:56:04.720+0000] {dag.py:2915} INFO - Sync 1 DAGs
[2025-05-10T16:56:04.731+0000] {logging_mixin.py:151} INFO - [2025-05-10T16:56:04.731+0000] {dag.py:3696} INFO - Setting next_dagrun for model_training_dag to 2025-05-10T16:55:00+00:00, run_after=2025-05-10T16:56:00+00:00
[2025-05-10T16:56:04.740+0000] {processor.py:179} INFO - Processing /opt/airflow/dags/train_model_dag.py took 0.055 seconds
[2025-05-10T16:56:34.871+0000] {processor.py:157} INFO - Started process (PID=416) to work on /opt/airflow/dags/train_model_dag.py
[2025-05-10T16:56:34.872+0000] {processor.py:829} INFO - Processing file /opt/airflow/dags/train_model_dag.py for tasks to queue
[2025-05-10T16:56:34.873+0000] {logging_mixin.py:151} INFO - [2025-05-10T16:56:34.872+0000] {dagbag.py:539} INFO - Filling up the DagBag from /opt/airflow/dags/train_model_dag.py
[2025-05-10T16:56:34.888+0000] {processor.py:839} INFO - DAG(s) dict_keys(['model_training_dag']) retrieved from /opt/airflow/dags/train_model_dag.py
[2025-05-10T16:56:34.907+0000] {logging_mixin.py:151} INFO - [2025-05-10T16:56:34.907+0000] {dag.py:2915} INFO - Sync 1 DAGs
[2025-05-10T16:56:34.918+0000] {logging_mixin.py:151} INFO - [2025-05-10T16:56:34.918+0000] {dag.py:3696} INFO - Setting next_dagrun for model_training_dag to 2025-05-10T16:55:00+00:00, run_after=2025-05-10T16:56:00+00:00
[2025-05-10T16:56:34.929+0000] {processor.py:179} INFO - Processing /opt/airflow/dags/train_model_dag.py took 0.062 seconds
[2025-05-10T16:57:05.055+0000] {processor.py:157} INFO - Started process (PID=418) to work on /opt/airflow/dags/train_model_dag.py
[2025-05-10T16:57:05.057+0000] {processor.py:829} INFO - Processing file /opt/airflow/dags/train_model_dag.py for tasks to queue
[2025-05-10T16:57:05.058+0000] {logging_mixin.py:151} INFO - [2025-05-10T16:57:05.058+0000] {dagbag.py:539} INFO - Filling up the DagBag from /opt/airflow/dags/train_model_dag.py
[2025-05-10T16:57:05.071+0000] {processor.py:839} INFO - DAG(s) dict_keys(['model_training_dag']) retrieved from /opt/airflow/dags/train_model_dag.py
[2025-05-10T16:57:05.087+0000] {logging_mixin.py:151} INFO - [2025-05-10T16:57:05.087+0000] {dag.py:2915} INFO - Sync 1 DAGs
[2025-05-10T16:57:05.097+0000] {logging_mixin.py:151} INFO - [2025-05-10T16:57:05.097+0000] {dag.py:3696} INFO - Setting next_dagrun for model_training_dag to 2025-05-10T16:56:00+00:00, run_after=2025-05-10T16:57:00+00:00
[2025-05-10T16:57:05.107+0000] {processor.py:179} INFO - Processing /opt/airflow/dags/train_model_dag.py took 0.056 seconds
[2025-05-10T16:57:35.237+0000] {processor.py:157} INFO - Started process (PID=420) to work on /opt/airflow/dags/train_model_dag.py
[2025-05-10T16:57:35.238+0000] {processor.py:829} INFO - Processing file /opt/airflow/dags/train_model_dag.py for tasks to queue
[2025-05-10T16:57:35.239+0000] {logging_mixin.py:151} INFO - [2025-05-10T16:57:35.238+0000] {dagbag.py:539} INFO - Filling up the DagBag from /opt/airflow/dags/train_model_dag.py
[2025-05-10T16:57:35.249+0000] {processor.py:839} INFO - DAG(s) dict_keys(['model_training_dag']) retrieved from /opt/airflow/dags/train_model_dag.py
[2025-05-10T16:57:35.261+0000] {logging_mixin.py:151} INFO - [2025-05-10T16:57:35.261+0000] {dag.py:2915} INFO - Sync 1 DAGs
[2025-05-10T16:57:35.271+0000] {logging_mixin.py:151} INFO - [2025-05-10T16:57:35.271+0000] {dag.py:3696} INFO - Setting next_dagrun for model_training_dag to 2025-05-10T16:56:00+00:00, run_after=2025-05-10T16:57:00+00:00
[2025-05-10T16:57:35.282+0000] {processor.py:179} INFO - Processing /opt/airflow/dags/train_model_dag.py took 0.048 seconds
[2025-05-10T16:58:05.411+0000] {processor.py:157} INFO - Started process (PID=422) to work on /opt/airflow/dags/train_model_dag.py
[2025-05-10T16:58:05.413+0000] {processor.py:829} INFO - Processing file /opt/airflow/dags/train_model_dag.py for tasks to queue
[2025-05-10T16:58:05.415+0000] {logging_mixin.py:151} INFO - [2025-05-10T16:58:05.414+0000] {dagbag.py:539} INFO - Filling up the DagBag from /opt/airflow/dags/train_model_dag.py
[2025-05-10T16:58:05.437+0000] {processor.py:839} INFO - DAG(s) dict_keys(['model_training_dag']) retrieved from /opt/airflow/dags/train_model_dag.py
[2025-05-10T16:58:05.462+0000] {logging_mixin.py:151} INFO - [2025-05-10T16:58:05.462+0000] {dag.py:2915} INFO - Sync 1 DAGs
[2025-05-10T16:58:05.477+0000] {logging_mixin.py:151} INFO - [2025-05-10T16:58:05.476+0000] {dag.py:3696} INFO - Setting next_dagrun for model_training_dag to 2025-05-10T16:57:00+00:00, run_after=2025-05-10T16:58:00+00:00
[2025-05-10T16:58:05.488+0000] {processor.py:179} INFO - Processing /opt/airflow/dags/train_model_dag.py took 0.082 seconds
[2025-05-10T16:58:35.576+0000] {processor.py:157} INFO - Started process (PID=424) to work on /opt/airflow/dags/train_model_dag.py
[2025-05-10T16:58:35.577+0000] {processor.py:829} INFO - Processing file /opt/airflow/dags/train_model_dag.py for tasks to queue
[2025-05-10T16:58:35.578+0000] {logging_mixin.py:151} INFO - [2025-05-10T16:58:35.577+0000] {dagbag.py:539} INFO - Filling up the DagBag from /opt/airflow/dags/train_model_dag.py
[2025-05-10T16:58:35.589+0000] {processor.py:839} INFO - DAG(s) dict_keys(['model_training_dag']) retrieved from /opt/airflow/dags/train_model_dag.py
[2025-05-10T16:58:35.605+0000] {logging_mixin.py:151} INFO - [2025-05-10T16:58:35.605+0000] {dag.py:2915} INFO - Sync 1 DAGs
[2025-05-10T16:58:35.614+0000] {logging_mixin.py:151} INFO - [2025-05-10T16:58:35.614+0000] {dag.py:3696} INFO - Setting next_dagrun for model_training_dag to 2025-05-10T16:57:00+00:00, run_after=2025-05-10T16:58:00+00:00
[2025-05-10T16:58:35.623+0000] {processor.py:179} INFO - Processing /opt/airflow/dags/train_model_dag.py took 0.050 seconds
[2025-05-10T16:59:05.756+0000] {processor.py:157} INFO - Started process (PID=426) to work on /opt/airflow/dags/train_model_dag.py
[2025-05-10T16:59:05.757+0000] {processor.py:829} INFO - Processing file /opt/airflow/dags/train_model_dag.py for tasks to queue
[2025-05-10T16:59:05.758+0000] {logging_mixin.py:151} INFO - [2025-05-10T16:59:05.758+0000] {dagbag.py:539} INFO - Filling up the DagBag from /opt/airflow/dags/train_model_dag.py
[2025-05-10T16:59:05.770+0000] {processor.py:839} INFO - DAG(s) dict_keys(['model_training_dag']) retrieved from /opt/airflow/dags/train_model_dag.py
[2025-05-10T16:59:05.790+0000] {logging_mixin.py:151} INFO - [2025-05-10T16:59:05.790+0000] {dag.py:2915} INFO - Sync 1 DAGs
[2025-05-10T16:59:05.801+0000] {logging_mixin.py:151} INFO - [2025-05-10T16:59:05.801+0000] {dag.py:3696} INFO - Setting next_dagrun for model_training_dag to 2025-05-10T16:58:00+00:00, run_after=2025-05-10T16:59:00+00:00
[2025-05-10T16:59:05.811+0000] {processor.py:179} INFO - Processing /opt/airflow/dags/train_model_dag.py took 0.058 seconds
[2025-05-10T16:59:35.929+0000] {processor.py:157} INFO - Started process (PID=428) to work on /opt/airflow/dags/train_model_dag.py
[2025-05-10T16:59:35.929+0000] {processor.py:829} INFO - Processing file /opt/airflow/dags/train_model_dag.py for tasks to queue
[2025-05-10T16:59:35.931+0000] {logging_mixin.py:151} INFO - [2025-05-10T16:59:35.930+0000] {dagbag.py:539} INFO - Filling up the DagBag from /opt/airflow/dags/train_model_dag.py
[2025-05-10T16:59:35.945+0000] {processor.py:839} INFO - DAG(s) dict_keys(['model_training_dag']) retrieved from /opt/airflow/dags/train_model_dag.py
[2025-05-10T16:59:35.965+0000] {logging_mixin.py:151} INFO - [2025-05-10T16:59:35.965+0000] {dag.py:2915} INFO - Sync 1 DAGs
[2025-05-10T16:59:35.978+0000] {logging_mixin.py:151} INFO - [2025-05-10T16:59:35.978+0000] {dag.py:3696} INFO - Setting next_dagrun for model_training_dag to 2025-05-10T16:58:00+00:00, run_after=2025-05-10T16:59:00+00:00
[2025-05-10T16:59:35.989+0000] {processor.py:179} INFO - Processing /opt/airflow/dags/train_model_dag.py took 0.065 seconds
[2025-05-10T17:00:06.096+0000] {processor.py:157} INFO - Started process (PID=430) to work on /opt/airflow/dags/train_model_dag.py
[2025-05-10T17:00:06.097+0000] {processor.py:829} INFO - Processing file /opt/airflow/dags/train_model_dag.py for tasks to queue
[2025-05-10T17:00:06.098+0000] {logging_mixin.py:151} INFO - [2025-05-10T17:00:06.097+0000] {dagbag.py:539} INFO - Filling up the DagBag from /opt/airflow/dags/train_model_dag.py
[2025-05-10T17:00:06.104+0000] {processor.py:839} INFO - DAG(s) dict_keys(['model_training_dag']) retrieved from /opt/airflow/dags/train_model_dag.py
[2025-05-10T17:00:06.115+0000] {logging_mixin.py:151} INFO - [2025-05-10T17:00:06.115+0000] {dag.py:2915} INFO - Sync 1 DAGs
[2025-05-10T17:00:06.123+0000] {logging_mixin.py:151} INFO - [2025-05-10T17:00:06.123+0000] {dag.py:3696} INFO - Setting next_dagrun for model_training_dag to 2025-05-10T16:59:00+00:00, run_after=2025-05-10T17:00:00+00:00
[2025-05-10T17:00:06.131+0000] {processor.py:179} INFO - Processing /opt/airflow/dags/train_model_dag.py took 0.037 seconds
[2025-05-10T17:00:36.251+0000] {processor.py:157} INFO - Started process (PID=432) to work on /opt/airflow/dags/train_model_dag.py
[2025-05-10T17:00:36.252+0000] {processor.py:829} INFO - Processing file /opt/airflow/dags/train_model_dag.py for tasks to queue
[2025-05-10T17:00:36.252+0000] {logging_mixin.py:151} INFO - [2025-05-10T17:00:36.252+0000] {dagbag.py:539} INFO - Filling up the DagBag from /opt/airflow/dags/train_model_dag.py
[2025-05-10T17:00:36.259+0000] {processor.py:839} INFO - DAG(s) dict_keys(['model_training_dag']) retrieved from /opt/airflow/dags/train_model_dag.py
[2025-05-10T17:00:36.268+0000] {logging_mixin.py:151} INFO - [2025-05-10T17:00:36.268+0000] {dag.py:2915} INFO - Sync 1 DAGs
[2025-05-10T17:00:36.276+0000] {logging_mixin.py:151} INFO - [2025-05-10T17:00:36.276+0000] {dag.py:3696} INFO - Setting next_dagrun for model_training_dag to 2025-05-10T16:59:00+00:00, run_after=2025-05-10T17:00:00+00:00
[2025-05-10T17:00:36.285+0000] {processor.py:179} INFO - Processing /opt/airflow/dags/train_model_dag.py took 0.039 seconds
[2025-05-10T17:01:06.407+0000] {processor.py:157} INFO - Started process (PID=434) to work on /opt/airflow/dags/train_model_dag.py
[2025-05-10T17:01:06.408+0000] {processor.py:829} INFO - Processing file /opt/airflow/dags/train_model_dag.py for tasks to queue
[2025-05-10T17:01:06.410+0000] {logging_mixin.py:151} INFO - [2025-05-10T17:01:06.409+0000] {dagbag.py:539} INFO - Filling up the DagBag from /opt/airflow/dags/train_model_dag.py
[2025-05-10T17:01:06.436+0000] {processor.py:839} INFO - DAG(s) dict_keys(['model_training_dag']) retrieved from /opt/airflow/dags/train_model_dag.py
[2025-05-10T17:01:06.455+0000] {logging_mixin.py:151} INFO - [2025-05-10T17:01:06.455+0000] {dag.py:2915} INFO - Sync 1 DAGs
[2025-05-10T17:01:06.481+0000] {logging_mixin.py:151} INFO - [2025-05-10T17:01:06.481+0000] {dag.py:3696} INFO - Setting next_dagrun for model_training_dag to 2025-05-10T17:00:00+00:00, run_after=2025-05-10T17:01:00+00:00
[2025-05-10T17:01:06.526+0000] {processor.py:179} INFO - Processing /opt/airflow/dags/train_model_dag.py took 0.123 seconds
[2025-05-10T17:01:36.672+0000] {processor.py:157} INFO - Started process (PID=436) to work on /opt/airflow/dags/train_model_dag.py
[2025-05-10T17:01:36.673+0000] {processor.py:829} INFO - Processing file /opt/airflow/dags/train_model_dag.py for tasks to queue
[2025-05-10T17:01:36.674+0000] {logging_mixin.py:151} INFO - [2025-05-10T17:01:36.674+0000] {dagbag.py:539} INFO - Filling up the DagBag from /opt/airflow/dags/train_model_dag.py
[2025-05-10T17:01:36.691+0000] {processor.py:839} INFO - DAG(s) dict_keys(['model_training_dag']) retrieved from /opt/airflow/dags/train_model_dag.py
[2025-05-10T17:01:36.710+0000] {logging_mixin.py:151} INFO - [2025-05-10T17:01:36.710+0000] {dag.py:2915} INFO - Sync 1 DAGs
[2025-05-10T17:01:36.720+0000] {logging_mixin.py:151} INFO - [2025-05-10T17:01:36.720+0000] {dag.py:3696} INFO - Setting next_dagrun for model_training_dag to 2025-05-10T17:00:00+00:00, run_after=2025-05-10T17:01:00+00:00
[2025-05-10T17:01:36.730+0000] {processor.py:179} INFO - Processing /opt/airflow/dags/train_model_dag.py took 0.063 seconds
[2025-05-10T17:02:06.847+0000] {processor.py:157} INFO - Started process (PID=438) to work on /opt/airflow/dags/train_model_dag.py
[2025-05-10T17:02:06.848+0000] {processor.py:829} INFO - Processing file /opt/airflow/dags/train_model_dag.py for tasks to queue
[2025-05-10T17:02:06.849+0000] {logging_mixin.py:151} INFO - [2025-05-10T17:02:06.848+0000] {dagbag.py:539} INFO - Filling up the DagBag from /opt/airflow/dags/train_model_dag.py
[2025-05-10T17:02:06.866+0000] {processor.py:839} INFO - DAG(s) dict_keys(['model_training_dag']) retrieved from /opt/airflow/dags/train_model_dag.py
[2025-05-10T17:02:06.886+0000] {logging_mixin.py:151} INFO - [2025-05-10T17:02:06.886+0000] {dag.py:2915} INFO - Sync 1 DAGs
[2025-05-10T17:02:06.897+0000] {logging_mixin.py:151} INFO - [2025-05-10T17:02:06.897+0000] {dag.py:3696} INFO - Setting next_dagrun for model_training_dag to 2025-05-10T17:01:00+00:00, run_after=2025-05-10T17:02:00+00:00
[2025-05-10T17:02:06.908+0000] {processor.py:179} INFO - Processing /opt/airflow/dags/train_model_dag.py took 0.067 seconds
[2025-05-10T17:02:37.019+0000] {processor.py:157} INFO - Started process (PID=440) to work on /opt/airflow/dags/train_model_dag.py
[2025-05-10T17:02:37.020+0000] {processor.py:829} INFO - Processing file /opt/airflow/dags/train_model_dag.py for tasks to queue
[2025-05-10T17:02:37.021+0000] {logging_mixin.py:151} INFO - [2025-05-10T17:02:37.021+0000] {dagbag.py:539} INFO - Filling up the DagBag from /opt/airflow/dags/train_model_dag.py
[2025-05-10T17:02:37.034+0000] {processor.py:839} INFO - DAG(s) dict_keys(['model_training_dag']) retrieved from /opt/airflow/dags/train_model_dag.py
[2025-05-10T17:02:37.049+0000] {logging_mixin.py:151} INFO - [2025-05-10T17:02:37.049+0000] {dag.py:2915} INFO - Sync 1 DAGs
[2025-05-10T17:02:37.061+0000] {logging_mixin.py:151} INFO - [2025-05-10T17:02:37.061+0000] {dag.py:3696} INFO - Setting next_dagrun for model_training_dag to 2025-05-10T17:01:00+00:00, run_after=2025-05-10T17:02:00+00:00
[2025-05-10T17:02:37.073+0000] {processor.py:179} INFO - Processing /opt/airflow/dags/train_model_dag.py took 0.057 seconds
[2025-05-10T17:03:07.172+0000] {processor.py:157} INFO - Started process (PID=442) to work on /opt/airflow/dags/train_model_dag.py
[2025-05-10T17:03:07.172+0000] {processor.py:829} INFO - Processing file /opt/airflow/dags/train_model_dag.py for tasks to queue
[2025-05-10T17:03:07.173+0000] {logging_mixin.py:151} INFO - [2025-05-10T17:03:07.172+0000] {dagbag.py:539} INFO - Filling up the DagBag from /opt/airflow/dags/train_model_dag.py
[2025-05-10T17:03:07.180+0000] {processor.py:839} INFO - DAG(s) dict_keys(['model_training_dag']) retrieved from /opt/airflow/dags/train_model_dag.py
[2025-05-10T17:03:07.192+0000] {logging_mixin.py:151} INFO - [2025-05-10T17:03:07.192+0000] {dag.py:2915} INFO - Sync 1 DAGs
[2025-05-10T17:03:07.201+0000] {logging_mixin.py:151} INFO - [2025-05-10T17:03:07.201+0000] {dag.py:3696} INFO - Setting next_dagrun for model_training_dag to 2025-05-10T17:02:00+00:00, run_after=2025-05-10T17:03:00+00:00
[2025-05-10T17:03:07.210+0000] {processor.py:179} INFO - Processing /opt/airflow/dags/train_model_dag.py took 0.040 seconds
[2025-05-10T17:03:37.341+0000] {processor.py:157} INFO - Started process (PID=444) to work on /opt/airflow/dags/train_model_dag.py
[2025-05-10T17:03:37.342+0000] {processor.py:829} INFO - Processing file /opt/airflow/dags/train_model_dag.py for tasks to queue
[2025-05-10T17:03:37.343+0000] {logging_mixin.py:151} INFO - [2025-05-10T17:03:37.343+0000] {dagbag.py:539} INFO - Filling up the DagBag from /opt/airflow/dags/train_model_dag.py
[2025-05-10T17:03:37.355+0000] {processor.py:839} INFO - DAG(s) dict_keys(['model_training_dag']) retrieved from /opt/airflow/dags/train_model_dag.py
[2025-05-10T17:03:37.372+0000] {logging_mixin.py:151} INFO - [2025-05-10T17:03:37.372+0000] {dag.py:2915} INFO - Sync 1 DAGs
[2025-05-10T17:03:37.383+0000] {logging_mixin.py:151} INFO - [2025-05-10T17:03:37.383+0000] {dag.py:3696} INFO - Setting next_dagrun for model_training_dag to 2025-05-10T17:02:00+00:00, run_after=2025-05-10T17:03:00+00:00
[2025-05-10T17:03:37.392+0000] {processor.py:179} INFO - Processing /opt/airflow/dags/train_model_dag.py took 0.056 seconds
[2025-05-10T17:04:07.515+0000] {processor.py:157} INFO - Started process (PID=446) to work on /opt/airflow/dags/train_model_dag.py
[2025-05-10T17:04:07.517+0000] {processor.py:829} INFO - Processing file /opt/airflow/dags/train_model_dag.py for tasks to queue
[2025-05-10T17:04:07.518+0000] {logging_mixin.py:151} INFO - [2025-05-10T17:04:07.517+0000] {dagbag.py:539} INFO - Filling up the DagBag from /opt/airflow/dags/train_model_dag.py
[2025-05-10T17:04:07.538+0000] {processor.py:839} INFO - DAG(s) dict_keys(['model_training_dag']) retrieved from /opt/airflow/dags/train_model_dag.py
[2025-05-10T17:04:07.556+0000] {logging_mixin.py:151} INFO - [2025-05-10T17:04:07.556+0000] {dag.py:2915} INFO - Sync 1 DAGs
[2025-05-10T17:04:07.567+0000] {logging_mixin.py:151} INFO - [2025-05-10T17:04:07.567+0000] {dag.py:3696} INFO - Setting next_dagrun for model_training_dag to 2025-05-10T17:03:00+00:00, run_after=2025-05-10T17:04:00+00:00
[2025-05-10T17:04:07.581+0000] {processor.py:179} INFO - Processing /opt/airflow/dags/train_model_dag.py took 0.070 seconds
[2025-05-10T17:04:37.674+0000] {processor.py:157} INFO - Started process (PID=448) to work on /opt/airflow/dags/train_model_dag.py
[2025-05-10T17:04:37.675+0000] {processor.py:829} INFO - Processing file /opt/airflow/dags/train_model_dag.py for tasks to queue
[2025-05-10T17:04:37.676+0000] {logging_mixin.py:151} INFO - [2025-05-10T17:04:37.676+0000] {dagbag.py:539} INFO - Filling up the DagBag from /opt/airflow/dags/train_model_dag.py
[2025-05-10T17:04:37.688+0000] {processor.py:839} INFO - DAG(s) dict_keys(['model_training_dag']) retrieved from /opt/airflow/dags/train_model_dag.py
[2025-05-10T17:04:37.709+0000] {logging_mixin.py:151} INFO - [2025-05-10T17:04:37.709+0000] {dag.py:2915} INFO - Sync 1 DAGs
[2025-05-10T17:04:37.721+0000] {logging_mixin.py:151} INFO - [2025-05-10T17:04:37.721+0000] {dag.py:3696} INFO - Setting next_dagrun for model_training_dag to 2025-05-10T17:03:00+00:00, run_after=2025-05-10T17:04:00+00:00
[2025-05-10T17:04:37.731+0000] {processor.py:179} INFO - Processing /opt/airflow/dags/train_model_dag.py took 0.060 seconds
[2025-05-10T17:05:07.849+0000] {processor.py:157} INFO - Started process (PID=450) to work on /opt/airflow/dags/train_model_dag.py
[2025-05-10T17:05:07.851+0000] {processor.py:829} INFO - Processing file /opt/airflow/dags/train_model_dag.py for tasks to queue
[2025-05-10T17:05:07.852+0000] {logging_mixin.py:151} INFO - [2025-05-10T17:05:07.852+0000] {dagbag.py:539} INFO - Filling up the DagBag from /opt/airflow/dags/train_model_dag.py
[2025-05-10T17:05:07.866+0000] {processor.py:839} INFO - DAG(s) dict_keys(['model_training_dag']) retrieved from /opt/airflow/dags/train_model_dag.py
[2025-05-10T17:05:07.891+0000] {logging_mixin.py:151} INFO - [2025-05-10T17:05:07.891+0000] {dag.py:2915} INFO - Sync 1 DAGs
[2025-05-10T17:05:07.903+0000] {logging_mixin.py:151} INFO - [2025-05-10T17:05:07.903+0000] {dag.py:3696} INFO - Setting next_dagrun for model_training_dag to 2025-05-10T17:04:00+00:00, run_after=2025-05-10T17:05:00+00:00
[2025-05-10T17:05:07.915+0000] {processor.py:179} INFO - Processing /opt/airflow/dags/train_model_dag.py took 0.073 seconds
[2025-05-10T17:05:38.010+0000] {processor.py:157} INFO - Started process (PID=452) to work on /opt/airflow/dags/train_model_dag.py
[2025-05-10T17:05:38.013+0000] {processor.py:829} INFO - Processing file /opt/airflow/dags/train_model_dag.py for tasks to queue
[2025-05-10T17:05:38.014+0000] {logging_mixin.py:151} INFO - [2025-05-10T17:05:38.013+0000] {dagbag.py:539} INFO - Filling up the DagBag from /opt/airflow/dags/train_model_dag.py
[2025-05-10T17:05:38.027+0000] {processor.py:839} INFO - DAG(s) dict_keys(['model_training_dag']) retrieved from /opt/airflow/dags/train_model_dag.py
[2025-05-10T17:05:38.045+0000] {logging_mixin.py:151} INFO - [2025-05-10T17:05:38.045+0000] {dag.py:2915} INFO - Sync 1 DAGs
[2025-05-10T17:05:38.058+0000] {logging_mixin.py:151} INFO - [2025-05-10T17:05:38.058+0000] {dag.py:3696} INFO - Setting next_dagrun for model_training_dag to 2025-05-10T17:04:00+00:00, run_after=2025-05-10T17:05:00+00:00
[2025-05-10T17:05:38.072+0000] {processor.py:179} INFO - Processing /opt/airflow/dags/train_model_dag.py took 0.066 seconds
[2025-05-10T17:06:08.189+0000] {processor.py:157} INFO - Started process (PID=454) to work on /opt/airflow/dags/train_model_dag.py
[2025-05-10T17:06:08.191+0000] {processor.py:829} INFO - Processing file /opt/airflow/dags/train_model_dag.py for tasks to queue
[2025-05-10T17:06:08.192+0000] {logging_mixin.py:151} INFO - [2025-05-10T17:06:08.191+0000] {dagbag.py:539} INFO - Filling up the DagBag from /opt/airflow/dags/train_model_dag.py
[2025-05-10T17:06:08.212+0000] {processor.py:839} INFO - DAG(s) dict_keys(['model_training_dag']) retrieved from /opt/airflow/dags/train_model_dag.py
[2025-05-10T17:06:08.231+0000] {logging_mixin.py:151} INFO - [2025-05-10T17:06:08.231+0000] {dag.py:2915} INFO - Sync 1 DAGs
[2025-05-10T17:06:08.242+0000] {logging_mixin.py:151} INFO - [2025-05-10T17:06:08.242+0000] {dag.py:3696} INFO - Setting next_dagrun for model_training_dag to 2025-05-10T17:05:00+00:00, run_after=2025-05-10T17:06:00+00:00
[2025-05-10T17:06:08.253+0000] {processor.py:179} INFO - Processing /opt/airflow/dags/train_model_dag.py took 0.069 seconds
[2025-05-10T17:06:38.344+0000] {processor.py:157} INFO - Started process (PID=456) to work on /opt/airflow/dags/train_model_dag.py
[2025-05-10T17:06:38.345+0000] {processor.py:829} INFO - Processing file /opt/airflow/dags/train_model_dag.py for tasks to queue
[2025-05-10T17:06:38.348+0000] {logging_mixin.py:151} INFO - [2025-05-10T17:06:38.346+0000] {dagbag.py:539} INFO - Filling up the DagBag from /opt/airflow/dags/train_model_dag.py
[2025-05-10T17:06:38.369+0000] {processor.py:839} INFO - DAG(s) dict_keys(['model_training_dag']) retrieved from /opt/airflow/dags/train_model_dag.py
[2025-05-10T17:06:38.393+0000] {logging_mixin.py:151} INFO - [2025-05-10T17:06:38.393+0000] {dag.py:2915} INFO - Sync 1 DAGs
[2025-05-10T17:06:38.422+0000] {logging_mixin.py:151} INFO - [2025-05-10T17:06:38.422+0000] {dag.py:3696} INFO - Setting next_dagrun for model_training_dag to 2025-05-10T17:05:00+00:00, run_after=2025-05-10T17:06:00+00:00
[2025-05-10T17:06:38.437+0000] {processor.py:179} INFO - Processing /opt/airflow/dags/train_model_dag.py took 0.095 seconds
[2025-05-10T17:07:08.496+0000] {processor.py:157} INFO - Started process (PID=458) to work on /opt/airflow/dags/train_model_dag.py
[2025-05-10T17:07:08.497+0000] {processor.py:829} INFO - Processing file /opt/airflow/dags/train_model_dag.py for tasks to queue
[2025-05-10T17:07:08.498+0000] {logging_mixin.py:151} INFO - [2025-05-10T17:07:08.498+0000] {dagbag.py:539} INFO - Filling up the DagBag from /opt/airflow/dags/train_model_dag.py
[2025-05-10T17:07:08.519+0000] {processor.py:839} INFO - DAG(s) dict_keys(['model_training_dag']) retrieved from /opt/airflow/dags/train_model_dag.py
[2025-05-10T17:07:08.542+0000] {logging_mixin.py:151} INFO - [2025-05-10T17:07:08.541+0000] {dag.py:2915} INFO - Sync 1 DAGs
[2025-05-10T17:07:08.556+0000] {logging_mixin.py:151} INFO - [2025-05-10T17:07:08.555+0000] {dag.py:3696} INFO - Setting next_dagrun for model_training_dag to 2025-05-10T17:06:00+00:00, run_after=2025-05-10T17:07:00+00:00
[2025-05-10T17:07:08.587+0000] {processor.py:179} INFO - Processing /opt/airflow/dags/train_model_dag.py took 0.093 seconds
[2025-05-10T17:07:38.676+0000] {processor.py:157} INFO - Started process (PID=460) to work on /opt/airflow/dags/train_model_dag.py
[2025-05-10T17:07:38.677+0000] {processor.py:829} INFO - Processing file /opt/airflow/dags/train_model_dag.py for tasks to queue
[2025-05-10T17:07:38.683+0000] {logging_mixin.py:151} INFO - [2025-05-10T17:07:38.680+0000] {dagbag.py:539} INFO - Filling up the DagBag from /opt/airflow/dags/train_model_dag.py
[2025-05-10T17:07:38.725+0000] {processor.py:839} INFO - DAG(s) dict_keys(['model_training_dag']) retrieved from /opt/airflow/dags/train_model_dag.py
[2025-05-10T17:07:38.797+0000] {logging_mixin.py:151} INFO - [2025-05-10T17:07:38.797+0000] {dag.py:2915} INFO - Sync 1 DAGs
[2025-05-10T17:07:38.854+0000] {logging_mixin.py:151} INFO - [2025-05-10T17:07:38.854+0000] {dag.py:3696} INFO - Setting next_dagrun for model_training_dag to 2025-05-10T17:06:00+00:00, run_after=2025-05-10T17:07:00+00:00
[2025-05-10T17:07:38.875+0000] {processor.py:179} INFO - Processing /opt/airflow/dags/train_model_dag.py took 0.205 seconds
[2025-05-10T17:08:09.056+0000] {processor.py:157} INFO - Started process (PID=462) to work on /opt/airflow/dags/train_model_dag.py
[2025-05-10T17:08:09.059+0000] {processor.py:829} INFO - Processing file /opt/airflow/dags/train_model_dag.py for tasks to queue
[2025-05-10T17:08:09.060+0000] {logging_mixin.py:151} INFO - [2025-05-10T17:08:09.059+0000] {dagbag.py:539} INFO - Filling up the DagBag from /opt/airflow/dags/train_model_dag.py
[2025-05-10T17:08:09.084+0000] {processor.py:839} INFO - DAG(s) dict_keys(['model_training_dag']) retrieved from /opt/airflow/dags/train_model_dag.py
[2025-05-10T17:08:09.104+0000] {logging_mixin.py:151} INFO - [2025-05-10T17:08:09.104+0000] {dag.py:2915} INFO - Sync 1 DAGs
[2025-05-10T17:08:09.117+0000] {logging_mixin.py:151} INFO - [2025-05-10T17:08:09.117+0000] {dag.py:3696} INFO - Setting next_dagrun for model_training_dag to 2025-05-10T17:07:00+00:00, run_after=2025-05-10T17:08:00+00:00
[2025-05-10T17:08:09.129+0000] {processor.py:179} INFO - Processing /opt/airflow/dags/train_model_dag.py took 0.079 seconds
[2025-05-10T17:08:39.190+0000] {processor.py:157} INFO - Started process (PID=464) to work on /opt/airflow/dags/train_model_dag.py
[2025-05-10T17:08:39.191+0000] {processor.py:829} INFO - Processing file /opt/airflow/dags/train_model_dag.py for tasks to queue
[2025-05-10T17:08:39.192+0000] {logging_mixin.py:151} INFO - [2025-05-10T17:08:39.192+0000] {dagbag.py:539} INFO - Filling up the DagBag from /opt/airflow/dags/train_model_dag.py
[2025-05-10T17:08:39.203+0000] {processor.py:839} INFO - DAG(s) dict_keys(['model_training_dag']) retrieved from /opt/airflow/dags/train_model_dag.py
[2025-05-10T17:08:39.217+0000] {logging_mixin.py:151} INFO - [2025-05-10T17:08:39.217+0000] {dag.py:2915} INFO - Sync 1 DAGs
[2025-05-10T17:08:39.227+0000] {logging_mixin.py:151} INFO - [2025-05-10T17:08:39.227+0000] {dag.py:3696} INFO - Setting next_dagrun for model_training_dag to 2025-05-10T17:07:00+00:00, run_after=2025-05-10T17:08:00+00:00
[2025-05-10T17:08:39.237+0000] {processor.py:179} INFO - Processing /opt/airflow/dags/train_model_dag.py took 0.049 seconds
[2025-05-10T17:09:09.366+0000] {processor.py:157} INFO - Started process (PID=466) to work on /opt/airflow/dags/train_model_dag.py
[2025-05-10T17:09:09.367+0000] {processor.py:829} INFO - Processing file /opt/airflow/dags/train_model_dag.py for tasks to queue
[2025-05-10T17:09:09.368+0000] {logging_mixin.py:151} INFO - [2025-05-10T17:09:09.368+0000] {dagbag.py:539} INFO - Filling up the DagBag from /opt/airflow/dags/train_model_dag.py
[2025-05-10T17:09:09.379+0000] {processor.py:839} INFO - DAG(s) dict_keys(['model_training_dag']) retrieved from /opt/airflow/dags/train_model_dag.py
[2025-05-10T17:09:09.393+0000] {logging_mixin.py:151} INFO - [2025-05-10T17:09:09.392+0000] {dag.py:2915} INFO - Sync 1 DAGs
[2025-05-10T17:09:09.403+0000] {logging_mixin.py:151} INFO - [2025-05-10T17:09:09.403+0000] {dag.py:3696} INFO - Setting next_dagrun for model_training_dag to 2025-05-10T17:08:00+00:00, run_after=2025-05-10T17:09:00+00:00
[2025-05-10T17:09:09.413+0000] {processor.py:179} INFO - Processing /opt/airflow/dags/train_model_dag.py took 0.050 seconds
[2025-05-10T17:09:39.549+0000] {processor.py:157} INFO - Started process (PID=468) to work on /opt/airflow/dags/train_model_dag.py
[2025-05-10T17:09:39.550+0000] {processor.py:829} INFO - Processing file /opt/airflow/dags/train_model_dag.py for tasks to queue
[2025-05-10T17:09:39.550+0000] {logging_mixin.py:151} INFO - [2025-05-10T17:09:39.550+0000] {dagbag.py:539} INFO - Filling up the DagBag from /opt/airflow/dags/train_model_dag.py
[2025-05-10T17:09:39.560+0000] {processor.py:839} INFO - DAG(s) dict_keys(['model_training_dag']) retrieved from /opt/airflow/dags/train_model_dag.py
[2025-05-10T17:09:39.577+0000] {logging_mixin.py:151} INFO - [2025-05-10T17:09:39.577+0000] {dag.py:2915} INFO - Sync 1 DAGs
[2025-05-10T17:09:39.588+0000] {logging_mixin.py:151} INFO - [2025-05-10T17:09:39.588+0000] {dag.py:3696} INFO - Setting next_dagrun for model_training_dag to 2025-05-10T17:08:00+00:00, run_after=2025-05-10T17:09:00+00:00
[2025-05-10T17:09:39.598+0000] {processor.py:179} INFO - Processing /opt/airflow/dags/train_model_dag.py took 0.051 seconds
[2025-05-10T17:10:09.733+0000] {processor.py:157} INFO - Started process (PID=470) to work on /opt/airflow/dags/train_model_dag.py
[2025-05-10T17:10:09.734+0000] {processor.py:829} INFO - Processing file /opt/airflow/dags/train_model_dag.py for tasks to queue
[2025-05-10T17:10:09.735+0000] {logging_mixin.py:151} INFO - [2025-05-10T17:10:09.734+0000] {dagbag.py:539} INFO - Filling up the DagBag from /opt/airflow/dags/train_model_dag.py
[2025-05-10T17:10:09.752+0000] {processor.py:839} INFO - DAG(s) dict_keys(['model_training_dag']) retrieved from /opt/airflow/dags/train_model_dag.py
[2025-05-10T17:10:09.771+0000] {logging_mixin.py:151} INFO - [2025-05-10T17:10:09.771+0000] {dag.py:2915} INFO - Sync 1 DAGs
[2025-05-10T17:10:09.782+0000] {logging_mixin.py:151} INFO - [2025-05-10T17:10:09.782+0000] {dag.py:3696} INFO - Setting next_dagrun for model_training_dag to 2025-05-10T17:09:00+00:00, run_after=2025-05-10T17:10:00+00:00
[2025-05-10T17:10:09.792+0000] {processor.py:179} INFO - Processing /opt/airflow/dags/train_model_dag.py took 0.063 seconds
[2025-05-10T17:10:39.905+0000] {processor.py:157} INFO - Started process (PID=472) to work on /opt/airflow/dags/train_model_dag.py
[2025-05-10T17:10:39.906+0000] {processor.py:829} INFO - Processing file /opt/airflow/dags/train_model_dag.py for tasks to queue
[2025-05-10T17:10:39.907+0000] {logging_mixin.py:151} INFO - [2025-05-10T17:10:39.906+0000] {dagbag.py:539} INFO - Filling up the DagBag from /opt/airflow/dags/train_model_dag.py
[2025-05-10T17:10:39.915+0000] {processor.py:839} INFO - DAG(s) dict_keys(['model_training_dag']) retrieved from /opt/airflow/dags/train_model_dag.py
[2025-05-10T17:10:39.928+0000] {logging_mixin.py:151} INFO - [2025-05-10T17:10:39.928+0000] {dag.py:2915} INFO - Sync 1 DAGs
[2025-05-10T17:10:39.938+0000] {logging_mixin.py:151} INFO - [2025-05-10T17:10:39.938+0000] {dag.py:3696} INFO - Setting next_dagrun for model_training_dag to 2025-05-10T17:09:00+00:00, run_after=2025-05-10T17:10:00+00:00
[2025-05-10T17:10:39.947+0000] {processor.py:179} INFO - Processing /opt/airflow/dags/train_model_dag.py took 0.044 seconds
[2025-05-10T17:11:10.088+0000] {processor.py:157} INFO - Started process (PID=474) to work on /opt/airflow/dags/train_model_dag.py
[2025-05-10T17:11:10.088+0000] {processor.py:829} INFO - Processing file /opt/airflow/dags/train_model_dag.py for tasks to queue
[2025-05-10T17:11:10.089+0000] {logging_mixin.py:151} INFO - [2025-05-10T17:11:10.089+0000] {dagbag.py:539} INFO - Filling up the DagBag from /opt/airflow/dags/train_model_dag.py
[2025-05-10T17:11:10.099+0000] {processor.py:839} INFO - DAG(s) dict_keys(['model_training_dag']) retrieved from /opt/airflow/dags/train_model_dag.py
[2025-05-10T17:11:10.111+0000] {logging_mixin.py:151} INFO - [2025-05-10T17:11:10.111+0000] {dag.py:2915} INFO - Sync 1 DAGs
[2025-05-10T17:11:10.120+0000] {logging_mixin.py:151} INFO - [2025-05-10T17:11:10.120+0000] {dag.py:3696} INFO - Setting next_dagrun for model_training_dag to 2025-05-10T17:10:00+00:00, run_after=2025-05-10T17:11:00+00:00
[2025-05-10T17:11:10.129+0000] {processor.py:179} INFO - Processing /opt/airflow/dags/train_model_dag.py took 0.044 seconds
[2025-05-10T17:11:40.258+0000] {processor.py:157} INFO - Started process (PID=476) to work on /opt/airflow/dags/train_model_dag.py
[2025-05-10T17:11:40.259+0000] {processor.py:829} INFO - Processing file /opt/airflow/dags/train_model_dag.py for tasks to queue
[2025-05-10T17:11:40.260+0000] {logging_mixin.py:151} INFO - [2025-05-10T17:11:40.259+0000] {dagbag.py:539} INFO - Filling up the DagBag from /opt/airflow/dags/train_model_dag.py
[2025-05-10T17:11:40.272+0000] {processor.py:839} INFO - DAG(s) dict_keys(['model_training_dag']) retrieved from /opt/airflow/dags/train_model_dag.py
[2025-05-10T17:11:40.287+0000] {logging_mixin.py:151} INFO - [2025-05-10T17:11:40.287+0000] {dag.py:2915} INFO - Sync 1 DAGs
[2025-05-10T17:11:40.296+0000] {logging_mixin.py:151} INFO - [2025-05-10T17:11:40.296+0000] {dag.py:3696} INFO - Setting next_dagrun for model_training_dag to 2025-05-10T17:10:00+00:00, run_after=2025-05-10T17:11:00+00:00
[2025-05-10T17:11:40.306+0000] {processor.py:179} INFO - Processing /opt/airflow/dags/train_model_dag.py took 0.050 seconds
[2025-05-10T17:12:10.421+0000] {processor.py:157} INFO - Started process (PID=478) to work on /opt/airflow/dags/train_model_dag.py
[2025-05-10T17:12:10.421+0000] {processor.py:829} INFO - Processing file /opt/airflow/dags/train_model_dag.py for tasks to queue
[2025-05-10T17:12:10.422+0000] {logging_mixin.py:151} INFO - [2025-05-10T17:12:10.422+0000] {dagbag.py:539} INFO - Filling up the DagBag from /opt/airflow/dags/train_model_dag.py
[2025-05-10T17:12:10.428+0000] {processor.py:839} INFO - DAG(s) dict_keys(['model_training_dag']) retrieved from /opt/airflow/dags/train_model_dag.py
[2025-05-10T17:12:10.438+0000] {logging_mixin.py:151} INFO - [2025-05-10T17:12:10.438+0000] {dag.py:2915} INFO - Sync 1 DAGs
[2025-05-10T17:12:10.446+0000] {logging_mixin.py:151} INFO - [2025-05-10T17:12:10.446+0000] {dag.py:3696} INFO - Setting next_dagrun for model_training_dag to 2025-05-10T17:11:00+00:00, run_after=2025-05-10T17:12:00+00:00
[2025-05-10T17:12:10.454+0000] {processor.py:179} INFO - Processing /opt/airflow/dags/train_model_dag.py took 0.036 seconds
[2025-05-10T17:12:40.586+0000] {processor.py:157} INFO - Started process (PID=480) to work on /opt/airflow/dags/train_model_dag.py
[2025-05-10T17:12:40.587+0000] {processor.py:829} INFO - Processing file /opt/airflow/dags/train_model_dag.py for tasks to queue
[2025-05-10T17:12:40.588+0000] {logging_mixin.py:151} INFO - [2025-05-10T17:12:40.587+0000] {dagbag.py:539} INFO - Filling up the DagBag from /opt/airflow/dags/train_model_dag.py
[2025-05-10T17:12:40.598+0000] {processor.py:839} INFO - DAG(s) dict_keys(['model_training_dag']) retrieved from /opt/airflow/dags/train_model_dag.py
[2025-05-10T17:12:40.612+0000] {logging_mixin.py:151} INFO - [2025-05-10T17:12:40.612+0000] {dag.py:2915} INFO - Sync 1 DAGs
[2025-05-10T17:12:40.621+0000] {logging_mixin.py:151} INFO - [2025-05-10T17:12:40.621+0000] {dag.py:3696} INFO - Setting next_dagrun for model_training_dag to 2025-05-10T17:11:00+00:00, run_after=2025-05-10T17:12:00+00:00
[2025-05-10T17:12:40.631+0000] {processor.py:179} INFO - Processing /opt/airflow/dags/train_model_dag.py took 0.048 seconds
[2025-05-10T17:13:10.749+0000] {processor.py:157} INFO - Started process (PID=482) to work on /opt/airflow/dags/train_model_dag.py
[2025-05-10T17:13:10.750+0000] {processor.py:829} INFO - Processing file /opt/airflow/dags/train_model_dag.py for tasks to queue
[2025-05-10T17:13:10.751+0000] {logging_mixin.py:151} INFO - [2025-05-10T17:13:10.750+0000] {dagbag.py:539} INFO - Filling up the DagBag from /opt/airflow/dags/train_model_dag.py
[2025-05-10T17:13:10.765+0000] {processor.py:839} INFO - DAG(s) dict_keys(['model_training_dag']) retrieved from /opt/airflow/dags/train_model_dag.py
[2025-05-10T17:13:10.786+0000] {logging_mixin.py:151} INFO - [2025-05-10T17:13:10.786+0000] {dag.py:2915} INFO - Sync 1 DAGs
[2025-05-10T17:13:10.808+0000] {logging_mixin.py:151} INFO - [2025-05-10T17:13:10.807+0000] {dag.py:3696} INFO - Setting next_dagrun for model_training_dag to 2025-05-10T17:12:00+00:00, run_after=2025-05-10T17:13:00+00:00
[2025-05-10T17:13:10.819+0000] {processor.py:179} INFO - Processing /opt/airflow/dags/train_model_dag.py took 0.075 seconds
[2025-05-10T17:13:40.918+0000] {processor.py:157} INFO - Started process (PID=484) to work on /opt/airflow/dags/train_model_dag.py
[2025-05-10T17:13:40.919+0000] {processor.py:829} INFO - Processing file /opt/airflow/dags/train_model_dag.py for tasks to queue
[2025-05-10T17:13:40.920+0000] {logging_mixin.py:151} INFO - [2025-05-10T17:13:40.919+0000] {dagbag.py:539} INFO - Filling up the DagBag from /opt/airflow/dags/train_model_dag.py
[2025-05-10T17:13:40.931+0000] {processor.py:839} INFO - DAG(s) dict_keys(['model_training_dag']) retrieved from /opt/airflow/dags/train_model_dag.py
[2025-05-10T17:13:40.946+0000] {logging_mixin.py:151} INFO - [2025-05-10T17:13:40.946+0000] {dag.py:2915} INFO - Sync 1 DAGs
[2025-05-10T17:13:40.958+0000] {logging_mixin.py:151} INFO - [2025-05-10T17:13:40.957+0000] {dag.py:3696} INFO - Setting next_dagrun for model_training_dag to 2025-05-10T17:12:00+00:00, run_after=2025-05-10T17:13:00+00:00
[2025-05-10T17:13:40.968+0000] {processor.py:179} INFO - Processing /opt/airflow/dags/train_model_dag.py took 0.054 seconds
[2025-05-10T17:14:11.107+0000] {processor.py:157} INFO - Started process (PID=486) to work on /opt/airflow/dags/train_model_dag.py
[2025-05-10T17:14:11.108+0000] {processor.py:829} INFO - Processing file /opt/airflow/dags/train_model_dag.py for tasks to queue
[2025-05-10T17:14:11.109+0000] {logging_mixin.py:151} INFO - [2025-05-10T17:14:11.108+0000] {dagbag.py:539} INFO - Filling up the DagBag from /opt/airflow/dags/train_model_dag.py
[2025-05-10T17:14:11.126+0000] {processor.py:839} INFO - DAG(s) dict_keys(['model_training_dag']) retrieved from /opt/airflow/dags/train_model_dag.py
[2025-05-10T17:14:11.149+0000] {logging_mixin.py:151} INFO - [2025-05-10T17:14:11.149+0000] {dag.py:2915} INFO - Sync 1 DAGs
[2025-05-10T17:14:11.161+0000] {logging_mixin.py:151} INFO - [2025-05-10T17:14:11.161+0000] {dag.py:3696} INFO - Setting next_dagrun for model_training_dag to 2025-05-10T17:13:00+00:00, run_after=2025-05-10T17:14:00+00:00
[2025-05-10T17:14:11.173+0000] {processor.py:179} INFO - Processing /opt/airflow/dags/train_model_dag.py took 0.070 seconds
[2025-05-10T17:14:41.264+0000] {processor.py:157} INFO - Started process (PID=488) to work on /opt/airflow/dags/train_model_dag.py
[2025-05-10T17:14:41.265+0000] {processor.py:829} INFO - Processing file /opt/airflow/dags/train_model_dag.py for tasks to queue
[2025-05-10T17:14:41.265+0000] {logging_mixin.py:151} INFO - [2025-05-10T17:14:41.265+0000] {dagbag.py:539} INFO - Filling up the DagBag from /opt/airflow/dags/train_model_dag.py
[2025-05-10T17:14:41.273+0000] {processor.py:839} INFO - DAG(s) dict_keys(['model_training_dag']) retrieved from /opt/airflow/dags/train_model_dag.py
[2025-05-10T17:14:41.283+0000] {logging_mixin.py:151} INFO - [2025-05-10T17:14:41.283+0000] {dag.py:2915} INFO - Sync 1 DAGs
[2025-05-10T17:14:41.292+0000] {logging_mixin.py:151} INFO - [2025-05-10T17:14:41.292+0000] {dag.py:3696} INFO - Setting next_dagrun for model_training_dag to 2025-05-10T17:13:00+00:00, run_after=2025-05-10T17:14:00+00:00
[2025-05-10T17:14:41.301+0000] {processor.py:179} INFO - Processing /opt/airflow/dags/train_model_dag.py took 0.039 seconds
[2025-05-10T17:15:11.416+0000] {processor.py:157} INFO - Started process (PID=490) to work on /opt/airflow/dags/train_model_dag.py
[2025-05-10T17:15:11.417+0000] {processor.py:829} INFO - Processing file /opt/airflow/dags/train_model_dag.py for tasks to queue
[2025-05-10T17:15:11.418+0000] {logging_mixin.py:151} INFO - [2025-05-10T17:15:11.418+0000] {dagbag.py:539} INFO - Filling up the DagBag from /opt/airflow/dags/train_model_dag.py
[2025-05-10T17:15:11.432+0000] {processor.py:839} INFO - DAG(s) dict_keys(['model_training_dag']) retrieved from /opt/airflow/dags/train_model_dag.py
[2025-05-10T17:15:11.452+0000] {logging_mixin.py:151} INFO - [2025-05-10T17:15:11.451+0000] {dag.py:2915} INFO - Sync 1 DAGs
[2025-05-10T17:15:11.462+0000] {logging_mixin.py:151} INFO - [2025-05-10T17:15:11.462+0000] {dag.py:3696} INFO - Setting next_dagrun for model_training_dag to 2025-05-10T17:14:00+00:00, run_after=2025-05-10T17:15:00+00:00
[2025-05-10T17:15:11.471+0000] {processor.py:179} INFO - Processing /opt/airflow/dags/train_model_dag.py took 0.059 seconds
[2025-05-10T17:15:41.621+0000] {processor.py:157} INFO - Started process (PID=492) to work on /opt/airflow/dags/train_model_dag.py
[2025-05-10T17:15:41.622+0000] {processor.py:829} INFO - Processing file /opt/airflow/dags/train_model_dag.py for tasks to queue
[2025-05-10T17:15:41.624+0000] {logging_mixin.py:151} INFO - [2025-05-10T17:15:41.623+0000] {dagbag.py:539} INFO - Filling up the DagBag from /opt/airflow/dags/train_model_dag.py
[2025-05-10T17:15:41.641+0000] {processor.py:839} INFO - DAG(s) dict_keys(['model_training_dag']) retrieved from /opt/airflow/dags/train_model_dag.py
[2025-05-10T17:15:41.658+0000] {logging_mixin.py:151} INFO - [2025-05-10T17:15:41.658+0000] {dag.py:2915} INFO - Sync 1 DAGs
[2025-05-10T17:15:41.668+0000] {logging_mixin.py:151} INFO - [2025-05-10T17:15:41.668+0000] {dag.py:3696} INFO - Setting next_dagrun for model_training_dag to 2025-05-10T17:14:00+00:00, run_after=2025-05-10T17:15:00+00:00
[2025-05-10T17:15:41.679+0000] {processor.py:179} INFO - Processing /opt/airflow/dags/train_model_dag.py took 0.062 seconds
[2025-05-10T17:16:11.799+0000] {processor.py:157} INFO - Started process (PID=494) to work on /opt/airflow/dags/train_model_dag.py
[2025-05-10T17:16:11.800+0000] {processor.py:829} INFO - Processing file /opt/airflow/dags/train_model_dag.py for tasks to queue
[2025-05-10T17:16:11.801+0000] {logging_mixin.py:151} INFO - [2025-05-10T17:16:11.801+0000] {dagbag.py:539} INFO - Filling up the DagBag from /opt/airflow/dags/train_model_dag.py
[2025-05-10T17:16:11.815+0000] {processor.py:839} INFO - DAG(s) dict_keys(['model_training_dag']) retrieved from /opt/airflow/dags/train_model_dag.py
[2025-05-10T17:16:11.832+0000] {logging_mixin.py:151} INFO - [2025-05-10T17:16:11.832+0000] {dag.py:2915} INFO - Sync 1 DAGs
[2025-05-10T17:16:11.843+0000] {logging_mixin.py:151} INFO - [2025-05-10T17:16:11.843+0000] {dag.py:3696} INFO - Setting next_dagrun for model_training_dag to 2025-05-10T17:15:00+00:00, run_after=2025-05-10T17:16:00+00:00
[2025-05-10T17:16:11.853+0000] {processor.py:179} INFO - Processing /opt/airflow/dags/train_model_dag.py took 0.057 seconds
[2025-05-10T17:16:41.970+0000] {processor.py:157} INFO - Started process (PID=496) to work on /opt/airflow/dags/train_model_dag.py
[2025-05-10T17:16:41.971+0000] {processor.py:829} INFO - Processing file /opt/airflow/dags/train_model_dag.py for tasks to queue
[2025-05-10T17:16:41.972+0000] {logging_mixin.py:151} INFO - [2025-05-10T17:16:41.972+0000] {dagbag.py:539} INFO - Filling up the DagBag from /opt/airflow/dags/train_model_dag.py
[2025-05-10T17:16:41.987+0000] {processor.py:839} INFO - DAG(s) dict_keys(['model_training_dag']) retrieved from /opt/airflow/dags/train_model_dag.py
[2025-05-10T17:16:42.006+0000] {logging_mixin.py:151} INFO - [2025-05-10T17:16:42.006+0000] {dag.py:2915} INFO - Sync 1 DAGs
[2025-05-10T17:16:42.017+0000] {logging_mixin.py:151} INFO - [2025-05-10T17:16:42.017+0000] {dag.py:3696} INFO - Setting next_dagrun for model_training_dag to 2025-05-10T17:15:00+00:00, run_after=2025-05-10T17:16:00+00:00
[2025-05-10T17:16:42.027+0000] {processor.py:179} INFO - Processing /opt/airflow/dags/train_model_dag.py took 0.061 seconds
[2025-05-10T17:17:12.158+0000] {processor.py:157} INFO - Started process (PID=498) to work on /opt/airflow/dags/train_model_dag.py
[2025-05-10T17:17:12.159+0000] {processor.py:829} INFO - Processing file /opt/airflow/dags/train_model_dag.py for tasks to queue
[2025-05-10T17:17:12.161+0000] {logging_mixin.py:151} INFO - [2025-05-10T17:17:12.160+0000] {dagbag.py:539} INFO - Filling up the DagBag from /opt/airflow/dags/train_model_dag.py
[2025-05-10T17:17:12.197+0000] {processor.py:839} INFO - DAG(s) dict_keys(['model_training_dag']) retrieved from /opt/airflow/dags/train_model_dag.py
[2025-05-10T17:17:12.220+0000] {logging_mixin.py:151} INFO - [2025-05-10T17:17:12.220+0000] {dag.py:2915} INFO - Sync 1 DAGs
[2025-05-10T17:17:12.245+0000] {logging_mixin.py:151} INFO - [2025-05-10T17:17:12.245+0000] {dag.py:3696} INFO - Setting next_dagrun for model_training_dag to 2025-05-10T17:16:00+00:00, run_after=2025-05-10T17:17:00+00:00
[2025-05-10T17:17:12.259+0000] {processor.py:179} INFO - Processing /opt/airflow/dags/train_model_dag.py took 0.106 seconds
[2025-05-10T17:17:42.428+0000] {processor.py:157} INFO - Started process (PID=500) to work on /opt/airflow/dags/train_model_dag.py
[2025-05-10T17:17:42.429+0000] {processor.py:829} INFO - Processing file /opt/airflow/dags/train_model_dag.py for tasks to queue
[2025-05-10T17:17:42.430+0000] {logging_mixin.py:151} INFO - [2025-05-10T17:17:42.429+0000] {dagbag.py:539} INFO - Filling up the DagBag from /opt/airflow/dags/train_model_dag.py
[2025-05-10T17:17:42.442+0000] {processor.py:839} INFO - DAG(s) dict_keys(['model_training_dag']) retrieved from /opt/airflow/dags/train_model_dag.py
[2025-05-10T17:17:42.458+0000] {logging_mixin.py:151} INFO - [2025-05-10T17:17:42.458+0000] {dag.py:2915} INFO - Sync 1 DAGs
[2025-05-10T17:17:42.468+0000] {logging_mixin.py:151} INFO - [2025-05-10T17:17:42.468+0000] {dag.py:3696} INFO - Setting next_dagrun for model_training_dag to 2025-05-10T17:16:00+00:00, run_after=2025-05-10T17:17:00+00:00
[2025-05-10T17:17:42.477+0000] {processor.py:179} INFO - Processing /opt/airflow/dags/train_model_dag.py took 0.053 seconds
[2025-05-10T17:18:12.630+0000] {processor.py:157} INFO - Started process (PID=502) to work on /opt/airflow/dags/train_model_dag.py
[2025-05-10T17:18:12.631+0000] {processor.py:829} INFO - Processing file /opt/airflow/dags/train_model_dag.py for tasks to queue
[2025-05-10T17:18:12.633+0000] {logging_mixin.py:151} INFO - [2025-05-10T17:18:12.632+0000] {dagbag.py:539} INFO - Filling up the DagBag from /opt/airflow/dags/train_model_dag.py
[2025-05-10T17:18:12.659+0000] {processor.py:839} INFO - DAG(s) dict_keys(['model_training_dag']) retrieved from /opt/airflow/dags/train_model_dag.py
[2025-05-10T17:18:12.680+0000] {logging_mixin.py:151} INFO - [2025-05-10T17:18:12.680+0000] {dag.py:2915} INFO - Sync 1 DAGs
[2025-05-10T17:18:12.691+0000] {logging_mixin.py:151} INFO - [2025-05-10T17:18:12.691+0000] {dag.py:3696} INFO - Setting next_dagrun for model_training_dag to 2025-05-10T17:17:00+00:00, run_after=2025-05-10T17:18:00+00:00
[2025-05-10T17:18:12.701+0000] {processor.py:179} INFO - Processing /opt/airflow/dags/train_model_dag.py took 0.079 seconds
[2025-05-10T17:18:42.782+0000] {processor.py:157} INFO - Started process (PID=504) to work on /opt/airflow/dags/train_model_dag.py
[2025-05-10T17:18:42.783+0000] {processor.py:829} INFO - Processing file /opt/airflow/dags/train_model_dag.py for tasks to queue
[2025-05-10T17:18:42.783+0000] {logging_mixin.py:151} INFO - [2025-05-10T17:18:42.783+0000] {dagbag.py:539} INFO - Filling up the DagBag from /opt/airflow/dags/train_model_dag.py
[2025-05-10T17:18:42.790+0000] {processor.py:839} INFO - DAG(s) dict_keys(['model_training_dag']) retrieved from /opt/airflow/dags/train_model_dag.py
[2025-05-10T17:18:42.800+0000] {logging_mixin.py:151} INFO - [2025-05-10T17:18:42.800+0000] {dag.py:2915} INFO - Sync 1 DAGs
[2025-05-10T17:18:42.808+0000] {logging_mixin.py:151} INFO - [2025-05-10T17:18:42.808+0000] {dag.py:3696} INFO - Setting next_dagrun for model_training_dag to 2025-05-10T17:17:00+00:00, run_after=2025-05-10T17:18:00+00:00
[2025-05-10T17:18:42.817+0000] {processor.py:179} INFO - Processing /opt/airflow/dags/train_model_dag.py took 0.036 seconds
[2025-05-10T17:19:12.970+0000] {processor.py:157} INFO - Started process (PID=506) to work on /opt/airflow/dags/train_model_dag.py
[2025-05-10T17:19:12.971+0000] {processor.py:829} INFO - Processing file /opt/airflow/dags/train_model_dag.py for tasks to queue
[2025-05-10T17:19:12.972+0000] {logging_mixin.py:151} INFO - [2025-05-10T17:19:12.971+0000] {dagbag.py:539} INFO - Filling up the DagBag from /opt/airflow/dags/train_model_dag.py
[2025-05-10T17:19:12.983+0000] {processor.py:839} INFO - DAG(s) dict_keys(['model_training_dag']) retrieved from /opt/airflow/dags/train_model_dag.py
[2025-05-10T17:19:12.998+0000] {logging_mixin.py:151} INFO - [2025-05-10T17:19:12.998+0000] {dag.py:2915} INFO - Sync 1 DAGs
[2025-05-10T17:19:13.007+0000] {logging_mixin.py:151} INFO - [2025-05-10T17:19:13.007+0000] {dag.py:3696} INFO - Setting next_dagrun for model_training_dag to 2025-05-10T17:18:00+00:00, run_after=2025-05-10T17:19:00+00:00
[2025-05-10T17:19:13.017+0000] {processor.py:179} INFO - Processing /opt/airflow/dags/train_model_dag.py took 0.053 seconds
[2025-05-10T17:19:43.137+0000] {processor.py:157} INFO - Started process (PID=508) to work on /opt/airflow/dags/train_model_dag.py
[2025-05-10T17:19:43.137+0000] {processor.py:829} INFO - Processing file /opt/airflow/dags/train_model_dag.py for tasks to queue
[2025-05-10T17:19:43.138+0000] {logging_mixin.py:151} INFO - [2025-05-10T17:19:43.138+0000] {dagbag.py:539} INFO - Filling up the DagBag from /opt/airflow/dags/train_model_dag.py
[2025-05-10T17:19:43.145+0000] {processor.py:839} INFO - DAG(s) dict_keys(['model_training_dag']) retrieved from /opt/airflow/dags/train_model_dag.py
[2025-05-10T17:19:43.155+0000] {logging_mixin.py:151} INFO - [2025-05-10T17:19:43.155+0000] {dag.py:2915} INFO - Sync 1 DAGs
[2025-05-10T17:19:43.163+0000] {logging_mixin.py:151} INFO - [2025-05-10T17:19:43.163+0000] {dag.py:3696} INFO - Setting next_dagrun for model_training_dag to 2025-05-10T17:18:00+00:00, run_after=2025-05-10T17:19:00+00:00
[2025-05-10T17:19:43.172+0000] {processor.py:179} INFO - Processing /opt/airflow/dags/train_model_dag.py took 0.038 seconds
[2025-05-10T17:20:13.308+0000] {processor.py:157} INFO - Started process (PID=510) to work on /opt/airflow/dags/train_model_dag.py
[2025-05-10T17:20:13.309+0000] {processor.py:829} INFO - Processing file /opt/airflow/dags/train_model_dag.py for tasks to queue
[2025-05-10T17:20:13.309+0000] {logging_mixin.py:151} INFO - [2025-05-10T17:20:13.309+0000] {dagbag.py:539} INFO - Filling up the DagBag from /opt/airflow/dags/train_model_dag.py
[2025-05-10T17:20:13.318+0000] {processor.py:839} INFO - DAG(s) dict_keys(['model_training_dag']) retrieved from /opt/airflow/dags/train_model_dag.py
[2025-05-10T17:20:13.330+0000] {logging_mixin.py:151} INFO - [2025-05-10T17:20:13.330+0000] {dag.py:2915} INFO - Sync 1 DAGs
[2025-05-10T17:20:13.339+0000] {logging_mixin.py:151} INFO - [2025-05-10T17:20:13.339+0000] {dag.py:3696} INFO - Setting next_dagrun for model_training_dag to 2025-05-10T17:19:00+00:00, run_after=2025-05-10T17:20:00+00:00
[2025-05-10T17:20:13.348+0000] {processor.py:179} INFO - Processing /opt/airflow/dags/train_model_dag.py took 0.042 seconds
[2025-05-10T17:20:43.495+0000] {processor.py:157} INFO - Started process (PID=512) to work on /opt/airflow/dags/train_model_dag.py
[2025-05-10T17:20:43.496+0000] {processor.py:829} INFO - Processing file /opt/airflow/dags/train_model_dag.py for tasks to queue
[2025-05-10T17:20:43.497+0000] {logging_mixin.py:151} INFO - [2025-05-10T17:20:43.496+0000] {dagbag.py:539} INFO - Filling up the DagBag from /opt/airflow/dags/train_model_dag.py
[2025-05-10T17:20:43.511+0000] {processor.py:839} INFO - DAG(s) dict_keys(['model_training_dag']) retrieved from /opt/airflow/dags/train_model_dag.py
[2025-05-10T17:20:43.532+0000] {logging_mixin.py:151} INFO - [2025-05-10T17:20:43.532+0000] {dag.py:2915} INFO - Sync 1 DAGs
[2025-05-10T17:20:43.545+0000] {logging_mixin.py:151} INFO - [2025-05-10T17:20:43.545+0000] {dag.py:3696} INFO - Setting next_dagrun for model_training_dag to 2025-05-10T17:19:00+00:00, run_after=2025-05-10T17:20:00+00:00
[2025-05-10T17:20:43.558+0000] {processor.py:179} INFO - Processing /opt/airflow/dags/train_model_dag.py took 0.067 seconds
[2025-05-10T17:21:13.655+0000] {processor.py:157} INFO - Started process (PID=514) to work on /opt/airflow/dags/train_model_dag.py
[2025-05-10T17:21:13.656+0000] {processor.py:829} INFO - Processing file /opt/airflow/dags/train_model_dag.py for tasks to queue
[2025-05-10T17:21:13.657+0000] {logging_mixin.py:151} INFO - [2025-05-10T17:21:13.657+0000] {dagbag.py:539} INFO - Filling up the DagBag from /opt/airflow/dags/train_model_dag.py
[2025-05-10T17:21:13.667+0000] {processor.py:839} INFO - DAG(s) dict_keys(['model_training_dag']) retrieved from /opt/airflow/dags/train_model_dag.py
[2025-05-10T17:21:13.680+0000] {logging_mixin.py:151} INFO - [2025-05-10T17:21:13.680+0000] {dag.py:2915} INFO - Sync 1 DAGs
[2025-05-10T17:21:13.694+0000] {logging_mixin.py:151} INFO - [2025-05-10T17:21:13.694+0000] {dag.py:3696} INFO - Setting next_dagrun for model_training_dag to 2025-05-10T17:20:00+00:00, run_after=2025-05-10T17:21:00+00:00
[2025-05-10T17:21:13.705+0000] {processor.py:179} INFO - Processing /opt/airflow/dags/train_model_dag.py took 0.053 seconds
[2025-05-10T17:21:43.832+0000] {processor.py:157} INFO - Started process (PID=516) to work on /opt/airflow/dags/train_model_dag.py
[2025-05-10T17:21:43.833+0000] {processor.py:829} INFO - Processing file /opt/airflow/dags/train_model_dag.py for tasks to queue
[2025-05-10T17:21:43.834+0000] {logging_mixin.py:151} INFO - [2025-05-10T17:21:43.834+0000] {dagbag.py:539} INFO - Filling up the DagBag from /opt/airflow/dags/train_model_dag.py
[2025-05-10T17:21:43.853+0000] {processor.py:839} INFO - DAG(s) dict_keys(['model_training_dag']) retrieved from /opt/airflow/dags/train_model_dag.py
[2025-05-10T17:21:43.876+0000] {logging_mixin.py:151} INFO - [2025-05-10T17:21:43.876+0000] {dag.py:2915} INFO - Sync 1 DAGs
[2025-05-10T17:21:43.888+0000] {logging_mixin.py:151} INFO - [2025-05-10T17:21:43.888+0000] {dag.py:3696} INFO - Setting next_dagrun for model_training_dag to 2025-05-10T17:20:00+00:00, run_after=2025-05-10T17:21:00+00:00
[2025-05-10T17:21:43.899+0000] {processor.py:179} INFO - Processing /opt/airflow/dags/train_model_dag.py took 0.071 seconds
[2025-05-10T17:22:13.985+0000] {processor.py:157} INFO - Started process (PID=518) to work on /opt/airflow/dags/train_model_dag.py
[2025-05-10T17:22:13.986+0000] {processor.py:829} INFO - Processing file /opt/airflow/dags/train_model_dag.py for tasks to queue
[2025-05-10T17:22:13.987+0000] {logging_mixin.py:151} INFO - [2025-05-10T17:22:13.986+0000] {dagbag.py:539} INFO - Filling up the DagBag from /opt/airflow/dags/train_model_dag.py
[2025-05-10T17:22:13.997+0000] {processor.py:839} INFO - DAG(s) dict_keys(['model_training_dag']) retrieved from /opt/airflow/dags/train_model_dag.py
[2025-05-10T17:22:14.012+0000] {logging_mixin.py:151} INFO - [2025-05-10T17:22:14.012+0000] {dag.py:2915} INFO - Sync 1 DAGs
[2025-05-10T17:22:14.023+0000] {logging_mixin.py:151} INFO - [2025-05-10T17:22:14.023+0000] {dag.py:3696} INFO - Setting next_dagrun for model_training_dag to 2025-05-10T17:21:00+00:00, run_after=2025-05-10T17:22:00+00:00
[2025-05-10T17:22:14.032+0000] {processor.py:179} INFO - Processing /opt/airflow/dags/train_model_dag.py took 0.050 seconds
[2025-05-10T17:22:44.173+0000] {processor.py:157} INFO - Started process (PID=520) to work on /opt/airflow/dags/train_model_dag.py
[2025-05-10T17:22:44.174+0000] {processor.py:829} INFO - Processing file /opt/airflow/dags/train_model_dag.py for tasks to queue
[2025-05-10T17:22:44.175+0000] {logging_mixin.py:151} INFO - [2025-05-10T17:22:44.174+0000] {dagbag.py:539} INFO - Filling up the DagBag from /opt/airflow/dags/train_model_dag.py
[2025-05-10T17:22:44.196+0000] {processor.py:839} INFO - DAG(s) dict_keys(['model_training_dag']) retrieved from /opt/airflow/dags/train_model_dag.py
[2025-05-10T17:22:44.220+0000] {logging_mixin.py:151} INFO - [2025-05-10T17:22:44.220+0000] {dag.py:2915} INFO - Sync 1 DAGs
[2025-05-10T17:22:44.233+0000] {logging_mixin.py:151} INFO - [2025-05-10T17:22:44.233+0000] {dag.py:3696} INFO - Setting next_dagrun for model_training_dag to 2025-05-10T17:21:00+00:00, run_after=2025-05-10T17:22:00+00:00
[2025-05-10T17:22:44.249+0000] {processor.py:179} INFO - Processing /opt/airflow/dags/train_model_dag.py took 0.080 seconds
[2025-05-10T17:23:14.336+0000] {processor.py:157} INFO - Started process (PID=522) to work on /opt/airflow/dags/train_model_dag.py
[2025-05-10T17:23:14.338+0000] {processor.py:829} INFO - Processing file /opt/airflow/dags/train_model_dag.py for tasks to queue
[2025-05-10T17:23:14.339+0000] {logging_mixin.py:151} INFO - [2025-05-10T17:23:14.339+0000] {dagbag.py:539} INFO - Filling up the DagBag from /opt/airflow/dags/train_model_dag.py
[2025-05-10T17:23:14.354+0000] {processor.py:839} INFO - DAG(s) dict_keys(['model_training_dag']) retrieved from /opt/airflow/dags/train_model_dag.py
[2025-05-10T17:23:14.371+0000] {logging_mixin.py:151} INFO - [2025-05-10T17:23:14.371+0000] {dag.py:2915} INFO - Sync 1 DAGs
[2025-05-10T17:23:14.385+0000] {logging_mixin.py:151} INFO - [2025-05-10T17:23:14.385+0000] {dag.py:3696} INFO - Setting next_dagrun for model_training_dag to 2025-05-10T17:22:00+00:00, run_after=2025-05-10T17:23:00+00:00
[2025-05-10T17:23:14.398+0000] {processor.py:179} INFO - Processing /opt/airflow/dags/train_model_dag.py took 0.065 seconds
[2025-05-10T17:23:44.499+0000] {processor.py:157} INFO - Started process (PID=524) to work on /opt/airflow/dags/train_model_dag.py
[2025-05-10T17:23:44.499+0000] {processor.py:829} INFO - Processing file /opt/airflow/dags/train_model_dag.py for tasks to queue
[2025-05-10T17:23:44.500+0000] {logging_mixin.py:151} INFO - [2025-05-10T17:23:44.500+0000] {dagbag.py:539} INFO - Filling up the DagBag from /opt/airflow/dags/train_model_dag.py
[2025-05-10T17:23:44.511+0000] {processor.py:839} INFO - DAG(s) dict_keys(['model_training_dag']) retrieved from /opt/airflow/dags/train_model_dag.py
[2025-05-10T17:23:44.524+0000] {logging_mixin.py:151} INFO - [2025-05-10T17:23:44.524+0000] {dag.py:2915} INFO - Sync 1 DAGs
[2025-05-10T17:23:44.534+0000] {logging_mixin.py:151} INFO - [2025-05-10T17:23:44.534+0000] {dag.py:3696} INFO - Setting next_dagrun for model_training_dag to 2025-05-10T17:22:00+00:00, run_after=2025-05-10T17:23:00+00:00
[2025-05-10T17:23:44.546+0000] {processor.py:179} INFO - Processing /opt/airflow/dags/train_model_dag.py took 0.050 seconds
[2025-05-10T17:24:14.672+0000] {processor.py:157} INFO - Started process (PID=526) to work on /opt/airflow/dags/train_model_dag.py
[2025-05-10T17:24:14.674+0000] {processor.py:829} INFO - Processing file /opt/airflow/dags/train_model_dag.py for tasks to queue
[2025-05-10T17:24:14.676+0000] {logging_mixin.py:151} INFO - [2025-05-10T17:24:14.675+0000] {dagbag.py:539} INFO - Filling up the DagBag from /opt/airflow/dags/train_model_dag.py
[2025-05-10T17:24:14.691+0000] {processor.py:839} INFO - DAG(s) dict_keys(['model_training_dag']) retrieved from /opt/airflow/dags/train_model_dag.py
[2025-05-10T17:24:14.705+0000] {logging_mixin.py:151} INFO - [2025-05-10T17:24:14.705+0000] {dag.py:2915} INFO - Sync 1 DAGs
[2025-05-10T17:24:14.716+0000] {logging_mixin.py:151} INFO - [2025-05-10T17:24:14.716+0000] {dag.py:3696} INFO - Setting next_dagrun for model_training_dag to 2025-05-10T17:23:00+00:00, run_after=2025-05-10T17:24:00+00:00
[2025-05-10T17:24:14.725+0000] {processor.py:179} INFO - Processing /opt/airflow/dags/train_model_dag.py took 0.058 seconds
[2025-05-10T17:24:44.842+0000] {processor.py:157} INFO - Started process (PID=528) to work on /opt/airflow/dags/train_model_dag.py
[2025-05-10T17:24:44.842+0000] {processor.py:829} INFO - Processing file /opt/airflow/dags/train_model_dag.py for tasks to queue
[2025-05-10T17:24:44.843+0000] {logging_mixin.py:151} INFO - [2025-05-10T17:24:44.843+0000] {dagbag.py:539} INFO - Filling up the DagBag from /opt/airflow/dags/train_model_dag.py
[2025-05-10T17:24:44.851+0000] {processor.py:839} INFO - DAG(s) dict_keys(['model_training_dag']) retrieved from /opt/airflow/dags/train_model_dag.py
[2025-05-10T17:24:44.863+0000] {logging_mixin.py:151} INFO - [2025-05-10T17:24:44.863+0000] {dag.py:2915} INFO - Sync 1 DAGs
[2025-05-10T17:24:44.873+0000] {logging_mixin.py:151} INFO - [2025-05-10T17:24:44.873+0000] {dag.py:3696} INFO - Setting next_dagrun for model_training_dag to 2025-05-10T17:23:00+00:00, run_after=2025-05-10T17:24:00+00:00
[2025-05-10T17:24:44.882+0000] {processor.py:179} INFO - Processing /opt/airflow/dags/train_model_dag.py took 0.043 seconds
[2025-05-10T17:25:15.010+0000] {processor.py:157} INFO - Started process (PID=530) to work on /opt/airflow/dags/train_model_dag.py
[2025-05-10T17:25:15.011+0000] {processor.py:829} INFO - Processing file /opt/airflow/dags/train_model_dag.py for tasks to queue
[2025-05-10T17:25:15.012+0000] {logging_mixin.py:151} INFO - [2025-05-10T17:25:15.012+0000] {dagbag.py:539} INFO - Filling up the DagBag from /opt/airflow/dags/train_model_dag.py
[2025-05-10T17:25:15.021+0000] {processor.py:839} INFO - DAG(s) dict_keys(['model_training_dag']) retrieved from /opt/airflow/dags/train_model_dag.py
[2025-05-10T17:25:15.032+0000] {logging_mixin.py:151} INFO - [2025-05-10T17:25:15.032+0000] {dag.py:2915} INFO - Sync 1 DAGs
[2025-05-10T17:25:15.041+0000] {logging_mixin.py:151} INFO - [2025-05-10T17:25:15.041+0000] {dag.py:3696} INFO - Setting next_dagrun for model_training_dag to 2025-05-10T17:24:00+00:00, run_after=2025-05-10T17:25:00+00:00
[2025-05-10T17:25:15.054+0000] {processor.py:179} INFO - Processing /opt/airflow/dags/train_model_dag.py took 0.046 seconds
[2025-05-10T17:25:45.190+0000] {processor.py:157} INFO - Started process (PID=532) to work on /opt/airflow/dags/train_model_dag.py
[2025-05-10T17:25:45.191+0000] {processor.py:829} INFO - Processing file /opt/airflow/dags/train_model_dag.py for tasks to queue
[2025-05-10T17:25:45.191+0000] {logging_mixin.py:151} INFO - [2025-05-10T17:25:45.191+0000] {dagbag.py:539} INFO - Filling up the DagBag from /opt/airflow/dags/train_model_dag.py
[2025-05-10T17:25:45.206+0000] {processor.py:839} INFO - DAG(s) dict_keys(['model_training_dag']) retrieved from /opt/airflow/dags/train_model_dag.py
[2025-05-10T17:25:45.222+0000] {logging_mixin.py:151} INFO - [2025-05-10T17:25:45.222+0000] {dag.py:2915} INFO - Sync 1 DAGs
[2025-05-10T17:25:45.232+0000] {logging_mixin.py:151} INFO - [2025-05-10T17:25:45.232+0000] {dag.py:3696} INFO - Setting next_dagrun for model_training_dag to 2025-05-10T17:24:00+00:00, run_after=2025-05-10T17:25:00+00:00
[2025-05-10T17:25:45.241+0000] {processor.py:179} INFO - Processing /opt/airflow/dags/train_model_dag.py took 0.057 seconds
[2025-05-10T17:26:15.350+0000] {processor.py:157} INFO - Started process (PID=534) to work on /opt/airflow/dags/train_model_dag.py
[2025-05-10T17:26:15.351+0000] {processor.py:829} INFO - Processing file /opt/airflow/dags/train_model_dag.py for tasks to queue
[2025-05-10T17:26:15.351+0000] {logging_mixin.py:151} INFO - [2025-05-10T17:26:15.351+0000] {dagbag.py:539} INFO - Filling up the DagBag from /opt/airflow/dags/train_model_dag.py
[2025-05-10T17:26:15.361+0000] {processor.py:839} INFO - DAG(s) dict_keys(['model_training_dag']) retrieved from /opt/airflow/dags/train_model_dag.py
[2025-05-10T17:26:15.375+0000] {logging_mixin.py:151} INFO - [2025-05-10T17:26:15.375+0000] {dag.py:2915} INFO - Sync 1 DAGs
[2025-05-10T17:26:15.383+0000] {logging_mixin.py:151} INFO - [2025-05-10T17:26:15.383+0000] {dag.py:3696} INFO - Setting next_dagrun for model_training_dag to 2025-05-10T17:25:00+00:00, run_after=2025-05-10T17:26:00+00:00
[2025-05-10T17:26:15.393+0000] {processor.py:179} INFO - Processing /opt/airflow/dags/train_model_dag.py took 0.046 seconds
[2025-05-10T17:26:45.528+0000] {processor.py:157} INFO - Started process (PID=536) to work on /opt/airflow/dags/train_model_dag.py
[2025-05-10T17:26:45.529+0000] {processor.py:829} INFO - Processing file /opt/airflow/dags/train_model_dag.py for tasks to queue
[2025-05-10T17:26:45.530+0000] {logging_mixin.py:151} INFO - [2025-05-10T17:26:45.529+0000] {dagbag.py:539} INFO - Filling up the DagBag from /opt/airflow/dags/train_model_dag.py
[2025-05-10T17:26:45.542+0000] {processor.py:839} INFO - DAG(s) dict_keys(['model_training_dag']) retrieved from /opt/airflow/dags/train_model_dag.py
[2025-05-10T17:26:45.558+0000] {logging_mixin.py:151} INFO - [2025-05-10T17:26:45.558+0000] {dag.py:2915} INFO - Sync 1 DAGs
[2025-05-10T17:26:45.567+0000] {logging_mixin.py:151} INFO - [2025-05-10T17:26:45.567+0000] {dag.py:3696} INFO - Setting next_dagrun for model_training_dag to 2025-05-10T17:25:00+00:00, run_after=2025-05-10T17:26:00+00:00
[2025-05-10T17:26:45.578+0000] {processor.py:179} INFO - Processing /opt/airflow/dags/train_model_dag.py took 0.053 seconds
[2025-05-10T17:27:15.683+0000] {processor.py:157} INFO - Started process (PID=538) to work on /opt/airflow/dags/train_model_dag.py
[2025-05-10T17:27:15.684+0000] {processor.py:829} INFO - Processing file /opt/airflow/dags/train_model_dag.py for tasks to queue
[2025-05-10T17:27:15.685+0000] {logging_mixin.py:151} INFO - [2025-05-10T17:27:15.684+0000] {dagbag.py:539} INFO - Filling up the DagBag from /opt/airflow/dags/train_model_dag.py
[2025-05-10T17:27:15.695+0000] {processor.py:839} INFO - DAG(s) dict_keys(['model_training_dag']) retrieved from /opt/airflow/dags/train_model_dag.py
[2025-05-10T17:27:15.709+0000] {logging_mixin.py:151} INFO - [2025-05-10T17:27:15.709+0000] {dag.py:2915} INFO - Sync 1 DAGs
[2025-05-10T17:27:15.719+0000] {logging_mixin.py:151} INFO - [2025-05-10T17:27:15.719+0000] {dag.py:3696} INFO - Setting next_dagrun for model_training_dag to 2025-05-10T17:26:00+00:00, run_after=2025-05-10T17:27:00+00:00
[2025-05-10T17:27:15.731+0000] {processor.py:179} INFO - Processing /opt/airflow/dags/train_model_dag.py took 0.052 seconds
[2025-05-10T17:27:45.857+0000] {processor.py:157} INFO - Started process (PID=540) to work on /opt/airflow/dags/train_model_dag.py
[2025-05-10T17:27:45.859+0000] {processor.py:829} INFO - Processing file /opt/airflow/dags/train_model_dag.py for tasks to queue
[2025-05-10T17:27:45.860+0000] {logging_mixin.py:151} INFO - [2025-05-10T17:27:45.859+0000] {dagbag.py:539} INFO - Filling up the DagBag from /opt/airflow/dags/train_model_dag.py
[2025-05-10T17:27:45.874+0000] {processor.py:839} INFO - DAG(s) dict_keys(['model_training_dag']) retrieved from /opt/airflow/dags/train_model_dag.py
[2025-05-10T17:27:45.890+0000] {logging_mixin.py:151} INFO - [2025-05-10T17:27:45.890+0000] {dag.py:2915} INFO - Sync 1 DAGs
[2025-05-10T17:27:45.901+0000] {logging_mixin.py:151} INFO - [2025-05-10T17:27:45.901+0000] {dag.py:3696} INFO - Setting next_dagrun for model_training_dag to 2025-05-10T17:26:00+00:00, run_after=2025-05-10T17:27:00+00:00
[2025-05-10T17:27:45.911+0000] {processor.py:179} INFO - Processing /opt/airflow/dags/train_model_dag.py took 0.058 seconds
[2025-05-10T17:28:16.045+0000] {processor.py:157} INFO - Started process (PID=542) to work on /opt/airflow/dags/train_model_dag.py
[2025-05-10T17:28:16.046+0000] {processor.py:829} INFO - Processing file /opt/airflow/dags/train_model_dag.py for tasks to queue
[2025-05-10T17:28:16.047+0000] {logging_mixin.py:151} INFO - [2025-05-10T17:28:16.047+0000] {dagbag.py:539} INFO - Filling up the DagBag from /opt/airflow/dags/train_model_dag.py
[2025-05-10T17:28:16.059+0000] {processor.py:839} INFO - DAG(s) dict_keys(['model_training_dag']) retrieved from /opt/airflow/dags/train_model_dag.py
[2025-05-10T17:28:16.074+0000] {logging_mixin.py:151} INFO - [2025-05-10T17:28:16.074+0000] {dag.py:2915} INFO - Sync 1 DAGs
[2025-05-10T17:28:16.084+0000] {logging_mixin.py:151} INFO - [2025-05-10T17:28:16.084+0000] {dag.py:3696} INFO - Setting next_dagrun for model_training_dag to 2025-05-10T17:27:00+00:00, run_after=2025-05-10T17:28:00+00:00
[2025-05-10T17:28:16.104+0000] {processor.py:179} INFO - Processing /opt/airflow/dags/train_model_dag.py took 0.062 seconds
[2025-05-10T17:28:46.202+0000] {processor.py:157} INFO - Started process (PID=544) to work on /opt/airflow/dags/train_model_dag.py
[2025-05-10T17:28:46.204+0000] {processor.py:829} INFO - Processing file /opt/airflow/dags/train_model_dag.py for tasks to queue
[2025-05-10T17:28:46.205+0000] {logging_mixin.py:151} INFO - [2025-05-10T17:28:46.205+0000] {dagbag.py:539} INFO - Filling up the DagBag from /opt/airflow/dags/train_model_dag.py
[2025-05-10T17:28:46.217+0000] {processor.py:839} INFO - DAG(s) dict_keys(['model_training_dag']) retrieved from /opt/airflow/dags/train_model_dag.py
[2025-05-10T17:28:46.239+0000] {logging_mixin.py:151} INFO - [2025-05-10T17:28:46.239+0000] {dag.py:2915} INFO - Sync 1 DAGs
[2025-05-10T17:28:46.249+0000] {logging_mixin.py:151} INFO - [2025-05-10T17:28:46.249+0000] {dag.py:3696} INFO - Setting next_dagrun for model_training_dag to 2025-05-10T17:27:00+00:00, run_after=2025-05-10T17:28:00+00:00
[2025-05-10T17:28:46.260+0000] {processor.py:179} INFO - Processing /opt/airflow/dags/train_model_dag.py took 0.060 seconds
[2025-05-10T17:29:16.353+0000] {processor.py:157} INFO - Started process (PID=546) to work on /opt/airflow/dags/train_model_dag.py
[2025-05-10T17:29:16.354+0000] {processor.py:829} INFO - Processing file /opt/airflow/dags/train_model_dag.py for tasks to queue
[2025-05-10T17:29:16.356+0000] {logging_mixin.py:151} INFO - [2025-05-10T17:29:16.355+0000] {dagbag.py:539} INFO - Filling up the DagBag from /opt/airflow/dags/train_model_dag.py
[2025-05-10T17:29:16.371+0000] {processor.py:839} INFO - DAG(s) dict_keys(['model_training_dag']) retrieved from /opt/airflow/dags/train_model_dag.py
[2025-05-10T17:29:16.389+0000] {logging_mixin.py:151} INFO - [2025-05-10T17:29:16.389+0000] {dag.py:2915} INFO - Sync 1 DAGs
[2025-05-10T17:29:16.402+0000] {logging_mixin.py:151} INFO - [2025-05-10T17:29:16.402+0000] {dag.py:3696} INFO - Setting next_dagrun for model_training_dag to 2025-05-10T17:28:00+00:00, run_after=2025-05-10T17:29:00+00:00
[2025-05-10T17:29:16.412+0000] {processor.py:179} INFO - Processing /opt/airflow/dags/train_model_dag.py took 0.063 seconds
[2025-05-10T17:29:46.501+0000] {processor.py:157} INFO - Started process (PID=548) to work on /opt/airflow/dags/train_model_dag.py
[2025-05-10T17:29:46.502+0000] {processor.py:829} INFO - Processing file /opt/airflow/dags/train_model_dag.py for tasks to queue
[2025-05-10T17:29:46.503+0000] {logging_mixin.py:151} INFO - [2025-05-10T17:29:46.503+0000] {dagbag.py:539} INFO - Filling up the DagBag from /opt/airflow/dags/train_model_dag.py
[2025-05-10T17:29:46.520+0000] {processor.py:839} INFO - DAG(s) dict_keys(['model_training_dag']) retrieved from /opt/airflow/dags/train_model_dag.py
[2025-05-10T17:29:46.538+0000] {logging_mixin.py:151} INFO - [2025-05-10T17:29:46.538+0000] {dag.py:2915} INFO - Sync 1 DAGs
[2025-05-10T17:29:46.556+0000] {logging_mixin.py:151} INFO - [2025-05-10T17:29:46.556+0000] {dag.py:3696} INFO - Setting next_dagrun for model_training_dag to 2025-05-10T17:28:00+00:00, run_after=2025-05-10T17:29:00+00:00
[2025-05-10T17:29:46.568+0000] {processor.py:179} INFO - Processing /opt/airflow/dags/train_model_dag.py took 0.070 seconds
[2025-05-10T17:30:16.667+0000] {processor.py:157} INFO - Started process (PID=550) to work on /opt/airflow/dags/train_model_dag.py
[2025-05-10T17:30:16.668+0000] {processor.py:829} INFO - Processing file /opt/airflow/dags/train_model_dag.py for tasks to queue
[2025-05-10T17:30:16.669+0000] {logging_mixin.py:151} INFO - [2025-05-10T17:30:16.668+0000] {dagbag.py:539} INFO - Filling up the DagBag from /opt/airflow/dags/train_model_dag.py
[2025-05-10T17:30:16.680+0000] {processor.py:839} INFO - DAG(s) dict_keys(['model_training_dag']) retrieved from /opt/airflow/dags/train_model_dag.py
[2025-05-10T17:30:16.696+0000] {logging_mixin.py:151} INFO - [2025-05-10T17:30:16.696+0000] {dag.py:2915} INFO - Sync 1 DAGs
[2025-05-10T17:30:16.709+0000] {logging_mixin.py:151} INFO - [2025-05-10T17:30:16.709+0000] {dag.py:3696} INFO - Setting next_dagrun for model_training_dag to 2025-05-10T17:29:00+00:00, run_after=2025-05-10T17:30:00+00:00
[2025-05-10T17:30:16.720+0000] {processor.py:179} INFO - Processing /opt/airflow/dags/train_model_dag.py took 0.058 seconds
[2025-05-10T17:30:46.812+0000] {processor.py:157} INFO - Started process (PID=552) to work on /opt/airflow/dags/train_model_dag.py
[2025-05-10T17:30:46.814+0000] {processor.py:829} INFO - Processing file /opt/airflow/dags/train_model_dag.py for tasks to queue
[2025-05-10T17:30:46.816+0000] {logging_mixin.py:151} INFO - [2025-05-10T17:30:46.815+0000] {dagbag.py:539} INFO - Filling up the DagBag from /opt/airflow/dags/train_model_dag.py
[2025-05-10T17:30:46.837+0000] {processor.py:839} INFO - DAG(s) dict_keys(['model_training_dag']) retrieved from /opt/airflow/dags/train_model_dag.py
[2025-05-10T17:30:46.857+0000] {logging_mixin.py:151} INFO - [2025-05-10T17:30:46.857+0000] {dag.py:2915} INFO - Sync 1 DAGs
[2025-05-10T17:30:46.870+0000] {logging_mixin.py:151} INFO - [2025-05-10T17:30:46.869+0000] {dag.py:3696} INFO - Setting next_dagrun for model_training_dag to 2025-05-10T17:29:00+00:00, run_after=2025-05-10T17:30:00+00:00
[2025-05-10T17:30:46.881+0000] {processor.py:179} INFO - Processing /opt/airflow/dags/train_model_dag.py took 0.074 seconds
[2025-05-10T17:31:16.988+0000] {processor.py:157} INFO - Started process (PID=554) to work on /opt/airflow/dags/train_model_dag.py
[2025-05-10T17:31:16.989+0000] {processor.py:829} INFO - Processing file /opt/airflow/dags/train_model_dag.py for tasks to queue
[2025-05-10T17:31:16.990+0000] {logging_mixin.py:151} INFO - [2025-05-10T17:31:16.990+0000] {dagbag.py:539} INFO - Filling up the DagBag from /opt/airflow/dags/train_model_dag.py
[2025-05-10T17:31:17.005+0000] {processor.py:839} INFO - DAG(s) dict_keys(['model_training_dag']) retrieved from /opt/airflow/dags/train_model_dag.py
[2025-05-10T17:31:17.024+0000] {logging_mixin.py:151} INFO - [2025-05-10T17:31:17.024+0000] {dag.py:2915} INFO - Sync 1 DAGs
[2025-05-10T17:31:17.038+0000] {logging_mixin.py:151} INFO - [2025-05-10T17:31:17.038+0000] {dag.py:3696} INFO - Setting next_dagrun for model_training_dag to 2025-05-10T17:30:00+00:00, run_after=2025-05-10T17:31:00+00:00
[2025-05-10T17:31:17.051+0000] {processor.py:179} INFO - Processing /opt/airflow/dags/train_model_dag.py took 0.066 seconds
[2025-05-10T17:31:47.172+0000] {processor.py:157} INFO - Started process (PID=556) to work on /opt/airflow/dags/train_model_dag.py
[2025-05-10T17:31:47.174+0000] {processor.py:829} INFO - Processing file /opt/airflow/dags/train_model_dag.py for tasks to queue
[2025-05-10T17:31:47.176+0000] {logging_mixin.py:151} INFO - [2025-05-10T17:31:47.175+0000] {dagbag.py:539} INFO - Filling up the DagBag from /opt/airflow/dags/train_model_dag.py
[2025-05-10T17:31:47.194+0000] {processor.py:839} INFO - DAG(s) dict_keys(['model_training_dag']) retrieved from /opt/airflow/dags/train_model_dag.py
[2025-05-10T17:31:47.214+0000] {logging_mixin.py:151} INFO - [2025-05-10T17:31:47.214+0000] {dag.py:2915} INFO - Sync 1 DAGs
[2025-05-10T17:31:47.228+0000] {logging_mixin.py:151} INFO - [2025-05-10T17:31:47.228+0000] {dag.py:3696} INFO - Setting next_dagrun for model_training_dag to 2025-05-10T17:30:00+00:00, run_after=2025-05-10T17:31:00+00:00
[2025-05-10T17:31:47.240+0000] {processor.py:179} INFO - Processing /opt/airflow/dags/train_model_dag.py took 0.074 seconds
[2025-05-10T17:32:17.330+0000] {processor.py:157} INFO - Started process (PID=558) to work on /opt/airflow/dags/train_model_dag.py
[2025-05-10T17:32:17.331+0000] {processor.py:829} INFO - Processing file /opt/airflow/dags/train_model_dag.py for tasks to queue
[2025-05-10T17:32:17.332+0000] {logging_mixin.py:151} INFO - [2025-05-10T17:32:17.331+0000] {dagbag.py:539} INFO - Filling up the DagBag from /opt/airflow/dags/train_model_dag.py
[2025-05-10T17:32:17.343+0000] {processor.py:839} INFO - DAG(s) dict_keys(['model_training_dag']) retrieved from /opt/airflow/dags/train_model_dag.py
[2025-05-10T17:32:17.359+0000] {logging_mixin.py:151} INFO - [2025-05-10T17:32:17.359+0000] {dag.py:2915} INFO - Sync 1 DAGs
[2025-05-10T17:32:17.369+0000] {logging_mixin.py:151} INFO - [2025-05-10T17:32:17.369+0000] {dag.py:3696} INFO - Setting next_dagrun for model_training_dag to 2025-05-10T17:31:00+00:00, run_after=2025-05-10T17:32:00+00:00
[2025-05-10T17:32:17.379+0000] {processor.py:179} INFO - Processing /opt/airflow/dags/train_model_dag.py took 0.053 seconds
[2025-05-10T17:32:47.498+0000] {processor.py:157} INFO - Started process (PID=560) to work on /opt/airflow/dags/train_model_dag.py
[2025-05-10T17:32:47.500+0000] {processor.py:829} INFO - Processing file /opt/airflow/dags/train_model_dag.py for tasks to queue
[2025-05-10T17:32:47.501+0000] {logging_mixin.py:151} INFO - [2025-05-10T17:32:47.500+0000] {dagbag.py:539} INFO - Filling up the DagBag from /opt/airflow/dags/train_model_dag.py
[2025-05-10T17:32:47.514+0000] {processor.py:839} INFO - DAG(s) dict_keys(['model_training_dag']) retrieved from /opt/airflow/dags/train_model_dag.py
[2025-05-10T17:32:47.533+0000] {logging_mixin.py:151} INFO - [2025-05-10T17:32:47.533+0000] {dag.py:2915} INFO - Sync 1 DAGs
[2025-05-10T17:32:47.547+0000] {logging_mixin.py:151} INFO - [2025-05-10T17:32:47.546+0000] {dag.py:3696} INFO - Setting next_dagrun for model_training_dag to 2025-05-10T17:31:00+00:00, run_after=2025-05-10T17:32:00+00:00
[2025-05-10T17:32:47.561+0000] {processor.py:179} INFO - Processing /opt/airflow/dags/train_model_dag.py took 0.067 seconds
[2025-05-10T17:33:17.665+0000] {processor.py:157} INFO - Started process (PID=562) to work on /opt/airflow/dags/train_model_dag.py
[2025-05-10T17:33:17.666+0000] {processor.py:829} INFO - Processing file /opt/airflow/dags/train_model_dag.py for tasks to queue
[2025-05-10T17:33:17.666+0000] {logging_mixin.py:151} INFO - [2025-05-10T17:33:17.666+0000] {dagbag.py:539} INFO - Filling up the DagBag from /opt/airflow/dags/train_model_dag.py
[2025-05-10T17:33:17.679+0000] {processor.py:839} INFO - DAG(s) dict_keys(['model_training_dag']) retrieved from /opt/airflow/dags/train_model_dag.py
[2025-05-10T17:33:17.698+0000] {logging_mixin.py:151} INFO - [2025-05-10T17:33:17.698+0000] {dag.py:2915} INFO - Sync 1 DAGs
[2025-05-10T17:33:17.710+0000] {logging_mixin.py:151} INFO - [2025-05-10T17:33:17.710+0000] {dag.py:3696} INFO - Setting next_dagrun for model_training_dag to 2025-05-10T17:32:00+00:00, run_after=2025-05-10T17:33:00+00:00
[2025-05-10T17:33:17.723+0000] {processor.py:179} INFO - Processing /opt/airflow/dags/train_model_dag.py took 0.062 seconds
[2025-05-10T17:33:47.843+0000] {processor.py:157} INFO - Started process (PID=564) to work on /opt/airflow/dags/train_model_dag.py
[2025-05-10T17:33:47.845+0000] {processor.py:829} INFO - Processing file /opt/airflow/dags/train_model_dag.py for tasks to queue
[2025-05-10T17:33:47.847+0000] {logging_mixin.py:151} INFO - [2025-05-10T17:33:47.846+0000] {dagbag.py:539} INFO - Filling up the DagBag from /opt/airflow/dags/train_model_dag.py
[2025-05-10T17:33:47.865+0000] {processor.py:839} INFO - DAG(s) dict_keys(['model_training_dag']) retrieved from /opt/airflow/dags/train_model_dag.py
[2025-05-10T17:33:47.884+0000] {logging_mixin.py:151} INFO - [2025-05-10T17:33:47.884+0000] {dag.py:2915} INFO - Sync 1 DAGs
[2025-05-10T17:33:47.897+0000] {logging_mixin.py:151} INFO - [2025-05-10T17:33:47.897+0000] {dag.py:3696} INFO - Setting next_dagrun for model_training_dag to 2025-05-10T17:32:00+00:00, run_after=2025-05-10T17:33:00+00:00
[2025-05-10T17:33:47.907+0000] {processor.py:179} INFO - Processing /opt/airflow/dags/train_model_dag.py took 0.070 seconds
[2025-05-10T17:34:18.017+0000] {processor.py:157} INFO - Started process (PID=566) to work on /opt/airflow/dags/train_model_dag.py
[2025-05-10T17:34:18.019+0000] {processor.py:829} INFO - Processing file /opt/airflow/dags/train_model_dag.py for tasks to queue
[2025-05-10T17:34:18.020+0000] {logging_mixin.py:151} INFO - [2025-05-10T17:34:18.020+0000] {dagbag.py:539} INFO - Filling up the DagBag from /opt/airflow/dags/train_model_dag.py
[2025-05-10T17:34:18.034+0000] {processor.py:839} INFO - DAG(s) dict_keys(['model_training_dag']) retrieved from /opt/airflow/dags/train_model_dag.py
[2025-05-10T17:34:18.048+0000] {logging_mixin.py:151} INFO - [2025-05-10T17:34:18.048+0000] {dag.py:2915} INFO - Sync 1 DAGs
[2025-05-10T17:34:18.058+0000] {logging_mixin.py:151} INFO - [2025-05-10T17:34:18.058+0000] {dag.py:3696} INFO - Setting next_dagrun for model_training_dag to 2025-05-10T17:33:00+00:00, run_after=2025-05-10T17:34:00+00:00
[2025-05-10T17:34:18.068+0000] {processor.py:179} INFO - Processing /opt/airflow/dags/train_model_dag.py took 0.055 seconds
[2025-05-10T17:34:48.188+0000] {processor.py:157} INFO - Started process (PID=568) to work on /opt/airflow/dags/train_model_dag.py
[2025-05-10T17:34:48.190+0000] {processor.py:829} INFO - Processing file /opt/airflow/dags/train_model_dag.py for tasks to queue
[2025-05-10T17:34:48.191+0000] {logging_mixin.py:151} INFO - [2025-05-10T17:34:48.191+0000] {dagbag.py:539} INFO - Filling up the DagBag from /opt/airflow/dags/train_model_dag.py
[2025-05-10T17:34:48.210+0000] {processor.py:839} INFO - DAG(s) dict_keys(['model_training_dag']) retrieved from /opt/airflow/dags/train_model_dag.py
[2025-05-10T17:34:48.229+0000] {logging_mixin.py:151} INFO - [2025-05-10T17:34:48.229+0000] {dag.py:2915} INFO - Sync 1 DAGs
[2025-05-10T17:34:48.241+0000] {logging_mixin.py:151} INFO - [2025-05-10T17:34:48.241+0000] {dag.py:3696} INFO - Setting next_dagrun for model_training_dag to 2025-05-10T17:33:00+00:00, run_after=2025-05-10T17:34:00+00:00
[2025-05-10T17:34:48.252+0000] {processor.py:179} INFO - Processing /opt/airflow/dags/train_model_dag.py took 0.068 seconds
[2025-05-10T17:35:18.354+0000] {processor.py:157} INFO - Started process (PID=570) to work on /opt/airflow/dags/train_model_dag.py
[2025-05-10T17:35:18.355+0000] {processor.py:829} INFO - Processing file /opt/airflow/dags/train_model_dag.py for tasks to queue
[2025-05-10T17:35:18.357+0000] {logging_mixin.py:151} INFO - [2025-05-10T17:35:18.356+0000] {dagbag.py:539} INFO - Filling up the DagBag from /opt/airflow/dags/train_model_dag.py
[2025-05-10T17:35:18.378+0000] {processor.py:839} INFO - DAG(s) dict_keys(['model_training_dag']) retrieved from /opt/airflow/dags/train_model_dag.py
[2025-05-10T17:35:18.398+0000] {logging_mixin.py:151} INFO - [2025-05-10T17:35:18.398+0000] {dag.py:2915} INFO - Sync 1 DAGs
[2025-05-10T17:35:18.410+0000] {logging_mixin.py:151} INFO - [2025-05-10T17:35:18.410+0000] {dag.py:3696} INFO - Setting next_dagrun for model_training_dag to 2025-05-10T17:34:00+00:00, run_after=2025-05-10T17:35:00+00:00
[2025-05-10T17:35:18.421+0000] {processor.py:179} INFO - Processing /opt/airflow/dags/train_model_dag.py took 0.072 seconds
[2025-05-10T17:35:48.515+0000] {processor.py:157} INFO - Started process (PID=572) to work on /opt/airflow/dags/train_model_dag.py
[2025-05-10T17:35:48.516+0000] {processor.py:829} INFO - Processing file /opt/airflow/dags/train_model_dag.py for tasks to queue
[2025-05-10T17:35:48.518+0000] {logging_mixin.py:151} INFO - [2025-05-10T17:35:48.517+0000] {dagbag.py:539} INFO - Filling up the DagBag from /opt/airflow/dags/train_model_dag.py
[2025-05-10T17:35:48.534+0000] {processor.py:839} INFO - DAG(s) dict_keys(['model_training_dag']) retrieved from /opt/airflow/dags/train_model_dag.py
[2025-05-10T17:35:48.573+0000] {logging_mixin.py:151} INFO - [2025-05-10T17:35:48.573+0000] {dag.py:2915} INFO - Sync 1 DAGs
[2025-05-10T17:35:48.592+0000] {logging_mixin.py:151} INFO - [2025-05-10T17:35:48.592+0000] {dag.py:3696} INFO - Setting next_dagrun for model_training_dag to 2025-05-10T17:34:00+00:00, run_after=2025-05-10T17:35:00+00:00
[2025-05-10T17:35:48.609+0000] {processor.py:179} INFO - Processing /opt/airflow/dags/train_model_dag.py took 0.097 seconds
