[2025-05-11T14:00:16.753+0000] {processor.py:157} INFO - Started process (PID=576) to work on /opt/airflow/dags/example_etl.py
[2025-05-11T14:00:16.755+0000] {processor.py:829} INFO - Processing file /opt/airflow/dags/example_etl.py for tasks to queue
[2025-05-11T14:00:16.755+0000] {logging_mixin.py:151} INFO - [2025-05-11T14:00:16.755+0000] {dagbag.py:539} INFO - Filling up the DagBag from /opt/airflow/dags/example_etl.py
[2025-05-11T14:00:16.785+0000] {processor.py:839} INFO - DAG(s) dict_keys(['example_etl']) retrieved from /opt/airflow/dags/example_etl.py
[2025-05-11T14:00:16.834+0000] {logging_mixin.py:151} INFO - [2025-05-11T14:00:16.834+0000] {dag.py:2915} INFO - Sync 1 DAGs
[2025-05-11T14:00:16.864+0000] {logging_mixin.py:151} INFO - [2025-05-11T14:00:16.864+0000] {dag.py:3696} INFO - Setting next_dagrun for example_etl to 2025-05-10T00:00:00+00:00, run_after=2025-05-11T00:00:00+00:00
[2025-05-11T14:00:16.888+0000] {processor.py:179} INFO - Processing /opt/airflow/dags/example_etl.py took 0.144 seconds
[2025-05-11T14:00:47.041+0000] {processor.py:157} INFO - Started process (PID=578) to work on /opt/airflow/dags/example_etl.py
[2025-05-11T14:00:47.042+0000] {processor.py:829} INFO - Processing file /opt/airflow/dags/example_etl.py for tasks to queue
[2025-05-11T14:00:47.043+0000] {logging_mixin.py:151} INFO - [2025-05-11T14:00:47.042+0000] {dagbag.py:539} INFO - Filling up the DagBag from /opt/airflow/dags/example_etl.py
[2025-05-11T14:00:47.051+0000] {processor.py:839} INFO - DAG(s) dict_keys(['example_etl']) retrieved from /opt/airflow/dags/example_etl.py
[2025-05-11T14:00:47.061+0000] {logging_mixin.py:151} INFO - [2025-05-11T14:00:47.061+0000] {dag.py:2915} INFO - Sync 1 DAGs
[2025-05-11T14:00:47.069+0000] {logging_mixin.py:151} INFO - [2025-05-11T14:00:47.069+0000] {dag.py:3696} INFO - Setting next_dagrun for example_etl to 2025-05-10T00:00:00+00:00, run_after=2025-05-11T00:00:00+00:00
[2025-05-11T14:00:47.076+0000] {processor.py:179} INFO - Processing /opt/airflow/dags/example_etl.py took 0.041 seconds
[2025-05-11T14:01:17.448+0000] {processor.py:157} INFO - Started process (PID=580) to work on /opt/airflow/dags/example_etl.py
[2025-05-11T14:01:17.449+0000] {processor.py:829} INFO - Processing file /opt/airflow/dags/example_etl.py for tasks to queue
[2025-05-11T14:01:17.450+0000] {logging_mixin.py:151} INFO - [2025-05-11T14:01:17.450+0000] {dagbag.py:539} INFO - Filling up the DagBag from /opt/airflow/dags/example_etl.py
[2025-05-11T14:01:17.462+0000] {processor.py:839} INFO - DAG(s) dict_keys(['example_etl']) retrieved from /opt/airflow/dags/example_etl.py
[2025-05-11T14:01:17.477+0000] {logging_mixin.py:151} INFO - [2025-05-11T14:01:17.477+0000] {dag.py:2915} INFO - Sync 1 DAGs
[2025-05-11T14:01:17.487+0000] {logging_mixin.py:151} INFO - [2025-05-11T14:01:17.487+0000] {dag.py:3696} INFO - Setting next_dagrun for example_etl to 2025-05-10T00:00:00+00:00, run_after=2025-05-11T00:00:00+00:00
[2025-05-11T14:01:17.495+0000] {processor.py:179} INFO - Processing /opt/airflow/dags/example_etl.py took 0.050 seconds
[2025-05-11T14:01:47.750+0000] {processor.py:157} INFO - Started process (PID=582) to work on /opt/airflow/dags/example_etl.py
[2025-05-11T14:01:47.751+0000] {processor.py:829} INFO - Processing file /opt/airflow/dags/example_etl.py for tasks to queue
[2025-05-11T14:01:47.752+0000] {logging_mixin.py:151} INFO - [2025-05-11T14:01:47.751+0000] {dagbag.py:539} INFO - Filling up the DagBag from /opt/airflow/dags/example_etl.py
[2025-05-11T14:01:47.764+0000] {processor.py:839} INFO - DAG(s) dict_keys(['example_etl']) retrieved from /opt/airflow/dags/example_etl.py
[2025-05-11T14:01:47.776+0000] {logging_mixin.py:151} INFO - [2025-05-11T14:01:47.776+0000] {dag.py:2915} INFO - Sync 1 DAGs
[2025-05-11T14:01:47.786+0000] {logging_mixin.py:151} INFO - [2025-05-11T14:01:47.786+0000] {dag.py:3696} INFO - Setting next_dagrun for example_etl to 2025-05-10T00:00:00+00:00, run_after=2025-05-11T00:00:00+00:00
[2025-05-11T14:01:47.794+0000] {processor.py:179} INFO - Processing /opt/airflow/dags/example_etl.py took 0.047 seconds
[2025-05-11T14:02:18.074+0000] {processor.py:157} INFO - Started process (PID=584) to work on /opt/airflow/dags/example_etl.py
[2025-05-11T14:02:18.076+0000] {processor.py:829} INFO - Processing file /opt/airflow/dags/example_etl.py for tasks to queue
[2025-05-11T14:02:18.076+0000] {logging_mixin.py:151} INFO - [2025-05-11T14:02:18.076+0000] {dagbag.py:539} INFO - Filling up the DagBag from /opt/airflow/dags/example_etl.py
[2025-05-11T14:02:18.084+0000] {processor.py:839} INFO - DAG(s) dict_keys(['example_etl']) retrieved from /opt/airflow/dags/example_etl.py
[2025-05-11T14:02:18.095+0000] {logging_mixin.py:151} INFO - [2025-05-11T14:02:18.095+0000] {dag.py:2915} INFO - Sync 1 DAGs
[2025-05-11T14:02:18.103+0000] {logging_mixin.py:151} INFO - [2025-05-11T14:02:18.103+0000] {dag.py:3696} INFO - Setting next_dagrun for example_etl to 2025-05-10T00:00:00+00:00, run_after=2025-05-11T00:00:00+00:00
[2025-05-11T14:02:18.110+0000] {processor.py:179} INFO - Processing /opt/airflow/dags/example_etl.py took 0.052 seconds
[2025-05-11T14:02:48.360+0000] {processor.py:157} INFO - Started process (PID=586) to work on /opt/airflow/dags/example_etl.py
[2025-05-11T14:02:48.361+0000] {processor.py:829} INFO - Processing file /opt/airflow/dags/example_etl.py for tasks to queue
[2025-05-11T14:02:48.361+0000] {logging_mixin.py:151} INFO - [2025-05-11T14:02:48.361+0000] {dagbag.py:539} INFO - Filling up the DagBag from /opt/airflow/dags/example_etl.py
[2025-05-11T14:02:48.374+0000] {processor.py:839} INFO - DAG(s) dict_keys(['example_etl']) retrieved from /opt/airflow/dags/example_etl.py
[2025-05-11T14:02:48.388+0000] {logging_mixin.py:151} INFO - [2025-05-11T14:02:48.388+0000] {dag.py:2915} INFO - Sync 1 DAGs
[2025-05-11T14:02:48.397+0000] {logging_mixin.py:151} INFO - [2025-05-11T14:02:48.397+0000] {dag.py:3696} INFO - Setting next_dagrun for example_etl to 2025-05-10T00:00:00+00:00, run_after=2025-05-11T00:00:00+00:00
[2025-05-11T14:02:48.406+0000] {processor.py:179} INFO - Processing /opt/airflow/dags/example_etl.py took 0.049 seconds
[2025-05-11T14:03:18.629+0000] {processor.py:157} INFO - Started process (PID=588) to work on /opt/airflow/dags/example_etl.py
[2025-05-11T14:03:18.630+0000] {processor.py:829} INFO - Processing file /opt/airflow/dags/example_etl.py for tasks to queue
[2025-05-11T14:03:18.631+0000] {logging_mixin.py:151} INFO - [2025-05-11T14:03:18.630+0000] {dagbag.py:539} INFO - Filling up the DagBag from /opt/airflow/dags/example_etl.py
[2025-05-11T14:03:18.643+0000] {processor.py:839} INFO - DAG(s) dict_keys(['example_etl']) retrieved from /opt/airflow/dags/example_etl.py
[2025-05-11T14:03:18.658+0000] {logging_mixin.py:151} INFO - [2025-05-11T14:03:18.658+0000] {dag.py:2915} INFO - Sync 1 DAGs
[2025-05-11T14:03:18.667+0000] {logging_mixin.py:151} INFO - [2025-05-11T14:03:18.667+0000] {dag.py:3696} INFO - Setting next_dagrun for example_etl to 2025-05-10T00:00:00+00:00, run_after=2025-05-11T00:00:00+00:00
[2025-05-11T14:03:18.679+0000] {processor.py:179} INFO - Processing /opt/airflow/dags/example_etl.py took 0.053 seconds
[2025-05-11T14:03:49.862+0000] {processor.py:157} INFO - Started process (PID=590) to work on /opt/airflow/dags/example_etl.py
[2025-05-11T14:03:49.862+0000] {processor.py:829} INFO - Processing file /opt/airflow/dags/example_etl.py for tasks to queue
[2025-05-11T14:03:49.863+0000] {logging_mixin.py:151} INFO - [2025-05-11T14:03:49.863+0000] {dagbag.py:539} INFO - Filling up the DagBag from /opt/airflow/dags/example_etl.py
[2025-05-11T14:03:49.875+0000] {processor.py:839} INFO - DAG(s) dict_keys(['example_etl']) retrieved from /opt/airflow/dags/example_etl.py
[2025-05-11T14:03:49.889+0000] {logging_mixin.py:151} INFO - [2025-05-11T14:03:49.889+0000] {dag.py:2915} INFO - Sync 1 DAGs
[2025-05-11T14:03:49.899+0000] {logging_mixin.py:151} INFO - [2025-05-11T14:03:49.899+0000] {dag.py:3696} INFO - Setting next_dagrun for example_etl to 2025-05-10T00:00:00+00:00, run_after=2025-05-11T00:00:00+00:00
[2025-05-11T14:03:49.909+0000] {processor.py:179} INFO - Processing /opt/airflow/dags/example_etl.py took 0.051 seconds
[2025-05-11T14:04:20.651+0000] {processor.py:157} INFO - Started process (PID=592) to work on /opt/airflow/dags/example_etl.py
[2025-05-11T14:04:20.652+0000] {processor.py:829} INFO - Processing file /opt/airflow/dags/example_etl.py for tasks to queue
[2025-05-11T14:04:20.652+0000] {logging_mixin.py:151} INFO - [2025-05-11T14:04:20.652+0000] {dagbag.py:539} INFO - Filling up the DagBag from /opt/airflow/dags/example_etl.py
[2025-05-11T14:04:20.663+0000] {processor.py:839} INFO - DAG(s) dict_keys(['example_etl']) retrieved from /opt/airflow/dags/example_etl.py
[2025-05-11T14:04:20.677+0000] {logging_mixin.py:151} INFO - [2025-05-11T14:04:20.677+0000] {dag.py:2915} INFO - Sync 1 DAGs
[2025-05-11T14:04:20.685+0000] {logging_mixin.py:151} INFO - [2025-05-11T14:04:20.685+0000] {dag.py:3696} INFO - Setting next_dagrun for example_etl to 2025-05-10T00:00:00+00:00, run_after=2025-05-11T00:00:00+00:00
[2025-05-11T14:04:20.694+0000] {processor.py:179} INFO - Processing /opt/airflow/dags/example_etl.py took 0.048 seconds
[2025-05-11T14:04:50.997+0000] {processor.py:157} INFO - Started process (PID=594) to work on /opt/airflow/dags/example_etl.py
[2025-05-11T14:04:50.997+0000] {processor.py:829} INFO - Processing file /opt/airflow/dags/example_etl.py for tasks to queue
[2025-05-11T14:04:50.998+0000] {logging_mixin.py:151} INFO - [2025-05-11T14:04:50.998+0000] {dagbag.py:539} INFO - Filling up the DagBag from /opt/airflow/dags/example_etl.py
[2025-05-11T14:04:51.008+0000] {processor.py:839} INFO - DAG(s) dict_keys(['example_etl']) retrieved from /opt/airflow/dags/example_etl.py
[2025-05-11T14:04:51.020+0000] {logging_mixin.py:151} INFO - [2025-05-11T14:04:51.020+0000] {dag.py:2915} INFO - Sync 1 DAGs
[2025-05-11T14:04:51.030+0000] {logging_mixin.py:151} INFO - [2025-05-11T14:04:51.030+0000] {dag.py:3696} INFO - Setting next_dagrun for example_etl to 2025-05-10T00:00:00+00:00, run_after=2025-05-11T00:00:00+00:00
[2025-05-11T14:04:51.040+0000] {processor.py:179} INFO - Processing /opt/airflow/dags/example_etl.py took 0.045 seconds
[2025-05-11T14:06:45.368+0000] {processor.py:157} INFO - Started process (PID=598) to work on /opt/airflow/dags/example_etl.py
[2025-05-11T14:06:45.369+0000] {processor.py:829} INFO - Processing file /opt/airflow/dags/example_etl.py for tasks to queue
[2025-05-11T14:06:45.370+0000] {logging_mixin.py:151} INFO - [2025-05-11T14:06:45.370+0000] {dagbag.py:539} INFO - Filling up the DagBag from /opt/airflow/dags/example_etl.py
[2025-05-11T14:06:45.387+0000] {processor.py:839} INFO - DAG(s) dict_keys(['example_etl']) retrieved from /opt/airflow/dags/example_etl.py
[2025-05-11T14:06:45.409+0000] {logging_mixin.py:151} INFO - [2025-05-11T14:06:45.409+0000] {dag.py:2915} INFO - Sync 1 DAGs
[2025-05-11T14:06:45.440+0000] {logging_mixin.py:151} INFO - [2025-05-11T14:06:45.439+0000] {dag.py:3696} INFO - Setting next_dagrun for example_etl to 2025-05-10T00:00:00+00:00, run_after=2025-05-11T00:00:00+00:00
[2025-05-11T14:06:45.463+0000] {processor.py:179} INFO - Processing /opt/airflow/dags/example_etl.py took 0.100 seconds
[2025-05-11T14:08:40.515+0000] {processor.py:157} INFO - Started process (PID=600) to work on /opt/airflow/dags/example_etl.py
[2025-05-11T14:08:40.516+0000] {processor.py:829} INFO - Processing file /opt/airflow/dags/example_etl.py for tasks to queue
[2025-05-11T14:08:40.516+0000] {logging_mixin.py:151} INFO - [2025-05-11T14:08:40.516+0000] {dagbag.py:539} INFO - Filling up the DagBag from /opt/airflow/dags/example_etl.py
[2025-05-11T14:08:40.524+0000] {processor.py:839} INFO - DAG(s) dict_keys(['example_etl']) retrieved from /opt/airflow/dags/example_etl.py
[2025-05-11T14:08:40.534+0000] {logging_mixin.py:151} INFO - [2025-05-11T14:08:40.534+0000] {dag.py:2915} INFO - Sync 1 DAGs
[2025-05-11T14:08:40.542+0000] {logging_mixin.py:151} INFO - [2025-05-11T14:08:40.542+0000] {dag.py:3696} INFO - Setting next_dagrun for example_etl to 2025-05-10T00:00:00+00:00, run_after=2025-05-11T00:00:00+00:00
[2025-05-11T14:08:40.558+0000] {processor.py:179} INFO - Processing /opt/airflow/dags/example_etl.py took 0.045 seconds
[2025-05-11T14:09:10.684+0000] {processor.py:157} INFO - Started process (PID=602) to work on /opt/airflow/dags/example_etl.py
[2025-05-11T14:09:10.685+0000] {processor.py:829} INFO - Processing file /opt/airflow/dags/example_etl.py for tasks to queue
[2025-05-11T14:09:10.685+0000] {logging_mixin.py:151} INFO - [2025-05-11T14:09:10.685+0000] {dagbag.py:539} INFO - Filling up the DagBag from /opt/airflow/dags/example_etl.py
[2025-05-11T14:09:10.691+0000] {processor.py:839} INFO - DAG(s) dict_keys(['example_etl']) retrieved from /opt/airflow/dags/example_etl.py
[2025-05-11T14:09:10.701+0000] {logging_mixin.py:151} INFO - [2025-05-11T14:09:10.701+0000] {dag.py:2915} INFO - Sync 1 DAGs
[2025-05-11T14:09:10.710+0000] {logging_mixin.py:151} INFO - [2025-05-11T14:09:10.710+0000] {dag.py:3696} INFO - Setting next_dagrun for example_etl to 2025-05-10T00:00:00+00:00, run_after=2025-05-11T00:00:00+00:00
[2025-05-11T14:09:10.719+0000] {processor.py:179} INFO - Processing /opt/airflow/dags/example_etl.py took 0.036 seconds
[2025-05-11T14:11:12.532+0000] {processor.py:157} INFO - Started process (PID=606) to work on /opt/airflow/dags/example_etl.py
[2025-05-11T14:11:12.534+0000] {processor.py:829} INFO - Processing file /opt/airflow/dags/example_etl.py for tasks to queue
[2025-05-11T14:11:12.536+0000] {logging_mixin.py:151} INFO - [2025-05-11T14:11:12.535+0000] {dagbag.py:539} INFO - Filling up the DagBag from /opt/airflow/dags/example_etl.py
[2025-05-11T14:11:12.562+0000] {processor.py:839} INFO - DAG(s) dict_keys(['example_etl']) retrieved from /opt/airflow/dags/example_etl.py
[2025-05-11T14:11:12.579+0000] {logging_mixin.py:151} INFO - [2025-05-11T14:11:12.578+0000] {dag.py:2915} INFO - Sync 1 DAGs
[2025-05-11T14:11:12.598+0000] {logging_mixin.py:151} INFO - [2025-05-11T14:11:12.598+0000] {dag.py:3696} INFO - Setting next_dagrun for example_etl to 2025-05-10T00:00:00+00:00, run_after=2025-05-11T00:00:00+00:00
[2025-05-11T14:11:12.610+0000] {processor.py:179} INFO - Processing /opt/airflow/dags/example_etl.py took 0.083 seconds
[2025-05-11T14:12:46.133+0000] {processor.py:157} INFO - Started process (PID=608) to work on /opt/airflow/dags/example_etl.py
[2025-05-11T14:12:46.133+0000] {processor.py:829} INFO - Processing file /opt/airflow/dags/example_etl.py for tasks to queue
[2025-05-11T14:12:46.133+0000] {logging_mixin.py:151} INFO - [2025-05-11T14:12:46.133+0000] {dagbag.py:539} INFO - Filling up the DagBag from /opt/airflow/dags/example_etl.py
[2025-05-11T14:12:46.139+0000] {processor.py:839} INFO - DAG(s) dict_keys(['example_etl']) retrieved from /opt/airflow/dags/example_etl.py
[2025-05-11T14:12:46.148+0000] {logging_mixin.py:151} INFO - [2025-05-11T14:12:46.148+0000] {dag.py:2915} INFO - Sync 1 DAGs
[2025-05-11T14:12:46.156+0000] {logging_mixin.py:151} INFO - [2025-05-11T14:12:46.155+0000] {dag.py:3696} INFO - Setting next_dagrun for example_etl to 2025-05-10T00:00:00+00:00, run_after=2025-05-11T00:00:00+00:00
[2025-05-11T14:12:46.163+0000] {processor.py:179} INFO - Processing /opt/airflow/dags/example_etl.py took 0.032 seconds
[2025-05-11T14:13:17.309+0000] {processor.py:157} INFO - Started process (PID=610) to work on /opt/airflow/dags/example_etl.py
[2025-05-11T14:13:17.310+0000] {processor.py:829} INFO - Processing file /opt/airflow/dags/example_etl.py for tasks to queue
[2025-05-11T14:13:17.310+0000] {logging_mixin.py:151} INFO - [2025-05-11T14:13:17.310+0000] {dagbag.py:539} INFO - Filling up the DagBag from /opt/airflow/dags/example_etl.py
[2025-05-11T14:13:17.318+0000] {processor.py:839} INFO - DAG(s) dict_keys(['example_etl']) retrieved from /opt/airflow/dags/example_etl.py
[2025-05-11T14:13:17.328+0000] {logging_mixin.py:151} INFO - [2025-05-11T14:13:17.328+0000] {dag.py:2915} INFO - Sync 1 DAGs
[2025-05-11T14:13:17.337+0000] {logging_mixin.py:151} INFO - [2025-05-11T14:13:17.336+0000] {dag.py:3696} INFO - Setting next_dagrun for example_etl to 2025-05-10T00:00:00+00:00, run_after=2025-05-11T00:00:00+00:00
[2025-05-11T14:13:17.345+0000] {processor.py:179} INFO - Processing /opt/airflow/dags/example_etl.py took 0.038 seconds
[2025-05-11T14:23:34.736+0000] {processor.py:157} INFO - Started process (PID=612) to work on /opt/airflow/dags/example_etl.py
[2025-05-11T14:23:34.736+0000] {processor.py:829} INFO - Processing file /opt/airflow/dags/example_etl.py for tasks to queue
[2025-05-11T14:23:34.737+0000] {logging_mixin.py:151} INFO - [2025-05-11T14:23:34.737+0000] {dagbag.py:539} INFO - Filling up the DagBag from /opt/airflow/dags/example_etl.py
[2025-05-11T14:23:34.746+0000] {processor.py:839} INFO - DAG(s) dict_keys(['example_etl']) retrieved from /opt/airflow/dags/example_etl.py
[2025-05-11T14:23:34.758+0000] {logging_mixin.py:151} INFO - [2025-05-11T14:23:34.758+0000] {dag.py:2915} INFO - Sync 1 DAGs
[2025-05-11T14:23:34.767+0000] {logging_mixin.py:151} INFO - [2025-05-11T14:23:34.767+0000] {dag.py:3696} INFO - Setting next_dagrun for example_etl to 2025-05-10T00:00:00+00:00, run_after=2025-05-11T00:00:00+00:00
[2025-05-11T14:23:34.776+0000] {processor.py:179} INFO - Processing /opt/airflow/dags/example_etl.py took 0.042 seconds
[2025-05-11T14:24:05.006+0000] {processor.py:157} INFO - Started process (PID=614) to work on /opt/airflow/dags/example_etl.py
[2025-05-11T14:24:05.010+0000] {processor.py:829} INFO - Processing file /opt/airflow/dags/example_etl.py for tasks to queue
[2025-05-11T14:24:05.011+0000] {logging_mixin.py:151} INFO - [2025-05-11T14:24:05.011+0000] {dagbag.py:539} INFO - Filling up the DagBag from /opt/airflow/dags/example_etl.py
[2025-05-11T14:24:05.023+0000] {processor.py:839} INFO - DAG(s) dict_keys(['example_etl']) retrieved from /opt/airflow/dags/example_etl.py
[2025-05-11T14:24:05.037+0000] {logging_mixin.py:151} INFO - [2025-05-11T14:24:05.037+0000] {dag.py:2915} INFO - Sync 1 DAGs
[2025-05-11T14:24:05.047+0000] {logging_mixin.py:151} INFO - [2025-05-11T14:24:05.047+0000] {dag.py:3696} INFO - Setting next_dagrun for example_etl to 2025-05-10T00:00:00+00:00, run_after=2025-05-11T00:00:00+00:00
[2025-05-11T14:24:05.057+0000] {processor.py:179} INFO - Processing /opt/airflow/dags/example_etl.py took 0.054 seconds
[2025-05-11T14:24:35.162+0000] {processor.py:157} INFO - Started process (PID=616) to work on /opt/airflow/dags/example_etl.py
[2025-05-11T14:24:35.163+0000] {processor.py:829} INFO - Processing file /opt/airflow/dags/example_etl.py for tasks to queue
[2025-05-11T14:24:35.164+0000] {logging_mixin.py:151} INFO - [2025-05-11T14:24:35.164+0000] {dagbag.py:539} INFO - Filling up the DagBag from /opt/airflow/dags/example_etl.py
[2025-05-11T14:24:35.175+0000] {processor.py:839} INFO - DAG(s) dict_keys(['example_etl']) retrieved from /opt/airflow/dags/example_etl.py
[2025-05-11T14:24:35.190+0000] {logging_mixin.py:151} INFO - [2025-05-11T14:24:35.190+0000] {dag.py:2915} INFO - Sync 1 DAGs
[2025-05-11T14:24:35.199+0000] {logging_mixin.py:151} INFO - [2025-05-11T14:24:35.199+0000] {dag.py:3696} INFO - Setting next_dagrun for example_etl to 2025-05-10T00:00:00+00:00, run_after=2025-05-11T00:00:00+00:00
[2025-05-11T14:24:35.208+0000] {processor.py:179} INFO - Processing /opt/airflow/dags/example_etl.py took 0.048 seconds
[2025-05-11T14:25:06.459+0000] {processor.py:157} INFO - Started process (PID=618) to work on /opt/airflow/dags/example_etl.py
[2025-05-11T14:25:06.460+0000] {processor.py:829} INFO - Processing file /opt/airflow/dags/example_etl.py for tasks to queue
[2025-05-11T14:25:06.460+0000] {logging_mixin.py:151} INFO - [2025-05-11T14:25:06.460+0000] {dagbag.py:539} INFO - Filling up the DagBag from /opt/airflow/dags/example_etl.py
[2025-05-11T14:25:06.467+0000] {processor.py:839} INFO - DAG(s) dict_keys(['example_etl']) retrieved from /opt/airflow/dags/example_etl.py
[2025-05-11T14:25:06.478+0000] {logging_mixin.py:151} INFO - [2025-05-11T14:25:06.478+0000] {dag.py:2915} INFO - Sync 1 DAGs
[2025-05-11T14:25:06.486+0000] {logging_mixin.py:151} INFO - [2025-05-11T14:25:06.486+0000] {dag.py:3696} INFO - Setting next_dagrun for example_etl to 2025-05-10T00:00:00+00:00, run_after=2025-05-11T00:00:00+00:00
[2025-05-11T14:25:06.494+0000] {processor.py:179} INFO - Processing /opt/airflow/dags/example_etl.py took 0.036 seconds
[2025-05-11T14:25:36.631+0000] {processor.py:157} INFO - Started process (PID=620) to work on /opt/airflow/dags/example_etl.py
[2025-05-11T14:25:36.631+0000] {processor.py:829} INFO - Processing file /opt/airflow/dags/example_etl.py for tasks to queue
[2025-05-11T14:25:36.632+0000] {logging_mixin.py:151} INFO - [2025-05-11T14:25:36.631+0000] {dagbag.py:539} INFO - Filling up the DagBag from /opt/airflow/dags/example_etl.py
[2025-05-11T14:25:36.641+0000] {processor.py:839} INFO - DAG(s) dict_keys(['example_etl']) retrieved from /opt/airflow/dags/example_etl.py
[2025-05-11T14:25:36.653+0000] {logging_mixin.py:151} INFO - [2025-05-11T14:25:36.653+0000] {dag.py:2915} INFO - Sync 1 DAGs
[2025-05-11T14:25:36.662+0000] {logging_mixin.py:151} INFO - [2025-05-11T14:25:36.662+0000] {dag.py:3696} INFO - Setting next_dagrun for example_etl to 2025-05-10T00:00:00+00:00, run_after=2025-05-11T00:00:00+00:00
[2025-05-11T14:25:36.670+0000] {processor.py:179} INFO - Processing /opt/airflow/dags/example_etl.py took 0.042 seconds
[2025-05-11T14:26:06.803+0000] {processor.py:157} INFO - Started process (PID=622) to work on /opt/airflow/dags/example_etl.py
[2025-05-11T14:26:06.804+0000] {processor.py:829} INFO - Processing file /opt/airflow/dags/example_etl.py for tasks to queue
[2025-05-11T14:26:06.805+0000] {logging_mixin.py:151} INFO - [2025-05-11T14:26:06.804+0000] {dagbag.py:539} INFO - Filling up the DagBag from /opt/airflow/dags/example_etl.py
[2025-05-11T14:26:06.818+0000] {processor.py:839} INFO - DAG(s) dict_keys(['example_etl']) retrieved from /opt/airflow/dags/example_etl.py
[2025-05-11T14:26:06.833+0000] {logging_mixin.py:151} INFO - [2025-05-11T14:26:06.833+0000] {dag.py:2915} INFO - Sync 1 DAGs
[2025-05-11T14:26:06.843+0000] {logging_mixin.py:151} INFO - [2025-05-11T14:26:06.843+0000] {dag.py:3696} INFO - Setting next_dagrun for example_etl to 2025-05-10T00:00:00+00:00, run_after=2025-05-11T00:00:00+00:00
[2025-05-11T14:26:06.852+0000] {processor.py:179} INFO - Processing /opt/airflow/dags/example_etl.py took 0.052 seconds
[2025-05-11T14:28:09.246+0000] {processor.py:157} INFO - Started process (PID=624) to work on /opt/airflow/dags/example_etl.py
[2025-05-11T14:28:09.247+0000] {processor.py:829} INFO - Processing file /opt/airflow/dags/example_etl.py for tasks to queue
[2025-05-11T14:28:09.248+0000] {logging_mixin.py:151} INFO - [2025-05-11T14:28:09.247+0000] {dagbag.py:539} INFO - Filling up the DagBag from /opt/airflow/dags/example_etl.py
[2025-05-11T14:28:09.260+0000] {processor.py:839} INFO - DAG(s) dict_keys(['example_etl']) retrieved from /opt/airflow/dags/example_etl.py
[2025-05-11T14:28:09.277+0000] {logging_mixin.py:151} INFO - [2025-05-11T14:28:09.277+0000] {dag.py:2915} INFO - Sync 1 DAGs
[2025-05-11T14:28:09.287+0000] {logging_mixin.py:151} INFO - [2025-05-11T14:28:09.287+0000] {dag.py:3696} INFO - Setting next_dagrun for example_etl to 2025-05-10T00:00:00+00:00, run_after=2025-05-11T00:00:00+00:00
[2025-05-11T14:28:09.296+0000] {processor.py:179} INFO - Processing /opt/airflow/dags/example_etl.py took 0.055 seconds
[2025-05-11T14:28:39.613+0000] {processor.py:157} INFO - Started process (PID=626) to work on /opt/airflow/dags/example_etl.py
[2025-05-11T14:28:39.613+0000] {processor.py:829} INFO - Processing file /opt/airflow/dags/example_etl.py for tasks to queue
[2025-05-11T14:28:39.614+0000] {logging_mixin.py:151} INFO - [2025-05-11T14:28:39.613+0000] {dagbag.py:539} INFO - Filling up the DagBag from /opt/airflow/dags/example_etl.py
[2025-05-11T14:28:39.621+0000] {processor.py:839} INFO - DAG(s) dict_keys(['example_etl']) retrieved from /opt/airflow/dags/example_etl.py
[2025-05-11T14:28:39.631+0000] {logging_mixin.py:151} INFO - [2025-05-11T14:28:39.631+0000] {dag.py:2915} INFO - Sync 1 DAGs
[2025-05-11T14:28:39.639+0000] {logging_mixin.py:151} INFO - [2025-05-11T14:28:39.639+0000] {dag.py:3696} INFO - Setting next_dagrun for example_etl to 2025-05-10T00:00:00+00:00, run_after=2025-05-11T00:00:00+00:00
[2025-05-11T14:28:39.647+0000] {processor.py:179} INFO - Processing /opt/airflow/dags/example_etl.py took 0.036 seconds
[2025-05-11T14:29:09.952+0000] {processor.py:157} INFO - Started process (PID=628) to work on /opt/airflow/dags/example_etl.py
[2025-05-11T14:29:09.952+0000] {processor.py:829} INFO - Processing file /opt/airflow/dags/example_etl.py for tasks to queue
[2025-05-11T14:29:09.953+0000] {logging_mixin.py:151} INFO - [2025-05-11T14:29:09.953+0000] {dagbag.py:539} INFO - Filling up the DagBag from /opt/airflow/dags/example_etl.py
[2025-05-11T14:29:09.960+0000] {processor.py:839} INFO - DAG(s) dict_keys(['example_etl']) retrieved from /opt/airflow/dags/example_etl.py
[2025-05-11T14:29:09.973+0000] {logging_mixin.py:151} INFO - [2025-05-11T14:29:09.973+0000] {dag.py:2915} INFO - Sync 1 DAGs
[2025-05-11T14:29:09.981+0000] {logging_mixin.py:151} INFO - [2025-05-11T14:29:09.981+0000] {dag.py:3696} INFO - Setting next_dagrun for example_etl to 2025-05-10T00:00:00+00:00, run_after=2025-05-11T00:00:00+00:00
[2025-05-11T14:29:09.992+0000] {processor.py:179} INFO - Processing /opt/airflow/dags/example_etl.py took 0.041 seconds
[2025-05-11T14:29:40.311+0000] {processor.py:157} INFO - Started process (PID=630) to work on /opt/airflow/dags/example_etl.py
[2025-05-11T14:29:40.312+0000] {processor.py:829} INFO - Processing file /opt/airflow/dags/example_etl.py for tasks to queue
[2025-05-11T14:29:40.313+0000] {logging_mixin.py:151} INFO - [2025-05-11T14:29:40.313+0000] {dagbag.py:539} INFO - Filling up the DagBag from /opt/airflow/dags/example_etl.py
[2025-05-11T14:29:40.323+0000] {processor.py:839} INFO - DAG(s) dict_keys(['example_etl']) retrieved from /opt/airflow/dags/example_etl.py
[2025-05-11T14:29:40.337+0000] {logging_mixin.py:151} INFO - [2025-05-11T14:29:40.336+0000] {dag.py:2915} INFO - Sync 1 DAGs
[2025-05-11T14:29:40.346+0000] {logging_mixin.py:151} INFO - [2025-05-11T14:29:40.346+0000] {dag.py:3696} INFO - Setting next_dagrun for example_etl to 2025-05-10T00:00:00+00:00, run_after=2025-05-11T00:00:00+00:00
[2025-05-11T14:29:40.356+0000] {processor.py:179} INFO - Processing /opt/airflow/dags/example_etl.py took 0.049 seconds
[2025-05-11T14:30:10.604+0000] {processor.py:157} INFO - Started process (PID=632) to work on /opt/airflow/dags/example_etl.py
[2025-05-11T14:30:10.604+0000] {processor.py:829} INFO - Processing file /opt/airflow/dags/example_etl.py for tasks to queue
[2025-05-11T14:30:10.605+0000] {logging_mixin.py:151} INFO - [2025-05-11T14:30:10.605+0000] {dagbag.py:539} INFO - Filling up the DagBag from /opt/airflow/dags/example_etl.py
[2025-05-11T14:30:10.611+0000] {processor.py:839} INFO - DAG(s) dict_keys(['example_etl']) retrieved from /opt/airflow/dags/example_etl.py
[2025-05-11T14:30:10.620+0000] {logging_mixin.py:151} INFO - [2025-05-11T14:30:10.620+0000] {dag.py:2915} INFO - Sync 1 DAGs
[2025-05-11T14:30:10.628+0000] {logging_mixin.py:151} INFO - [2025-05-11T14:30:10.628+0000] {dag.py:3696} INFO - Setting next_dagrun for example_etl to 2025-05-10T00:00:00+00:00, run_after=2025-05-11T00:00:00+00:00
[2025-05-11T14:30:10.636+0000] {processor.py:179} INFO - Processing /opt/airflow/dags/example_etl.py took 0.033 seconds
[2025-05-11T14:30:41.557+0000] {processor.py:157} INFO - Started process (PID=634) to work on /opt/airflow/dags/example_etl.py
[2025-05-11T14:30:41.558+0000] {processor.py:829} INFO - Processing file /opt/airflow/dags/example_etl.py for tasks to queue
[2025-05-11T14:30:41.559+0000] {logging_mixin.py:151} INFO - [2025-05-11T14:30:41.559+0000] {dagbag.py:539} INFO - Filling up the DagBag from /opt/airflow/dags/example_etl.py
[2025-05-11T14:30:41.569+0000] {processor.py:839} INFO - DAG(s) dict_keys(['example_etl']) retrieved from /opt/airflow/dags/example_etl.py
[2025-05-11T14:30:41.583+0000] {logging_mixin.py:151} INFO - [2025-05-11T14:30:41.582+0000] {dag.py:2915} INFO - Sync 1 DAGs
[2025-05-11T14:30:41.593+0000] {logging_mixin.py:151} INFO - [2025-05-11T14:30:41.593+0000] {dag.py:3696} INFO - Setting next_dagrun for example_etl to 2025-05-10T00:00:00+00:00, run_after=2025-05-11T00:00:00+00:00
[2025-05-11T14:30:41.602+0000] {processor.py:179} INFO - Processing /opt/airflow/dags/example_etl.py took 0.048 seconds
[2025-05-11T14:31:11.712+0000] {processor.py:157} INFO - Started process (PID=636) to work on /opt/airflow/dags/example_etl.py
[2025-05-11T14:31:11.712+0000] {processor.py:829} INFO - Processing file /opt/airflow/dags/example_etl.py for tasks to queue
[2025-05-11T14:31:11.713+0000] {logging_mixin.py:151} INFO - [2025-05-11T14:31:11.713+0000] {dagbag.py:539} INFO - Filling up the DagBag from /opt/airflow/dags/example_etl.py
[2025-05-11T14:31:11.720+0000] {processor.py:839} INFO - DAG(s) dict_keys(['example_etl']) retrieved from /opt/airflow/dags/example_etl.py
[2025-05-11T14:31:11.733+0000] {logging_mixin.py:151} INFO - [2025-05-11T14:31:11.733+0000] {dag.py:2915} INFO - Sync 1 DAGs
[2025-05-11T14:31:11.743+0000] {logging_mixin.py:151} INFO - [2025-05-11T14:31:11.743+0000] {dag.py:3696} INFO - Setting next_dagrun for example_etl to 2025-05-10T00:00:00+00:00, run_after=2025-05-11T00:00:00+00:00
[2025-05-11T14:31:11.756+0000] {processor.py:179} INFO - Processing /opt/airflow/dags/example_etl.py took 0.046 seconds
[2025-05-11T14:31:42.914+0000] {processor.py:157} INFO - Started process (PID=638) to work on /opt/airflow/dags/example_etl.py
[2025-05-11T14:31:42.915+0000] {processor.py:829} INFO - Processing file /opt/airflow/dags/example_etl.py for tasks to queue
[2025-05-11T14:31:42.916+0000] {logging_mixin.py:151} INFO - [2025-05-11T14:31:42.915+0000] {dagbag.py:539} INFO - Filling up the DagBag from /opt/airflow/dags/example_etl.py
[2025-05-11T14:31:42.925+0000] {processor.py:839} INFO - DAG(s) dict_keys(['example_etl']) retrieved from /opt/airflow/dags/example_etl.py
[2025-05-11T14:31:42.937+0000] {logging_mixin.py:151} INFO - [2025-05-11T14:31:42.937+0000] {dag.py:2915} INFO - Sync 1 DAGs
[2025-05-11T14:31:42.946+0000] {logging_mixin.py:151} INFO - [2025-05-11T14:31:42.946+0000] {dag.py:3696} INFO - Setting next_dagrun for example_etl to 2025-05-10T00:00:00+00:00, run_after=2025-05-11T00:00:00+00:00
[2025-05-11T14:31:42.955+0000] {processor.py:179} INFO - Processing /opt/airflow/dags/example_etl.py took 0.043 seconds
[2025-05-11T14:32:13.087+0000] {processor.py:157} INFO - Started process (PID=640) to work on /opt/airflow/dags/example_etl.py
[2025-05-11T14:32:13.088+0000] {processor.py:829} INFO - Processing file /opt/airflow/dags/example_etl.py for tasks to queue
[2025-05-11T14:32:13.089+0000] {logging_mixin.py:151} INFO - [2025-05-11T14:32:13.088+0000] {dagbag.py:539} INFO - Filling up the DagBag from /opt/airflow/dags/example_etl.py
[2025-05-11T14:32:13.100+0000] {processor.py:839} INFO - DAG(s) dict_keys(['example_etl']) retrieved from /opt/airflow/dags/example_etl.py
[2025-05-11T14:32:13.114+0000] {logging_mixin.py:151} INFO - [2025-05-11T14:32:13.114+0000] {dag.py:2915} INFO - Sync 1 DAGs
[2025-05-11T14:32:13.123+0000] {logging_mixin.py:151} INFO - [2025-05-11T14:32:13.123+0000] {dag.py:3696} INFO - Setting next_dagrun for example_etl to 2025-05-10T00:00:00+00:00, run_after=2025-05-11T00:00:00+00:00
[2025-05-11T14:32:13.134+0000] {processor.py:179} INFO - Processing /opt/airflow/dags/example_etl.py took 0.050 seconds
[2025-05-11T14:32:43.255+0000] {processor.py:157} INFO - Started process (PID=642) to work on /opt/airflow/dags/example_etl.py
[2025-05-11T14:32:43.255+0000] {processor.py:829} INFO - Processing file /opt/airflow/dags/example_etl.py for tasks to queue
[2025-05-11T14:32:43.256+0000] {logging_mixin.py:151} INFO - [2025-05-11T14:32:43.256+0000] {dagbag.py:539} INFO - Filling up the DagBag from /opt/airflow/dags/example_etl.py
[2025-05-11T14:32:43.265+0000] {processor.py:839} INFO - DAG(s) dict_keys(['example_etl']) retrieved from /opt/airflow/dags/example_etl.py
[2025-05-11T14:32:43.276+0000] {logging_mixin.py:151} INFO - [2025-05-11T14:32:43.276+0000] {dag.py:2915} INFO - Sync 1 DAGs
[2025-05-11T14:32:43.285+0000] {logging_mixin.py:151} INFO - [2025-05-11T14:32:43.285+0000] {dag.py:3696} INFO - Setting next_dagrun for example_etl to 2025-05-10T00:00:00+00:00, run_after=2025-05-11T00:00:00+00:00
[2025-05-11T14:32:43.293+0000] {processor.py:179} INFO - Processing /opt/airflow/dags/example_etl.py took 0.041 seconds
[2025-05-11T14:33:13.430+0000] {processor.py:157} INFO - Started process (PID=644) to work on /opt/airflow/dags/example_etl.py
[2025-05-11T14:33:13.431+0000] {processor.py:829} INFO - Processing file /opt/airflow/dags/example_etl.py for tasks to queue
[2025-05-11T14:33:13.432+0000] {logging_mixin.py:151} INFO - [2025-05-11T14:33:13.432+0000] {dagbag.py:539} INFO - Filling up the DagBag from /opt/airflow/dags/example_etl.py
[2025-05-11T14:33:13.447+0000] {processor.py:839} INFO - DAG(s) dict_keys(['example_etl']) retrieved from /opt/airflow/dags/example_etl.py
[2025-05-11T14:33:13.462+0000] {logging_mixin.py:151} INFO - [2025-05-11T14:33:13.462+0000] {dag.py:2915} INFO - Sync 1 DAGs
[2025-05-11T14:33:13.473+0000] {logging_mixin.py:151} INFO - [2025-05-11T14:33:13.473+0000] {dag.py:3696} INFO - Setting next_dagrun for example_etl to 2025-05-10T00:00:00+00:00, run_after=2025-05-11T00:00:00+00:00
[2025-05-11T14:33:13.482+0000] {processor.py:179} INFO - Processing /opt/airflow/dags/example_etl.py took 0.054 seconds
[2025-05-11T14:33:43.621+0000] {processor.py:157} INFO - Started process (PID=646) to work on /opt/airflow/dags/example_etl.py
[2025-05-11T14:33:43.621+0000] {processor.py:829} INFO - Processing file /opt/airflow/dags/example_etl.py for tasks to queue
[2025-05-11T14:33:43.622+0000] {logging_mixin.py:151} INFO - [2025-05-11T14:33:43.621+0000] {dagbag.py:539} INFO - Filling up the DagBag from /opt/airflow/dags/example_etl.py
[2025-05-11T14:33:43.630+0000] {processor.py:839} INFO - DAG(s) dict_keys(['example_etl']) retrieved from /opt/airflow/dags/example_etl.py
[2025-05-11T14:33:43.641+0000] {logging_mixin.py:151} INFO - [2025-05-11T14:33:43.641+0000] {dag.py:2915} INFO - Sync 1 DAGs
[2025-05-11T14:33:43.650+0000] {logging_mixin.py:151} INFO - [2025-05-11T14:33:43.650+0000] {dag.py:3696} INFO - Setting next_dagrun for example_etl to 2025-05-10T00:00:00+00:00, run_after=2025-05-11T00:00:00+00:00
[2025-05-11T14:33:43.659+0000] {processor.py:179} INFO - Processing /opt/airflow/dags/example_etl.py took 0.041 seconds
[2025-05-11T14:34:13.810+0000] {processor.py:157} INFO - Started process (PID=648) to work on /opt/airflow/dags/example_etl.py
[2025-05-11T14:34:13.810+0000] {processor.py:829} INFO - Processing file /opt/airflow/dags/example_etl.py for tasks to queue
[2025-05-11T14:34:13.811+0000] {logging_mixin.py:151} INFO - [2025-05-11T14:34:13.811+0000] {dagbag.py:539} INFO - Filling up the DagBag from /opt/airflow/dags/example_etl.py
[2025-05-11T14:34:13.823+0000] {processor.py:839} INFO - DAG(s) dict_keys(['example_etl']) retrieved from /opt/airflow/dags/example_etl.py
[2025-05-11T14:34:13.838+0000] {logging_mixin.py:151} INFO - [2025-05-11T14:34:13.838+0000] {dag.py:2915} INFO - Sync 1 DAGs
[2025-05-11T14:34:13.847+0000] {logging_mixin.py:151} INFO - [2025-05-11T14:34:13.847+0000] {dag.py:3696} INFO - Setting next_dagrun for example_etl to 2025-05-10T00:00:00+00:00, run_after=2025-05-11T00:00:00+00:00
[2025-05-11T14:34:13.860+0000] {processor.py:179} INFO - Processing /opt/airflow/dags/example_etl.py took 0.054 seconds
[2025-05-11T14:34:44.018+0000] {processor.py:157} INFO - Started process (PID=650) to work on /opt/airflow/dags/example_etl.py
[2025-05-11T14:34:44.020+0000] {processor.py:829} INFO - Processing file /opt/airflow/dags/example_etl.py for tasks to queue
[2025-05-11T14:34:44.021+0000] {logging_mixin.py:151} INFO - [2025-05-11T14:34:44.020+0000] {dagbag.py:539} INFO - Filling up the DagBag from /opt/airflow/dags/example_etl.py
[2025-05-11T14:34:44.032+0000] {processor.py:839} INFO - DAG(s) dict_keys(['example_etl']) retrieved from /opt/airflow/dags/example_etl.py
[2025-05-11T14:34:44.046+0000] {logging_mixin.py:151} INFO - [2025-05-11T14:34:44.046+0000] {dag.py:2915} INFO - Sync 1 DAGs
[2025-05-11T14:34:44.056+0000] {logging_mixin.py:151} INFO - [2025-05-11T14:34:44.056+0000] {dag.py:3696} INFO - Setting next_dagrun for example_etl to 2025-05-10T00:00:00+00:00, run_after=2025-05-11T00:00:00+00:00
[2025-05-11T14:34:44.066+0000] {processor.py:179} INFO - Processing /opt/airflow/dags/example_etl.py took 0.051 seconds
[2025-05-11T14:35:14.256+0000] {processor.py:157} INFO - Started process (PID=652) to work on /opt/airflow/dags/example_etl.py
[2025-05-11T14:35:14.257+0000] {processor.py:829} INFO - Processing file /opt/airflow/dags/example_etl.py for tasks to queue
[2025-05-11T14:35:14.258+0000] {logging_mixin.py:151} INFO - [2025-05-11T14:35:14.258+0000] {dagbag.py:539} INFO - Filling up the DagBag from /opt/airflow/dags/example_etl.py
[2025-05-11T14:35:14.270+0000] {processor.py:839} INFO - DAG(s) dict_keys(['example_etl']) retrieved from /opt/airflow/dags/example_etl.py
[2025-05-11T14:35:14.284+0000] {logging_mixin.py:151} INFO - [2025-05-11T14:35:14.284+0000] {dag.py:2915} INFO - Sync 1 DAGs
[2025-05-11T14:35:14.293+0000] {logging_mixin.py:151} INFO - [2025-05-11T14:35:14.293+0000] {dag.py:3696} INFO - Setting next_dagrun for example_etl to 2025-05-10T00:00:00+00:00, run_after=2025-05-11T00:00:00+00:00
[2025-05-11T14:35:14.301+0000] {processor.py:179} INFO - Processing /opt/airflow/dags/example_etl.py took 0.048 seconds
[2025-05-11T14:35:44.475+0000] {processor.py:157} INFO - Started process (PID=654) to work on /opt/airflow/dags/example_etl.py
[2025-05-11T14:35:44.476+0000] {processor.py:829} INFO - Processing file /opt/airflow/dags/example_etl.py for tasks to queue
[2025-05-11T14:35:44.476+0000] {logging_mixin.py:151} INFO - [2025-05-11T14:35:44.476+0000] {dagbag.py:539} INFO - Filling up the DagBag from /opt/airflow/dags/example_etl.py
[2025-05-11T14:35:44.487+0000] {processor.py:839} INFO - DAG(s) dict_keys(['example_etl']) retrieved from /opt/airflow/dags/example_etl.py
[2025-05-11T14:35:44.501+0000] {logging_mixin.py:151} INFO - [2025-05-11T14:35:44.501+0000] {dag.py:2915} INFO - Sync 1 DAGs
[2025-05-11T14:35:44.510+0000] {logging_mixin.py:151} INFO - [2025-05-11T14:35:44.510+0000] {dag.py:3696} INFO - Setting next_dagrun for example_etl to 2025-05-10T00:00:00+00:00, run_after=2025-05-11T00:00:00+00:00
[2025-05-11T14:35:44.521+0000] {processor.py:179} INFO - Processing /opt/airflow/dags/example_etl.py took 0.048 seconds
[2025-05-11T14:36:14.876+0000] {processor.py:157} INFO - Started process (PID=656) to work on /opt/airflow/dags/example_etl.py
[2025-05-11T14:36:14.877+0000] {processor.py:829} INFO - Processing file /opt/airflow/dags/example_etl.py for tasks to queue
[2025-05-11T14:36:14.878+0000] {logging_mixin.py:151} INFO - [2025-05-11T14:36:14.877+0000] {dagbag.py:539} INFO - Filling up the DagBag from /opt/airflow/dags/example_etl.py
[2025-05-11T14:36:14.891+0000] {processor.py:839} INFO - DAG(s) dict_keys(['example_etl']) retrieved from /opt/airflow/dags/example_etl.py
[2025-05-11T14:36:14.907+0000] {logging_mixin.py:151} INFO - [2025-05-11T14:36:14.907+0000] {dag.py:2915} INFO - Sync 1 DAGs
[2025-05-11T14:36:14.916+0000] {logging_mixin.py:151} INFO - [2025-05-11T14:36:14.916+0000] {dag.py:3696} INFO - Setting next_dagrun for example_etl to 2025-05-10T00:00:00+00:00, run_after=2025-05-11T00:00:00+00:00
[2025-05-11T14:36:14.927+0000] {processor.py:179} INFO - Processing /opt/airflow/dags/example_etl.py took 0.055 seconds
[2025-05-11T14:36:45.136+0000] {processor.py:157} INFO - Started process (PID=658) to work on /opt/airflow/dags/example_etl.py
[2025-05-11T14:36:45.137+0000] {processor.py:829} INFO - Processing file /opt/airflow/dags/example_etl.py for tasks to queue
[2025-05-11T14:36:45.138+0000] {logging_mixin.py:151} INFO - [2025-05-11T14:36:45.137+0000] {dagbag.py:539} INFO - Filling up the DagBag from /opt/airflow/dags/example_etl.py
[2025-05-11T14:36:45.151+0000] {processor.py:839} INFO - DAG(s) dict_keys(['example_etl']) retrieved from /opt/airflow/dags/example_etl.py
[2025-05-11T14:36:45.166+0000] {logging_mixin.py:151} INFO - [2025-05-11T14:36:45.166+0000] {dag.py:2915} INFO - Sync 1 DAGs
[2025-05-11T14:36:45.175+0000] {logging_mixin.py:151} INFO - [2025-05-11T14:36:45.175+0000] {dag.py:3696} INFO - Setting next_dagrun for example_etl to 2025-05-10T00:00:00+00:00, run_after=2025-05-11T00:00:00+00:00
[2025-05-11T14:36:45.184+0000] {processor.py:179} INFO - Processing /opt/airflow/dags/example_etl.py took 0.053 seconds
[2025-05-11T14:37:15.364+0000] {processor.py:157} INFO - Started process (PID=660) to work on /opt/airflow/dags/example_etl.py
[2025-05-11T14:37:15.365+0000] {processor.py:829} INFO - Processing file /opt/airflow/dags/example_etl.py for tasks to queue
[2025-05-11T14:37:15.366+0000] {logging_mixin.py:151} INFO - [2025-05-11T14:37:15.366+0000] {dagbag.py:539} INFO - Filling up the DagBag from /opt/airflow/dags/example_etl.py
[2025-05-11T14:37:15.377+0000] {processor.py:839} INFO - DAG(s) dict_keys(['example_etl']) retrieved from /opt/airflow/dags/example_etl.py
[2025-05-11T14:37:15.392+0000] {logging_mixin.py:151} INFO - [2025-05-11T14:37:15.392+0000] {dag.py:2915} INFO - Sync 1 DAGs
[2025-05-11T14:37:15.401+0000] {logging_mixin.py:151} INFO - [2025-05-11T14:37:15.400+0000] {dag.py:3696} INFO - Setting next_dagrun for example_etl to 2025-05-10T00:00:00+00:00, run_after=2025-05-11T00:00:00+00:00
[2025-05-11T14:37:15.411+0000] {processor.py:179} INFO - Processing /opt/airflow/dags/example_etl.py took 0.049 seconds
[2025-05-11T14:37:45.562+0000] {processor.py:157} INFO - Started process (PID=662) to work on /opt/airflow/dags/example_etl.py
[2025-05-11T14:37:45.563+0000] {processor.py:829} INFO - Processing file /opt/airflow/dags/example_etl.py for tasks to queue
[2025-05-11T14:37:45.563+0000] {logging_mixin.py:151} INFO - [2025-05-11T14:37:45.563+0000] {dagbag.py:539} INFO - Filling up the DagBag from /opt/airflow/dags/example_etl.py
[2025-05-11T14:37:45.572+0000] {processor.py:839} INFO - DAG(s) dict_keys(['example_etl']) retrieved from /opt/airflow/dags/example_etl.py
[2025-05-11T14:37:45.585+0000] {logging_mixin.py:151} INFO - [2025-05-11T14:37:45.584+0000] {dag.py:2915} INFO - Sync 1 DAGs
[2025-05-11T14:37:45.594+0000] {logging_mixin.py:151} INFO - [2025-05-11T14:37:45.594+0000] {dag.py:3696} INFO - Setting next_dagrun for example_etl to 2025-05-10T00:00:00+00:00, run_after=2025-05-11T00:00:00+00:00
[2025-05-11T14:37:45.603+0000] {processor.py:179} INFO - Processing /opt/airflow/dags/example_etl.py took 0.043 seconds
[2025-05-11T14:38:15.815+0000] {processor.py:157} INFO - Started process (PID=664) to work on /opt/airflow/dags/example_etl.py
[2025-05-11T14:38:15.816+0000] {processor.py:829} INFO - Processing file /opt/airflow/dags/example_etl.py for tasks to queue
[2025-05-11T14:38:15.817+0000] {logging_mixin.py:151} INFO - [2025-05-11T14:38:15.817+0000] {dagbag.py:539} INFO - Filling up the DagBag from /opt/airflow/dags/example_etl.py
[2025-05-11T14:38:15.829+0000] {processor.py:839} INFO - DAG(s) dict_keys(['example_etl']) retrieved from /opt/airflow/dags/example_etl.py
[2025-05-11T14:38:15.846+0000] {logging_mixin.py:151} INFO - [2025-05-11T14:38:15.845+0000] {dag.py:2915} INFO - Sync 1 DAGs
[2025-05-11T14:38:15.855+0000] {logging_mixin.py:151} INFO - [2025-05-11T14:38:15.855+0000] {dag.py:3696} INFO - Setting next_dagrun for example_etl to 2025-05-10T00:00:00+00:00, run_after=2025-05-11T00:00:00+00:00
[2025-05-11T14:38:15.864+0000] {processor.py:179} INFO - Processing /opt/airflow/dags/example_etl.py took 0.052 seconds
[2025-05-11T14:38:46.586+0000] {processor.py:157} INFO - Started process (PID=666) to work on /opt/airflow/dags/example_etl.py
[2025-05-11T14:38:46.587+0000] {processor.py:829} INFO - Processing file /opt/airflow/dags/example_etl.py for tasks to queue
[2025-05-11T14:38:46.588+0000] {logging_mixin.py:151} INFO - [2025-05-11T14:38:46.587+0000] {dagbag.py:539} INFO - Filling up the DagBag from /opt/airflow/dags/example_etl.py
[2025-05-11T14:38:46.601+0000] {processor.py:839} INFO - DAG(s) dict_keys(['example_etl']) retrieved from /opt/airflow/dags/example_etl.py
[2025-05-11T14:38:46.616+0000] {logging_mixin.py:151} INFO - [2025-05-11T14:38:46.616+0000] {dag.py:2915} INFO - Sync 1 DAGs
[2025-05-11T14:38:46.627+0000] {logging_mixin.py:151} INFO - [2025-05-11T14:38:46.627+0000] {dag.py:3696} INFO - Setting next_dagrun for example_etl to 2025-05-10T00:00:00+00:00, run_after=2025-05-11T00:00:00+00:00
[2025-05-11T14:38:46.641+0000] {processor.py:179} INFO - Processing /opt/airflow/dags/example_etl.py took 0.058 seconds
[2025-05-11T14:39:17.351+0000] {processor.py:157} INFO - Started process (PID=668) to work on /opt/airflow/dags/example_etl.py
[2025-05-11T14:39:17.352+0000] {processor.py:829} INFO - Processing file /opt/airflow/dags/example_etl.py for tasks to queue
[2025-05-11T14:39:17.353+0000] {logging_mixin.py:151} INFO - [2025-05-11T14:39:17.352+0000] {dagbag.py:539} INFO - Filling up the DagBag from /opt/airflow/dags/example_etl.py
[2025-05-11T14:39:17.364+0000] {processor.py:839} INFO - DAG(s) dict_keys(['example_etl']) retrieved from /opt/airflow/dags/example_etl.py
[2025-05-11T14:39:17.380+0000] {logging_mixin.py:151} INFO - [2025-05-11T14:39:17.380+0000] {dag.py:2915} INFO - Sync 1 DAGs
[2025-05-11T14:39:17.389+0000] {logging_mixin.py:151} INFO - [2025-05-11T14:39:17.389+0000] {dag.py:3696} INFO - Setting next_dagrun for example_etl to 2025-05-10T00:00:00+00:00, run_after=2025-05-11T00:00:00+00:00
[2025-05-11T14:39:17.398+0000] {processor.py:179} INFO - Processing /opt/airflow/dags/example_etl.py took 0.051 seconds
[2025-05-11T14:39:47.549+0000] {processor.py:157} INFO - Started process (PID=670) to work on /opt/airflow/dags/example_etl.py
[2025-05-11T14:39:47.550+0000] {processor.py:829} INFO - Processing file /opt/airflow/dags/example_etl.py for tasks to queue
[2025-05-11T14:39:47.550+0000] {logging_mixin.py:151} INFO - [2025-05-11T14:39:47.550+0000] {dagbag.py:539} INFO - Filling up the DagBag from /opt/airflow/dags/example_etl.py
[2025-05-11T14:39:47.562+0000] {processor.py:839} INFO - DAG(s) dict_keys(['example_etl']) retrieved from /opt/airflow/dags/example_etl.py
[2025-05-11T14:39:47.577+0000] {logging_mixin.py:151} INFO - [2025-05-11T14:39:47.577+0000] {dag.py:2915} INFO - Sync 1 DAGs
[2025-05-11T14:39:47.588+0000] {logging_mixin.py:151} INFO - [2025-05-11T14:39:47.588+0000] {dag.py:3696} INFO - Setting next_dagrun for example_etl to 2025-05-10T00:00:00+00:00, run_after=2025-05-11T00:00:00+00:00
[2025-05-11T14:39:47.628+0000] {processor.py:179} INFO - Processing /opt/airflow/dags/example_etl.py took 0.081 seconds
[2025-05-11T14:40:17.739+0000] {processor.py:157} INFO - Started process (PID=672) to work on /opt/airflow/dags/example_etl.py
[2025-05-11T14:40:17.739+0000] {processor.py:829} INFO - Processing file /opt/airflow/dags/example_etl.py for tasks to queue
[2025-05-11T14:40:17.740+0000] {logging_mixin.py:151} INFO - [2025-05-11T14:40:17.740+0000] {dagbag.py:539} INFO - Filling up the DagBag from /opt/airflow/dags/example_etl.py
[2025-05-11T14:40:17.750+0000] {processor.py:839} INFO - DAG(s) dict_keys(['example_etl']) retrieved from /opt/airflow/dags/example_etl.py
[2025-05-11T14:40:17.764+0000] {logging_mixin.py:151} INFO - [2025-05-11T14:40:17.764+0000] {dag.py:2915} INFO - Sync 1 DAGs
[2025-05-11T14:40:17.774+0000] {logging_mixin.py:151} INFO - [2025-05-11T14:40:17.774+0000] {dag.py:3696} INFO - Setting next_dagrun for example_etl to 2025-05-10T00:00:00+00:00, run_after=2025-05-11T00:00:00+00:00
[2025-05-11T14:40:17.783+0000] {processor.py:179} INFO - Processing /opt/airflow/dags/example_etl.py took 0.049 seconds
[2025-05-11T14:40:47.962+0000] {processor.py:157} INFO - Started process (PID=674) to work on /opt/airflow/dags/example_etl.py
[2025-05-11T14:40:47.963+0000] {processor.py:829} INFO - Processing file /opt/airflow/dags/example_etl.py for tasks to queue
[2025-05-11T14:40:47.963+0000] {logging_mixin.py:151} INFO - [2025-05-11T14:40:47.963+0000] {dagbag.py:539} INFO - Filling up the DagBag from /opt/airflow/dags/example_etl.py
[2025-05-11T14:40:47.970+0000] {processor.py:839} INFO - DAG(s) dict_keys(['example_etl']) retrieved from /opt/airflow/dags/example_etl.py
[2025-05-11T14:40:47.981+0000] {logging_mixin.py:151} INFO - [2025-05-11T14:40:47.981+0000] {dag.py:2915} INFO - Sync 1 DAGs
[2025-05-11T14:40:47.989+0000] {logging_mixin.py:151} INFO - [2025-05-11T14:40:47.989+0000] {dag.py:3696} INFO - Setting next_dagrun for example_etl to 2025-05-10T00:00:00+00:00, run_after=2025-05-11T00:00:00+00:00
[2025-05-11T14:40:47.996+0000] {processor.py:179} INFO - Processing /opt/airflow/dags/example_etl.py took 0.037 seconds
[2025-05-11T14:41:18.129+0000] {processor.py:157} INFO - Started process (PID=676) to work on /opt/airflow/dags/example_etl.py
[2025-05-11T14:41:18.130+0000] {processor.py:829} INFO - Processing file /opt/airflow/dags/example_etl.py for tasks to queue
[2025-05-11T14:41:18.130+0000] {logging_mixin.py:151} INFO - [2025-05-11T14:41:18.130+0000] {dagbag.py:539} INFO - Filling up the DagBag from /opt/airflow/dags/example_etl.py
[2025-05-11T14:41:18.141+0000] {processor.py:839} INFO - DAG(s) dict_keys(['example_etl']) retrieved from /opt/airflow/dags/example_etl.py
[2025-05-11T14:41:18.154+0000] {logging_mixin.py:151} INFO - [2025-05-11T14:41:18.154+0000] {dag.py:2915} INFO - Sync 1 DAGs
[2025-05-11T14:41:18.165+0000] {logging_mixin.py:151} INFO - [2025-05-11T14:41:18.165+0000] {dag.py:3696} INFO - Setting next_dagrun for example_etl to 2025-05-10T00:00:00+00:00, run_after=2025-05-11T00:00:00+00:00
[2025-05-11T14:41:18.175+0000] {processor.py:179} INFO - Processing /opt/airflow/dags/example_etl.py took 0.048 seconds
[2025-05-11T14:41:48.321+0000] {processor.py:157} INFO - Started process (PID=678) to work on /opt/airflow/dags/example_etl.py
[2025-05-11T14:41:48.322+0000] {processor.py:829} INFO - Processing file /opt/airflow/dags/example_etl.py for tasks to queue
[2025-05-11T14:41:48.323+0000] {logging_mixin.py:151} INFO - [2025-05-11T14:41:48.322+0000] {dagbag.py:539} INFO - Filling up the DagBag from /opt/airflow/dags/example_etl.py
[2025-05-11T14:41:48.339+0000] {processor.py:839} INFO - DAG(s) dict_keys(['example_etl']) retrieved from /opt/airflow/dags/example_etl.py
[2025-05-11T14:41:48.359+0000] {logging_mixin.py:151} INFO - [2025-05-11T14:41:48.359+0000] {dag.py:2915} INFO - Sync 1 DAGs
[2025-05-11T14:41:48.373+0000] {logging_mixin.py:151} INFO - [2025-05-11T14:41:48.373+0000] {dag.py:3696} INFO - Setting next_dagrun for example_etl to 2025-05-10T00:00:00+00:00, run_after=2025-05-11T00:00:00+00:00
[2025-05-11T14:41:48.385+0000] {processor.py:179} INFO - Processing /opt/airflow/dags/example_etl.py took 0.068 seconds
[2025-05-11T14:42:18.509+0000] {processor.py:157} INFO - Started process (PID=680) to work on /opt/airflow/dags/example_etl.py
[2025-05-11T14:42:18.509+0000] {processor.py:829} INFO - Processing file /opt/airflow/dags/example_etl.py for tasks to queue
[2025-05-11T14:42:18.510+0000] {logging_mixin.py:151} INFO - [2025-05-11T14:42:18.510+0000] {dagbag.py:539} INFO - Filling up the DagBag from /opt/airflow/dags/example_etl.py
[2025-05-11T14:42:18.522+0000] {processor.py:839} INFO - DAG(s) dict_keys(['example_etl']) retrieved from /opt/airflow/dags/example_etl.py
[2025-05-11T14:42:18.536+0000] {logging_mixin.py:151} INFO - [2025-05-11T14:42:18.536+0000] {dag.py:2915} INFO - Sync 1 DAGs
[2025-05-11T14:42:18.545+0000] {logging_mixin.py:151} INFO - [2025-05-11T14:42:18.545+0000] {dag.py:3696} INFO - Setting next_dagrun for example_etl to 2025-05-10T00:00:00+00:00, run_after=2025-05-11T00:00:00+00:00
[2025-05-11T14:42:18.556+0000] {processor.py:179} INFO - Processing /opt/airflow/dags/example_etl.py took 0.051 seconds
[2025-05-11T14:42:49.049+0000] {processor.py:157} INFO - Started process (PID=682) to work on /opt/airflow/dags/example_etl.py
[2025-05-11T14:42:49.050+0000] {processor.py:829} INFO - Processing file /opt/airflow/dags/example_etl.py for tasks to queue
[2025-05-11T14:42:49.051+0000] {logging_mixin.py:151} INFO - [2025-05-11T14:42:49.050+0000] {dagbag.py:539} INFO - Filling up the DagBag from /opt/airflow/dags/example_etl.py
[2025-05-11T14:42:49.063+0000] {processor.py:839} INFO - DAG(s) dict_keys(['example_etl']) retrieved from /opt/airflow/dags/example_etl.py
[2025-05-11T14:42:49.078+0000] {logging_mixin.py:151} INFO - [2025-05-11T14:42:49.078+0000] {dag.py:2915} INFO - Sync 1 DAGs
[2025-05-11T14:42:49.087+0000] {logging_mixin.py:151} INFO - [2025-05-11T14:42:49.087+0000] {dag.py:3696} INFO - Setting next_dagrun for example_etl to 2025-05-10T00:00:00+00:00, run_after=2025-05-11T00:00:00+00:00
[2025-05-11T14:42:49.097+0000] {processor.py:179} INFO - Processing /opt/airflow/dags/example_etl.py took 0.052 seconds
[2025-05-11T14:43:20.033+0000] {processor.py:157} INFO - Started process (PID=684) to work on /opt/airflow/dags/example_etl.py
[2025-05-11T14:43:20.034+0000] {processor.py:829} INFO - Processing file /opt/airflow/dags/example_etl.py for tasks to queue
[2025-05-11T14:43:20.035+0000] {logging_mixin.py:151} INFO - [2025-05-11T14:43:20.034+0000] {dagbag.py:539} INFO - Filling up the DagBag from /opt/airflow/dags/example_etl.py
[2025-05-11T14:43:20.048+0000] {processor.py:839} INFO - DAG(s) dict_keys(['example_etl']) retrieved from /opt/airflow/dags/example_etl.py
[2025-05-11T14:43:20.063+0000] {logging_mixin.py:151} INFO - [2025-05-11T14:43:20.063+0000] {dag.py:2915} INFO - Sync 1 DAGs
[2025-05-11T14:43:20.073+0000] {logging_mixin.py:151} INFO - [2025-05-11T14:43:20.073+0000] {dag.py:3696} INFO - Setting next_dagrun for example_etl to 2025-05-10T00:00:00+00:00, run_after=2025-05-11T00:00:00+00:00
[2025-05-11T14:43:20.082+0000] {processor.py:179} INFO - Processing /opt/airflow/dags/example_etl.py took 0.053 seconds
[2025-05-11T14:43:50.306+0000] {processor.py:157} INFO - Started process (PID=686) to work on /opt/airflow/dags/example_etl.py
[2025-05-11T14:43:50.307+0000] {processor.py:829} INFO - Processing file /opt/airflow/dags/example_etl.py for tasks to queue
[2025-05-11T14:43:50.308+0000] {logging_mixin.py:151} INFO - [2025-05-11T14:43:50.307+0000] {dagbag.py:539} INFO - Filling up the DagBag from /opt/airflow/dags/example_etl.py
[2025-05-11T14:43:50.318+0000] {processor.py:839} INFO - DAG(s) dict_keys(['example_etl']) retrieved from /opt/airflow/dags/example_etl.py
[2025-05-11T14:43:50.332+0000] {logging_mixin.py:151} INFO - [2025-05-11T14:43:50.332+0000] {dag.py:2915} INFO - Sync 1 DAGs
[2025-05-11T14:43:50.342+0000] {logging_mixin.py:151} INFO - [2025-05-11T14:43:50.342+0000] {dag.py:3696} INFO - Setting next_dagrun for example_etl to 2025-05-10T00:00:00+00:00, run_after=2025-05-11T00:00:00+00:00
[2025-05-11T14:43:50.351+0000] {processor.py:179} INFO - Processing /opt/airflow/dags/example_etl.py took 0.049 seconds
[2025-05-11T14:44:20.526+0000] {processor.py:157} INFO - Started process (PID=688) to work on /opt/airflow/dags/example_etl.py
[2025-05-11T14:44:20.527+0000] {processor.py:829} INFO - Processing file /opt/airflow/dags/example_etl.py for tasks to queue
[2025-05-11T14:44:20.529+0000] {logging_mixin.py:151} INFO - [2025-05-11T14:44:20.528+0000] {dagbag.py:539} INFO - Filling up the DagBag from /opt/airflow/dags/example_etl.py
[2025-05-11T14:44:20.547+0000] {processor.py:839} INFO - DAG(s) dict_keys(['example_etl']) retrieved from /opt/airflow/dags/example_etl.py
[2025-05-11T14:44:20.567+0000] {logging_mixin.py:151} INFO - [2025-05-11T14:44:20.567+0000] {dag.py:2915} INFO - Sync 1 DAGs
[2025-05-11T14:44:20.579+0000] {logging_mixin.py:151} INFO - [2025-05-11T14:44:20.579+0000] {dag.py:3696} INFO - Setting next_dagrun for example_etl to 2025-05-10T00:00:00+00:00, run_after=2025-05-11T00:00:00+00:00
[2025-05-11T14:44:20.590+0000] {processor.py:179} INFO - Processing /opt/airflow/dags/example_etl.py took 0.069 seconds
[2025-05-11T14:44:50.781+0000] {processor.py:157} INFO - Started process (PID=690) to work on /opt/airflow/dags/example_etl.py
[2025-05-11T14:44:50.782+0000] {processor.py:829} INFO - Processing file /opt/airflow/dags/example_etl.py for tasks to queue
[2025-05-11T14:44:50.783+0000] {logging_mixin.py:151} INFO - [2025-05-11T14:44:50.782+0000] {dagbag.py:539} INFO - Filling up the DagBag from /opt/airflow/dags/example_etl.py
[2025-05-11T14:44:50.794+0000] {processor.py:839} INFO - DAG(s) dict_keys(['example_etl']) retrieved from /opt/airflow/dags/example_etl.py
[2025-05-11T14:44:50.809+0000] {logging_mixin.py:151} INFO - [2025-05-11T14:44:50.809+0000] {dag.py:2915} INFO - Sync 1 DAGs
[2025-05-11T14:44:50.819+0000] {logging_mixin.py:151} INFO - [2025-05-11T14:44:50.819+0000] {dag.py:3696} INFO - Setting next_dagrun for example_etl to 2025-05-10T00:00:00+00:00, run_after=2025-05-11T00:00:00+00:00
[2025-05-11T14:44:50.829+0000] {processor.py:179} INFO - Processing /opt/airflow/dags/example_etl.py took 0.052 seconds
[2025-05-11T14:45:21.017+0000] {processor.py:157} INFO - Started process (PID=692) to work on /opt/airflow/dags/example_etl.py
[2025-05-11T14:45:21.018+0000] {processor.py:829} INFO - Processing file /opt/airflow/dags/example_etl.py for tasks to queue
[2025-05-11T14:45:21.018+0000] {logging_mixin.py:151} INFO - [2025-05-11T14:45:21.018+0000] {dagbag.py:539} INFO - Filling up the DagBag from /opt/airflow/dags/example_etl.py
[2025-05-11T14:45:21.025+0000] {processor.py:839} INFO - DAG(s) dict_keys(['example_etl']) retrieved from /opt/airflow/dags/example_etl.py
[2025-05-11T14:45:21.035+0000] {logging_mixin.py:151} INFO - [2025-05-11T14:45:21.035+0000] {dag.py:2915} INFO - Sync 1 DAGs
[2025-05-11T14:45:21.043+0000] {logging_mixin.py:151} INFO - [2025-05-11T14:45:21.043+0000] {dag.py:3696} INFO - Setting next_dagrun for example_etl to 2025-05-10T00:00:00+00:00, run_after=2025-05-11T00:00:00+00:00
[2025-05-11T14:45:21.051+0000] {processor.py:179} INFO - Processing /opt/airflow/dags/example_etl.py took 0.035 seconds
[2025-05-11T14:45:51.226+0000] {processor.py:157} INFO - Started process (PID=694) to work on /opt/airflow/dags/example_etl.py
[2025-05-11T14:45:51.226+0000] {processor.py:829} INFO - Processing file /opt/airflow/dags/example_etl.py for tasks to queue
[2025-05-11T14:45:51.227+0000] {logging_mixin.py:151} INFO - [2025-05-11T14:45:51.227+0000] {dagbag.py:539} INFO - Filling up the DagBag from /opt/airflow/dags/example_etl.py
[2025-05-11T14:45:51.234+0000] {processor.py:839} INFO - DAG(s) dict_keys(['example_etl']) retrieved from /opt/airflow/dags/example_etl.py
[2025-05-11T14:45:51.244+0000] {logging_mixin.py:151} INFO - [2025-05-11T14:45:51.244+0000] {dag.py:2915} INFO - Sync 1 DAGs
[2025-05-11T14:45:51.252+0000] {logging_mixin.py:151} INFO - [2025-05-11T14:45:51.252+0000] {dag.py:3696} INFO - Setting next_dagrun for example_etl to 2025-05-10T00:00:00+00:00, run_after=2025-05-11T00:00:00+00:00
[2025-05-11T14:45:51.261+0000] {processor.py:179} INFO - Processing /opt/airflow/dags/example_etl.py took 0.036 seconds
[2025-05-11T14:46:21.472+0000] {processor.py:157} INFO - Started process (PID=696) to work on /opt/airflow/dags/example_etl.py
[2025-05-11T14:46:21.472+0000] {processor.py:829} INFO - Processing file /opt/airflow/dags/example_etl.py for tasks to queue
[2025-05-11T14:46:21.473+0000] {logging_mixin.py:151} INFO - [2025-05-11T14:46:21.472+0000] {dagbag.py:539} INFO - Filling up the DagBag from /opt/airflow/dags/example_etl.py
[2025-05-11T14:46:21.479+0000] {processor.py:839} INFO - DAG(s) dict_keys(['example_etl']) retrieved from /opt/airflow/dags/example_etl.py
[2025-05-11T14:46:21.492+0000] {logging_mixin.py:151} INFO - [2025-05-11T14:46:21.492+0000] {dag.py:2915} INFO - Sync 1 DAGs
[2025-05-11T14:46:21.503+0000] {logging_mixin.py:151} INFO - [2025-05-11T14:46:21.503+0000] {dag.py:3696} INFO - Setting next_dagrun for example_etl to 2025-05-10T00:00:00+00:00, run_after=2025-05-11T00:00:00+00:00
[2025-05-11T14:46:21.512+0000] {processor.py:179} INFO - Processing /opt/airflow/dags/example_etl.py took 0.041 seconds
[2025-05-11T14:46:51.696+0000] {processor.py:157} INFO - Started process (PID=698) to work on /opt/airflow/dags/example_etl.py
[2025-05-11T14:46:51.697+0000] {processor.py:829} INFO - Processing file /opt/airflow/dags/example_etl.py for tasks to queue
[2025-05-11T14:46:51.698+0000] {logging_mixin.py:151} INFO - [2025-05-11T14:46:51.697+0000] {dagbag.py:539} INFO - Filling up the DagBag from /opt/airflow/dags/example_etl.py
[2025-05-11T14:46:51.711+0000] {processor.py:839} INFO - DAG(s) dict_keys(['example_etl']) retrieved from /opt/airflow/dags/example_etl.py
[2025-05-11T14:46:51.727+0000] {logging_mixin.py:151} INFO - [2025-05-11T14:46:51.727+0000] {dag.py:2915} INFO - Sync 1 DAGs
[2025-05-11T14:46:51.736+0000] {logging_mixin.py:151} INFO - [2025-05-11T14:46:51.736+0000] {dag.py:3696} INFO - Setting next_dagrun for example_etl to 2025-05-10T00:00:00+00:00, run_after=2025-05-11T00:00:00+00:00
[2025-05-11T14:46:51.746+0000] {processor.py:179} INFO - Processing /opt/airflow/dags/example_etl.py took 0.054 seconds
[2025-05-11T14:47:21.925+0000] {processor.py:157} INFO - Started process (PID=700) to work on /opt/airflow/dags/example_etl.py
[2025-05-11T14:47:21.926+0000] {processor.py:829} INFO - Processing file /opt/airflow/dags/example_etl.py for tasks to queue
[2025-05-11T14:47:21.926+0000] {logging_mixin.py:151} INFO - [2025-05-11T14:47:21.926+0000] {dagbag.py:539} INFO - Filling up the DagBag from /opt/airflow/dags/example_etl.py
[2025-05-11T14:47:21.933+0000] {processor.py:839} INFO - DAG(s) dict_keys(['example_etl']) retrieved from /opt/airflow/dags/example_etl.py
[2025-05-11T14:47:21.943+0000] {logging_mixin.py:151} INFO - [2025-05-11T14:47:21.943+0000] {dag.py:2915} INFO - Sync 1 DAGs
[2025-05-11T14:47:21.951+0000] {logging_mixin.py:151} INFO - [2025-05-11T14:47:21.951+0000] {dag.py:3696} INFO - Setting next_dagrun for example_etl to 2025-05-10T00:00:00+00:00, run_after=2025-05-11T00:00:00+00:00
[2025-05-11T14:47:21.958+0000] {processor.py:179} INFO - Processing /opt/airflow/dags/example_etl.py took 0.034 seconds
[2025-05-11T14:47:52.183+0000] {processor.py:157} INFO - Started process (PID=702) to work on /opt/airflow/dags/example_etl.py
[2025-05-11T14:47:52.184+0000] {processor.py:829} INFO - Processing file /opt/airflow/dags/example_etl.py for tasks to queue
[2025-05-11T14:47:52.186+0000] {logging_mixin.py:151} INFO - [2025-05-11T14:47:52.185+0000] {dagbag.py:539} INFO - Filling up the DagBag from /opt/airflow/dags/example_etl.py
[2025-05-11T14:47:52.198+0000] {processor.py:839} INFO - DAG(s) dict_keys(['example_etl']) retrieved from /opt/airflow/dags/example_etl.py
[2025-05-11T14:47:52.216+0000] {logging_mixin.py:151} INFO - [2025-05-11T14:47:52.216+0000] {dag.py:2915} INFO - Sync 1 DAGs
[2025-05-11T14:47:52.228+0000] {logging_mixin.py:151} INFO - [2025-05-11T14:47:52.228+0000] {dag.py:3696} INFO - Setting next_dagrun for example_etl to 2025-05-10T00:00:00+00:00, run_after=2025-05-11T00:00:00+00:00
[2025-05-11T14:47:52.237+0000] {processor.py:179} INFO - Processing /opt/airflow/dags/example_etl.py took 0.057 seconds
[2025-05-11T14:48:22.418+0000] {processor.py:157} INFO - Started process (PID=704) to work on /opt/airflow/dags/example_etl.py
[2025-05-11T14:48:22.419+0000] {processor.py:829} INFO - Processing file /opt/airflow/dags/example_etl.py for tasks to queue
[2025-05-11T14:48:22.419+0000] {logging_mixin.py:151} INFO - [2025-05-11T14:48:22.419+0000] {dagbag.py:539} INFO - Filling up the DagBag from /opt/airflow/dags/example_etl.py
[2025-05-11T14:48:22.430+0000] {processor.py:839} INFO - DAG(s) dict_keys(['example_etl']) retrieved from /opt/airflow/dags/example_etl.py
[2025-05-11T14:48:22.444+0000] {logging_mixin.py:151} INFO - [2025-05-11T14:48:22.444+0000] {dag.py:2915} INFO - Sync 1 DAGs
[2025-05-11T14:48:22.454+0000] {logging_mixin.py:151} INFO - [2025-05-11T14:48:22.454+0000] {dag.py:3696} INFO - Setting next_dagrun for example_etl to 2025-05-10T00:00:00+00:00, run_after=2025-05-11T00:00:00+00:00
[2025-05-11T14:48:22.464+0000] {processor.py:179} INFO - Processing /opt/airflow/dags/example_etl.py took 0.049 seconds
[2025-05-11T14:48:52.605+0000] {processor.py:157} INFO - Started process (PID=706) to work on /opt/airflow/dags/example_etl.py
[2025-05-11T14:48:52.606+0000] {processor.py:829} INFO - Processing file /opt/airflow/dags/example_etl.py for tasks to queue
[2025-05-11T14:48:52.607+0000] {logging_mixin.py:151} INFO - [2025-05-11T14:48:52.606+0000] {dagbag.py:539} INFO - Filling up the DagBag from /opt/airflow/dags/example_etl.py
[2025-05-11T14:48:52.619+0000] {processor.py:839} INFO - DAG(s) dict_keys(['example_etl']) retrieved from /opt/airflow/dags/example_etl.py
[2025-05-11T14:48:52.637+0000] {logging_mixin.py:151} INFO - [2025-05-11T14:48:52.636+0000] {dag.py:2915} INFO - Sync 1 DAGs
[2025-05-11T14:48:52.647+0000] {logging_mixin.py:151} INFO - [2025-05-11T14:48:52.647+0000] {dag.py:3696} INFO - Setting next_dagrun for example_etl to 2025-05-10T00:00:00+00:00, run_after=2025-05-11T00:00:00+00:00
[2025-05-11T14:48:52.657+0000] {processor.py:179} INFO - Processing /opt/airflow/dags/example_etl.py took 0.056 seconds
[2025-05-11T14:49:22.790+0000] {processor.py:157} INFO - Started process (PID=708) to work on /opt/airflow/dags/example_etl.py
[2025-05-11T14:49:22.791+0000] {processor.py:829} INFO - Processing file /opt/airflow/dags/example_etl.py for tasks to queue
[2025-05-11T14:49:22.792+0000] {logging_mixin.py:151} INFO - [2025-05-11T14:49:22.792+0000] {dagbag.py:539} INFO - Filling up the DagBag from /opt/airflow/dags/example_etl.py
[2025-05-11T14:49:22.805+0000] {processor.py:839} INFO - DAG(s) dict_keys(['example_etl']) retrieved from /opt/airflow/dags/example_etl.py
[2025-05-11T14:49:22.820+0000] {logging_mixin.py:151} INFO - [2025-05-11T14:49:22.820+0000] {dag.py:2915} INFO - Sync 1 DAGs
[2025-05-11T14:49:22.830+0000] {logging_mixin.py:151} INFO - [2025-05-11T14:49:22.829+0000] {dag.py:3696} INFO - Setting next_dagrun for example_etl to 2025-05-10T00:00:00+00:00, run_after=2025-05-11T00:00:00+00:00
[2025-05-11T14:49:22.839+0000] {processor.py:179} INFO - Processing /opt/airflow/dags/example_etl.py took 0.054 seconds
[2025-05-11T14:49:52.969+0000] {processor.py:157} INFO - Started process (PID=710) to work on /opt/airflow/dags/example_etl.py
[2025-05-11T14:49:52.970+0000] {processor.py:829} INFO - Processing file /opt/airflow/dags/example_etl.py for tasks to queue
[2025-05-11T14:49:52.970+0000] {logging_mixin.py:151} INFO - [2025-05-11T14:49:52.970+0000] {dagbag.py:539} INFO - Filling up the DagBag from /opt/airflow/dags/example_etl.py
[2025-05-11T14:49:52.979+0000] {processor.py:839} INFO - DAG(s) dict_keys(['example_etl']) retrieved from /opt/airflow/dags/example_etl.py
[2025-05-11T14:49:52.990+0000] {logging_mixin.py:151} INFO - [2025-05-11T14:49:52.990+0000] {dag.py:2915} INFO - Sync 1 DAGs
[2025-05-11T14:49:52.999+0000] {logging_mixin.py:151} INFO - [2025-05-11T14:49:52.999+0000] {dag.py:3696} INFO - Setting next_dagrun for example_etl to 2025-05-10T00:00:00+00:00, run_after=2025-05-11T00:00:00+00:00
[2025-05-11T14:49:53.007+0000] {processor.py:179} INFO - Processing /opt/airflow/dags/example_etl.py took 0.040 seconds
[2025-05-11T14:50:23.155+0000] {processor.py:157} INFO - Started process (PID=712) to work on /opt/airflow/dags/example_etl.py
[2025-05-11T14:50:23.155+0000] {processor.py:829} INFO - Processing file /opt/airflow/dags/example_etl.py for tasks to queue
[2025-05-11T14:50:23.156+0000] {logging_mixin.py:151} INFO - [2025-05-11T14:50:23.156+0000] {dagbag.py:539} INFO - Filling up the DagBag from /opt/airflow/dags/example_etl.py
[2025-05-11T14:50:23.163+0000] {processor.py:839} INFO - DAG(s) dict_keys(['example_etl']) retrieved from /opt/airflow/dags/example_etl.py
[2025-05-11T14:50:23.174+0000] {logging_mixin.py:151} INFO - [2025-05-11T14:50:23.174+0000] {dag.py:2915} INFO - Sync 1 DAGs
[2025-05-11T14:50:23.183+0000] {logging_mixin.py:151} INFO - [2025-05-11T14:50:23.183+0000] {dag.py:3696} INFO - Setting next_dagrun for example_etl to 2025-05-10T00:00:00+00:00, run_after=2025-05-11T00:00:00+00:00
[2025-05-11T14:50:23.192+0000] {processor.py:179} INFO - Processing /opt/airflow/dags/example_etl.py took 0.039 seconds
[2025-05-11T14:50:53.336+0000] {processor.py:157} INFO - Started process (PID=714) to work on /opt/airflow/dags/example_etl.py
[2025-05-11T14:50:53.336+0000] {processor.py:829} INFO - Processing file /opt/airflow/dags/example_etl.py for tasks to queue
[2025-05-11T14:50:53.337+0000] {logging_mixin.py:151} INFO - [2025-05-11T14:50:53.337+0000] {dagbag.py:539} INFO - Filling up the DagBag from /opt/airflow/dags/example_etl.py
[2025-05-11T14:50:53.347+0000] {processor.py:839} INFO - DAG(s) dict_keys(['example_etl']) retrieved from /opt/airflow/dags/example_etl.py
[2025-05-11T14:50:53.361+0000] {logging_mixin.py:151} INFO - [2025-05-11T14:50:53.361+0000] {dag.py:2915} INFO - Sync 1 DAGs
[2025-05-11T14:50:53.371+0000] {logging_mixin.py:151} INFO - [2025-05-11T14:50:53.371+0000] {dag.py:3696} INFO - Setting next_dagrun for example_etl to 2025-05-10T00:00:00+00:00, run_after=2025-05-11T00:00:00+00:00
[2025-05-11T14:50:53.381+0000] {processor.py:179} INFO - Processing /opt/airflow/dags/example_etl.py took 0.048 seconds
[2025-05-11T14:51:23.533+0000] {processor.py:157} INFO - Started process (PID=716) to work on /opt/airflow/dags/example_etl.py
[2025-05-11T14:51:23.534+0000] {processor.py:829} INFO - Processing file /opt/airflow/dags/example_etl.py for tasks to queue
[2025-05-11T14:51:23.535+0000] {logging_mixin.py:151} INFO - [2025-05-11T14:51:23.534+0000] {dagbag.py:539} INFO - Filling up the DagBag from /opt/airflow/dags/example_etl.py
[2025-05-11T14:51:23.546+0000] {processor.py:839} INFO - DAG(s) dict_keys(['example_etl']) retrieved from /opt/airflow/dags/example_etl.py
[2025-05-11T14:51:23.558+0000] {logging_mixin.py:151} INFO - [2025-05-11T14:51:23.558+0000] {dag.py:2915} INFO - Sync 1 DAGs
[2025-05-11T14:51:23.567+0000] {logging_mixin.py:151} INFO - [2025-05-11T14:51:23.567+0000] {dag.py:3696} INFO - Setting next_dagrun for example_etl to 2025-05-10T00:00:00+00:00, run_after=2025-05-11T00:00:00+00:00
[2025-05-11T14:51:23.577+0000] {processor.py:179} INFO - Processing /opt/airflow/dags/example_etl.py took 0.047 seconds
[2025-05-11T14:51:53.744+0000] {processor.py:157} INFO - Started process (PID=718) to work on /opt/airflow/dags/example_etl.py
[2025-05-11T14:51:53.745+0000] {processor.py:829} INFO - Processing file /opt/airflow/dags/example_etl.py for tasks to queue
[2025-05-11T14:51:53.747+0000] {logging_mixin.py:151} INFO - [2025-05-11T14:51:53.746+0000] {dagbag.py:539} INFO - Filling up the DagBag from /opt/airflow/dags/example_etl.py
[2025-05-11T14:51:53.764+0000] {processor.py:839} INFO - DAG(s) dict_keys(['example_etl']) retrieved from /opt/airflow/dags/example_etl.py
[2025-05-11T14:51:53.784+0000] {logging_mixin.py:151} INFO - [2025-05-11T14:51:53.784+0000] {dag.py:2915} INFO - Sync 1 DAGs
[2025-05-11T14:51:53.795+0000] {logging_mixin.py:151} INFO - [2025-05-11T14:51:53.795+0000] {dag.py:3696} INFO - Setting next_dagrun for example_etl to 2025-05-10T00:00:00+00:00, run_after=2025-05-11T00:00:00+00:00
[2025-05-11T14:51:53.805+0000] {processor.py:179} INFO - Processing /opt/airflow/dags/example_etl.py took 0.065 seconds
[2025-05-11T14:52:23.955+0000] {processor.py:157} INFO - Started process (PID=720) to work on /opt/airflow/dags/example_etl.py
[2025-05-11T14:52:23.956+0000] {processor.py:829} INFO - Processing file /opt/airflow/dags/example_etl.py for tasks to queue
[2025-05-11T14:52:23.956+0000] {logging_mixin.py:151} INFO - [2025-05-11T14:52:23.956+0000] {dagbag.py:539} INFO - Filling up the DagBag from /opt/airflow/dags/example_etl.py
[2025-05-11T14:52:23.965+0000] {processor.py:839} INFO - DAG(s) dict_keys(['example_etl']) retrieved from /opt/airflow/dags/example_etl.py
[2025-05-11T14:52:23.977+0000] {logging_mixin.py:151} INFO - [2025-05-11T14:52:23.977+0000] {dag.py:2915} INFO - Sync 1 DAGs
[2025-05-11T14:52:23.987+0000] {logging_mixin.py:151} INFO - [2025-05-11T14:52:23.987+0000] {dag.py:3696} INFO - Setting next_dagrun for example_etl to 2025-05-10T00:00:00+00:00, run_after=2025-05-11T00:00:00+00:00
[2025-05-11T14:52:23.996+0000] {processor.py:179} INFO - Processing /opt/airflow/dags/example_etl.py took 0.043 seconds
[2025-05-11T14:52:54.225+0000] {processor.py:157} INFO - Started process (PID=722) to work on /opt/airflow/dags/example_etl.py
[2025-05-11T14:52:54.226+0000] {processor.py:829} INFO - Processing file /opt/airflow/dags/example_etl.py for tasks to queue
[2025-05-11T14:52:54.227+0000] {logging_mixin.py:151} INFO - [2025-05-11T14:52:54.227+0000] {dagbag.py:539} INFO - Filling up the DagBag from /opt/airflow/dags/example_etl.py
[2025-05-11T14:52:54.240+0000] {processor.py:839} INFO - DAG(s) dict_keys(['example_etl']) retrieved from /opt/airflow/dags/example_etl.py
[2025-05-11T14:52:54.254+0000] {logging_mixin.py:151} INFO - [2025-05-11T14:52:54.254+0000] {dag.py:2915} INFO - Sync 1 DAGs
[2025-05-11T14:52:54.263+0000] {logging_mixin.py:151} INFO - [2025-05-11T14:52:54.263+0000] {dag.py:3696} INFO - Setting next_dagrun for example_etl to 2025-05-10T00:00:00+00:00, run_after=2025-05-11T00:00:00+00:00
[2025-05-11T14:52:54.273+0000] {processor.py:179} INFO - Processing /opt/airflow/dags/example_etl.py took 0.052 seconds
[2025-05-11T14:53:24.429+0000] {processor.py:157} INFO - Started process (PID=724) to work on /opt/airflow/dags/example_etl.py
[2025-05-11T14:53:24.429+0000] {processor.py:829} INFO - Processing file /opt/airflow/dags/example_etl.py for tasks to queue
[2025-05-11T14:53:24.430+0000] {logging_mixin.py:151} INFO - [2025-05-11T14:53:24.430+0000] {dagbag.py:539} INFO - Filling up the DagBag from /opt/airflow/dags/example_etl.py
[2025-05-11T14:53:24.438+0000] {processor.py:839} INFO - DAG(s) dict_keys(['example_etl']) retrieved from /opt/airflow/dags/example_etl.py
[2025-05-11T14:53:24.449+0000] {logging_mixin.py:151} INFO - [2025-05-11T14:53:24.449+0000] {dag.py:2915} INFO - Sync 1 DAGs
[2025-05-11T14:53:24.457+0000] {logging_mixin.py:151} INFO - [2025-05-11T14:53:24.457+0000] {dag.py:3696} INFO - Setting next_dagrun for example_etl to 2025-05-10T00:00:00+00:00, run_after=2025-05-11T00:00:00+00:00
[2025-05-11T14:53:24.465+0000] {processor.py:179} INFO - Processing /opt/airflow/dags/example_etl.py took 0.038 seconds
[2025-05-11T14:53:54.644+0000] {processor.py:157} INFO - Started process (PID=726) to work on /opt/airflow/dags/example_etl.py
[2025-05-11T14:53:54.645+0000] {processor.py:829} INFO - Processing file /opt/airflow/dags/example_etl.py for tasks to queue
[2025-05-11T14:53:54.646+0000] {logging_mixin.py:151} INFO - [2025-05-11T14:53:54.646+0000] {dagbag.py:539} INFO - Filling up the DagBag from /opt/airflow/dags/example_etl.py
[2025-05-11T14:53:54.659+0000] {processor.py:839} INFO - DAG(s) dict_keys(['example_etl']) retrieved from /opt/airflow/dags/example_etl.py
[2025-05-11T14:53:54.675+0000] {logging_mixin.py:151} INFO - [2025-05-11T14:53:54.675+0000] {dag.py:2915} INFO - Sync 1 DAGs
[2025-05-11T14:53:54.685+0000] {logging_mixin.py:151} INFO - [2025-05-11T14:53:54.685+0000] {dag.py:3696} INFO - Setting next_dagrun for example_etl to 2025-05-10T00:00:00+00:00, run_after=2025-05-11T00:00:00+00:00
[2025-05-11T14:53:54.695+0000] {processor.py:179} INFO - Processing /opt/airflow/dags/example_etl.py took 0.054 seconds
[2025-05-11T14:54:24.859+0000] {processor.py:157} INFO - Started process (PID=728) to work on /opt/airflow/dags/example_etl.py
[2025-05-11T14:54:24.860+0000] {processor.py:829} INFO - Processing file /opt/airflow/dags/example_etl.py for tasks to queue
[2025-05-11T14:54:24.861+0000] {logging_mixin.py:151} INFO - [2025-05-11T14:54:24.861+0000] {dagbag.py:539} INFO - Filling up the DagBag from /opt/airflow/dags/example_etl.py
[2025-05-11T14:54:24.874+0000] {processor.py:839} INFO - DAG(s) dict_keys(['example_etl']) retrieved from /opt/airflow/dags/example_etl.py
[2025-05-11T14:54:24.887+0000] {logging_mixin.py:151} INFO - [2025-05-11T14:54:24.887+0000] {dag.py:2915} INFO - Sync 1 DAGs
[2025-05-11T14:54:24.896+0000] {logging_mixin.py:151} INFO - [2025-05-11T14:54:24.896+0000] {dag.py:3696} INFO - Setting next_dagrun for example_etl to 2025-05-10T00:00:00+00:00, run_after=2025-05-11T00:00:00+00:00
[2025-05-11T14:54:24.905+0000] {processor.py:179} INFO - Processing /opt/airflow/dags/example_etl.py took 0.050 seconds
[2025-05-11T14:54:55.138+0000] {processor.py:157} INFO - Started process (PID=730) to work on /opt/airflow/dags/example_etl.py
[2025-05-11T14:54:55.138+0000] {processor.py:829} INFO - Processing file /opt/airflow/dags/example_etl.py for tasks to queue
[2025-05-11T14:54:55.139+0000] {logging_mixin.py:151} INFO - [2025-05-11T14:54:55.139+0000] {dagbag.py:539} INFO - Filling up the DagBag from /opt/airflow/dags/example_etl.py
[2025-05-11T14:54:55.151+0000] {processor.py:839} INFO - DAG(s) dict_keys(['example_etl']) retrieved from /opt/airflow/dags/example_etl.py
[2025-05-11T14:54:55.167+0000] {logging_mixin.py:151} INFO - [2025-05-11T14:54:55.167+0000] {dag.py:2915} INFO - Sync 1 DAGs
[2025-05-11T14:54:55.177+0000] {logging_mixin.py:151} INFO - [2025-05-11T14:54:55.177+0000] {dag.py:3696} INFO - Setting next_dagrun for example_etl to 2025-05-10T00:00:00+00:00, run_after=2025-05-11T00:00:00+00:00
[2025-05-11T14:54:55.187+0000] {processor.py:179} INFO - Processing /opt/airflow/dags/example_etl.py took 0.053 seconds
[2025-05-11T14:55:25.407+0000] {processor.py:157} INFO - Started process (PID=732) to work on /opt/airflow/dags/example_etl.py
[2025-05-11T14:55:25.408+0000] {processor.py:829} INFO - Processing file /opt/airflow/dags/example_etl.py for tasks to queue
[2025-05-11T14:55:25.409+0000] {logging_mixin.py:151} INFO - [2025-05-11T14:55:25.409+0000] {dagbag.py:539} INFO - Filling up the DagBag from /opt/airflow/dags/example_etl.py
[2025-05-11T14:55:25.425+0000] {processor.py:839} INFO - DAG(s) dict_keys(['example_etl']) retrieved from /opt/airflow/dags/example_etl.py
[2025-05-11T14:55:25.442+0000] {logging_mixin.py:151} INFO - [2025-05-11T14:55:25.442+0000] {dag.py:2915} INFO - Sync 1 DAGs
[2025-05-11T14:55:25.453+0000] {logging_mixin.py:151} INFO - [2025-05-11T14:55:25.453+0000] {dag.py:3696} INFO - Setting next_dagrun for example_etl to 2025-05-10T00:00:00+00:00, run_after=2025-05-11T00:00:00+00:00
[2025-05-11T14:55:25.464+0000] {processor.py:179} INFO - Processing /opt/airflow/dags/example_etl.py took 0.061 seconds
[2025-05-11T14:55:55.625+0000] {processor.py:157} INFO - Started process (PID=734) to work on /opt/airflow/dags/example_etl.py
[2025-05-11T14:55:55.625+0000] {processor.py:829} INFO - Processing file /opt/airflow/dags/example_etl.py for tasks to queue
[2025-05-11T14:55:55.626+0000] {logging_mixin.py:151} INFO - [2025-05-11T14:55:55.626+0000] {dagbag.py:539} INFO - Filling up the DagBag from /opt/airflow/dags/example_etl.py
[2025-05-11T14:55:55.638+0000] {processor.py:839} INFO - DAG(s) dict_keys(['example_etl']) retrieved from /opt/airflow/dags/example_etl.py
[2025-05-11T14:55:55.653+0000] {logging_mixin.py:151} INFO - [2025-05-11T14:55:55.653+0000] {dag.py:2915} INFO - Sync 1 DAGs
[2025-05-11T14:55:55.663+0000] {logging_mixin.py:151} INFO - [2025-05-11T14:55:55.663+0000] {dag.py:3696} INFO - Setting next_dagrun for example_etl to 2025-05-10T00:00:00+00:00, run_after=2025-05-11T00:00:00+00:00
[2025-05-11T14:55:55.672+0000] {processor.py:179} INFO - Processing /opt/airflow/dags/example_etl.py took 0.051 seconds
[2025-05-11T14:56:25.851+0000] {processor.py:157} INFO - Started process (PID=736) to work on /opt/airflow/dags/example_etl.py
[2025-05-11T14:56:25.852+0000] {processor.py:829} INFO - Processing file /opt/airflow/dags/example_etl.py for tasks to queue
[2025-05-11T14:56:25.852+0000] {logging_mixin.py:151} INFO - [2025-05-11T14:56:25.852+0000] {dagbag.py:539} INFO - Filling up the DagBag from /opt/airflow/dags/example_etl.py
[2025-05-11T14:56:25.863+0000] {processor.py:839} INFO - DAG(s) dict_keys(['example_etl']) retrieved from /opt/airflow/dags/example_etl.py
[2025-05-11T14:56:25.877+0000] {logging_mixin.py:151} INFO - [2025-05-11T14:56:25.877+0000] {dag.py:2915} INFO - Sync 1 DAGs
[2025-05-11T14:56:25.886+0000] {logging_mixin.py:151} INFO - [2025-05-11T14:56:25.886+0000] {dag.py:3696} INFO - Setting next_dagrun for example_etl to 2025-05-10T00:00:00+00:00, run_after=2025-05-11T00:00:00+00:00
[2025-05-11T14:56:25.897+0000] {processor.py:179} INFO - Processing /opt/airflow/dags/example_etl.py took 0.049 seconds
[2025-05-11T14:56:56.104+0000] {processor.py:157} INFO - Started process (PID=738) to work on /opt/airflow/dags/example_etl.py
[2025-05-11T14:56:56.105+0000] {processor.py:829} INFO - Processing file /opt/airflow/dags/example_etl.py for tasks to queue
[2025-05-11T14:56:56.106+0000] {logging_mixin.py:151} INFO - [2025-05-11T14:56:56.105+0000] {dagbag.py:539} INFO - Filling up the DagBag from /opt/airflow/dags/example_etl.py
[2025-05-11T14:56:56.115+0000] {processor.py:839} INFO - DAG(s) dict_keys(['example_etl']) retrieved from /opt/airflow/dags/example_etl.py
[2025-05-11T14:56:56.128+0000] {logging_mixin.py:151} INFO - [2025-05-11T14:56:56.128+0000] {dag.py:2915} INFO - Sync 1 DAGs
[2025-05-11T14:56:56.138+0000] {logging_mixin.py:151} INFO - [2025-05-11T14:56:56.138+0000] {dag.py:3696} INFO - Setting next_dagrun for example_etl to 2025-05-10T00:00:00+00:00, run_after=2025-05-11T00:00:00+00:00
[2025-05-11T14:56:56.148+0000] {processor.py:179} INFO - Processing /opt/airflow/dags/example_etl.py took 0.046 seconds
[2025-05-11T14:57:26.361+0000] {processor.py:157} INFO - Started process (PID=740) to work on /opt/airflow/dags/example_etl.py
[2025-05-11T14:57:26.362+0000] {processor.py:829} INFO - Processing file /opt/airflow/dags/example_etl.py for tasks to queue
[2025-05-11T14:57:26.363+0000] {logging_mixin.py:151} INFO - [2025-05-11T14:57:26.363+0000] {dagbag.py:539} INFO - Filling up the DagBag from /opt/airflow/dags/example_etl.py
[2025-05-11T14:57:26.376+0000] {processor.py:839} INFO - DAG(s) dict_keys(['example_etl']) retrieved from /opt/airflow/dags/example_etl.py
[2025-05-11T14:57:26.393+0000] {logging_mixin.py:151} INFO - [2025-05-11T14:57:26.393+0000] {dag.py:2915} INFO - Sync 1 DAGs
[2025-05-11T14:57:26.403+0000] {logging_mixin.py:151} INFO - [2025-05-11T14:57:26.403+0000] {dag.py:3696} INFO - Setting next_dagrun for example_etl to 2025-05-10T00:00:00+00:00, run_after=2025-05-11T00:00:00+00:00
[2025-05-11T14:57:26.414+0000] {processor.py:179} INFO - Processing /opt/airflow/dags/example_etl.py took 0.056 seconds
[2025-05-11T14:57:56.817+0000] {processor.py:157} INFO - Started process (PID=742) to work on /opt/airflow/dags/example_etl.py
[2025-05-11T14:57:56.818+0000] {processor.py:829} INFO - Processing file /opt/airflow/dags/example_etl.py for tasks to queue
[2025-05-11T14:57:56.819+0000] {logging_mixin.py:151} INFO - [2025-05-11T14:57:56.818+0000] {dagbag.py:539} INFO - Filling up the DagBag from /opt/airflow/dags/example_etl.py
[2025-05-11T14:57:56.832+0000] {processor.py:839} INFO - DAG(s) dict_keys(['example_etl']) retrieved from /opt/airflow/dags/example_etl.py
[2025-05-11T14:57:56.850+0000] {logging_mixin.py:151} INFO - [2025-05-11T14:57:56.850+0000] {dag.py:2915} INFO - Sync 1 DAGs
[2025-05-11T14:57:56.860+0000] {logging_mixin.py:151} INFO - [2025-05-11T14:57:56.860+0000] {dag.py:3696} INFO - Setting next_dagrun for example_etl to 2025-05-10T00:00:00+00:00, run_after=2025-05-11T00:00:00+00:00
[2025-05-11T14:57:56.870+0000] {processor.py:179} INFO - Processing /opt/airflow/dags/example_etl.py took 0.057 seconds
[2025-05-11T14:58:27.046+0000] {processor.py:157} INFO - Started process (PID=744) to work on /opt/airflow/dags/example_etl.py
[2025-05-11T14:58:27.047+0000] {processor.py:829} INFO - Processing file /opt/airflow/dags/example_etl.py for tasks to queue
[2025-05-11T14:58:27.049+0000] {logging_mixin.py:151} INFO - [2025-05-11T14:58:27.048+0000] {dagbag.py:539} INFO - Filling up the DagBag from /opt/airflow/dags/example_etl.py
[2025-05-11T14:58:27.067+0000] {processor.py:839} INFO - DAG(s) dict_keys(['example_etl']) retrieved from /opt/airflow/dags/example_etl.py
[2025-05-11T14:58:27.087+0000] {logging_mixin.py:151} INFO - [2025-05-11T14:58:27.087+0000] {dag.py:2915} INFO - Sync 1 DAGs
[2025-05-11T14:58:27.098+0000] {logging_mixin.py:151} INFO - [2025-05-11T14:58:27.098+0000] {dag.py:3696} INFO - Setting next_dagrun for example_etl to 2025-05-10T00:00:00+00:00, run_after=2025-05-11T00:00:00+00:00
[2025-05-11T14:58:27.108+0000] {processor.py:179} INFO - Processing /opt/airflow/dags/example_etl.py took 0.068 seconds
[2025-05-11T14:58:57.242+0000] {processor.py:157} INFO - Started process (PID=746) to work on /opt/airflow/dags/example_etl.py
[2025-05-11T14:58:57.243+0000] {processor.py:829} INFO - Processing file /opt/airflow/dags/example_etl.py for tasks to queue
[2025-05-11T14:58:57.244+0000] {logging_mixin.py:151} INFO - [2025-05-11T14:58:57.244+0000] {dagbag.py:539} INFO - Filling up the DagBag from /opt/airflow/dags/example_etl.py
[2025-05-11T14:58:57.258+0000] {processor.py:839} INFO - DAG(s) dict_keys(['example_etl']) retrieved from /opt/airflow/dags/example_etl.py
[2025-05-11T14:58:57.276+0000] {logging_mixin.py:151} INFO - [2025-05-11T14:58:57.275+0000] {dag.py:2915} INFO - Sync 1 DAGs
[2025-05-11T14:58:57.285+0000] {logging_mixin.py:151} INFO - [2025-05-11T14:58:57.285+0000] {dag.py:3696} INFO - Setting next_dagrun for example_etl to 2025-05-10T00:00:00+00:00, run_after=2025-05-11T00:00:00+00:00
[2025-05-11T14:58:57.294+0000] {processor.py:179} INFO - Processing /opt/airflow/dags/example_etl.py took 0.057 seconds
[2025-05-11T14:59:27.418+0000] {processor.py:157} INFO - Started process (PID=748) to work on /opt/airflow/dags/example_etl.py
[2025-05-11T14:59:27.419+0000] {processor.py:829} INFO - Processing file /opt/airflow/dags/example_etl.py for tasks to queue
[2025-05-11T14:59:27.420+0000] {logging_mixin.py:151} INFO - [2025-05-11T14:59:27.420+0000] {dagbag.py:539} INFO - Filling up the DagBag from /opt/airflow/dags/example_etl.py
[2025-05-11T14:59:27.429+0000] {processor.py:839} INFO - DAG(s) dict_keys(['example_etl']) retrieved from /opt/airflow/dags/example_etl.py
[2025-05-11T14:59:27.446+0000] {logging_mixin.py:151} INFO - [2025-05-11T14:59:27.446+0000] {dag.py:2915} INFO - Sync 1 DAGs
[2025-05-11T14:59:27.460+0000] {logging_mixin.py:151} INFO - [2025-05-11T14:59:27.459+0000] {dag.py:3696} INFO - Setting next_dagrun for example_etl to 2025-05-10T00:00:00+00:00, run_after=2025-05-11T00:00:00+00:00
[2025-05-11T14:59:27.471+0000] {processor.py:179} INFO - Processing /opt/airflow/dags/example_etl.py took 0.055 seconds
[2025-05-11T14:59:57.614+0000] {processor.py:157} INFO - Started process (PID=750) to work on /opt/airflow/dags/example_etl.py
[2025-05-11T14:59:57.615+0000] {processor.py:829} INFO - Processing file /opt/airflow/dags/example_etl.py for tasks to queue
[2025-05-11T14:59:57.615+0000] {logging_mixin.py:151} INFO - [2025-05-11T14:59:57.615+0000] {dagbag.py:539} INFO - Filling up the DagBag from /opt/airflow/dags/example_etl.py
[2025-05-11T14:59:57.626+0000] {processor.py:839} INFO - DAG(s) dict_keys(['example_etl']) retrieved from /opt/airflow/dags/example_etl.py
[2025-05-11T14:59:57.639+0000] {logging_mixin.py:151} INFO - [2025-05-11T14:59:57.639+0000] {dag.py:2915} INFO - Sync 1 DAGs
[2025-05-11T14:59:57.650+0000] {logging_mixin.py:151} INFO - [2025-05-11T14:59:57.650+0000] {dag.py:3696} INFO - Setting next_dagrun for example_etl to 2025-05-10T00:00:00+00:00, run_after=2025-05-11T00:00:00+00:00
[2025-05-11T14:59:57.659+0000] {processor.py:179} INFO - Processing /opt/airflow/dags/example_etl.py took 0.047 seconds
[2025-05-11T15:00:27.836+0000] {processor.py:157} INFO - Started process (PID=752) to work on /opt/airflow/dags/example_etl.py
[2025-05-11T15:00:27.837+0000] {processor.py:829} INFO - Processing file /opt/airflow/dags/example_etl.py for tasks to queue
[2025-05-11T15:00:27.838+0000] {logging_mixin.py:151} INFO - [2025-05-11T15:00:27.838+0000] {dagbag.py:539} INFO - Filling up the DagBag from /opt/airflow/dags/example_etl.py
[2025-05-11T15:00:27.852+0000] {processor.py:839} INFO - DAG(s) dict_keys(['example_etl']) retrieved from /opt/airflow/dags/example_etl.py
[2025-05-11T15:00:27.869+0000] {logging_mixin.py:151} INFO - [2025-05-11T15:00:27.869+0000] {dag.py:2915} INFO - Sync 1 DAGs
[2025-05-11T15:00:27.880+0000] {logging_mixin.py:151} INFO - [2025-05-11T15:00:27.879+0000] {dag.py:3696} INFO - Setting next_dagrun for example_etl to 2025-05-10T00:00:00+00:00, run_after=2025-05-11T00:00:00+00:00
[2025-05-11T15:00:27.889+0000] {processor.py:179} INFO - Processing /opt/airflow/dags/example_etl.py took 0.056 seconds
[2025-05-11T15:00:58.081+0000] {processor.py:157} INFO - Started process (PID=754) to work on /opt/airflow/dags/example_etl.py
[2025-05-11T15:00:58.082+0000] {processor.py:829} INFO - Processing file /opt/airflow/dags/example_etl.py for tasks to queue
[2025-05-11T15:00:58.083+0000] {logging_mixin.py:151} INFO - [2025-05-11T15:00:58.082+0000] {dagbag.py:539} INFO - Filling up the DagBag from /opt/airflow/dags/example_etl.py
[2025-05-11T15:00:58.095+0000] {processor.py:839} INFO - DAG(s) dict_keys(['example_etl']) retrieved from /opt/airflow/dags/example_etl.py
[2025-05-11T15:00:58.111+0000] {logging_mixin.py:151} INFO - [2025-05-11T15:00:58.111+0000] {dag.py:2915} INFO - Sync 1 DAGs
[2025-05-11T15:00:58.121+0000] {logging_mixin.py:151} INFO - [2025-05-11T15:00:58.121+0000] {dag.py:3696} INFO - Setting next_dagrun for example_etl to 2025-05-10T00:00:00+00:00, run_after=2025-05-11T00:00:00+00:00
[2025-05-11T15:00:58.131+0000] {processor.py:179} INFO - Processing /opt/airflow/dags/example_etl.py took 0.054 seconds
[2025-05-11T15:01:28.321+0000] {processor.py:157} INFO - Started process (PID=756) to work on /opt/airflow/dags/example_etl.py
[2025-05-11T15:01:28.322+0000] {processor.py:829} INFO - Processing file /opt/airflow/dags/example_etl.py for tasks to queue
[2025-05-11T15:01:28.323+0000] {logging_mixin.py:151} INFO - [2025-05-11T15:01:28.323+0000] {dagbag.py:539} INFO - Filling up the DagBag from /opt/airflow/dags/example_etl.py
[2025-05-11T15:01:28.337+0000] {processor.py:839} INFO - DAG(s) dict_keys(['example_etl']) retrieved from /opt/airflow/dags/example_etl.py
[2025-05-11T15:01:28.355+0000] {logging_mixin.py:151} INFO - [2025-05-11T15:01:28.355+0000] {dag.py:2915} INFO - Sync 1 DAGs
[2025-05-11T15:01:28.365+0000] {logging_mixin.py:151} INFO - [2025-05-11T15:01:28.365+0000] {dag.py:3696} INFO - Setting next_dagrun for example_etl to 2025-05-10T00:00:00+00:00, run_after=2025-05-11T00:00:00+00:00
[2025-05-11T15:01:28.374+0000] {processor.py:179} INFO - Processing /opt/airflow/dags/example_etl.py took 0.057 seconds
[2025-05-11T15:01:58.523+0000] {processor.py:157} INFO - Started process (PID=758) to work on /opt/airflow/dags/example_etl.py
[2025-05-11T15:01:58.523+0000] {processor.py:829} INFO - Processing file /opt/airflow/dags/example_etl.py for tasks to queue
[2025-05-11T15:01:58.524+0000] {logging_mixin.py:151} INFO - [2025-05-11T15:01:58.524+0000] {dagbag.py:539} INFO - Filling up the DagBag from /opt/airflow/dags/example_etl.py
[2025-05-11T15:01:58.539+0000] {processor.py:839} INFO - DAG(s) dict_keys(['example_etl']) retrieved from /opt/airflow/dags/example_etl.py
[2025-05-11T15:01:58.554+0000] {logging_mixin.py:151} INFO - [2025-05-11T15:01:58.554+0000] {dag.py:2915} INFO - Sync 1 DAGs
[2025-05-11T15:01:58.563+0000] {logging_mixin.py:151} INFO - [2025-05-11T15:01:58.563+0000] {dag.py:3696} INFO - Setting next_dagrun for example_etl to 2025-05-10T00:00:00+00:00, run_after=2025-05-11T00:00:00+00:00
[2025-05-11T15:01:58.571+0000] {processor.py:179} INFO - Processing /opt/airflow/dags/example_etl.py took 0.052 seconds
[2025-05-11T15:02:28.702+0000] {processor.py:157} INFO - Started process (PID=760) to work on /opt/airflow/dags/example_etl.py
[2025-05-11T15:02:28.703+0000] {processor.py:829} INFO - Processing file /opt/airflow/dags/example_etl.py for tasks to queue
[2025-05-11T15:02:28.703+0000] {logging_mixin.py:151} INFO - [2025-05-11T15:02:28.703+0000] {dagbag.py:539} INFO - Filling up the DagBag from /opt/airflow/dags/example_etl.py
[2025-05-11T15:02:28.713+0000] {processor.py:839} INFO - DAG(s) dict_keys(['example_etl']) retrieved from /opt/airflow/dags/example_etl.py
[2025-05-11T15:02:28.725+0000] {logging_mixin.py:151} INFO - [2025-05-11T15:02:28.725+0000] {dag.py:2915} INFO - Sync 1 DAGs
[2025-05-11T15:02:28.734+0000] {logging_mixin.py:151} INFO - [2025-05-11T15:02:28.734+0000] {dag.py:3696} INFO - Setting next_dagrun for example_etl to 2025-05-10T00:00:00+00:00, run_after=2025-05-11T00:00:00+00:00
[2025-05-11T15:02:28.744+0000] {processor.py:179} INFO - Processing /opt/airflow/dags/example_etl.py took 0.044 seconds
[2025-05-11T15:02:58.994+0000] {processor.py:157} INFO - Started process (PID=762) to work on /opt/airflow/dags/example_etl.py
[2025-05-11T15:02:58.995+0000] {processor.py:829} INFO - Processing file /opt/airflow/dags/example_etl.py for tasks to queue
[2025-05-11T15:02:58.996+0000] {logging_mixin.py:151} INFO - [2025-05-11T15:02:58.996+0000] {dagbag.py:539} INFO - Filling up the DagBag from /opt/airflow/dags/example_etl.py
[2025-05-11T15:02:59.007+0000] {processor.py:839} INFO - DAG(s) dict_keys(['example_etl']) retrieved from /opt/airflow/dags/example_etl.py
[2025-05-11T15:02:59.021+0000] {logging_mixin.py:151} INFO - [2025-05-11T15:02:59.021+0000] {dag.py:2915} INFO - Sync 1 DAGs
[2025-05-11T15:02:59.031+0000] {logging_mixin.py:151} INFO - [2025-05-11T15:02:59.031+0000] {dag.py:3696} INFO - Setting next_dagrun for example_etl to 2025-05-10T00:00:00+00:00, run_after=2025-05-11T00:00:00+00:00
[2025-05-11T15:02:59.040+0000] {processor.py:179} INFO - Processing /opt/airflow/dags/example_etl.py took 0.050 seconds
[2025-05-11T15:03:29.246+0000] {processor.py:157} INFO - Started process (PID=764) to work on /opt/airflow/dags/example_etl.py
[2025-05-11T15:03:29.247+0000] {processor.py:829} INFO - Processing file /opt/airflow/dags/example_etl.py for tasks to queue
[2025-05-11T15:03:29.248+0000] {logging_mixin.py:151} INFO - [2025-05-11T15:03:29.247+0000] {dagbag.py:539} INFO - Filling up the DagBag from /opt/airflow/dags/example_etl.py
[2025-05-11T15:03:29.261+0000] {processor.py:839} INFO - DAG(s) dict_keys(['example_etl']) retrieved from /opt/airflow/dags/example_etl.py
[2025-05-11T15:03:29.277+0000] {logging_mixin.py:151} INFO - [2025-05-11T15:03:29.277+0000] {dag.py:2915} INFO - Sync 1 DAGs
[2025-05-11T15:03:29.286+0000] {logging_mixin.py:151} INFO - [2025-05-11T15:03:29.286+0000] {dag.py:3696} INFO - Setting next_dagrun for example_etl to 2025-05-10T00:00:00+00:00, run_after=2025-05-11T00:00:00+00:00
[2025-05-11T15:03:29.295+0000] {processor.py:179} INFO - Processing /opt/airflow/dags/example_etl.py took 0.053 seconds
[2025-05-11T15:03:59.432+0000] {processor.py:157} INFO - Started process (PID=766) to work on /opt/airflow/dags/example_etl.py
[2025-05-11T15:03:59.433+0000] {processor.py:829} INFO - Processing file /opt/airflow/dags/example_etl.py for tasks to queue
[2025-05-11T15:03:59.433+0000] {logging_mixin.py:151} INFO - [2025-05-11T15:03:59.433+0000] {dagbag.py:539} INFO - Filling up the DagBag from /opt/airflow/dags/example_etl.py
[2025-05-11T15:03:59.441+0000] {processor.py:839} INFO - DAG(s) dict_keys(['example_etl']) retrieved from /opt/airflow/dags/example_etl.py
[2025-05-11T15:03:59.453+0000] {logging_mixin.py:151} INFO - [2025-05-11T15:03:59.453+0000] {dag.py:2915} INFO - Sync 1 DAGs
[2025-05-11T15:03:59.462+0000] {logging_mixin.py:151} INFO - [2025-05-11T15:03:59.462+0000] {dag.py:3696} INFO - Setting next_dagrun for example_etl to 2025-05-10T00:00:00+00:00, run_after=2025-05-11T00:00:00+00:00
[2025-05-11T15:03:59.471+0000] {processor.py:179} INFO - Processing /opt/airflow/dags/example_etl.py took 0.042 seconds
[2025-05-11T15:04:29.661+0000] {processor.py:157} INFO - Started process (PID=768) to work on /opt/airflow/dags/example_etl.py
[2025-05-11T15:04:29.662+0000] {processor.py:829} INFO - Processing file /opt/airflow/dags/example_etl.py for tasks to queue
[2025-05-11T15:04:29.663+0000] {logging_mixin.py:151} INFO - [2025-05-11T15:04:29.663+0000] {dagbag.py:539} INFO - Filling up the DagBag from /opt/airflow/dags/example_etl.py
[2025-05-11T15:04:29.678+0000] {processor.py:839} INFO - DAG(s) dict_keys(['example_etl']) retrieved from /opt/airflow/dags/example_etl.py
[2025-05-11T15:04:29.695+0000] {logging_mixin.py:151} INFO - [2025-05-11T15:04:29.695+0000] {dag.py:2915} INFO - Sync 1 DAGs
[2025-05-11T15:04:29.706+0000] {logging_mixin.py:151} INFO - [2025-05-11T15:04:29.706+0000] {dag.py:3696} INFO - Setting next_dagrun for example_etl to 2025-05-10T00:00:00+00:00, run_after=2025-05-11T00:00:00+00:00
[2025-05-11T15:04:29.715+0000] {processor.py:179} INFO - Processing /opt/airflow/dags/example_etl.py took 0.058 seconds
[2025-05-11T15:04:59.878+0000] {processor.py:157} INFO - Started process (PID=770) to work on /opt/airflow/dags/example_etl.py
[2025-05-11T15:04:59.879+0000] {processor.py:829} INFO - Processing file /opt/airflow/dags/example_etl.py for tasks to queue
[2025-05-11T15:04:59.879+0000] {logging_mixin.py:151} INFO - [2025-05-11T15:04:59.879+0000] {dagbag.py:539} INFO - Filling up the DagBag from /opt/airflow/dags/example_etl.py
[2025-05-11T15:04:59.890+0000] {processor.py:839} INFO - DAG(s) dict_keys(['example_etl']) retrieved from /opt/airflow/dags/example_etl.py
[2025-05-11T15:04:59.906+0000] {logging_mixin.py:151} INFO - [2025-05-11T15:04:59.906+0000] {dag.py:2915} INFO - Sync 1 DAGs
[2025-05-11T15:04:59.920+0000] {logging_mixin.py:151} INFO - [2025-05-11T15:04:59.920+0000] {dag.py:3696} INFO - Setting next_dagrun for example_etl to 2025-05-10T00:00:00+00:00, run_after=2025-05-11T00:00:00+00:00
[2025-05-11T15:04:59.931+0000] {processor.py:179} INFO - Processing /opt/airflow/dags/example_etl.py took 0.055 seconds
[2025-05-11T15:05:30.133+0000] {processor.py:157} INFO - Started process (PID=772) to work on /opt/airflow/dags/example_etl.py
[2025-05-11T15:05:30.134+0000] {processor.py:829} INFO - Processing file /opt/airflow/dags/example_etl.py for tasks to queue
[2025-05-11T15:05:30.134+0000] {logging_mixin.py:151} INFO - [2025-05-11T15:05:30.134+0000] {dagbag.py:539} INFO - Filling up the DagBag from /opt/airflow/dags/example_etl.py
[2025-05-11T15:05:30.147+0000] {processor.py:839} INFO - DAG(s) dict_keys(['example_etl']) retrieved from /opt/airflow/dags/example_etl.py
[2025-05-11T15:05:30.163+0000] {logging_mixin.py:151} INFO - [2025-05-11T15:05:30.163+0000] {dag.py:2915} INFO - Sync 1 DAGs
[2025-05-11T15:05:30.173+0000] {logging_mixin.py:151} INFO - [2025-05-11T15:05:30.173+0000] {dag.py:3696} INFO - Setting next_dagrun for example_etl to 2025-05-10T00:00:00+00:00, run_after=2025-05-11T00:00:00+00:00
[2025-05-11T15:05:30.183+0000] {processor.py:179} INFO - Processing /opt/airflow/dags/example_etl.py took 0.053 seconds
[2025-05-11T15:06:00.357+0000] {processor.py:157} INFO - Started process (PID=774) to work on /opt/airflow/dags/example_etl.py
[2025-05-11T15:06:00.358+0000] {processor.py:829} INFO - Processing file /opt/airflow/dags/example_etl.py for tasks to queue
[2025-05-11T15:06:00.359+0000] {logging_mixin.py:151} INFO - [2025-05-11T15:06:00.359+0000] {dagbag.py:539} INFO - Filling up the DagBag from /opt/airflow/dags/example_etl.py
[2025-05-11T15:06:00.373+0000] {processor.py:839} INFO - DAG(s) dict_keys(['example_etl']) retrieved from /opt/airflow/dags/example_etl.py
[2025-05-11T15:06:00.390+0000] {logging_mixin.py:151} INFO - [2025-05-11T15:06:00.390+0000] {dag.py:2915} INFO - Sync 1 DAGs
[2025-05-11T15:06:00.401+0000] {logging_mixin.py:151} INFO - [2025-05-11T15:06:00.401+0000] {dag.py:3696} INFO - Setting next_dagrun for example_etl to 2025-05-10T00:00:00+00:00, run_after=2025-05-11T00:00:00+00:00
[2025-05-11T15:06:00.411+0000] {processor.py:179} INFO - Processing /opt/airflow/dags/example_etl.py took 0.058 seconds
[2025-05-11T15:06:30.565+0000] {processor.py:157} INFO - Started process (PID=776) to work on /opt/airflow/dags/example_etl.py
[2025-05-11T15:06:30.568+0000] {processor.py:829} INFO - Processing file /opt/airflow/dags/example_etl.py for tasks to queue
[2025-05-11T15:06:30.568+0000] {logging_mixin.py:151} INFO - [2025-05-11T15:06:30.568+0000] {dagbag.py:539} INFO - Filling up the DagBag from /opt/airflow/dags/example_etl.py
[2025-05-11T15:06:30.579+0000] {processor.py:839} INFO - DAG(s) dict_keys(['example_etl']) retrieved from /opt/airflow/dags/example_etl.py
[2025-05-11T15:06:30.592+0000] {logging_mixin.py:151} INFO - [2025-05-11T15:06:30.592+0000] {dag.py:2915} INFO - Sync 1 DAGs
[2025-05-11T15:06:30.603+0000] {logging_mixin.py:151} INFO - [2025-05-11T15:06:30.603+0000] {dag.py:3696} INFO - Setting next_dagrun for example_etl to 2025-05-10T00:00:00+00:00, run_after=2025-05-11T00:00:00+00:00
[2025-05-11T15:06:30.613+0000] {processor.py:179} INFO - Processing /opt/airflow/dags/example_etl.py took 0.051 seconds
[2025-05-11T15:07:00.773+0000] {processor.py:157} INFO - Started process (PID=778) to work on /opt/airflow/dags/example_etl.py
[2025-05-11T15:07:00.775+0000] {processor.py:829} INFO - Processing file /opt/airflow/dags/example_etl.py for tasks to queue
[2025-05-11T15:07:00.776+0000] {logging_mixin.py:151} INFO - [2025-05-11T15:07:00.775+0000] {dagbag.py:539} INFO - Filling up the DagBag from /opt/airflow/dags/example_etl.py
[2025-05-11T15:07:00.798+0000] {processor.py:839} INFO - DAG(s) dict_keys(['example_etl']) retrieved from /opt/airflow/dags/example_etl.py
[2025-05-11T15:07:00.827+0000] {logging_mixin.py:151} INFO - [2025-05-11T15:07:00.827+0000] {dag.py:2915} INFO - Sync 1 DAGs
[2025-05-11T15:07:00.843+0000] {logging_mixin.py:151} INFO - [2025-05-11T15:07:00.843+0000] {dag.py:3696} INFO - Setting next_dagrun for example_etl to 2025-05-10T00:00:00+00:00, run_after=2025-05-11T00:00:00+00:00
[2025-05-11T15:07:00.854+0000] {processor.py:179} INFO - Processing /opt/airflow/dags/example_etl.py took 0.086 seconds
[2025-05-11T15:07:30.958+0000] {processor.py:157} INFO - Started process (PID=780) to work on /opt/airflow/dags/example_etl.py
[2025-05-11T15:07:30.959+0000] {processor.py:829} INFO - Processing file /opt/airflow/dags/example_etl.py for tasks to queue
[2025-05-11T15:07:30.960+0000] {logging_mixin.py:151} INFO - [2025-05-11T15:07:30.960+0000] {dagbag.py:539} INFO - Filling up the DagBag from /opt/airflow/dags/example_etl.py
[2025-05-11T15:07:30.975+0000] {processor.py:839} INFO - DAG(s) dict_keys(['example_etl']) retrieved from /opt/airflow/dags/example_etl.py
[2025-05-11T15:07:30.994+0000] {logging_mixin.py:151} INFO - [2025-05-11T15:07:30.994+0000] {dag.py:2915} INFO - Sync 1 DAGs
[2025-05-11T15:07:31.004+0000] {logging_mixin.py:151} INFO - [2025-05-11T15:07:31.004+0000] {dag.py:3696} INFO - Setting next_dagrun for example_etl to 2025-05-10T00:00:00+00:00, run_after=2025-05-11T00:00:00+00:00
[2025-05-11T15:07:31.013+0000] {processor.py:179} INFO - Processing /opt/airflow/dags/example_etl.py took 0.059 seconds
[2025-05-11T15:08:01.152+0000] {processor.py:157} INFO - Started process (PID=782) to work on /opt/airflow/dags/example_etl.py
[2025-05-11T15:08:01.153+0000] {processor.py:829} INFO - Processing file /opt/airflow/dags/example_etl.py for tasks to queue
[2025-05-11T15:08:01.153+0000] {logging_mixin.py:151} INFO - [2025-05-11T15:08:01.153+0000] {dagbag.py:539} INFO - Filling up the DagBag from /opt/airflow/dags/example_etl.py
[2025-05-11T15:08:01.161+0000] {processor.py:839} INFO - DAG(s) dict_keys(['example_etl']) retrieved from /opt/airflow/dags/example_etl.py
[2025-05-11T15:08:01.171+0000] {logging_mixin.py:151} INFO - [2025-05-11T15:08:01.171+0000] {dag.py:2915} INFO - Sync 1 DAGs
[2025-05-11T15:08:01.180+0000] {logging_mixin.py:151} INFO - [2025-05-11T15:08:01.180+0000] {dag.py:3696} INFO - Setting next_dagrun for example_etl to 2025-05-10T00:00:00+00:00, run_after=2025-05-11T00:00:00+00:00
[2025-05-11T15:08:01.189+0000] {processor.py:179} INFO - Processing /opt/airflow/dags/example_etl.py took 0.039 seconds
[2025-05-11T15:08:31.396+0000] {processor.py:157} INFO - Started process (PID=784) to work on /opt/airflow/dags/example_etl.py
[2025-05-11T15:08:31.397+0000] {processor.py:829} INFO - Processing file /opt/airflow/dags/example_etl.py for tasks to queue
[2025-05-11T15:08:31.398+0000] {logging_mixin.py:151} INFO - [2025-05-11T15:08:31.397+0000] {dagbag.py:539} INFO - Filling up the DagBag from /opt/airflow/dags/example_etl.py
[2025-05-11T15:08:31.411+0000] {processor.py:839} INFO - DAG(s) dict_keys(['example_etl']) retrieved from /opt/airflow/dags/example_etl.py
[2025-05-11T15:08:31.425+0000] {logging_mixin.py:151} INFO - [2025-05-11T15:08:31.425+0000] {dag.py:2915} INFO - Sync 1 DAGs
[2025-05-11T15:08:31.434+0000] {logging_mixin.py:151} INFO - [2025-05-11T15:08:31.434+0000] {dag.py:3696} INFO - Setting next_dagrun for example_etl to 2025-05-10T00:00:00+00:00, run_after=2025-05-11T00:00:00+00:00
[2025-05-11T15:08:31.445+0000] {processor.py:179} INFO - Processing /opt/airflow/dags/example_etl.py took 0.051 seconds
[2025-05-11T15:09:01.587+0000] {processor.py:157} INFO - Started process (PID=786) to work on /opt/airflow/dags/example_etl.py
[2025-05-11T15:09:01.588+0000] {processor.py:829} INFO - Processing file /opt/airflow/dags/example_etl.py for tasks to queue
[2025-05-11T15:09:01.589+0000] {logging_mixin.py:151} INFO - [2025-05-11T15:09:01.589+0000] {dagbag.py:539} INFO - Filling up the DagBag from /opt/airflow/dags/example_etl.py
[2025-05-11T15:09:01.605+0000] {processor.py:839} INFO - DAG(s) dict_keys(['example_etl']) retrieved from /opt/airflow/dags/example_etl.py
[2025-05-11T15:09:01.628+0000] {logging_mixin.py:151} INFO - [2025-05-11T15:09:01.628+0000] {dag.py:2915} INFO - Sync 1 DAGs
[2025-05-11T15:09:01.641+0000] {logging_mixin.py:151} INFO - [2025-05-11T15:09:01.641+0000] {dag.py:3696} INFO - Setting next_dagrun for example_etl to 2025-05-10T00:00:00+00:00, run_after=2025-05-11T00:00:00+00:00
[2025-05-11T15:09:01.653+0000] {processor.py:179} INFO - Processing /opt/airflow/dags/example_etl.py took 0.070 seconds
[2025-05-11T15:09:31.808+0000] {processor.py:157} INFO - Started process (PID=788) to work on /opt/airflow/dags/example_etl.py
[2025-05-11T15:09:31.809+0000] {processor.py:829} INFO - Processing file /opt/airflow/dags/example_etl.py for tasks to queue
[2025-05-11T15:09:31.810+0000] {logging_mixin.py:151} INFO - [2025-05-11T15:09:31.810+0000] {dagbag.py:539} INFO - Filling up the DagBag from /opt/airflow/dags/example_etl.py
[2025-05-11T15:09:31.822+0000] {processor.py:839} INFO - DAG(s) dict_keys(['example_etl']) retrieved from /opt/airflow/dags/example_etl.py
[2025-05-11T15:09:31.834+0000] {logging_mixin.py:151} INFO - [2025-05-11T15:09:31.834+0000] {dag.py:2915} INFO - Sync 1 DAGs
[2025-05-11T15:09:31.844+0000] {logging_mixin.py:151} INFO - [2025-05-11T15:09:31.844+0000] {dag.py:3696} INFO - Setting next_dagrun for example_etl to 2025-05-10T00:00:00+00:00, run_after=2025-05-11T00:00:00+00:00
[2025-05-11T15:09:31.853+0000] {processor.py:179} INFO - Processing /opt/airflow/dags/example_etl.py took 0.049 seconds
[2025-05-11T15:10:02.040+0000] {processor.py:157} INFO - Started process (PID=790) to work on /opt/airflow/dags/example_etl.py
[2025-05-11T15:10:02.041+0000] {processor.py:829} INFO - Processing file /opt/airflow/dags/example_etl.py for tasks to queue
[2025-05-11T15:10:02.042+0000] {logging_mixin.py:151} INFO - [2025-05-11T15:10:02.041+0000] {dagbag.py:539} INFO - Filling up the DagBag from /opt/airflow/dags/example_etl.py
[2025-05-11T15:10:02.055+0000] {processor.py:839} INFO - DAG(s) dict_keys(['example_etl']) retrieved from /opt/airflow/dags/example_etl.py
[2025-05-11T15:10:02.071+0000] {logging_mixin.py:151} INFO - [2025-05-11T15:10:02.070+0000] {dag.py:2915} INFO - Sync 1 DAGs
[2025-05-11T15:10:02.080+0000] {logging_mixin.py:151} INFO - [2025-05-11T15:10:02.080+0000] {dag.py:3696} INFO - Setting next_dagrun for example_etl to 2025-05-10T00:00:00+00:00, run_after=2025-05-11T00:00:00+00:00
[2025-05-11T15:10:02.089+0000] {processor.py:179} INFO - Processing /opt/airflow/dags/example_etl.py took 0.053 seconds
[2025-05-11T15:10:32.264+0000] {processor.py:157} INFO - Started process (PID=792) to work on /opt/airflow/dags/example_etl.py
[2025-05-11T15:10:32.265+0000] {processor.py:829} INFO - Processing file /opt/airflow/dags/example_etl.py for tasks to queue
[2025-05-11T15:10:32.266+0000] {logging_mixin.py:151} INFO - [2025-05-11T15:10:32.266+0000] {dagbag.py:539} INFO - Filling up the DagBag from /opt/airflow/dags/example_etl.py
[2025-05-11T15:10:32.281+0000] {processor.py:839} INFO - DAG(s) dict_keys(['example_etl']) retrieved from /opt/airflow/dags/example_etl.py
[2025-05-11T15:10:32.298+0000] {logging_mixin.py:151} INFO - [2025-05-11T15:10:32.298+0000] {dag.py:2915} INFO - Sync 1 DAGs
[2025-05-11T15:10:32.309+0000] {logging_mixin.py:151} INFO - [2025-05-11T15:10:32.309+0000] {dag.py:3696} INFO - Setting next_dagrun for example_etl to 2025-05-10T00:00:00+00:00, run_after=2025-05-11T00:00:00+00:00
[2025-05-11T15:10:32.319+0000] {processor.py:179} INFO - Processing /opt/airflow/dags/example_etl.py took 0.059 seconds
[2025-05-11T15:11:02.479+0000] {processor.py:157} INFO - Started process (PID=794) to work on /opt/airflow/dags/example_etl.py
[2025-05-11T15:11:02.479+0000] {processor.py:829} INFO - Processing file /opt/airflow/dags/example_etl.py for tasks to queue
[2025-05-11T15:11:02.480+0000] {logging_mixin.py:151} INFO - [2025-05-11T15:11:02.480+0000] {dagbag.py:539} INFO - Filling up the DagBag from /opt/airflow/dags/example_etl.py
[2025-05-11T15:11:02.489+0000] {processor.py:839} INFO - DAG(s) dict_keys(['example_etl']) retrieved from /opt/airflow/dags/example_etl.py
[2025-05-11T15:11:02.502+0000] {logging_mixin.py:151} INFO - [2025-05-11T15:11:02.502+0000] {dag.py:2915} INFO - Sync 1 DAGs
[2025-05-11T15:11:02.511+0000] {logging_mixin.py:151} INFO - [2025-05-11T15:11:02.511+0000] {dag.py:3696} INFO - Setting next_dagrun for example_etl to 2025-05-10T00:00:00+00:00, run_after=2025-05-11T00:00:00+00:00
[2025-05-11T15:11:02.520+0000] {processor.py:179} INFO - Processing /opt/airflow/dags/example_etl.py took 0.043 seconds
[2025-05-11T15:11:32.702+0000] {processor.py:157} INFO - Started process (PID=796) to work on /opt/airflow/dags/example_etl.py
[2025-05-11T15:11:32.703+0000] {processor.py:829} INFO - Processing file /opt/airflow/dags/example_etl.py for tasks to queue
[2025-05-11T15:11:32.704+0000] {logging_mixin.py:151} INFO - [2025-05-11T15:11:32.704+0000] {dagbag.py:539} INFO - Filling up the DagBag from /opt/airflow/dags/example_etl.py
[2025-05-11T15:11:32.714+0000] {processor.py:839} INFO - DAG(s) dict_keys(['example_etl']) retrieved from /opt/airflow/dags/example_etl.py
[2025-05-11T15:11:32.728+0000] {logging_mixin.py:151} INFO - [2025-05-11T15:11:32.728+0000] {dag.py:2915} INFO - Sync 1 DAGs
[2025-05-11T15:11:32.738+0000] {logging_mixin.py:151} INFO - [2025-05-11T15:11:32.737+0000] {dag.py:3696} INFO - Setting next_dagrun for example_etl to 2025-05-10T00:00:00+00:00, run_after=2025-05-11T00:00:00+00:00
[2025-05-11T15:11:32.747+0000] {processor.py:179} INFO - Processing /opt/airflow/dags/example_etl.py took 0.048 seconds
[2025-05-11T15:12:02.933+0000] {processor.py:157} INFO - Started process (PID=798) to work on /opt/airflow/dags/example_etl.py
[2025-05-11T15:12:02.934+0000] {processor.py:829} INFO - Processing file /opt/airflow/dags/example_etl.py for tasks to queue
[2025-05-11T15:12:02.934+0000] {logging_mixin.py:151} INFO - [2025-05-11T15:12:02.934+0000] {dagbag.py:539} INFO - Filling up the DagBag from /opt/airflow/dags/example_etl.py
[2025-05-11T15:12:02.943+0000] {processor.py:839} INFO - DAG(s) dict_keys(['example_etl']) retrieved from /opt/airflow/dags/example_etl.py
[2025-05-11T15:12:02.956+0000] {logging_mixin.py:151} INFO - [2025-05-11T15:12:02.956+0000] {dag.py:2915} INFO - Sync 1 DAGs
[2025-05-11T15:12:02.967+0000] {logging_mixin.py:151} INFO - [2025-05-11T15:12:02.967+0000] {dag.py:3696} INFO - Setting next_dagrun for example_etl to 2025-05-10T00:00:00+00:00, run_after=2025-05-11T00:00:00+00:00
[2025-05-11T15:12:02.977+0000] {processor.py:179} INFO - Processing /opt/airflow/dags/example_etl.py took 0.045 seconds
[2025-05-11T15:12:33.209+0000] {processor.py:157} INFO - Started process (PID=800) to work on /opt/airflow/dags/example_etl.py
[2025-05-11T15:12:33.210+0000] {processor.py:829} INFO - Processing file /opt/airflow/dags/example_etl.py for tasks to queue
[2025-05-11T15:12:33.211+0000] {logging_mixin.py:151} INFO - [2025-05-11T15:12:33.210+0000] {dagbag.py:539} INFO - Filling up the DagBag from /opt/airflow/dags/example_etl.py
[2025-05-11T15:12:33.223+0000] {processor.py:839} INFO - DAG(s) dict_keys(['example_etl']) retrieved from /opt/airflow/dags/example_etl.py
[2025-05-11T15:12:33.235+0000] {logging_mixin.py:151} INFO - [2025-05-11T15:12:33.235+0000] {dag.py:2915} INFO - Sync 1 DAGs
[2025-05-11T15:12:33.244+0000] {logging_mixin.py:151} INFO - [2025-05-11T15:12:33.244+0000] {dag.py:3696} INFO - Setting next_dagrun for example_etl to 2025-05-10T00:00:00+00:00, run_after=2025-05-11T00:00:00+00:00
[2025-05-11T15:12:33.254+0000] {processor.py:179} INFO - Processing /opt/airflow/dags/example_etl.py took 0.048 seconds
[2025-05-11T15:13:03.448+0000] {processor.py:157} INFO - Started process (PID=802) to work on /opt/airflow/dags/example_etl.py
[2025-05-11T15:13:03.448+0000] {processor.py:829} INFO - Processing file /opt/airflow/dags/example_etl.py for tasks to queue
[2025-05-11T15:13:03.449+0000] {logging_mixin.py:151} INFO - [2025-05-11T15:13:03.448+0000] {dagbag.py:539} INFO - Filling up the DagBag from /opt/airflow/dags/example_etl.py
[2025-05-11T15:13:03.456+0000] {processor.py:839} INFO - DAG(s) dict_keys(['example_etl']) retrieved from /opt/airflow/dags/example_etl.py
[2025-05-11T15:13:03.469+0000] {logging_mixin.py:151} INFO - [2025-05-11T15:13:03.469+0000] {dag.py:2915} INFO - Sync 1 DAGs
[2025-05-11T15:13:03.478+0000] {logging_mixin.py:151} INFO - [2025-05-11T15:13:03.478+0000] {dag.py:3696} INFO - Setting next_dagrun for example_etl to 2025-05-10T00:00:00+00:00, run_after=2025-05-11T00:00:00+00:00
[2025-05-11T15:13:03.486+0000] {processor.py:179} INFO - Processing /opt/airflow/dags/example_etl.py took 0.041 seconds
[2025-05-11T15:13:33.676+0000] {processor.py:157} INFO - Started process (PID=804) to work on /opt/airflow/dags/example_etl.py
[2025-05-11T15:13:33.678+0000] {processor.py:829} INFO - Processing file /opt/airflow/dags/example_etl.py for tasks to queue
[2025-05-11T15:13:33.678+0000] {logging_mixin.py:151} INFO - [2025-05-11T15:13:33.678+0000] {dagbag.py:539} INFO - Filling up the DagBag from /opt/airflow/dags/example_etl.py
[2025-05-11T15:13:33.687+0000] {processor.py:839} INFO - DAG(s) dict_keys(['example_etl']) retrieved from /opt/airflow/dags/example_etl.py
[2025-05-11T15:13:33.698+0000] {logging_mixin.py:151} INFO - [2025-05-11T15:13:33.698+0000] {dag.py:2915} INFO - Sync 1 DAGs
[2025-05-11T15:13:33.707+0000] {logging_mixin.py:151} INFO - [2025-05-11T15:13:33.707+0000] {dag.py:3696} INFO - Setting next_dagrun for example_etl to 2025-05-10T00:00:00+00:00, run_after=2025-05-11T00:00:00+00:00
[2025-05-11T15:13:33.715+0000] {processor.py:179} INFO - Processing /opt/airflow/dags/example_etl.py took 0.041 seconds
[2025-05-11T15:14:03.943+0000] {processor.py:157} INFO - Started process (PID=806) to work on /opt/airflow/dags/example_etl.py
[2025-05-11T15:14:03.944+0000] {processor.py:829} INFO - Processing file /opt/airflow/dags/example_etl.py for tasks to queue
[2025-05-11T15:14:03.945+0000] {logging_mixin.py:151} INFO - [2025-05-11T15:14:03.944+0000] {dagbag.py:539} INFO - Filling up the DagBag from /opt/airflow/dags/example_etl.py
[2025-05-11T15:14:03.961+0000] {processor.py:839} INFO - DAG(s) dict_keys(['example_etl']) retrieved from /opt/airflow/dags/example_etl.py
[2025-05-11T15:14:03.977+0000] {logging_mixin.py:151} INFO - [2025-05-11T15:14:03.977+0000] {dag.py:2915} INFO - Sync 1 DAGs
[2025-05-11T15:14:03.988+0000] {logging_mixin.py:151} INFO - [2025-05-11T15:14:03.988+0000] {dag.py:3696} INFO - Setting next_dagrun for example_etl to 2025-05-10T00:00:00+00:00, run_after=2025-05-11T00:00:00+00:00
[2025-05-11T15:14:03.998+0000] {processor.py:179} INFO - Processing /opt/airflow/dags/example_etl.py took 0.059 seconds
[2025-05-11T15:14:34.167+0000] {processor.py:157} INFO - Started process (PID=808) to work on /opt/airflow/dags/example_etl.py
[2025-05-11T15:14:34.168+0000] {processor.py:829} INFO - Processing file /opt/airflow/dags/example_etl.py for tasks to queue
[2025-05-11T15:14:34.169+0000] {logging_mixin.py:151} INFO - [2025-05-11T15:14:34.168+0000] {dagbag.py:539} INFO - Filling up the DagBag from /opt/airflow/dags/example_etl.py
[2025-05-11T15:14:34.182+0000] {processor.py:839} INFO - DAG(s) dict_keys(['example_etl']) retrieved from /opt/airflow/dags/example_etl.py
[2025-05-11T15:14:34.196+0000] {logging_mixin.py:151} INFO - [2025-05-11T15:14:34.196+0000] {dag.py:2915} INFO - Sync 1 DAGs
[2025-05-11T15:14:34.206+0000] {logging_mixin.py:151} INFO - [2025-05-11T15:14:34.206+0000] {dag.py:3696} INFO - Setting next_dagrun for example_etl to 2025-05-10T00:00:00+00:00, run_after=2025-05-11T00:00:00+00:00
[2025-05-11T15:14:34.215+0000] {processor.py:179} INFO - Processing /opt/airflow/dags/example_etl.py took 0.051 seconds
[2025-05-11T15:15:04.391+0000] {processor.py:157} INFO - Started process (PID=810) to work on /opt/airflow/dags/example_etl.py
[2025-05-11T15:15:04.392+0000] {processor.py:829} INFO - Processing file /opt/airflow/dags/example_etl.py for tasks to queue
[2025-05-11T15:15:04.393+0000] {logging_mixin.py:151} INFO - [2025-05-11T15:15:04.392+0000] {dagbag.py:539} INFO - Filling up the DagBag from /opt/airflow/dags/example_etl.py
[2025-05-11T15:15:04.405+0000] {processor.py:839} INFO - DAG(s) dict_keys(['example_etl']) retrieved from /opt/airflow/dags/example_etl.py
[2025-05-11T15:15:04.420+0000] {logging_mixin.py:151} INFO - [2025-05-11T15:15:04.420+0000] {dag.py:2915} INFO - Sync 1 DAGs
[2025-05-11T15:15:04.431+0000] {logging_mixin.py:151} INFO - [2025-05-11T15:15:04.431+0000] {dag.py:3696} INFO - Setting next_dagrun for example_etl to 2025-05-10T00:00:00+00:00, run_after=2025-05-11T00:00:00+00:00
[2025-05-11T15:15:04.442+0000] {processor.py:179} INFO - Processing /opt/airflow/dags/example_etl.py took 0.055 seconds
[2025-05-11T15:15:34.557+0000] {processor.py:157} INFO - Started process (PID=812) to work on /opt/airflow/dags/example_etl.py
[2025-05-11T15:15:34.558+0000] {processor.py:829} INFO - Processing file /opt/airflow/dags/example_etl.py for tasks to queue
[2025-05-11T15:15:34.559+0000] {logging_mixin.py:151} INFO - [2025-05-11T15:15:34.558+0000] {dagbag.py:539} INFO - Filling up the DagBag from /opt/airflow/dags/example_etl.py
[2025-05-11T15:15:34.567+0000] {processor.py:839} INFO - DAG(s) dict_keys(['example_etl']) retrieved from /opt/airflow/dags/example_etl.py
[2025-05-11T15:15:34.578+0000] {logging_mixin.py:151} INFO - [2025-05-11T15:15:34.578+0000] {dag.py:2915} INFO - Sync 1 DAGs
[2025-05-11T15:15:34.587+0000] {logging_mixin.py:151} INFO - [2025-05-11T15:15:34.587+0000] {dag.py:3696} INFO - Setting next_dagrun for example_etl to 2025-05-10T00:00:00+00:00, run_after=2025-05-11T00:00:00+00:00
[2025-05-11T15:15:34.596+0000] {processor.py:179} INFO - Processing /opt/airflow/dags/example_etl.py took 0.042 seconds
[2025-05-11T15:16:04.921+0000] {processor.py:157} INFO - Started process (PID=814) to work on /opt/airflow/dags/example_etl.py
[2025-05-11T15:16:04.922+0000] {processor.py:829} INFO - Processing file /opt/airflow/dags/example_etl.py for tasks to queue
[2025-05-11T15:16:04.923+0000] {logging_mixin.py:151} INFO - [2025-05-11T15:16:04.922+0000] {dagbag.py:539} INFO - Filling up the DagBag from /opt/airflow/dags/example_etl.py
[2025-05-11T15:16:04.935+0000] {processor.py:839} INFO - DAG(s) dict_keys(['example_etl']) retrieved from /opt/airflow/dags/example_etl.py
[2025-05-11T15:16:04.952+0000] {logging_mixin.py:151} INFO - [2025-05-11T15:16:04.952+0000] {dag.py:2915} INFO - Sync 1 DAGs
[2025-05-11T15:16:04.963+0000] {logging_mixin.py:151} INFO - [2025-05-11T15:16:04.963+0000] {dag.py:3696} INFO - Setting next_dagrun for example_etl to 2025-05-10T00:00:00+00:00, run_after=2025-05-11T00:00:00+00:00
[2025-05-11T15:16:04.972+0000] {processor.py:179} INFO - Processing /opt/airflow/dags/example_etl.py took 0.054 seconds
[2025-05-11T15:16:35.087+0000] {processor.py:157} INFO - Started process (PID=816) to work on /opt/airflow/dags/example_etl.py
[2025-05-11T15:16:35.087+0000] {processor.py:829} INFO - Processing file /opt/airflow/dags/example_etl.py for tasks to queue
[2025-05-11T15:16:35.088+0000] {logging_mixin.py:151} INFO - [2025-05-11T15:16:35.088+0000] {dagbag.py:539} INFO - Filling up the DagBag from /opt/airflow/dags/example_etl.py
[2025-05-11T15:16:35.100+0000] {processor.py:839} INFO - DAG(s) dict_keys(['example_etl']) retrieved from /opt/airflow/dags/example_etl.py
[2025-05-11T15:16:35.114+0000] {logging_mixin.py:151} INFO - [2025-05-11T15:16:35.114+0000] {dag.py:2915} INFO - Sync 1 DAGs
[2025-05-11T15:16:35.124+0000] {logging_mixin.py:151} INFO - [2025-05-11T15:16:35.124+0000] {dag.py:3696} INFO - Setting next_dagrun for example_etl to 2025-05-10T00:00:00+00:00, run_after=2025-05-11T00:00:00+00:00
[2025-05-11T15:16:35.135+0000] {processor.py:179} INFO - Processing /opt/airflow/dags/example_etl.py took 0.051 seconds
[2025-05-11T15:17:05.363+0000] {processor.py:157} INFO - Started process (PID=818) to work on /opt/airflow/dags/example_etl.py
[2025-05-11T15:17:05.365+0000] {processor.py:829} INFO - Processing file /opt/airflow/dags/example_etl.py for tasks to queue
[2025-05-11T15:17:05.366+0000] {logging_mixin.py:151} INFO - [2025-05-11T15:17:05.366+0000] {dagbag.py:539} INFO - Filling up the DagBag from /opt/airflow/dags/example_etl.py
[2025-05-11T15:17:05.381+0000] {processor.py:839} INFO - DAG(s) dict_keys(['example_etl']) retrieved from /opt/airflow/dags/example_etl.py
[2025-05-11T15:17:05.398+0000] {logging_mixin.py:151} INFO - [2025-05-11T15:17:05.398+0000] {dag.py:2915} INFO - Sync 1 DAGs
[2025-05-11T15:17:05.408+0000] {logging_mixin.py:151} INFO - [2025-05-11T15:17:05.408+0000] {dag.py:3696} INFO - Setting next_dagrun for example_etl to 2025-05-10T00:00:00+00:00, run_after=2025-05-11T00:00:00+00:00
[2025-05-11T15:17:05.418+0000] {processor.py:179} INFO - Processing /opt/airflow/dags/example_etl.py took 0.059 seconds
[2025-05-11T15:17:35.582+0000] {processor.py:157} INFO - Started process (PID=820) to work on /opt/airflow/dags/example_etl.py
[2025-05-11T15:17:35.583+0000] {processor.py:829} INFO - Processing file /opt/airflow/dags/example_etl.py for tasks to queue
[2025-05-11T15:17:35.583+0000] {logging_mixin.py:151} INFO - [2025-05-11T15:17:35.583+0000] {dagbag.py:539} INFO - Filling up the DagBag from /opt/airflow/dags/example_etl.py
[2025-05-11T15:17:35.597+0000] {processor.py:839} INFO - DAG(s) dict_keys(['example_etl']) retrieved from /opt/airflow/dags/example_etl.py
[2025-05-11T15:17:35.614+0000] {logging_mixin.py:151} INFO - [2025-05-11T15:17:35.614+0000] {dag.py:2915} INFO - Sync 1 DAGs
[2025-05-11T15:17:35.625+0000] {logging_mixin.py:151} INFO - [2025-05-11T15:17:35.625+0000] {dag.py:3696} INFO - Setting next_dagrun for example_etl to 2025-05-10T00:00:00+00:00, run_after=2025-05-11T00:00:00+00:00
[2025-05-11T15:17:35.634+0000] {processor.py:179} INFO - Processing /opt/airflow/dags/example_etl.py took 0.056 seconds
[2025-05-11T15:18:05.781+0000] {processor.py:157} INFO - Started process (PID=822) to work on /opt/airflow/dags/example_etl.py
[2025-05-11T15:18:05.782+0000] {processor.py:829} INFO - Processing file /opt/airflow/dags/example_etl.py for tasks to queue
[2025-05-11T15:18:05.783+0000] {logging_mixin.py:151} INFO - [2025-05-11T15:18:05.782+0000] {dagbag.py:539} INFO - Filling up the DagBag from /opt/airflow/dags/example_etl.py
[2025-05-11T15:18:05.796+0000] {processor.py:839} INFO - DAG(s) dict_keys(['example_etl']) retrieved from /opt/airflow/dags/example_etl.py
[2025-05-11T15:18:05.811+0000] {logging_mixin.py:151} INFO - [2025-05-11T15:18:05.811+0000] {dag.py:2915} INFO - Sync 1 DAGs
[2025-05-11T15:18:05.823+0000] {logging_mixin.py:151} INFO - [2025-05-11T15:18:05.823+0000] {dag.py:3696} INFO - Setting next_dagrun for example_etl to 2025-05-10T00:00:00+00:00, run_after=2025-05-11T00:00:00+00:00
[2025-05-11T15:18:05.833+0000] {processor.py:179} INFO - Processing /opt/airflow/dags/example_etl.py took 0.055 seconds
[2025-05-11T15:18:36.044+0000] {processor.py:157} INFO - Started process (PID=824) to work on /opt/airflow/dags/example_etl.py
[2025-05-11T15:18:36.045+0000] {processor.py:829} INFO - Processing file /opt/airflow/dags/example_etl.py for tasks to queue
[2025-05-11T15:18:36.046+0000] {logging_mixin.py:151} INFO - [2025-05-11T15:18:36.045+0000] {dagbag.py:539} INFO - Filling up the DagBag from /opt/airflow/dags/example_etl.py
[2025-05-11T15:18:36.059+0000] {processor.py:839} INFO - DAG(s) dict_keys(['example_etl']) retrieved from /opt/airflow/dags/example_etl.py
[2025-05-11T15:18:36.074+0000] {logging_mixin.py:151} INFO - [2025-05-11T15:18:36.074+0000] {dag.py:2915} INFO - Sync 1 DAGs
[2025-05-11T15:18:36.084+0000] {logging_mixin.py:151} INFO - [2025-05-11T15:18:36.084+0000] {dag.py:3696} INFO - Setting next_dagrun for example_etl to 2025-05-10T00:00:00+00:00, run_after=2025-05-11T00:00:00+00:00
[2025-05-11T15:18:36.093+0000] {processor.py:179} INFO - Processing /opt/airflow/dags/example_etl.py took 0.053 seconds
[2025-05-11T15:19:06.257+0000] {processor.py:157} INFO - Started process (PID=826) to work on /opt/airflow/dags/example_etl.py
[2025-05-11T15:19:06.257+0000] {processor.py:829} INFO - Processing file /opt/airflow/dags/example_etl.py for tasks to queue
[2025-05-11T15:19:06.258+0000] {logging_mixin.py:151} INFO - [2025-05-11T15:19:06.258+0000] {dagbag.py:539} INFO - Filling up the DagBag from /opt/airflow/dags/example_etl.py
[2025-05-11T15:19:06.268+0000] {processor.py:839} INFO - DAG(s) dict_keys(['example_etl']) retrieved from /opt/airflow/dags/example_etl.py
[2025-05-11T15:19:06.282+0000] {logging_mixin.py:151} INFO - [2025-05-11T15:19:06.282+0000] {dag.py:2915} INFO - Sync 1 DAGs
[2025-05-11T15:19:06.292+0000] {logging_mixin.py:151} INFO - [2025-05-11T15:19:06.292+0000] {dag.py:3696} INFO - Setting next_dagrun for example_etl to 2025-05-10T00:00:00+00:00, run_after=2025-05-11T00:00:00+00:00
[2025-05-11T15:19:06.302+0000] {processor.py:179} INFO - Processing /opt/airflow/dags/example_etl.py took 0.048 seconds
[2025-05-11T15:19:36.474+0000] {processor.py:157} INFO - Started process (PID=828) to work on /opt/airflow/dags/example_etl.py
[2025-05-11T15:19:36.474+0000] {processor.py:829} INFO - Processing file /opt/airflow/dags/example_etl.py for tasks to queue
[2025-05-11T15:19:36.475+0000] {logging_mixin.py:151} INFO - [2025-05-11T15:19:36.475+0000] {dagbag.py:539} INFO - Filling up the DagBag from /opt/airflow/dags/example_etl.py
[2025-05-11T15:19:36.485+0000] {processor.py:839} INFO - DAG(s) dict_keys(['example_etl']) retrieved from /opt/airflow/dags/example_etl.py
[2025-05-11T15:19:36.499+0000] {logging_mixin.py:151} INFO - [2025-05-11T15:19:36.498+0000] {dag.py:2915} INFO - Sync 1 DAGs
[2025-05-11T15:19:36.509+0000] {logging_mixin.py:151} INFO - [2025-05-11T15:19:36.508+0000] {dag.py:3696} INFO - Setting next_dagrun for example_etl to 2025-05-10T00:00:00+00:00, run_after=2025-05-11T00:00:00+00:00
[2025-05-11T15:19:36.518+0000] {processor.py:179} INFO - Processing /opt/airflow/dags/example_etl.py took 0.049 seconds
[2025-05-11T15:23:02.593+0000] {processor.py:157} INFO - Started process (PID=832) to work on /opt/airflow/dags/example_etl.py
[2025-05-11T15:23:02.594+0000] {processor.py:829} INFO - Processing file /opt/airflow/dags/example_etl.py for tasks to queue
[2025-05-11T15:23:02.595+0000] {logging_mixin.py:151} INFO - [2025-05-11T15:23:02.594+0000] {dagbag.py:539} INFO - Filling up the DagBag from /opt/airflow/dags/example_etl.py
[2025-05-11T15:23:02.609+0000] {processor.py:839} INFO - DAG(s) dict_keys(['example_etl']) retrieved from /opt/airflow/dags/example_etl.py
[2025-05-11T15:23:02.626+0000] {logging_mixin.py:151} INFO - [2025-05-11T15:23:02.626+0000] {dag.py:2915} INFO - Sync 1 DAGs
[2025-05-11T15:23:02.636+0000] {logging_mixin.py:151} INFO - [2025-05-11T15:23:02.636+0000] {dag.py:3696} INFO - Setting next_dagrun for example_etl to 2025-05-10T00:00:00+00:00, run_after=2025-05-11T00:00:00+00:00
[2025-05-11T15:23:02.651+0000] {processor.py:179} INFO - Processing /opt/airflow/dags/example_etl.py took 0.063 seconds
[2025-05-11T15:25:11.418+0000] {processor.py:157} INFO - Started process (PID=836) to work on /opt/airflow/dags/example_etl.py
[2025-05-11T15:25:11.419+0000] {processor.py:829} INFO - Processing file /opt/airflow/dags/example_etl.py for tasks to queue
[2025-05-11T15:25:11.420+0000] {logging_mixin.py:151} INFO - [2025-05-11T15:25:11.419+0000] {dagbag.py:539} INFO - Filling up the DagBag from /opt/airflow/dags/example_etl.py
[2025-05-11T15:25:11.428+0000] {processor.py:839} INFO - DAG(s) dict_keys(['example_etl']) retrieved from /opt/airflow/dags/example_etl.py
[2025-05-11T15:25:11.439+0000] {logging_mixin.py:151} INFO - [2025-05-11T15:25:11.439+0000] {dag.py:2915} INFO - Sync 1 DAGs
[2025-05-11T15:25:11.448+0000] {logging_mixin.py:151} INFO - [2025-05-11T15:25:11.448+0000] {dag.py:3696} INFO - Setting next_dagrun for example_etl to 2025-05-10T00:00:00+00:00, run_after=2025-05-11T00:00:00+00:00
[2025-05-11T15:25:11.456+0000] {processor.py:179} INFO - Processing /opt/airflow/dags/example_etl.py took 0.039 seconds
[2025-05-11T15:25:42.465+0000] {processor.py:157} INFO - Started process (PID=838) to work on /opt/airflow/dags/example_etl.py
[2025-05-11T15:25:42.466+0000] {processor.py:829} INFO - Processing file /opt/airflow/dags/example_etl.py for tasks to queue
[2025-05-11T15:25:42.467+0000] {logging_mixin.py:151} INFO - [2025-05-11T15:25:42.467+0000] {dagbag.py:539} INFO - Filling up the DagBag from /opt/airflow/dags/example_etl.py
[2025-05-11T15:25:42.480+0000] {processor.py:839} INFO - DAG(s) dict_keys(['example_etl']) retrieved from /opt/airflow/dags/example_etl.py
[2025-05-11T15:25:42.493+0000] {logging_mixin.py:151} INFO - [2025-05-11T15:25:42.493+0000] {dag.py:2915} INFO - Sync 1 DAGs
[2025-05-11T15:25:42.502+0000] {logging_mixin.py:151} INFO - [2025-05-11T15:25:42.502+0000] {dag.py:3696} INFO - Setting next_dagrun for example_etl to 2025-05-10T00:00:00+00:00, run_after=2025-05-11T00:00:00+00:00
[2025-05-11T15:25:42.510+0000] {processor.py:179} INFO - Processing /opt/airflow/dags/example_etl.py took 0.049 seconds
[2025-05-11T15:26:12.753+0000] {processor.py:157} INFO - Started process (PID=840) to work on /opt/airflow/dags/example_etl.py
[2025-05-11T15:26:12.755+0000] {processor.py:829} INFO - Processing file /opt/airflow/dags/example_etl.py for tasks to queue
[2025-05-11T15:26:12.756+0000] {logging_mixin.py:151} INFO - [2025-05-11T15:26:12.755+0000] {dagbag.py:539} INFO - Filling up the DagBag from /opt/airflow/dags/example_etl.py
[2025-05-11T15:26:12.768+0000] {processor.py:839} INFO - DAG(s) dict_keys(['example_etl']) retrieved from /opt/airflow/dags/example_etl.py
[2025-05-11T15:26:12.783+0000] {logging_mixin.py:151} INFO - [2025-05-11T15:26:12.783+0000] {dag.py:2915} INFO - Sync 1 DAGs
[2025-05-11T15:26:12.792+0000] {logging_mixin.py:151} INFO - [2025-05-11T15:26:12.792+0000] {dag.py:3696} INFO - Setting next_dagrun for example_etl to 2025-05-10T00:00:00+00:00, run_after=2025-05-11T00:00:00+00:00
[2025-05-11T15:26:12.802+0000] {processor.py:179} INFO - Processing /opt/airflow/dags/example_etl.py took 0.055 seconds
[2025-05-11T15:26:43.872+0000] {processor.py:157} INFO - Started process (PID=842) to work on /opt/airflow/dags/example_etl.py
[2025-05-11T15:26:43.873+0000] {processor.py:829} INFO - Processing file /opt/airflow/dags/example_etl.py for tasks to queue
[2025-05-11T15:26:43.873+0000] {logging_mixin.py:151} INFO - [2025-05-11T15:26:43.873+0000] {dagbag.py:539} INFO - Filling up the DagBag from /opt/airflow/dags/example_etl.py
[2025-05-11T15:26:43.886+0000] {processor.py:839} INFO - DAG(s) dict_keys(['example_etl']) retrieved from /opt/airflow/dags/example_etl.py
[2025-05-11T15:26:43.901+0000] {logging_mixin.py:151} INFO - [2025-05-11T15:26:43.901+0000] {dag.py:2915} INFO - Sync 1 DAGs
[2025-05-11T15:26:43.912+0000] {logging_mixin.py:151} INFO - [2025-05-11T15:26:43.912+0000] {dag.py:3696} INFO - Setting next_dagrun for example_etl to 2025-05-10T00:00:00+00:00, run_after=2025-05-11T00:00:00+00:00
[2025-05-11T15:26:43.922+0000] {processor.py:179} INFO - Processing /opt/airflow/dags/example_etl.py took 0.054 seconds
[2025-05-11T15:27:24.397+0000] {processor.py:157} INFO - Started process (PID=26) to work on /opt/airflow/dags/example_etl.py
[2025-05-11T15:27:24.397+0000] {processor.py:829} INFO - Processing file /opt/airflow/dags/example_etl.py for tasks to queue
[2025-05-11T15:27:24.398+0000] {logging_mixin.py:151} INFO - [2025-05-11T15:27:24.398+0000] {dagbag.py:539} INFO - Filling up the DagBag from /opt/airflow/dags/example_etl.py
[2025-05-11T15:27:24.405+0000] {processor.py:839} INFO - DAG(s) dict_keys(['example_etl']) retrieved from /opt/airflow/dags/example_etl.py
[2025-05-11T15:27:24.410+0000] {logging_mixin.py:151} INFO - [2025-05-11T15:27:24.410+0000] {dag.py:2915} INFO - Sync 1 DAGs
[2025-05-11T15:27:24.420+0000] {logging_mixin.py:151} INFO - [2025-05-11T15:27:24.420+0000] {dag.py:3696} INFO - Setting next_dagrun for example_etl to 2025-05-10T00:00:00+00:00, run_after=2025-05-11T00:00:00+00:00
[2025-05-11T15:27:24.431+0000] {processor.py:179} INFO - Processing /opt/airflow/dags/example_etl.py took 0.035 seconds
[2025-05-11T15:27:55.522+0000] {processor.py:157} INFO - Started process (PID=28) to work on /opt/airflow/dags/example_etl.py
[2025-05-11T15:27:55.523+0000] {processor.py:829} INFO - Processing file /opt/airflow/dags/example_etl.py for tasks to queue
[2025-05-11T15:27:55.523+0000] {logging_mixin.py:151} INFO - [2025-05-11T15:27:55.523+0000] {dagbag.py:539} INFO - Filling up the DagBag from /opt/airflow/dags/example_etl.py
[2025-05-11T15:27:55.532+0000] {processor.py:839} INFO - DAG(s) dict_keys(['example_etl']) retrieved from /opt/airflow/dags/example_etl.py
[2025-05-11T15:27:55.544+0000] {logging_mixin.py:151} INFO - [2025-05-11T15:27:55.544+0000] {dag.py:2915} INFO - Sync 1 DAGs
[2025-05-11T15:27:55.553+0000] {logging_mixin.py:151} INFO - [2025-05-11T15:27:55.553+0000] {dag.py:3696} INFO - Setting next_dagrun for example_etl to 2025-05-10T00:00:00+00:00, run_after=2025-05-11T00:00:00+00:00
[2025-05-11T15:27:55.562+0000] {processor.py:179} INFO - Processing /opt/airflow/dags/example_etl.py took 0.044 seconds
[2025-05-11T15:28:25.900+0000] {processor.py:157} INFO - Started process (PID=30) to work on /opt/airflow/dags/example_etl.py
[2025-05-11T15:28:25.900+0000] {processor.py:829} INFO - Processing file /opt/airflow/dags/example_etl.py for tasks to queue
[2025-05-11T15:28:25.901+0000] {logging_mixin.py:151} INFO - [2025-05-11T15:28:25.900+0000] {dagbag.py:539} INFO - Filling up the DagBag from /opt/airflow/dags/example_etl.py
[2025-05-11T15:28:25.911+0000] {processor.py:839} INFO - DAG(s) dict_keys(['example_etl']) retrieved from /opt/airflow/dags/example_etl.py
[2025-05-11T15:28:25.925+0000] {logging_mixin.py:151} INFO - [2025-05-11T15:28:25.925+0000] {dag.py:2915} INFO - Sync 1 DAGs
[2025-05-11T15:28:25.937+0000] {logging_mixin.py:151} INFO - [2025-05-11T15:28:25.937+0000] {dag.py:3696} INFO - Setting next_dagrun for example_etl to 2025-05-10T00:00:00+00:00, run_after=2025-05-11T00:00:00+00:00
[2025-05-11T15:28:25.947+0000] {processor.py:179} INFO - Processing /opt/airflow/dags/example_etl.py took 0.050 seconds
[2025-05-11T15:28:56.226+0000] {processor.py:157} INFO - Started process (PID=32) to work on /opt/airflow/dags/example_etl.py
[2025-05-11T15:28:56.227+0000] {processor.py:829} INFO - Processing file /opt/airflow/dags/example_etl.py for tasks to queue
[2025-05-11T15:28:56.228+0000] {logging_mixin.py:151} INFO - [2025-05-11T15:28:56.227+0000] {dagbag.py:539} INFO - Filling up the DagBag from /opt/airflow/dags/example_etl.py
[2025-05-11T15:28:56.238+0000] {processor.py:839} INFO - DAG(s) dict_keys(['example_etl']) retrieved from /opt/airflow/dags/example_etl.py
[2025-05-11T15:28:56.253+0000] {logging_mixin.py:151} INFO - [2025-05-11T15:28:56.253+0000] {dag.py:2915} INFO - Sync 1 DAGs
[2025-05-11T15:28:56.262+0000] {logging_mixin.py:151} INFO - [2025-05-11T15:28:56.262+0000] {dag.py:3696} INFO - Setting next_dagrun for example_etl to 2025-05-10T00:00:00+00:00, run_after=2025-05-11T00:00:00+00:00
[2025-05-11T15:28:56.272+0000] {processor.py:179} INFO - Processing /opt/airflow/dags/example_etl.py took 0.050 seconds
[2025-05-11T15:29:26.538+0000] {processor.py:157} INFO - Started process (PID=34) to work on /opt/airflow/dags/example_etl.py
[2025-05-11T15:29:26.539+0000] {processor.py:829} INFO - Processing file /opt/airflow/dags/example_etl.py for tasks to queue
[2025-05-11T15:29:26.540+0000] {logging_mixin.py:151} INFO - [2025-05-11T15:29:26.540+0000] {dagbag.py:539} INFO - Filling up the DagBag from /opt/airflow/dags/example_etl.py
[2025-05-11T15:29:26.552+0000] {processor.py:839} INFO - DAG(s) dict_keys(['example_etl']) retrieved from /opt/airflow/dags/example_etl.py
[2025-05-11T15:29:26.565+0000] {logging_mixin.py:151} INFO - [2025-05-11T15:29:26.565+0000] {dag.py:2915} INFO - Sync 1 DAGs
[2025-05-11T15:29:26.576+0000] {logging_mixin.py:151} INFO - [2025-05-11T15:29:26.576+0000] {dag.py:3696} INFO - Setting next_dagrun for example_etl to 2025-05-10T00:00:00+00:00, run_after=2025-05-11T00:00:00+00:00
[2025-05-11T15:29:26.585+0000] {processor.py:179} INFO - Processing /opt/airflow/dags/example_etl.py took 0.050 seconds
[2025-05-11T15:29:56.788+0000] {processor.py:157} INFO - Started process (PID=36) to work on /opt/airflow/dags/example_etl.py
[2025-05-11T15:29:56.789+0000] {processor.py:829} INFO - Processing file /opt/airflow/dags/example_etl.py for tasks to queue
[2025-05-11T15:29:56.790+0000] {logging_mixin.py:151} INFO - [2025-05-11T15:29:56.790+0000] {dagbag.py:539} INFO - Filling up the DagBag from /opt/airflow/dags/example_etl.py
[2025-05-11T15:29:56.803+0000] {processor.py:839} INFO - DAG(s) dict_keys(['example_etl']) retrieved from /opt/airflow/dags/example_etl.py
[2025-05-11T15:29:56.818+0000] {logging_mixin.py:151} INFO - [2025-05-11T15:29:56.818+0000] {dag.py:2915} INFO - Sync 1 DAGs
[2025-05-11T15:29:56.829+0000] {logging_mixin.py:151} INFO - [2025-05-11T15:29:56.829+0000] {dag.py:3696} INFO - Setting next_dagrun for example_etl to 2025-05-10T00:00:00+00:00, run_after=2025-05-11T00:00:00+00:00
[2025-05-11T15:29:56.839+0000] {processor.py:179} INFO - Processing /opt/airflow/dags/example_etl.py took 0.054 seconds
[2025-05-11T15:30:27.096+0000] {processor.py:157} INFO - Started process (PID=38) to work on /opt/airflow/dags/example_etl.py
[2025-05-11T15:30:27.097+0000] {processor.py:829} INFO - Processing file /opt/airflow/dags/example_etl.py for tasks to queue
[2025-05-11T15:30:27.098+0000] {logging_mixin.py:151} INFO - [2025-05-11T15:30:27.098+0000] {dagbag.py:539} INFO - Filling up the DagBag from /opt/airflow/dags/example_etl.py
[2025-05-11T15:30:27.116+0000] {processor.py:839} INFO - DAG(s) dict_keys(['example_etl']) retrieved from /opt/airflow/dags/example_etl.py
[2025-05-11T15:30:27.134+0000] {logging_mixin.py:151} INFO - [2025-05-11T15:30:27.134+0000] {dag.py:2915} INFO - Sync 1 DAGs
[2025-05-11T15:30:27.145+0000] {logging_mixin.py:151} INFO - [2025-05-11T15:30:27.144+0000] {dag.py:3696} INFO - Setting next_dagrun for example_etl to 2025-05-10T00:00:00+00:00, run_after=2025-05-11T00:00:00+00:00
[2025-05-11T15:30:27.158+0000] {processor.py:179} INFO - Processing /opt/airflow/dags/example_etl.py took 0.066 seconds
[2025-05-11T15:30:57.432+0000] {processor.py:157} INFO - Started process (PID=40) to work on /opt/airflow/dags/example_etl.py
[2025-05-11T15:30:57.433+0000] {processor.py:829} INFO - Processing file /opt/airflow/dags/example_etl.py for tasks to queue
[2025-05-11T15:30:57.434+0000] {logging_mixin.py:151} INFO - [2025-05-11T15:30:57.434+0000] {dagbag.py:539} INFO - Filling up the DagBag from /opt/airflow/dags/example_etl.py
[2025-05-11T15:30:57.450+0000] {processor.py:839} INFO - DAG(s) dict_keys(['example_etl']) retrieved from /opt/airflow/dags/example_etl.py
[2025-05-11T15:30:57.469+0000] {logging_mixin.py:151} INFO - [2025-05-11T15:30:57.469+0000] {dag.py:2915} INFO - Sync 1 DAGs
[2025-05-11T15:30:57.480+0000] {logging_mixin.py:151} INFO - [2025-05-11T15:30:57.480+0000] {dag.py:3696} INFO - Setting next_dagrun for example_etl to 2025-05-10T00:00:00+00:00, run_after=2025-05-11T00:00:00+00:00
[2025-05-11T15:30:57.490+0000] {processor.py:179} INFO - Processing /opt/airflow/dags/example_etl.py took 0.063 seconds
[2025-05-11T15:31:27.745+0000] {processor.py:157} INFO - Started process (PID=42) to work on /opt/airflow/dags/example_etl.py
[2025-05-11T15:31:27.746+0000] {processor.py:829} INFO - Processing file /opt/airflow/dags/example_etl.py for tasks to queue
[2025-05-11T15:31:27.747+0000] {logging_mixin.py:151} INFO - [2025-05-11T15:31:27.746+0000] {dagbag.py:539} INFO - Filling up the DagBag from /opt/airflow/dags/example_etl.py
[2025-05-11T15:31:27.759+0000] {processor.py:839} INFO - DAG(s) dict_keys(['example_etl']) retrieved from /opt/airflow/dags/example_etl.py
[2025-05-11T15:31:27.775+0000] {logging_mixin.py:151} INFO - [2025-05-11T15:31:27.775+0000] {dag.py:2915} INFO - Sync 1 DAGs
[2025-05-11T15:31:27.785+0000] {logging_mixin.py:151} INFO - [2025-05-11T15:31:27.785+0000] {dag.py:3696} INFO - Setting next_dagrun for example_etl to 2025-05-10T00:00:00+00:00, run_after=2025-05-11T00:00:00+00:00
[2025-05-11T15:31:27.796+0000] {processor.py:179} INFO - Processing /opt/airflow/dags/example_etl.py took 0.054 seconds
[2025-05-11T15:31:58.113+0000] {processor.py:157} INFO - Started process (PID=44) to work on /opt/airflow/dags/example_etl.py
[2025-05-11T15:31:58.113+0000] {processor.py:829} INFO - Processing file /opt/airflow/dags/example_etl.py for tasks to queue
[2025-05-11T15:31:58.114+0000] {logging_mixin.py:151} INFO - [2025-05-11T15:31:58.114+0000] {dagbag.py:539} INFO - Filling up the DagBag from /opt/airflow/dags/example_etl.py
[2025-05-11T15:31:58.127+0000] {processor.py:839} INFO - DAG(s) dict_keys(['example_etl']) retrieved from /opt/airflow/dags/example_etl.py
[2025-05-11T15:31:58.137+0000] {logging_mixin.py:151} INFO - [2025-05-11T15:31:58.137+0000] {dag.py:2915} INFO - Sync 1 DAGs
[2025-05-11T15:31:58.145+0000] {logging_mixin.py:151} INFO - [2025-05-11T15:31:58.145+0000] {dag.py:3696} INFO - Setting next_dagrun for example_etl to 2025-05-10T00:00:00+00:00, run_after=2025-05-11T00:00:00+00:00
[2025-05-11T15:31:58.163+0000] {processor.py:179} INFO - Processing /opt/airflow/dags/example_etl.py took 0.052 seconds
[2025-05-11T15:32:28.477+0000] {processor.py:157} INFO - Started process (PID=46) to work on /opt/airflow/dags/example_etl.py
[2025-05-11T15:32:28.478+0000] {processor.py:829} INFO - Processing file /opt/airflow/dags/example_etl.py for tasks to queue
[2025-05-11T15:32:28.479+0000] {logging_mixin.py:151} INFO - [2025-05-11T15:32:28.478+0000] {dagbag.py:539} INFO - Filling up the DagBag from /opt/airflow/dags/example_etl.py
[2025-05-11T15:32:28.500+0000] {processor.py:839} INFO - DAG(s) dict_keys(['example_etl']) retrieved from /opt/airflow/dags/example_etl.py
[2025-05-11T15:32:28.522+0000] {logging_mixin.py:151} INFO - [2025-05-11T15:32:28.522+0000] {dag.py:2915} INFO - Sync 1 DAGs
[2025-05-11T15:32:28.533+0000] {logging_mixin.py:151} INFO - [2025-05-11T15:32:28.533+0000] {dag.py:3696} INFO - Setting next_dagrun for example_etl to 2025-05-10T00:00:00+00:00, run_after=2025-05-11T00:00:00+00:00
[2025-05-11T15:32:28.542+0000] {processor.py:179} INFO - Processing /opt/airflow/dags/example_etl.py took 0.068 seconds
[2025-05-11T15:32:58.829+0000] {processor.py:157} INFO - Started process (PID=48) to work on /opt/airflow/dags/example_etl.py
[2025-05-11T15:32:58.834+0000] {processor.py:829} INFO - Processing file /opt/airflow/dags/example_etl.py for tasks to queue
[2025-05-11T15:32:58.835+0000] {logging_mixin.py:151} INFO - [2025-05-11T15:32:58.835+0000] {dagbag.py:539} INFO - Filling up the DagBag from /opt/airflow/dags/example_etl.py
[2025-05-11T15:32:58.847+0000] {processor.py:839} INFO - DAG(s) dict_keys(['example_etl']) retrieved from /opt/airflow/dags/example_etl.py
[2025-05-11T15:32:58.861+0000] {logging_mixin.py:151} INFO - [2025-05-11T15:32:58.861+0000] {dag.py:2915} INFO - Sync 1 DAGs
[2025-05-11T15:32:58.871+0000] {logging_mixin.py:151} INFO - [2025-05-11T15:32:58.871+0000] {dag.py:3696} INFO - Setting next_dagrun for example_etl to 2025-05-10T00:00:00+00:00, run_after=2025-05-11T00:00:00+00:00
[2025-05-11T15:32:58.881+0000] {processor.py:179} INFO - Processing /opt/airflow/dags/example_etl.py took 0.058 seconds
[2025-05-11T15:33:29.178+0000] {processor.py:157} INFO - Started process (PID=50) to work on /opt/airflow/dags/example_etl.py
[2025-05-11T15:33:29.179+0000] {processor.py:829} INFO - Processing file /opt/airflow/dags/example_etl.py for tasks to queue
[2025-05-11T15:33:29.180+0000] {logging_mixin.py:151} INFO - [2025-05-11T15:33:29.180+0000] {dagbag.py:539} INFO - Filling up the DagBag from /opt/airflow/dags/example_etl.py
[2025-05-11T15:33:29.194+0000] {processor.py:839} INFO - DAG(s) dict_keys(['example_etl']) retrieved from /opt/airflow/dags/example_etl.py
[2025-05-11T15:33:29.209+0000] {logging_mixin.py:151} INFO - [2025-05-11T15:33:29.209+0000] {dag.py:2915} INFO - Sync 1 DAGs
[2025-05-11T15:33:29.219+0000] {logging_mixin.py:151} INFO - [2025-05-11T15:33:29.219+0000] {dag.py:3696} INFO - Setting next_dagrun for example_etl to 2025-05-10T00:00:00+00:00, run_after=2025-05-11T00:00:00+00:00
[2025-05-11T15:33:29.229+0000] {processor.py:179} INFO - Processing /opt/airflow/dags/example_etl.py took 0.054 seconds
[2025-05-11T15:33:59.527+0000] {processor.py:157} INFO - Started process (PID=52) to work on /opt/airflow/dags/example_etl.py
[2025-05-11T15:33:59.528+0000] {processor.py:829} INFO - Processing file /opt/airflow/dags/example_etl.py for tasks to queue
[2025-05-11T15:33:59.529+0000] {logging_mixin.py:151} INFO - [2025-05-11T15:33:59.528+0000] {dagbag.py:539} INFO - Filling up the DagBag from /opt/airflow/dags/example_etl.py
[2025-05-11T15:33:59.541+0000] {processor.py:839} INFO - DAG(s) dict_keys(['example_etl']) retrieved from /opt/airflow/dags/example_etl.py
[2025-05-11T15:33:59.557+0000] {logging_mixin.py:151} INFO - [2025-05-11T15:33:59.557+0000] {dag.py:2915} INFO - Sync 1 DAGs
[2025-05-11T15:33:59.567+0000] {logging_mixin.py:151} INFO - [2025-05-11T15:33:59.566+0000] {dag.py:3696} INFO - Setting next_dagrun for example_etl to 2025-05-10T00:00:00+00:00, run_after=2025-05-11T00:00:00+00:00
[2025-05-11T15:33:59.576+0000] {processor.py:179} INFO - Processing /opt/airflow/dags/example_etl.py took 0.053 seconds
[2025-05-11T15:34:29.750+0000] {processor.py:157} INFO - Started process (PID=54) to work on /opt/airflow/dags/example_etl.py
[2025-05-11T15:34:29.752+0000] {processor.py:829} INFO - Processing file /opt/airflow/dags/example_etl.py for tasks to queue
[2025-05-11T15:34:29.753+0000] {logging_mixin.py:151} INFO - [2025-05-11T15:34:29.752+0000] {dagbag.py:539} INFO - Filling up the DagBag from /opt/airflow/dags/example_etl.py
[2025-05-11T15:34:29.770+0000] {processor.py:839} INFO - DAG(s) dict_keys(['example_etl']) retrieved from /opt/airflow/dags/example_etl.py
[2025-05-11T15:34:29.786+0000] {logging_mixin.py:151} INFO - [2025-05-11T15:34:29.786+0000] {dag.py:2915} INFO - Sync 1 DAGs
[2025-05-11T15:34:29.800+0000] {logging_mixin.py:151} INFO - [2025-05-11T15:34:29.800+0000] {dag.py:3696} INFO - Setting next_dagrun for example_etl to 2025-05-10T00:00:00+00:00, run_after=2025-05-11T00:00:00+00:00
[2025-05-11T15:34:29.811+0000] {processor.py:179} INFO - Processing /opt/airflow/dags/example_etl.py took 0.065 seconds
[2025-05-11T15:35:00.104+0000] {processor.py:157} INFO - Started process (PID=56) to work on /opt/airflow/dags/example_etl.py
[2025-05-11T15:35:00.105+0000] {processor.py:829} INFO - Processing file /opt/airflow/dags/example_etl.py for tasks to queue
[2025-05-11T15:35:00.105+0000] {logging_mixin.py:151} INFO - [2025-05-11T15:35:00.105+0000] {dagbag.py:539} INFO - Filling up the DagBag from /opt/airflow/dags/example_etl.py
[2025-05-11T15:35:00.115+0000] {processor.py:839} INFO - DAG(s) dict_keys(['example_etl']) retrieved from /opt/airflow/dags/example_etl.py
[2025-05-11T15:35:00.127+0000] {logging_mixin.py:151} INFO - [2025-05-11T15:35:00.127+0000] {dag.py:2915} INFO - Sync 1 DAGs
[2025-05-11T15:35:00.136+0000] {logging_mixin.py:151} INFO - [2025-05-11T15:35:00.136+0000] {dag.py:3696} INFO - Setting next_dagrun for example_etl to 2025-05-10T00:00:00+00:00, run_after=2025-05-11T00:00:00+00:00
[2025-05-11T15:35:00.145+0000] {processor.py:179} INFO - Processing /opt/airflow/dags/example_etl.py took 0.043 seconds
[2025-05-11T15:35:30.590+0000] {processor.py:157} INFO - Started process (PID=58) to work on /opt/airflow/dags/example_etl.py
[2025-05-11T15:35:30.591+0000] {processor.py:829} INFO - Processing file /opt/airflow/dags/example_etl.py for tasks to queue
[2025-05-11T15:35:30.592+0000] {logging_mixin.py:151} INFO - [2025-05-11T15:35:30.592+0000] {dagbag.py:539} INFO - Filling up the DagBag from /opt/airflow/dags/example_etl.py
[2025-05-11T15:35:30.606+0000] {processor.py:839} INFO - DAG(s) dict_keys(['example_etl']) retrieved from /opt/airflow/dags/example_etl.py
[2025-05-11T15:35:30.622+0000] {logging_mixin.py:151} INFO - [2025-05-11T15:35:30.622+0000] {dag.py:2915} INFO - Sync 1 DAGs
[2025-05-11T15:35:30.631+0000] {logging_mixin.py:151} INFO - [2025-05-11T15:35:30.631+0000] {dag.py:3696} INFO - Setting next_dagrun for example_etl to 2025-05-10T00:00:00+00:00, run_after=2025-05-11T00:00:00+00:00
[2025-05-11T15:35:30.642+0000] {processor.py:179} INFO - Processing /opt/airflow/dags/example_etl.py took 0.056 seconds
[2025-05-11T15:36:00.937+0000] {processor.py:157} INFO - Started process (PID=60) to work on /opt/airflow/dags/example_etl.py
[2025-05-11T15:36:00.938+0000] {processor.py:829} INFO - Processing file /opt/airflow/dags/example_etl.py for tasks to queue
[2025-05-11T15:36:00.939+0000] {logging_mixin.py:151} INFO - [2025-05-11T15:36:00.938+0000] {dagbag.py:539} INFO - Filling up the DagBag from /opt/airflow/dags/example_etl.py
[2025-05-11T15:36:00.951+0000] {processor.py:839} INFO - DAG(s) dict_keys(['example_etl']) retrieved from /opt/airflow/dags/example_etl.py
[2025-05-11T15:36:00.967+0000] {logging_mixin.py:151} INFO - [2025-05-11T15:36:00.967+0000] {dag.py:2915} INFO - Sync 1 DAGs
[2025-05-11T15:36:00.978+0000] {logging_mixin.py:151} INFO - [2025-05-11T15:36:00.978+0000] {dag.py:3696} INFO - Setting next_dagrun for example_etl to 2025-05-10T00:00:00+00:00, run_after=2025-05-11T00:00:00+00:00
[2025-05-11T15:36:00.989+0000] {processor.py:179} INFO - Processing /opt/airflow/dags/example_etl.py took 0.056 seconds
[2025-05-11T15:36:31.125+0000] {processor.py:157} INFO - Started process (PID=62) to work on /opt/airflow/dags/example_etl.py
[2025-05-11T15:36:31.126+0000] {processor.py:829} INFO - Processing file /opt/airflow/dags/example_etl.py for tasks to queue
[2025-05-11T15:36:31.126+0000] {logging_mixin.py:151} INFO - [2025-05-11T15:36:31.126+0000] {dagbag.py:539} INFO - Filling up the DagBag from /opt/airflow/dags/example_etl.py
[2025-05-11T15:36:31.137+0000] {processor.py:839} INFO - DAG(s) dict_keys(['example_etl']) retrieved from /opt/airflow/dags/example_etl.py
[2025-05-11T15:36:31.151+0000] {logging_mixin.py:151} INFO - [2025-05-11T15:36:31.151+0000] {dag.py:2915} INFO - Sync 1 DAGs
[2025-05-11T15:36:31.160+0000] {logging_mixin.py:151} INFO - [2025-05-11T15:36:31.160+0000] {dag.py:3696} INFO - Setting next_dagrun for example_etl to 2025-05-10T00:00:00+00:00, run_after=2025-05-11T00:00:00+00:00
[2025-05-11T15:36:31.170+0000] {processor.py:179} INFO - Processing /opt/airflow/dags/example_etl.py took 0.048 seconds
[2025-05-11T15:37:01.461+0000] {processor.py:157} INFO - Started process (PID=64) to work on /opt/airflow/dags/example_etl.py
[2025-05-11T15:37:01.462+0000] {processor.py:829} INFO - Processing file /opt/airflow/dags/example_etl.py for tasks to queue
[2025-05-11T15:37:01.463+0000] {logging_mixin.py:151} INFO - [2025-05-11T15:37:01.462+0000] {dagbag.py:539} INFO - Filling up the DagBag from /opt/airflow/dags/example_etl.py
[2025-05-11T15:37:01.472+0000] {processor.py:839} INFO - DAG(s) dict_keys(['example_etl']) retrieved from /opt/airflow/dags/example_etl.py
[2025-05-11T15:37:01.484+0000] {logging_mixin.py:151} INFO - [2025-05-11T15:37:01.484+0000] {dag.py:2915} INFO - Sync 1 DAGs
[2025-05-11T15:37:01.497+0000] {logging_mixin.py:151} INFO - [2025-05-11T15:37:01.497+0000] {dag.py:3696} INFO - Setting next_dagrun for example_etl to 2025-05-10T00:00:00+00:00, run_after=2025-05-11T00:00:00+00:00
[2025-05-11T15:37:01.507+0000] {processor.py:179} INFO - Processing /opt/airflow/dags/example_etl.py took 0.048 seconds
[2025-05-11T15:37:31.792+0000] {processor.py:157} INFO - Started process (PID=66) to work on /opt/airflow/dags/example_etl.py
[2025-05-11T15:37:31.793+0000] {processor.py:829} INFO - Processing file /opt/airflow/dags/example_etl.py for tasks to queue
[2025-05-11T15:37:31.794+0000] {logging_mixin.py:151} INFO - [2025-05-11T15:37:31.794+0000] {dagbag.py:539} INFO - Filling up the DagBag from /opt/airflow/dags/example_etl.py
[2025-05-11T15:37:31.806+0000] {processor.py:839} INFO - DAG(s) dict_keys(['example_etl']) retrieved from /opt/airflow/dags/example_etl.py
[2025-05-11T15:37:31.821+0000] {logging_mixin.py:151} INFO - [2025-05-11T15:37:31.821+0000] {dag.py:2915} INFO - Sync 1 DAGs
[2025-05-11T15:37:31.830+0000] {logging_mixin.py:151} INFO - [2025-05-11T15:37:31.830+0000] {dag.py:3696} INFO - Setting next_dagrun for example_etl to 2025-05-10T00:00:00+00:00, run_after=2025-05-11T00:00:00+00:00
[2025-05-11T15:37:31.842+0000] {processor.py:179} INFO - Processing /opt/airflow/dags/example_etl.py took 0.052 seconds
[2025-05-11T15:38:02.088+0000] {processor.py:157} INFO - Started process (PID=68) to work on /opt/airflow/dags/example_etl.py
[2025-05-11T15:38:02.089+0000] {processor.py:829} INFO - Processing file /opt/airflow/dags/example_etl.py for tasks to queue
[2025-05-11T15:38:02.090+0000] {logging_mixin.py:151} INFO - [2025-05-11T15:38:02.089+0000] {dagbag.py:539} INFO - Filling up the DagBag from /opt/airflow/dags/example_etl.py
[2025-05-11T15:38:02.106+0000] {processor.py:839} INFO - DAG(s) dict_keys(['example_etl']) retrieved from /opt/airflow/dags/example_etl.py
[2025-05-11T15:38:02.127+0000] {logging_mixin.py:151} INFO - [2025-05-11T15:38:02.127+0000] {dag.py:2915} INFO - Sync 1 DAGs
[2025-05-11T15:38:02.141+0000] {logging_mixin.py:151} INFO - [2025-05-11T15:38:02.141+0000] {dag.py:3696} INFO - Setting next_dagrun for example_etl to 2025-05-10T00:00:00+00:00, run_after=2025-05-11T00:00:00+00:00
[2025-05-11T15:38:02.154+0000] {processor.py:179} INFO - Processing /opt/airflow/dags/example_etl.py took 0.070 seconds
[2025-05-11T15:38:32.432+0000] {processor.py:157} INFO - Started process (PID=70) to work on /opt/airflow/dags/example_etl.py
[2025-05-11T15:38:32.433+0000] {processor.py:829} INFO - Processing file /opt/airflow/dags/example_etl.py for tasks to queue
[2025-05-11T15:38:32.434+0000] {logging_mixin.py:151} INFO - [2025-05-11T15:38:32.433+0000] {dagbag.py:539} INFO - Filling up the DagBag from /opt/airflow/dags/example_etl.py
[2025-05-11T15:38:32.445+0000] {processor.py:839} INFO - DAG(s) dict_keys(['example_etl']) retrieved from /opt/airflow/dags/example_etl.py
[2025-05-11T15:38:32.457+0000] {logging_mixin.py:151} INFO - [2025-05-11T15:38:32.457+0000] {dag.py:2915} INFO - Sync 1 DAGs
[2025-05-11T15:38:32.469+0000] {logging_mixin.py:151} INFO - [2025-05-11T15:38:32.469+0000] {dag.py:3696} INFO - Setting next_dagrun for example_etl to 2025-05-10T00:00:00+00:00, run_after=2025-05-11T00:00:00+00:00
[2025-05-11T15:38:32.482+0000] {processor.py:179} INFO - Processing /opt/airflow/dags/example_etl.py took 0.052 seconds
[2025-05-11T15:39:02.778+0000] {processor.py:157} INFO - Started process (PID=72) to work on /opt/airflow/dags/example_etl.py
[2025-05-11T15:39:02.780+0000] {processor.py:829} INFO - Processing file /opt/airflow/dags/example_etl.py for tasks to queue
[2025-05-11T15:39:02.781+0000] {logging_mixin.py:151} INFO - [2025-05-11T15:39:02.780+0000] {dagbag.py:539} INFO - Filling up the DagBag from /opt/airflow/dags/example_etl.py
[2025-05-11T15:39:02.797+0000] {processor.py:839} INFO - DAG(s) dict_keys(['example_etl']) retrieved from /opt/airflow/dags/example_etl.py
[2025-05-11T15:39:02.817+0000] {logging_mixin.py:151} INFO - [2025-05-11T15:39:02.817+0000] {dag.py:2915} INFO - Sync 1 DAGs
[2025-05-11T15:39:02.828+0000] {logging_mixin.py:151} INFO - [2025-05-11T15:39:02.828+0000] {dag.py:3696} INFO - Setting next_dagrun for example_etl to 2025-05-10T00:00:00+00:00, run_after=2025-05-11T00:00:00+00:00
[2025-05-11T15:39:02.838+0000] {processor.py:179} INFO - Processing /opt/airflow/dags/example_etl.py took 0.065 seconds
[2025-05-11T15:39:33.073+0000] {processor.py:157} INFO - Started process (PID=74) to work on /opt/airflow/dags/example_etl.py
[2025-05-11T15:39:33.074+0000] {processor.py:829} INFO - Processing file /opt/airflow/dags/example_etl.py for tasks to queue
[2025-05-11T15:39:33.074+0000] {logging_mixin.py:151} INFO - [2025-05-11T15:39:33.074+0000] {dagbag.py:539} INFO - Filling up the DagBag from /opt/airflow/dags/example_etl.py
[2025-05-11T15:39:33.084+0000] {processor.py:839} INFO - DAG(s) dict_keys(['example_etl']) retrieved from /opt/airflow/dags/example_etl.py
[2025-05-11T15:39:33.097+0000] {logging_mixin.py:151} INFO - [2025-05-11T15:39:33.096+0000] {dag.py:2915} INFO - Sync 1 DAGs
[2025-05-11T15:39:33.106+0000] {logging_mixin.py:151} INFO - [2025-05-11T15:39:33.106+0000] {dag.py:3696} INFO - Setting next_dagrun for example_etl to 2025-05-10T00:00:00+00:00, run_after=2025-05-11T00:00:00+00:00
[2025-05-11T15:39:33.115+0000] {processor.py:179} INFO - Processing /opt/airflow/dags/example_etl.py took 0.044 seconds
[2025-05-11T15:40:03.434+0000] {processor.py:157} INFO - Started process (PID=76) to work on /opt/airflow/dags/example_etl.py
[2025-05-11T15:40:03.435+0000] {processor.py:829} INFO - Processing file /opt/airflow/dags/example_etl.py for tasks to queue
[2025-05-11T15:40:03.436+0000] {logging_mixin.py:151} INFO - [2025-05-11T15:40:03.435+0000] {dagbag.py:539} INFO - Filling up the DagBag from /opt/airflow/dags/example_etl.py
[2025-05-11T15:40:03.449+0000] {processor.py:839} INFO - DAG(s) dict_keys(['example_etl']) retrieved from /opt/airflow/dags/example_etl.py
[2025-05-11T15:40:03.465+0000] {logging_mixin.py:151} INFO - [2025-05-11T15:40:03.465+0000] {dag.py:2915} INFO - Sync 1 DAGs
[2025-05-11T15:40:03.474+0000] {logging_mixin.py:151} INFO - [2025-05-11T15:40:03.474+0000] {dag.py:3696} INFO - Setting next_dagrun for example_etl to 2025-05-10T00:00:00+00:00, run_after=2025-05-11T00:00:00+00:00
[2025-05-11T15:40:03.483+0000] {processor.py:179} INFO - Processing /opt/airflow/dags/example_etl.py took 0.053 seconds
[2025-05-11T15:40:33.781+0000] {processor.py:157} INFO - Started process (PID=78) to work on /opt/airflow/dags/example_etl.py
[2025-05-11T15:40:33.783+0000] {processor.py:829} INFO - Processing file /opt/airflow/dags/example_etl.py for tasks to queue
[2025-05-11T15:40:33.783+0000] {logging_mixin.py:151} INFO - [2025-05-11T15:40:33.783+0000] {dagbag.py:539} INFO - Filling up the DagBag from /opt/airflow/dags/example_etl.py
[2025-05-11T15:40:33.795+0000] {processor.py:839} INFO - DAG(s) dict_keys(['example_etl']) retrieved from /opt/airflow/dags/example_etl.py
[2025-05-11T15:40:33.811+0000] {logging_mixin.py:151} INFO - [2025-05-11T15:40:33.811+0000] {dag.py:2915} INFO - Sync 1 DAGs
[2025-05-11T15:40:33.822+0000] {logging_mixin.py:151} INFO - [2025-05-11T15:40:33.822+0000] {dag.py:3696} INFO - Setting next_dagrun for example_etl to 2025-05-10T00:00:00+00:00, run_after=2025-05-11T00:00:00+00:00
[2025-05-11T15:40:33.831+0000] {processor.py:179} INFO - Processing /opt/airflow/dags/example_etl.py took 0.053 seconds
[2025-05-11T15:41:04.115+0000] {processor.py:157} INFO - Started process (PID=80) to work on /opt/airflow/dags/example_etl.py
[2025-05-11T15:41:04.116+0000] {processor.py:829} INFO - Processing file /opt/airflow/dags/example_etl.py for tasks to queue
[2025-05-11T15:41:04.117+0000] {logging_mixin.py:151} INFO - [2025-05-11T15:41:04.117+0000] {dagbag.py:539} INFO - Filling up the DagBag from /opt/airflow/dags/example_etl.py
[2025-05-11T15:41:04.130+0000] {processor.py:839} INFO - DAG(s) dict_keys(['example_etl']) retrieved from /opt/airflow/dags/example_etl.py
[2025-05-11T15:41:04.143+0000] {logging_mixin.py:151} INFO - [2025-05-11T15:41:04.143+0000] {dag.py:2915} INFO - Sync 1 DAGs
[2025-05-11T15:41:04.154+0000] {logging_mixin.py:151} INFO - [2025-05-11T15:41:04.153+0000] {dag.py:3696} INFO - Setting next_dagrun for example_etl to 2025-05-10T00:00:00+00:00, run_after=2025-05-11T00:00:00+00:00
[2025-05-11T15:41:04.164+0000] {processor.py:179} INFO - Processing /opt/airflow/dags/example_etl.py took 0.054 seconds
[2025-05-11T15:41:34.485+0000] {processor.py:157} INFO - Started process (PID=82) to work on /opt/airflow/dags/example_etl.py
[2025-05-11T15:41:34.486+0000] {processor.py:829} INFO - Processing file /opt/airflow/dags/example_etl.py for tasks to queue
[2025-05-11T15:41:34.487+0000] {logging_mixin.py:151} INFO - [2025-05-11T15:41:34.487+0000] {dagbag.py:539} INFO - Filling up the DagBag from /opt/airflow/dags/example_etl.py
[2025-05-11T15:41:34.501+0000] {processor.py:839} INFO - DAG(s) dict_keys(['example_etl']) retrieved from /opt/airflow/dags/example_etl.py
[2025-05-11T15:41:34.520+0000] {logging_mixin.py:151} INFO - [2025-05-11T15:41:34.520+0000] {dag.py:2915} INFO - Sync 1 DAGs
[2025-05-11T15:41:34.529+0000] {logging_mixin.py:151} INFO - [2025-05-11T15:41:34.529+0000] {dag.py:3696} INFO - Setting next_dagrun for example_etl to 2025-05-10T00:00:00+00:00, run_after=2025-05-11T00:00:00+00:00
[2025-05-11T15:41:34.539+0000] {processor.py:179} INFO - Processing /opt/airflow/dags/example_etl.py took 0.058 seconds
[2025-05-11T15:42:04.830+0000] {processor.py:157} INFO - Started process (PID=84) to work on /opt/airflow/dags/example_etl.py
[2025-05-11T15:42:04.831+0000] {processor.py:829} INFO - Processing file /opt/airflow/dags/example_etl.py for tasks to queue
[2025-05-11T15:42:04.832+0000] {logging_mixin.py:151} INFO - [2025-05-11T15:42:04.831+0000] {dagbag.py:539} INFO - Filling up the DagBag from /opt/airflow/dags/example_etl.py
[2025-05-11T15:42:04.840+0000] {processor.py:839} INFO - DAG(s) dict_keys(['example_etl']) retrieved from /opt/airflow/dags/example_etl.py
[2025-05-11T15:42:04.856+0000] {logging_mixin.py:151} INFO - [2025-05-11T15:42:04.856+0000] {dag.py:2915} INFO - Sync 1 DAGs
[2025-05-11T15:42:04.867+0000] {logging_mixin.py:151} INFO - [2025-05-11T15:42:04.867+0000] {dag.py:3696} INFO - Setting next_dagrun for example_etl to 2025-05-10T00:00:00+00:00, run_after=2025-05-11T00:00:00+00:00
[2025-05-11T15:42:04.877+0000] {processor.py:179} INFO - Processing /opt/airflow/dags/example_etl.py took 0.049 seconds
[2025-05-11T15:42:35.141+0000] {processor.py:157} INFO - Started process (PID=86) to work on /opt/airflow/dags/example_etl.py
[2025-05-11T15:42:35.142+0000] {processor.py:829} INFO - Processing file /opt/airflow/dags/example_etl.py for tasks to queue
[2025-05-11T15:42:35.143+0000] {logging_mixin.py:151} INFO - [2025-05-11T15:42:35.142+0000] {dagbag.py:539} INFO - Filling up the DagBag from /opt/airflow/dags/example_etl.py
[2025-05-11T15:42:35.160+0000] {processor.py:839} INFO - DAG(s) dict_keys(['example_etl']) retrieved from /opt/airflow/dags/example_etl.py
[2025-05-11T15:42:35.177+0000] {logging_mixin.py:151} INFO - [2025-05-11T15:42:35.177+0000] {dag.py:2915} INFO - Sync 1 DAGs
[2025-05-11T15:42:35.187+0000] {logging_mixin.py:151} INFO - [2025-05-11T15:42:35.187+0000] {dag.py:3696} INFO - Setting next_dagrun for example_etl to 2025-05-10T00:00:00+00:00, run_after=2025-05-11T00:00:00+00:00
[2025-05-11T15:42:35.195+0000] {processor.py:179} INFO - Processing /opt/airflow/dags/example_etl.py took 0.057 seconds
[2025-05-11T15:43:05.472+0000] {processor.py:157} INFO - Started process (PID=88) to work on /opt/airflow/dags/example_etl.py
[2025-05-11T15:43:05.473+0000] {processor.py:829} INFO - Processing file /opt/airflow/dags/example_etl.py for tasks to queue
[2025-05-11T15:43:05.474+0000] {logging_mixin.py:151} INFO - [2025-05-11T15:43:05.474+0000] {dagbag.py:539} INFO - Filling up the DagBag from /opt/airflow/dags/example_etl.py
[2025-05-11T15:43:05.487+0000] {processor.py:839} INFO - DAG(s) dict_keys(['example_etl']) retrieved from /opt/airflow/dags/example_etl.py
[2025-05-11T15:43:05.501+0000] {logging_mixin.py:151} INFO - [2025-05-11T15:43:05.501+0000] {dag.py:2915} INFO - Sync 1 DAGs
[2025-05-11T15:43:05.511+0000] {logging_mixin.py:151} INFO - [2025-05-11T15:43:05.511+0000] {dag.py:3696} INFO - Setting next_dagrun for example_etl to 2025-05-10T00:00:00+00:00, run_after=2025-05-11T00:00:00+00:00
[2025-05-11T15:43:05.520+0000] {processor.py:179} INFO - Processing /opt/airflow/dags/example_etl.py took 0.053 seconds
[2025-05-11T15:43:35.799+0000] {processor.py:157} INFO - Started process (PID=90) to work on /opt/airflow/dags/example_etl.py
[2025-05-11T15:43:35.800+0000] {processor.py:829} INFO - Processing file /opt/airflow/dags/example_etl.py for tasks to queue
[2025-05-11T15:43:35.800+0000] {logging_mixin.py:151} INFO - [2025-05-11T15:43:35.800+0000] {dagbag.py:539} INFO - Filling up the DagBag from /opt/airflow/dags/example_etl.py
[2025-05-11T15:43:35.807+0000] {processor.py:839} INFO - DAG(s) dict_keys(['example_etl']) retrieved from /opt/airflow/dags/example_etl.py
[2025-05-11T15:43:35.818+0000] {logging_mixin.py:151} INFO - [2025-05-11T15:43:35.818+0000] {dag.py:2915} INFO - Sync 1 DAGs
[2025-05-11T15:43:35.827+0000] {logging_mixin.py:151} INFO - [2025-05-11T15:43:35.827+0000] {dag.py:3696} INFO - Setting next_dagrun for example_etl to 2025-05-10T00:00:00+00:00, run_after=2025-05-11T00:00:00+00:00
[2025-05-11T15:43:35.836+0000] {processor.py:179} INFO - Processing /opt/airflow/dags/example_etl.py took 0.038 seconds
[2025-05-11T15:44:06.033+0000] {processor.py:157} INFO - Started process (PID=92) to work on /opt/airflow/dags/example_etl.py
[2025-05-11T15:44:06.033+0000] {processor.py:829} INFO - Processing file /opt/airflow/dags/example_etl.py for tasks to queue
[2025-05-11T15:44:06.034+0000] {logging_mixin.py:151} INFO - [2025-05-11T15:44:06.034+0000] {dagbag.py:539} INFO - Filling up the DagBag from /opt/airflow/dags/example_etl.py
[2025-05-11T15:44:06.043+0000] {processor.py:839} INFO - DAG(s) dict_keys(['example_etl']) retrieved from /opt/airflow/dags/example_etl.py
[2025-05-11T15:44:06.056+0000] {logging_mixin.py:151} INFO - [2025-05-11T15:44:06.056+0000] {dag.py:2915} INFO - Sync 1 DAGs
[2025-05-11T15:44:06.066+0000] {logging_mixin.py:151} INFO - [2025-05-11T15:44:06.066+0000] {dag.py:3696} INFO - Setting next_dagrun for example_etl to 2025-05-10T00:00:00+00:00, run_after=2025-05-11T00:00:00+00:00
[2025-05-11T15:44:06.076+0000] {processor.py:179} INFO - Processing /opt/airflow/dags/example_etl.py took 0.045 seconds
[2025-05-11T15:44:36.216+0000] {processor.py:157} INFO - Started process (PID=94) to work on /opt/airflow/dags/example_etl.py
[2025-05-11T15:44:36.216+0000] {processor.py:829} INFO - Processing file /opt/airflow/dags/example_etl.py for tasks to queue
[2025-05-11T15:44:36.217+0000] {logging_mixin.py:151} INFO - [2025-05-11T15:44:36.217+0000] {dagbag.py:539} INFO - Filling up the DagBag from /opt/airflow/dags/example_etl.py
[2025-05-11T15:44:36.224+0000] {processor.py:839} INFO - DAG(s) dict_keys(['example_etl']) retrieved from /opt/airflow/dags/example_etl.py
[2025-05-11T15:44:36.239+0000] {logging_mixin.py:151} INFO - [2025-05-11T15:44:36.239+0000] {dag.py:2915} INFO - Sync 1 DAGs
[2025-05-11T15:44:36.250+0000] {logging_mixin.py:151} INFO - [2025-05-11T15:44:36.250+0000] {dag.py:3696} INFO - Setting next_dagrun for example_etl to 2025-05-10T00:00:00+00:00, run_after=2025-05-11T00:00:00+00:00
[2025-05-11T15:44:36.260+0000] {processor.py:179} INFO - Processing /opt/airflow/dags/example_etl.py took 0.046 seconds
[2025-05-11T15:45:06.415+0000] {processor.py:157} INFO - Started process (PID=96) to work on /opt/airflow/dags/example_etl.py
[2025-05-11T15:45:06.416+0000] {processor.py:829} INFO - Processing file /opt/airflow/dags/example_etl.py for tasks to queue
[2025-05-11T15:45:06.416+0000] {logging_mixin.py:151} INFO - [2025-05-11T15:45:06.416+0000] {dagbag.py:539} INFO - Filling up the DagBag from /opt/airflow/dags/example_etl.py
[2025-05-11T15:45:06.426+0000] {processor.py:839} INFO - DAG(s) dict_keys(['example_etl']) retrieved from /opt/airflow/dags/example_etl.py
[2025-05-11T15:45:06.442+0000] {logging_mixin.py:151} INFO - [2025-05-11T15:45:06.441+0000] {dag.py:2915} INFO - Sync 1 DAGs
[2025-05-11T15:45:06.453+0000] {logging_mixin.py:151} INFO - [2025-05-11T15:45:06.453+0000] {dag.py:3696} INFO - Setting next_dagrun for example_etl to 2025-05-10T00:00:00+00:00, run_after=2025-05-11T00:00:00+00:00
[2025-05-11T15:45:06.464+0000] {processor.py:179} INFO - Processing /opt/airflow/dags/example_etl.py took 0.051 seconds
[2025-05-11T15:45:36.632+0000] {processor.py:157} INFO - Started process (PID=98) to work on /opt/airflow/dags/example_etl.py
[2025-05-11T15:45:36.633+0000] {processor.py:829} INFO - Processing file /opt/airflow/dags/example_etl.py for tasks to queue
[2025-05-11T15:45:36.635+0000] {logging_mixin.py:151} INFO - [2025-05-11T15:45:36.635+0000] {dagbag.py:539} INFO - Filling up the DagBag from /opt/airflow/dags/example_etl.py
[2025-05-11T15:45:36.656+0000] {processor.py:839} INFO - DAG(s) dict_keys(['example_etl']) retrieved from /opt/airflow/dags/example_etl.py
[2025-05-11T15:45:36.673+0000] {logging_mixin.py:151} INFO - [2025-05-11T15:45:36.673+0000] {dag.py:2915} INFO - Sync 1 DAGs
[2025-05-11T15:45:36.683+0000] {logging_mixin.py:151} INFO - [2025-05-11T15:45:36.683+0000] {dag.py:3696} INFO - Setting next_dagrun for example_etl to 2025-05-10T00:00:00+00:00, run_after=2025-05-11T00:00:00+00:00
[2025-05-11T15:45:36.692+0000] {processor.py:179} INFO - Processing /opt/airflow/dags/example_etl.py took 0.064 seconds
[2025-05-11T15:46:06.832+0000] {processor.py:157} INFO - Started process (PID=100) to work on /opt/airflow/dags/example_etl.py
[2025-05-11T15:46:06.832+0000] {processor.py:829} INFO - Processing file /opt/airflow/dags/example_etl.py for tasks to queue
[2025-05-11T15:46:06.832+0000] {logging_mixin.py:151} INFO - [2025-05-11T15:46:06.832+0000] {dagbag.py:539} INFO - Filling up the DagBag from /opt/airflow/dags/example_etl.py
[2025-05-11T15:46:06.840+0000] {processor.py:839} INFO - DAG(s) dict_keys(['example_etl']) retrieved from /opt/airflow/dags/example_etl.py
[2025-05-11T15:46:06.854+0000] {logging_mixin.py:151} INFO - [2025-05-11T15:46:06.854+0000] {dag.py:2915} INFO - Sync 1 DAGs
[2025-05-11T15:46:06.865+0000] {logging_mixin.py:151} INFO - [2025-05-11T15:46:06.865+0000] {dag.py:3696} INFO - Setting next_dagrun for example_etl to 2025-05-10T00:00:00+00:00, run_after=2025-05-11T00:00:00+00:00
[2025-05-11T15:46:06.887+0000] {processor.py:179} INFO - Processing /opt/airflow/dags/example_etl.py took 0.057 seconds
[2025-05-11T15:46:37.028+0000] {processor.py:157} INFO - Started process (PID=102) to work on /opt/airflow/dags/example_etl.py
[2025-05-11T15:46:37.029+0000] {processor.py:829} INFO - Processing file /opt/airflow/dags/example_etl.py for tasks to queue
[2025-05-11T15:46:37.030+0000] {logging_mixin.py:151} INFO - [2025-05-11T15:46:37.030+0000] {dagbag.py:539} INFO - Filling up the DagBag from /opt/airflow/dags/example_etl.py
[2025-05-11T15:46:37.044+0000] {processor.py:839} INFO - DAG(s) dict_keys(['example_etl']) retrieved from /opt/airflow/dags/example_etl.py
[2025-05-11T15:46:37.064+0000] {logging_mixin.py:151} INFO - [2025-05-11T15:46:37.064+0000] {dag.py:2915} INFO - Sync 1 DAGs
[2025-05-11T15:46:37.074+0000] {logging_mixin.py:151} INFO - [2025-05-11T15:46:37.074+0000] {dag.py:3696} INFO - Setting next_dagrun for example_etl to 2025-05-10T00:00:00+00:00, run_after=2025-05-11T00:00:00+00:00
[2025-05-11T15:46:37.084+0000] {processor.py:179} INFO - Processing /opt/airflow/dags/example_etl.py took 0.060 seconds
[2025-05-11T15:47:07.228+0000] {processor.py:157} INFO - Started process (PID=104) to work on /opt/airflow/dags/example_etl.py
[2025-05-11T15:47:07.229+0000] {processor.py:829} INFO - Processing file /opt/airflow/dags/example_etl.py for tasks to queue
[2025-05-11T15:47:07.230+0000] {logging_mixin.py:151} INFO - [2025-05-11T15:47:07.230+0000] {dagbag.py:539} INFO - Filling up the DagBag from /opt/airflow/dags/example_etl.py
[2025-05-11T15:47:07.245+0000] {processor.py:839} INFO - DAG(s) dict_keys(['example_etl']) retrieved from /opt/airflow/dags/example_etl.py
[2025-05-11T15:47:07.261+0000] {logging_mixin.py:151} INFO - [2025-05-11T15:47:07.261+0000] {dag.py:2915} INFO - Sync 1 DAGs
[2025-05-11T15:47:07.273+0000] {logging_mixin.py:151} INFO - [2025-05-11T15:47:07.273+0000] {dag.py:3696} INFO - Setting next_dagrun for example_etl to 2025-05-10T00:00:00+00:00, run_after=2025-05-11T00:00:00+00:00
[2025-05-11T15:47:07.284+0000] {processor.py:179} INFO - Processing /opt/airflow/dags/example_etl.py took 0.059 seconds
[2025-05-11T15:47:37.427+0000] {processor.py:157} INFO - Started process (PID=106) to work on /opt/airflow/dags/example_etl.py
[2025-05-11T15:47:37.428+0000] {processor.py:829} INFO - Processing file /opt/airflow/dags/example_etl.py for tasks to queue
[2025-05-11T15:47:37.429+0000] {logging_mixin.py:151} INFO - [2025-05-11T15:47:37.429+0000] {dagbag.py:539} INFO - Filling up the DagBag from /opt/airflow/dags/example_etl.py
[2025-05-11T15:47:37.442+0000] {processor.py:839} INFO - DAG(s) dict_keys(['example_etl']) retrieved from /opt/airflow/dags/example_etl.py
[2025-05-11T15:47:37.457+0000] {logging_mixin.py:151} INFO - [2025-05-11T15:47:37.457+0000] {dag.py:2915} INFO - Sync 1 DAGs
[2025-05-11T15:47:37.467+0000] {logging_mixin.py:151} INFO - [2025-05-11T15:47:37.467+0000] {dag.py:3696} INFO - Setting next_dagrun for example_etl to 2025-05-10T00:00:00+00:00, run_after=2025-05-11T00:00:00+00:00
[2025-05-11T15:47:37.476+0000] {processor.py:179} INFO - Processing /opt/airflow/dags/example_etl.py took 0.051 seconds
[2025-05-11T15:48:07.612+0000] {processor.py:157} INFO - Started process (PID=108) to work on /opt/airflow/dags/example_etl.py
[2025-05-11T15:48:07.613+0000] {processor.py:829} INFO - Processing file /opt/airflow/dags/example_etl.py for tasks to queue
[2025-05-11T15:48:07.614+0000] {logging_mixin.py:151} INFO - [2025-05-11T15:48:07.614+0000] {dagbag.py:539} INFO - Filling up the DagBag from /opt/airflow/dags/example_etl.py
[2025-05-11T15:48:07.626+0000] {processor.py:839} INFO - DAG(s) dict_keys(['example_etl']) retrieved from /opt/airflow/dags/example_etl.py
[2025-05-11T15:48:07.641+0000] {logging_mixin.py:151} INFO - [2025-05-11T15:48:07.641+0000] {dag.py:2915} INFO - Sync 1 DAGs
[2025-05-11T15:48:07.651+0000] {logging_mixin.py:151} INFO - [2025-05-11T15:48:07.651+0000] {dag.py:3696} INFO - Setting next_dagrun for example_etl to 2025-05-10T00:00:00+00:00, run_after=2025-05-11T00:00:00+00:00
[2025-05-11T15:48:07.660+0000] {processor.py:179} INFO - Processing /opt/airflow/dags/example_etl.py took 0.052 seconds
[2025-05-11T15:48:37.844+0000] {processor.py:157} INFO - Started process (PID=110) to work on /opt/airflow/dags/example_etl.py
[2025-05-11T15:48:37.845+0000] {processor.py:829} INFO - Processing file /opt/airflow/dags/example_etl.py for tasks to queue
[2025-05-11T15:48:37.846+0000] {logging_mixin.py:151} INFO - [2025-05-11T15:48:37.845+0000] {dagbag.py:539} INFO - Filling up the DagBag from /opt/airflow/dags/example_etl.py
[2025-05-11T15:48:37.857+0000] {processor.py:839} INFO - DAG(s) dict_keys(['example_etl']) retrieved from /opt/airflow/dags/example_etl.py
[2025-05-11T15:48:37.874+0000] {logging_mixin.py:151} INFO - [2025-05-11T15:48:37.874+0000] {dag.py:2915} INFO - Sync 1 DAGs
[2025-05-11T15:48:37.885+0000] {logging_mixin.py:151} INFO - [2025-05-11T15:48:37.884+0000] {dag.py:3696} INFO - Setting next_dagrun for example_etl to 2025-05-10T00:00:00+00:00, run_after=2025-05-11T00:00:00+00:00
[2025-05-11T15:48:37.894+0000] {processor.py:179} INFO - Processing /opt/airflow/dags/example_etl.py took 0.055 seconds
[2025-05-11T15:49:08.019+0000] {processor.py:157} INFO - Started process (PID=112) to work on /opt/airflow/dags/example_etl.py
[2025-05-11T15:49:08.019+0000] {processor.py:829} INFO - Processing file /opt/airflow/dags/example_etl.py for tasks to queue
[2025-05-11T15:49:08.020+0000] {logging_mixin.py:151} INFO - [2025-05-11T15:49:08.020+0000] {dagbag.py:539} INFO - Filling up the DagBag from /opt/airflow/dags/example_etl.py
[2025-05-11T15:49:08.029+0000] {processor.py:839} INFO - DAG(s) dict_keys(['example_etl']) retrieved from /opt/airflow/dags/example_etl.py
[2025-05-11T15:49:08.040+0000] {logging_mixin.py:151} INFO - [2025-05-11T15:49:08.040+0000] {dag.py:2915} INFO - Sync 1 DAGs
[2025-05-11T15:49:08.049+0000] {logging_mixin.py:151} INFO - [2025-05-11T15:49:08.049+0000] {dag.py:3696} INFO - Setting next_dagrun for example_etl to 2025-05-10T00:00:00+00:00, run_after=2025-05-11T00:00:00+00:00
[2025-05-11T15:49:08.057+0000] {processor.py:179} INFO - Processing /opt/airflow/dags/example_etl.py took 0.041 seconds
[2025-05-11T15:49:38.219+0000] {processor.py:157} INFO - Started process (PID=114) to work on /opt/airflow/dags/example_etl.py
[2025-05-11T15:49:38.220+0000] {processor.py:829} INFO - Processing file /opt/airflow/dags/example_etl.py for tasks to queue
[2025-05-11T15:49:38.221+0000] {logging_mixin.py:151} INFO - [2025-05-11T15:49:38.220+0000] {dagbag.py:539} INFO - Filling up the DagBag from /opt/airflow/dags/example_etl.py
[2025-05-11T15:49:38.231+0000] {processor.py:839} INFO - DAG(s) dict_keys(['example_etl']) retrieved from /opt/airflow/dags/example_etl.py
[2025-05-11T15:49:38.246+0000] {logging_mixin.py:151} INFO - [2025-05-11T15:49:38.246+0000] {dag.py:2915} INFO - Sync 1 DAGs
[2025-05-11T15:49:38.258+0000] {logging_mixin.py:151} INFO - [2025-05-11T15:49:38.258+0000] {dag.py:3696} INFO - Setting next_dagrun for example_etl to 2025-05-10T00:00:00+00:00, run_after=2025-05-11T00:00:00+00:00
[2025-05-11T15:49:38.269+0000] {processor.py:179} INFO - Processing /opt/airflow/dags/example_etl.py took 0.052 seconds
[2025-05-11T15:50:08.427+0000] {processor.py:157} INFO - Started process (PID=116) to work on /opt/airflow/dags/example_etl.py
[2025-05-11T15:50:08.427+0000] {processor.py:829} INFO - Processing file /opt/airflow/dags/example_etl.py for tasks to queue
[2025-05-11T15:50:08.428+0000] {logging_mixin.py:151} INFO - [2025-05-11T15:50:08.428+0000] {dagbag.py:539} INFO - Filling up the DagBag from /opt/airflow/dags/example_etl.py
[2025-05-11T15:50:08.440+0000] {processor.py:839} INFO - DAG(s) dict_keys(['example_etl']) retrieved from /opt/airflow/dags/example_etl.py
[2025-05-11T15:50:08.455+0000] {logging_mixin.py:151} INFO - [2025-05-11T15:50:08.455+0000] {dag.py:2915} INFO - Sync 1 DAGs
[2025-05-11T15:50:08.464+0000] {logging_mixin.py:151} INFO - [2025-05-11T15:50:08.464+0000] {dag.py:3696} INFO - Setting next_dagrun for example_etl to 2025-05-10T00:00:00+00:00, run_after=2025-05-11T00:00:00+00:00
[2025-05-11T15:50:08.474+0000] {processor.py:179} INFO - Processing /opt/airflow/dags/example_etl.py took 0.050 seconds
