[2025-05-11T14:00:14.759+0000] {processor.py:157} INFO - Started process (PID=573) to work on /opt/airflow/dags/train_model_dag.py
[2025-05-11T14:00:14.765+0000] {processor.py:829} INFO - Processing file /opt/airflow/dags/train_model_dag.py for tasks to queue
[2025-05-11T14:00:14.773+0000] {logging_mixin.py:151} INFO - [2025-05-11T14:00:14.769+0000] {dagbag.py:539} INFO - Filling up the DagBag from /opt/airflow/dags/train_model_dag.py
[2025-05-11T14:00:14.891+0000] {processor.py:839} INFO - DAG(s) dict_keys(['model_training_dag']) retrieved from /opt/airflow/dags/train_model_dag.py
[2025-05-11T14:00:15.157+0000] {logging_mixin.py:151} INFO - [2025-05-11T14:00:15.156+0000] {dag.py:2915} INFO - Sync 1 DAGs
[2025-05-11T14:00:15.232+0000] {logging_mixin.py:151} INFO - [2025-05-11T14:00:15.232+0000] {dag.py:3696} INFO - Setting next_dagrun for model_training_dag to 2025-05-11T13:59:00+00:00, run_after=2025-05-11T14:00:00+00:00
[2025-05-11T14:00:15.592+0000] {processor.py:179} INFO - Processing /opt/airflow/dags/train_model_dag.py took 0.846 seconds
[2025-05-11T14:00:46.244+0000] {processor.py:157} INFO - Started process (PID=577) to work on /opt/airflow/dags/train_model_dag.py
[2025-05-11T14:00:46.245+0000] {processor.py:829} INFO - Processing file /opt/airflow/dags/train_model_dag.py for tasks to queue
[2025-05-11T14:00:46.246+0000] {logging_mixin.py:151} INFO - [2025-05-11T14:00:46.246+0000] {dagbag.py:539} INFO - Filling up the DagBag from /opt/airflow/dags/train_model_dag.py
[2025-05-11T14:00:46.271+0000] {processor.py:839} INFO - DAG(s) dict_keys(['model_training_dag']) retrieved from /opt/airflow/dags/train_model_dag.py
[2025-05-11T14:00:46.305+0000] {logging_mixin.py:151} INFO - [2025-05-11T14:00:46.305+0000] {dag.py:2915} INFO - Sync 1 DAGs
[2025-05-11T14:00:46.324+0000] {logging_mixin.py:151} INFO - [2025-05-11T14:00:46.324+0000] {dag.py:3696} INFO - Setting next_dagrun for model_training_dag to 2025-05-11T13:59:00+00:00, run_after=2025-05-11T14:00:00+00:00
[2025-05-11T14:00:46.336+0000] {processor.py:179} INFO - Processing /opt/airflow/dags/train_model_dag.py took 0.094 seconds
[2025-05-11T14:01:16.544+0000] {processor.py:157} INFO - Started process (PID=579) to work on /opt/airflow/dags/train_model_dag.py
[2025-05-11T14:01:16.546+0000] {processor.py:829} INFO - Processing file /opt/airflow/dags/train_model_dag.py for tasks to queue
[2025-05-11T14:01:16.547+0000] {logging_mixin.py:151} INFO - [2025-05-11T14:01:16.546+0000] {dagbag.py:539} INFO - Filling up the DagBag from /opt/airflow/dags/train_model_dag.py
[2025-05-11T14:01:16.559+0000] {processor.py:839} INFO - DAG(s) dict_keys(['model_training_dag']) retrieved from /opt/airflow/dags/train_model_dag.py
[2025-05-11T14:01:16.575+0000] {logging_mixin.py:151} INFO - [2025-05-11T14:01:16.575+0000] {dag.py:2915} INFO - Sync 1 DAGs
[2025-05-11T14:01:16.585+0000] {logging_mixin.py:151} INFO - [2025-05-11T14:01:16.585+0000] {dag.py:3696} INFO - Setting next_dagrun for model_training_dag to 2025-05-11T14:00:00+00:00, run_after=2025-05-11T14:01:00+00:00
[2025-05-11T14:01:16.593+0000] {processor.py:179} INFO - Processing /opt/airflow/dags/train_model_dag.py took 0.052 seconds
[2025-05-11T14:01:46.821+0000] {processor.py:157} INFO - Started process (PID=581) to work on /opt/airflow/dags/train_model_dag.py
[2025-05-11T14:01:46.822+0000] {processor.py:829} INFO - Processing file /opt/airflow/dags/train_model_dag.py for tasks to queue
[2025-05-11T14:01:46.823+0000] {logging_mixin.py:151} INFO - [2025-05-11T14:01:46.822+0000] {dagbag.py:539} INFO - Filling up the DagBag from /opt/airflow/dags/train_model_dag.py
[2025-05-11T14:01:46.877+0000] {processor.py:839} INFO - DAG(s) dict_keys(['model_training_dag']) retrieved from /opt/airflow/dags/train_model_dag.py
[2025-05-11T14:01:46.964+0000] {logging_mixin.py:151} INFO - [2025-05-11T14:01:46.964+0000] {dag.py:2915} INFO - Sync 1 DAGs
[2025-05-11T14:01:47.003+0000] {logging_mixin.py:151} INFO - [2025-05-11T14:01:47.002+0000] {dag.py:3696} INFO - Setting next_dagrun for model_training_dag to 2025-05-11T14:00:00+00:00, run_after=2025-05-11T14:01:00+00:00
[2025-05-11T14:01:47.027+0000] {processor.py:179} INFO - Processing /opt/airflow/dags/train_model_dag.py took 0.209 seconds
[2025-05-11T14:02:17.153+0000] {processor.py:157} INFO - Started process (PID=583) to work on /opt/airflow/dags/train_model_dag.py
[2025-05-11T14:02:17.154+0000] {processor.py:829} INFO - Processing file /opt/airflow/dags/train_model_dag.py for tasks to queue
[2025-05-11T14:02:17.155+0000] {logging_mixin.py:151} INFO - [2025-05-11T14:02:17.154+0000] {dagbag.py:539} INFO - Filling up the DagBag from /opt/airflow/dags/train_model_dag.py
[2025-05-11T14:02:17.167+0000] {processor.py:839} INFO - DAG(s) dict_keys(['model_training_dag']) retrieved from /opt/airflow/dags/train_model_dag.py
[2025-05-11T14:02:17.182+0000] {logging_mixin.py:151} INFO - [2025-05-11T14:02:17.182+0000] {dag.py:2915} INFO - Sync 1 DAGs
[2025-05-11T14:02:17.197+0000] {logging_mixin.py:151} INFO - [2025-05-11T14:02:17.197+0000] {dag.py:3696} INFO - Setting next_dagrun for model_training_dag to 2025-05-11T14:01:00+00:00, run_after=2025-05-11T14:02:00+00:00
[2025-05-11T14:02:17.218+0000] {processor.py:179} INFO - Processing /opt/airflow/dags/train_model_dag.py took 0.068 seconds
[2025-05-11T14:02:47.475+0000] {processor.py:157} INFO - Started process (PID=585) to work on /opt/airflow/dags/train_model_dag.py
[2025-05-11T14:02:47.477+0000] {processor.py:829} INFO - Processing file /opt/airflow/dags/train_model_dag.py for tasks to queue
[2025-05-11T14:02:47.478+0000] {logging_mixin.py:151} INFO - [2025-05-11T14:02:47.478+0000] {dagbag.py:539} INFO - Filling up the DagBag from /opt/airflow/dags/train_model_dag.py
[2025-05-11T14:02:47.492+0000] {processor.py:839} INFO - DAG(s) dict_keys(['model_training_dag']) retrieved from /opt/airflow/dags/train_model_dag.py
[2025-05-11T14:02:47.510+0000] {logging_mixin.py:151} INFO - [2025-05-11T14:02:47.510+0000] {dag.py:2915} INFO - Sync 1 DAGs
[2025-05-11T14:02:47.523+0000] {logging_mixin.py:151} INFO - [2025-05-11T14:02:47.523+0000] {dag.py:3696} INFO - Setting next_dagrun for model_training_dag to 2025-05-11T14:01:00+00:00, run_after=2025-05-11T14:02:00+00:00
[2025-05-11T14:02:47.531+0000] {processor.py:179} INFO - Processing /opt/airflow/dags/train_model_dag.py took 0.060 seconds
[2025-05-11T14:03:18.058+0000] {processor.py:157} INFO - Started process (PID=587) to work on /opt/airflow/dags/train_model_dag.py
[2025-05-11T14:03:18.060+0000] {processor.py:829} INFO - Processing file /opt/airflow/dags/train_model_dag.py for tasks to queue
[2025-05-11T14:03:18.061+0000] {logging_mixin.py:151} INFO - [2025-05-11T14:03:18.060+0000] {dagbag.py:539} INFO - Filling up the DagBag from /opt/airflow/dags/train_model_dag.py
[2025-05-11T14:03:18.077+0000] {processor.py:839} INFO - DAG(s) dict_keys(['model_training_dag']) retrieved from /opt/airflow/dags/train_model_dag.py
[2025-05-11T14:03:18.096+0000] {logging_mixin.py:151} INFO - [2025-05-11T14:03:18.096+0000] {dag.py:2915} INFO - Sync 1 DAGs
[2025-05-11T14:03:18.108+0000] {logging_mixin.py:151} INFO - [2025-05-11T14:03:18.108+0000] {dag.py:3696} INFO - Setting next_dagrun for model_training_dag to 2025-05-11T14:02:00+00:00, run_after=2025-05-11T14:03:00+00:00
[2025-05-11T14:03:18.119+0000] {processor.py:179} INFO - Processing /opt/airflow/dags/train_model_dag.py took 0.066 seconds
[2025-05-11T14:03:49.053+0000] {processor.py:157} INFO - Started process (PID=589) to work on /opt/airflow/dags/train_model_dag.py
[2025-05-11T14:03:49.054+0000] {processor.py:829} INFO - Processing file /opt/airflow/dags/train_model_dag.py for tasks to queue
[2025-05-11T14:03:49.055+0000] {logging_mixin.py:151} INFO - [2025-05-11T14:03:49.054+0000] {dagbag.py:539} INFO - Filling up the DagBag from /opt/airflow/dags/train_model_dag.py
[2025-05-11T14:03:49.067+0000] {processor.py:839} INFO - DAG(s) dict_keys(['model_training_dag']) retrieved from /opt/airflow/dags/train_model_dag.py
[2025-05-11T14:03:49.082+0000] {logging_mixin.py:151} INFO - [2025-05-11T14:03:49.082+0000] {dag.py:2915} INFO - Sync 1 DAGs
[2025-05-11T14:03:49.092+0000] {logging_mixin.py:151} INFO - [2025-05-11T14:03:49.091+0000] {dag.py:3696} INFO - Setting next_dagrun for model_training_dag to 2025-05-11T14:02:00+00:00, run_after=2025-05-11T14:03:00+00:00
[2025-05-11T14:03:49.100+0000] {processor.py:179} INFO - Processing /opt/airflow/dags/train_model_dag.py took 0.050 seconds
[2025-05-11T14:04:19.515+0000] {processor.py:157} INFO - Started process (PID=591) to work on /opt/airflow/dags/train_model_dag.py
[2025-05-11T14:04:19.516+0000] {processor.py:829} INFO - Processing file /opt/airflow/dags/train_model_dag.py for tasks to queue
[2025-05-11T14:04:19.517+0000] {logging_mixin.py:151} INFO - [2025-05-11T14:04:19.516+0000] {dagbag.py:539} INFO - Filling up the DagBag from /opt/airflow/dags/train_model_dag.py
[2025-05-11T14:04:19.529+0000] {processor.py:839} INFO - DAG(s) dict_keys(['model_training_dag']) retrieved from /opt/airflow/dags/train_model_dag.py
[2025-05-11T14:04:19.546+0000] {logging_mixin.py:151} INFO - [2025-05-11T14:04:19.546+0000] {dag.py:2915} INFO - Sync 1 DAGs
[2025-05-11T14:04:19.555+0000] {logging_mixin.py:151} INFO - [2025-05-11T14:04:19.555+0000] {dag.py:3696} INFO - Setting next_dagrun for model_training_dag to 2025-05-11T14:03:00+00:00, run_after=2025-05-11T14:04:00+00:00
[2025-05-11T14:04:19.564+0000] {processor.py:179} INFO - Processing /opt/airflow/dags/train_model_dag.py took 0.052 seconds
[2025-05-11T14:04:49.869+0000] {processor.py:157} INFO - Started process (PID=593) to work on /opt/airflow/dags/train_model_dag.py
[2025-05-11T14:04:49.870+0000] {processor.py:829} INFO - Processing file /opt/airflow/dags/train_model_dag.py for tasks to queue
[2025-05-11T14:04:49.872+0000] {logging_mixin.py:151} INFO - [2025-05-11T14:04:49.871+0000] {dagbag.py:539} INFO - Filling up the DagBag from /opt/airflow/dags/train_model_dag.py
[2025-05-11T14:04:49.885+0000] {processor.py:839} INFO - DAG(s) dict_keys(['model_training_dag']) retrieved from /opt/airflow/dags/train_model_dag.py
[2025-05-11T14:04:49.901+0000] {logging_mixin.py:151} INFO - [2025-05-11T14:04:49.901+0000] {dag.py:2915} INFO - Sync 1 DAGs
[2025-05-11T14:04:49.913+0000] {logging_mixin.py:151} INFO - [2025-05-11T14:04:49.913+0000] {dag.py:3696} INFO - Setting next_dagrun for model_training_dag to 2025-05-11T14:03:00+00:00, run_after=2025-05-11T14:04:00+00:00
[2025-05-11T14:04:49.921+0000] {processor.py:179} INFO - Processing /opt/airflow/dags/train_model_dag.py took 0.056 seconds
[2025-05-11T14:06:44.496+0000] {processor.py:157} INFO - Started process (PID=595) to work on /opt/airflow/dags/train_model_dag.py
[2025-05-11T14:06:44.497+0000] {processor.py:829} INFO - Processing file /opt/airflow/dags/train_model_dag.py for tasks to queue
[2025-05-11T14:06:44.497+0000] {logging_mixin.py:151} INFO - [2025-05-11T14:06:44.497+0000] {dagbag.py:539} INFO - Filling up the DagBag from /opt/airflow/dags/train_model_dag.py
[2025-05-11T14:06:44.505+0000] {processor.py:839} INFO - DAG(s) dict_keys(['model_training_dag']) retrieved from /opt/airflow/dags/train_model_dag.py
[2025-05-11T14:06:44.516+0000] {logging_mixin.py:151} INFO - [2025-05-11T14:06:44.516+0000] {dag.py:2915} INFO - Sync 1 DAGs
[2025-05-11T14:06:44.526+0000] {logging_mixin.py:151} INFO - [2025-05-11T14:06:44.526+0000] {dag.py:3696} INFO - Setting next_dagrun for model_training_dag to 2025-05-11T14:05:00+00:00, run_after=2025-05-11T14:06:00+00:00
[2025-05-11T14:06:44.534+0000] {processor.py:179} INFO - Processing /opt/airflow/dags/train_model_dag.py took 0.040 seconds
[2025-05-11T14:08:39.603+0000] {processor.py:157} INFO - Started process (PID=599) to work on /opt/airflow/dags/train_model_dag.py
[2025-05-11T14:08:39.604+0000] {processor.py:829} INFO - Processing file /opt/airflow/dags/train_model_dag.py for tasks to queue
[2025-05-11T14:08:39.605+0000] {logging_mixin.py:151} INFO - [2025-05-11T14:08:39.605+0000] {dagbag.py:539} INFO - Filling up the DagBag from /opt/airflow/dags/train_model_dag.py
[2025-05-11T14:08:39.617+0000] {processor.py:839} INFO - DAG(s) dict_keys(['model_training_dag']) retrieved from /opt/airflow/dags/train_model_dag.py
[2025-05-11T14:08:39.632+0000] {logging_mixin.py:151} INFO - [2025-05-11T14:08:39.632+0000] {dag.py:2915} INFO - Sync 1 DAGs
[2025-05-11T14:08:39.641+0000] {logging_mixin.py:151} INFO - [2025-05-11T14:08:39.641+0000] {dag.py:3696} INFO - Setting next_dagrun for model_training_dag to 2025-05-11T14:07:00+00:00, run_after=2025-05-11T14:08:00+00:00
[2025-05-11T14:08:39.650+0000] {processor.py:179} INFO - Processing /opt/airflow/dags/train_model_dag.py took 0.050 seconds
[2025-05-11T14:09:10.550+0000] {processor.py:157} INFO - Started process (PID=601) to work on /opt/airflow/dags/train_model_dag.py
[2025-05-11T14:09:10.551+0000] {processor.py:829} INFO - Processing file /opt/airflow/dags/train_model_dag.py for tasks to queue
[2025-05-11T14:09:10.551+0000] {logging_mixin.py:151} INFO - [2025-05-11T14:09:10.551+0000] {dagbag.py:539} INFO - Filling up the DagBag from /opt/airflow/dags/train_model_dag.py
[2025-05-11T14:09:10.562+0000] {processor.py:839} INFO - DAG(s) dict_keys(['model_training_dag']) retrieved from /opt/airflow/dags/train_model_dag.py
[2025-05-11T14:09:10.577+0000] {logging_mixin.py:151} INFO - [2025-05-11T14:09:10.577+0000] {dag.py:2915} INFO - Sync 1 DAGs
[2025-05-11T14:09:10.587+0000] {logging_mixin.py:151} INFO - [2025-05-11T14:09:10.587+0000] {dag.py:3696} INFO - Setting next_dagrun for model_training_dag to 2025-05-11T14:08:00+00:00, run_after=2025-05-11T14:09:00+00:00
[2025-05-11T14:09:10.597+0000] {processor.py:179} INFO - Processing /opt/airflow/dags/train_model_dag.py took 0.050 seconds
[2025-05-11T14:11:11.343+0000] {processor.py:157} INFO - Started process (PID=605) to work on /opt/airflow/dags/train_model_dag.py
[2025-05-11T14:11:11.344+0000] {processor.py:829} INFO - Processing file /opt/airflow/dags/train_model_dag.py for tasks to queue
[2025-05-11T14:11:11.346+0000] {logging_mixin.py:151} INFO - [2025-05-11T14:11:11.345+0000] {dagbag.py:539} INFO - Filling up the DagBag from /opt/airflow/dags/train_model_dag.py
[2025-05-11T14:11:11.360+0000] {processor.py:839} INFO - DAG(s) dict_keys(['model_training_dag']) retrieved from /opt/airflow/dags/train_model_dag.py
[2025-05-11T14:11:11.377+0000] {logging_mixin.py:151} INFO - [2025-05-11T14:11:11.377+0000] {dag.py:2915} INFO - Sync 1 DAGs
[2025-05-11T14:11:11.387+0000] {logging_mixin.py:151} INFO - [2025-05-11T14:11:11.387+0000] {dag.py:3696} INFO - Setting next_dagrun for model_training_dag to 2025-05-11T14:10:00+00:00, run_after=2025-05-11T14:11:00+00:00
[2025-05-11T14:11:11.396+0000] {processor.py:179} INFO - Processing /opt/airflow/dags/train_model_dag.py took 0.057 seconds
[2025-05-11T14:12:45.969+0000] {processor.py:157} INFO - Started process (PID=607) to work on /opt/airflow/dags/train_model_dag.py
[2025-05-11T14:12:45.969+0000] {processor.py:829} INFO - Processing file /opt/airflow/dags/train_model_dag.py for tasks to queue
[2025-05-11T14:12:45.970+0000] {logging_mixin.py:151} INFO - [2025-05-11T14:12:45.970+0000] {dagbag.py:539} INFO - Filling up the DagBag from /opt/airflow/dags/train_model_dag.py
[2025-05-11T14:12:45.989+0000] {processor.py:839} INFO - DAG(s) dict_keys(['model_training_dag']) retrieved from /opt/airflow/dags/train_model_dag.py
[2025-05-11T14:12:46.008+0000] {logging_mixin.py:151} INFO - [2025-05-11T14:12:46.008+0000] {dag.py:2915} INFO - Sync 1 DAGs
[2025-05-11T14:12:46.022+0000] {logging_mixin.py:151} INFO - [2025-05-11T14:12:46.021+0000] {dag.py:3696} INFO - Setting next_dagrun for model_training_dag to 2025-05-11T14:11:00+00:00, run_after=2025-05-11T14:12:00+00:00
[2025-05-11T14:12:46.034+0000] {processor.py:179} INFO - Processing /opt/airflow/dags/train_model_dag.py took 0.069 seconds
[2025-05-11T14:13:16.188+0000] {processor.py:157} INFO - Started process (PID=609) to work on /opt/airflow/dags/train_model_dag.py
[2025-05-11T14:13:16.189+0000] {processor.py:829} INFO - Processing file /opt/airflow/dags/train_model_dag.py for tasks to queue
[2025-05-11T14:13:16.190+0000] {logging_mixin.py:151} INFO - [2025-05-11T14:13:16.189+0000] {dagbag.py:539} INFO - Filling up the DagBag from /opt/airflow/dags/train_model_dag.py
[2025-05-11T14:13:16.206+0000] {processor.py:839} INFO - DAG(s) dict_keys(['model_training_dag']) retrieved from /opt/airflow/dags/train_model_dag.py
[2025-05-11T14:13:16.225+0000] {logging_mixin.py:151} INFO - [2025-05-11T14:13:16.224+0000] {dag.py:2915} INFO - Sync 1 DAGs
[2025-05-11T14:13:16.235+0000] {logging_mixin.py:151} INFO - [2025-05-11T14:13:16.235+0000] {dag.py:3696} INFO - Setting next_dagrun for model_training_dag to 2025-05-11T14:12:00+00:00, run_after=2025-05-11T14:13:00+00:00
[2025-05-11T14:13:16.244+0000] {processor.py:179} INFO - Processing /opt/airflow/dags/train_model_dag.py took 0.061 seconds
[2025-05-11T14:23:33.588+0000] {processor.py:157} INFO - Started process (PID=611) to work on /opt/airflow/dags/train_model_dag.py
[2025-05-11T14:23:33.589+0000] {processor.py:829} INFO - Processing file /opt/airflow/dags/train_model_dag.py for tasks to queue
[2025-05-11T14:23:33.590+0000] {logging_mixin.py:151} INFO - [2025-05-11T14:23:33.589+0000] {dagbag.py:539} INFO - Filling up the DagBag from /opt/airflow/dags/train_model_dag.py
[2025-05-11T14:23:33.607+0000] {processor.py:839} INFO - DAG(s) dict_keys(['model_training_dag']) retrieved from /opt/airflow/dags/train_model_dag.py
[2025-05-11T14:23:33.627+0000] {logging_mixin.py:151} INFO - [2025-05-11T14:23:33.627+0000] {dag.py:2915} INFO - Sync 1 DAGs
[2025-05-11T14:23:33.647+0000] {logging_mixin.py:151} INFO - [2025-05-11T14:23:33.646+0000] {dag.py:3696} INFO - Setting next_dagrun for model_training_dag to 2025-05-11T14:22:00+00:00, run_after=2025-05-11T14:23:00+00:00
[2025-05-11T14:23:33.667+0000] {processor.py:179} INFO - Processing /opt/airflow/dags/train_model_dag.py took 0.083 seconds
[2025-05-11T14:24:03.896+0000] {processor.py:157} INFO - Started process (PID=613) to work on /opt/airflow/dags/train_model_dag.py
[2025-05-11T14:24:03.897+0000] {processor.py:829} INFO - Processing file /opt/airflow/dags/train_model_dag.py for tasks to queue
[2025-05-11T14:24:03.898+0000] {logging_mixin.py:151} INFO - [2025-05-11T14:24:03.897+0000] {dagbag.py:539} INFO - Filling up the DagBag from /opt/airflow/dags/train_model_dag.py
[2025-05-11T14:24:03.910+0000] {processor.py:839} INFO - DAG(s) dict_keys(['model_training_dag']) retrieved from /opt/airflow/dags/train_model_dag.py
[2025-05-11T14:24:03.926+0000] {logging_mixin.py:151} INFO - [2025-05-11T14:24:03.926+0000] {dag.py:2915} INFO - Sync 1 DAGs
[2025-05-11T14:24:03.938+0000] {logging_mixin.py:151} INFO - [2025-05-11T14:24:03.938+0000] {dag.py:3696} INFO - Setting next_dagrun for model_training_dag to 2025-05-11T14:23:00+00:00, run_after=2025-05-11T14:24:00+00:00
[2025-05-11T14:24:03.949+0000] {processor.py:179} INFO - Processing /opt/airflow/dags/train_model_dag.py took 0.056 seconds
[2025-05-11T14:24:34.764+0000] {processor.py:157} INFO - Started process (PID=615) to work on /opt/airflow/dags/train_model_dag.py
[2025-05-11T14:24:34.765+0000] {processor.py:829} INFO - Processing file /opt/airflow/dags/train_model_dag.py for tasks to queue
[2025-05-11T14:24:34.765+0000] {logging_mixin.py:151} INFO - [2025-05-11T14:24:34.765+0000] {dagbag.py:539} INFO - Filling up the DagBag from /opt/airflow/dags/train_model_dag.py
[2025-05-11T14:24:34.773+0000] {processor.py:839} INFO - DAG(s) dict_keys(['model_training_dag']) retrieved from /opt/airflow/dags/train_model_dag.py
[2025-05-11T14:24:34.784+0000] {logging_mixin.py:151} INFO - [2025-05-11T14:24:34.784+0000] {dag.py:2915} INFO - Sync 1 DAGs
[2025-05-11T14:24:34.793+0000] {logging_mixin.py:151} INFO - [2025-05-11T14:24:34.793+0000] {dag.py:3696} INFO - Setting next_dagrun for model_training_dag to 2025-05-11T14:23:00+00:00, run_after=2025-05-11T14:24:00+00:00
[2025-05-11T14:24:34.801+0000] {processor.py:179} INFO - Processing /opt/airflow/dags/train_model_dag.py took 0.039 seconds
[2025-05-11T14:25:05.328+0000] {processor.py:157} INFO - Started process (PID=617) to work on /opt/airflow/dags/train_model_dag.py
[2025-05-11T14:25:05.328+0000] {processor.py:829} INFO - Processing file /opt/airflow/dags/train_model_dag.py for tasks to queue
[2025-05-11T14:25:05.329+0000] {logging_mixin.py:151} INFO - [2025-05-11T14:25:05.329+0000] {dagbag.py:539} INFO - Filling up the DagBag from /opt/airflow/dags/train_model_dag.py
[2025-05-11T14:25:05.341+0000] {processor.py:839} INFO - DAG(s) dict_keys(['model_training_dag']) retrieved from /opt/airflow/dags/train_model_dag.py
[2025-05-11T14:25:05.356+0000] {logging_mixin.py:151} INFO - [2025-05-11T14:25:05.356+0000] {dag.py:2915} INFO - Sync 1 DAGs
[2025-05-11T14:25:05.365+0000] {logging_mixin.py:151} INFO - [2025-05-11T14:25:05.365+0000] {dag.py:3696} INFO - Setting next_dagrun for model_training_dag to 2025-05-11T14:24:00+00:00, run_after=2025-05-11T14:25:00+00:00
[2025-05-11T14:25:05.374+0000] {processor.py:179} INFO - Processing /opt/airflow/dags/train_model_dag.py took 0.050 seconds
[2025-05-11T14:25:35.496+0000] {processor.py:157} INFO - Started process (PID=619) to work on /opt/airflow/dags/train_model_dag.py
[2025-05-11T14:25:35.497+0000] {processor.py:829} INFO - Processing file /opt/airflow/dags/train_model_dag.py for tasks to queue
[2025-05-11T14:25:35.498+0000] {logging_mixin.py:151} INFO - [2025-05-11T14:25:35.497+0000] {dagbag.py:539} INFO - Filling up the DagBag from /opt/airflow/dags/train_model_dag.py
[2025-05-11T14:25:35.508+0000] {processor.py:839} INFO - DAG(s) dict_keys(['model_training_dag']) retrieved from /opt/airflow/dags/train_model_dag.py
[2025-05-11T14:25:35.523+0000] {logging_mixin.py:151} INFO - [2025-05-11T14:25:35.523+0000] {dag.py:2915} INFO - Sync 1 DAGs
[2025-05-11T14:25:35.533+0000] {logging_mixin.py:151} INFO - [2025-05-11T14:25:35.533+0000] {dag.py:3696} INFO - Setting next_dagrun for model_training_dag to 2025-05-11T14:24:00+00:00, run_after=2025-05-11T14:25:00+00:00
[2025-05-11T14:25:35.545+0000] {processor.py:179} INFO - Processing /opt/airflow/dags/train_model_dag.py took 0.054 seconds
[2025-05-11T14:26:05.657+0000] {processor.py:157} INFO - Started process (PID=621) to work on /opt/airflow/dags/train_model_dag.py
[2025-05-11T14:26:05.658+0000] {processor.py:829} INFO - Processing file /opt/airflow/dags/train_model_dag.py for tasks to queue
[2025-05-11T14:26:05.659+0000] {logging_mixin.py:151} INFO - [2025-05-11T14:26:05.658+0000] {dagbag.py:539} INFO - Filling up the DagBag from /opt/airflow/dags/train_model_dag.py
[2025-05-11T14:26:05.670+0000] {processor.py:839} INFO - DAG(s) dict_keys(['model_training_dag']) retrieved from /opt/airflow/dags/train_model_dag.py
[2025-05-11T14:26:05.686+0000] {logging_mixin.py:151} INFO - [2025-05-11T14:26:05.685+0000] {dag.py:2915} INFO - Sync 1 DAGs
[2025-05-11T14:26:05.695+0000] {logging_mixin.py:151} INFO - [2025-05-11T14:26:05.695+0000] {dag.py:3696} INFO - Setting next_dagrun for model_training_dag to 2025-05-11T14:25:00+00:00, run_after=2025-05-11T14:26:00+00:00
[2025-05-11T14:26:05.704+0000] {processor.py:179} INFO - Processing /opt/airflow/dags/train_model_dag.py took 0.050 seconds
[2025-05-11T14:28:08.532+0000] {processor.py:157} INFO - Started process (PID=623) to work on /opt/airflow/dags/train_model_dag.py
[2025-05-11T14:28:08.533+0000] {processor.py:829} INFO - Processing file /opt/airflow/dags/train_model_dag.py for tasks to queue
[2025-05-11T14:28:08.535+0000] {logging_mixin.py:151} INFO - [2025-05-11T14:28:08.534+0000] {dagbag.py:539} INFO - Filling up the DagBag from /opt/airflow/dags/train_model_dag.py
[2025-05-11T14:28:08.559+0000] {processor.py:839} INFO - DAG(s) dict_keys(['model_training_dag']) retrieved from /opt/airflow/dags/train_model_dag.py
[2025-05-11T14:28:08.587+0000] {logging_mixin.py:151} INFO - [2025-05-11T14:28:08.587+0000] {dag.py:2915} INFO - Sync 1 DAGs
[2025-05-11T14:28:08.604+0000] {logging_mixin.py:151} INFO - [2025-05-11T14:28:08.604+0000] {dag.py:3696} INFO - Setting next_dagrun for model_training_dag to 2025-05-11T14:27:00+00:00, run_after=2025-05-11T14:28:00+00:00
[2025-05-11T14:28:08.618+0000] {processor.py:179} INFO - Processing /opt/airflow/dags/train_model_dag.py took 0.092 seconds
[2025-05-11T14:28:38.731+0000] {processor.py:157} INFO - Started process (PID=625) to work on /opt/airflow/dags/train_model_dag.py
[2025-05-11T14:28:38.732+0000] {processor.py:829} INFO - Processing file /opt/airflow/dags/train_model_dag.py for tasks to queue
[2025-05-11T14:28:38.734+0000] {logging_mixin.py:151} INFO - [2025-05-11T14:28:38.733+0000] {dagbag.py:539} INFO - Filling up the DagBag from /opt/airflow/dags/train_model_dag.py
[2025-05-11T14:28:38.750+0000] {processor.py:839} INFO - DAG(s) dict_keys(['model_training_dag']) retrieved from /opt/airflow/dags/train_model_dag.py
[2025-05-11T14:28:38.772+0000] {logging_mixin.py:151} INFO - [2025-05-11T14:28:38.772+0000] {dag.py:2915} INFO - Sync 1 DAGs
[2025-05-11T14:28:38.787+0000] {logging_mixin.py:151} INFO - [2025-05-11T14:28:38.787+0000] {dag.py:3696} INFO - Setting next_dagrun for model_training_dag to 2025-05-11T14:27:00+00:00, run_after=2025-05-11T14:28:00+00:00
[2025-05-11T14:28:38.797+0000] {processor.py:179} INFO - Processing /opt/airflow/dags/train_model_dag.py took 0.073 seconds
[2025-05-11T14:29:09.032+0000] {processor.py:157} INFO - Started process (PID=627) to work on /opt/airflow/dags/train_model_dag.py
[2025-05-11T14:29:09.032+0000] {processor.py:829} INFO - Processing file /opt/airflow/dags/train_model_dag.py for tasks to queue
[2025-05-11T14:29:09.033+0000] {logging_mixin.py:151} INFO - [2025-05-11T14:29:09.033+0000] {dagbag.py:539} INFO - Filling up the DagBag from /opt/airflow/dags/train_model_dag.py
[2025-05-11T14:29:09.042+0000] {processor.py:839} INFO - DAG(s) dict_keys(['model_training_dag']) retrieved from /opt/airflow/dags/train_model_dag.py
[2025-05-11T14:29:09.057+0000] {logging_mixin.py:151} INFO - [2025-05-11T14:29:09.057+0000] {dag.py:2915} INFO - Sync 1 DAGs
[2025-05-11T14:29:09.069+0000] {logging_mixin.py:151} INFO - [2025-05-11T14:29:09.069+0000] {dag.py:3696} INFO - Setting next_dagrun for model_training_dag to 2025-05-11T14:28:00+00:00, run_after=2025-05-11T14:29:00+00:00
[2025-05-11T14:29:09.081+0000] {processor.py:179} INFO - Processing /opt/airflow/dags/train_model_dag.py took 0.051 seconds
[2025-05-11T14:29:39.409+0000] {processor.py:157} INFO - Started process (PID=629) to work on /opt/airflow/dags/train_model_dag.py
[2025-05-11T14:29:39.410+0000] {processor.py:829} INFO - Processing file /opt/airflow/dags/train_model_dag.py for tasks to queue
[2025-05-11T14:29:39.411+0000] {logging_mixin.py:151} INFO - [2025-05-11T14:29:39.411+0000] {dagbag.py:539} INFO - Filling up the DagBag from /opt/airflow/dags/train_model_dag.py
[2025-05-11T14:29:39.421+0000] {processor.py:839} INFO - DAG(s) dict_keys(['model_training_dag']) retrieved from /opt/airflow/dags/train_model_dag.py
[2025-05-11T14:29:39.435+0000] {logging_mixin.py:151} INFO - [2025-05-11T14:29:39.435+0000] {dag.py:2915} INFO - Sync 1 DAGs
[2025-05-11T14:29:39.445+0000] {logging_mixin.py:151} INFO - [2025-05-11T14:29:39.445+0000] {dag.py:3696} INFO - Setting next_dagrun for model_training_dag to 2025-05-11T14:28:00+00:00, run_after=2025-05-11T14:29:00+00:00
[2025-05-11T14:29:39.454+0000] {processor.py:179} INFO - Processing /opt/airflow/dags/train_model_dag.py took 0.049 seconds
[2025-05-11T14:30:10.474+0000] {processor.py:157} INFO - Started process (PID=631) to work on /opt/airflow/dags/train_model_dag.py
[2025-05-11T14:30:10.475+0000] {processor.py:829} INFO - Processing file /opt/airflow/dags/train_model_dag.py for tasks to queue
[2025-05-11T14:30:10.477+0000] {logging_mixin.py:151} INFO - [2025-05-11T14:30:10.476+0000] {dagbag.py:539} INFO - Filling up the DagBag from /opt/airflow/dags/train_model_dag.py
[2025-05-11T14:30:10.496+0000] {processor.py:839} INFO - DAG(s) dict_keys(['model_training_dag']) retrieved from /opt/airflow/dags/train_model_dag.py
[2025-05-11T14:30:10.517+0000] {logging_mixin.py:151} INFO - [2025-05-11T14:30:10.516+0000] {dag.py:2915} INFO - Sync 1 DAGs
[2025-05-11T14:30:10.530+0000] {logging_mixin.py:151} INFO - [2025-05-11T14:30:10.530+0000] {dag.py:3696} INFO - Setting next_dagrun for model_training_dag to 2025-05-11T14:29:00+00:00, run_after=2025-05-11T14:30:00+00:00
[2025-05-11T14:30:10.540+0000] {processor.py:179} INFO - Processing /opt/airflow/dags/train_model_dag.py took 0.072 seconds
[2025-05-11T14:30:40.925+0000] {processor.py:157} INFO - Started process (PID=633) to work on /opt/airflow/dags/train_model_dag.py
[2025-05-11T14:30:40.927+0000] {processor.py:829} INFO - Processing file /opt/airflow/dags/train_model_dag.py for tasks to queue
[2025-05-11T14:30:40.928+0000] {logging_mixin.py:151} INFO - [2025-05-11T14:30:40.928+0000] {dagbag.py:539} INFO - Filling up the DagBag from /opt/airflow/dags/train_model_dag.py
[2025-05-11T14:30:40.950+0000] {processor.py:839} INFO - DAG(s) dict_keys(['model_training_dag']) retrieved from /opt/airflow/dags/train_model_dag.py
[2025-05-11T14:30:40.968+0000] {logging_mixin.py:151} INFO - [2025-05-11T14:30:40.968+0000] {dag.py:2915} INFO - Sync 1 DAGs
[2025-05-11T14:30:40.983+0000] {logging_mixin.py:151} INFO - [2025-05-11T14:30:40.983+0000] {dag.py:3696} INFO - Setting next_dagrun for model_training_dag to 2025-05-11T14:29:00+00:00, run_after=2025-05-11T14:30:00+00:00
[2025-05-11T14:30:40.995+0000] {processor.py:179} INFO - Processing /opt/airflow/dags/train_model_dag.py took 0.074 seconds
[2025-05-11T14:31:11.284+0000] {processor.py:157} INFO - Started process (PID=635) to work on /opt/airflow/dags/train_model_dag.py
[2025-05-11T14:31:11.286+0000] {processor.py:829} INFO - Processing file /opt/airflow/dags/train_model_dag.py for tasks to queue
[2025-05-11T14:31:11.288+0000] {logging_mixin.py:151} INFO - [2025-05-11T14:31:11.287+0000] {dagbag.py:539} INFO - Filling up the DagBag from /opt/airflow/dags/train_model_dag.py
[2025-05-11T14:31:11.305+0000] {processor.py:839} INFO - DAG(s) dict_keys(['model_training_dag']) retrieved from /opt/airflow/dags/train_model_dag.py
[2025-05-11T14:31:11.323+0000] {logging_mixin.py:151} INFO - [2025-05-11T14:31:11.323+0000] {dag.py:2915} INFO - Sync 1 DAGs
[2025-05-11T14:31:11.336+0000] {logging_mixin.py:151} INFO - [2025-05-11T14:31:11.336+0000] {dag.py:3696} INFO - Setting next_dagrun for model_training_dag to 2025-05-11T14:30:00+00:00, run_after=2025-05-11T14:31:00+00:00
[2025-05-11T14:31:11.484+0000] {processor.py:179} INFO - Processing /opt/airflow/dags/train_model_dag.py took 0.204 seconds
[2025-05-11T14:31:41.778+0000] {processor.py:157} INFO - Started process (PID=637) to work on /opt/airflow/dags/train_model_dag.py
[2025-05-11T14:31:41.779+0000] {processor.py:829} INFO - Processing file /opt/airflow/dags/train_model_dag.py for tasks to queue
[2025-05-11T14:31:41.780+0000] {logging_mixin.py:151} INFO - [2025-05-11T14:31:41.779+0000] {dagbag.py:539} INFO - Filling up the DagBag from /opt/airflow/dags/train_model_dag.py
[2025-05-11T14:31:41.793+0000] {processor.py:839} INFO - DAG(s) dict_keys(['model_training_dag']) retrieved from /opt/airflow/dags/train_model_dag.py
[2025-05-11T14:31:41.810+0000] {logging_mixin.py:151} INFO - [2025-05-11T14:31:41.810+0000] {dag.py:2915} INFO - Sync 1 DAGs
[2025-05-11T14:31:41.820+0000] {logging_mixin.py:151} INFO - [2025-05-11T14:31:41.820+0000] {dag.py:3696} INFO - Setting next_dagrun for model_training_dag to 2025-05-11T14:30:00+00:00, run_after=2025-05-11T14:31:00+00:00
[2025-05-11T14:31:41.830+0000] {processor.py:179} INFO - Processing /opt/airflow/dags/train_model_dag.py took 0.055 seconds
[2025-05-11T14:32:11.946+0000] {processor.py:157} INFO - Started process (PID=639) to work on /opt/airflow/dags/train_model_dag.py
[2025-05-11T14:32:11.947+0000] {processor.py:829} INFO - Processing file /opt/airflow/dags/train_model_dag.py for tasks to queue
[2025-05-11T14:32:11.948+0000] {logging_mixin.py:151} INFO - [2025-05-11T14:32:11.948+0000] {dagbag.py:539} INFO - Filling up the DagBag from /opt/airflow/dags/train_model_dag.py
[2025-05-11T14:32:11.961+0000] {processor.py:839} INFO - DAG(s) dict_keys(['model_training_dag']) retrieved from /opt/airflow/dags/train_model_dag.py
[2025-05-11T14:32:11.980+0000] {logging_mixin.py:151} INFO - [2025-05-11T14:32:11.980+0000] {dag.py:2915} INFO - Sync 1 DAGs
[2025-05-11T14:32:11.991+0000] {logging_mixin.py:151} INFO - [2025-05-11T14:32:11.991+0000] {dag.py:3696} INFO - Setting next_dagrun for model_training_dag to 2025-05-11T14:31:00+00:00, run_after=2025-05-11T14:32:00+00:00
[2025-05-11T14:32:12.001+0000] {processor.py:179} INFO - Processing /opt/airflow/dags/train_model_dag.py took 0.058 seconds
[2025-05-11T14:32:42.120+0000] {processor.py:157} INFO - Started process (PID=641) to work on /opt/airflow/dags/train_model_dag.py
[2025-05-11T14:32:42.121+0000] {processor.py:829} INFO - Processing file /opt/airflow/dags/train_model_dag.py for tasks to queue
[2025-05-11T14:32:42.122+0000] {logging_mixin.py:151} INFO - [2025-05-11T14:32:42.122+0000] {dagbag.py:539} INFO - Filling up the DagBag from /opt/airflow/dags/train_model_dag.py
[2025-05-11T14:32:42.134+0000] {processor.py:839} INFO - DAG(s) dict_keys(['model_training_dag']) retrieved from /opt/airflow/dags/train_model_dag.py
[2025-05-11T14:32:42.148+0000] {logging_mixin.py:151} INFO - [2025-05-11T14:32:42.148+0000] {dag.py:2915} INFO - Sync 1 DAGs
[2025-05-11T14:32:42.158+0000] {logging_mixin.py:151} INFO - [2025-05-11T14:32:42.158+0000] {dag.py:3696} INFO - Setting next_dagrun for model_training_dag to 2025-05-11T14:31:00+00:00, run_after=2025-05-11T14:32:00+00:00
[2025-05-11T14:32:42.168+0000] {processor.py:179} INFO - Processing /opt/airflow/dags/train_model_dag.py took 0.051 seconds
[2025-05-11T14:33:12.284+0000] {processor.py:157} INFO - Started process (PID=643) to work on /opt/airflow/dags/train_model_dag.py
[2025-05-11T14:33:12.284+0000] {processor.py:829} INFO - Processing file /opt/airflow/dags/train_model_dag.py for tasks to queue
[2025-05-11T14:33:12.285+0000] {logging_mixin.py:151} INFO - [2025-05-11T14:33:12.285+0000] {dagbag.py:539} INFO - Filling up the DagBag from /opt/airflow/dags/train_model_dag.py
[2025-05-11T14:33:12.298+0000] {processor.py:839} INFO - DAG(s) dict_keys(['model_training_dag']) retrieved from /opt/airflow/dags/train_model_dag.py
[2025-05-11T14:33:12.314+0000] {logging_mixin.py:151} INFO - [2025-05-11T14:33:12.314+0000] {dag.py:2915} INFO - Sync 1 DAGs
[2025-05-11T14:33:12.324+0000] {logging_mixin.py:151} INFO - [2025-05-11T14:33:12.324+0000] {dag.py:3696} INFO - Setting next_dagrun for model_training_dag to 2025-05-11T14:32:00+00:00, run_after=2025-05-11T14:33:00+00:00
[2025-05-11T14:33:12.332+0000] {processor.py:179} INFO - Processing /opt/airflow/dags/train_model_dag.py took 0.053 seconds
[2025-05-11T14:33:42.488+0000] {processor.py:157} INFO - Started process (PID=645) to work on /opt/airflow/dags/train_model_dag.py
[2025-05-11T14:33:42.489+0000] {processor.py:829} INFO - Processing file /opt/airflow/dags/train_model_dag.py for tasks to queue
[2025-05-11T14:33:42.490+0000] {logging_mixin.py:151} INFO - [2025-05-11T14:33:42.489+0000] {dagbag.py:539} INFO - Filling up the DagBag from /opt/airflow/dags/train_model_dag.py
[2025-05-11T14:33:42.502+0000] {processor.py:839} INFO - DAG(s) dict_keys(['model_training_dag']) retrieved from /opt/airflow/dags/train_model_dag.py
[2025-05-11T14:33:42.517+0000] {logging_mixin.py:151} INFO - [2025-05-11T14:33:42.517+0000] {dag.py:2915} INFO - Sync 1 DAGs
[2025-05-11T14:33:42.527+0000] {logging_mixin.py:151} INFO - [2025-05-11T14:33:42.527+0000] {dag.py:3696} INFO - Setting next_dagrun for model_training_dag to 2025-05-11T14:32:00+00:00, run_after=2025-05-11T14:33:00+00:00
[2025-05-11T14:33:42.537+0000] {processor.py:179} INFO - Processing /opt/airflow/dags/train_model_dag.py took 0.053 seconds
[2025-05-11T14:34:12.601+0000] {processor.py:157} INFO - Started process (PID=647) to work on /opt/airflow/dags/train_model_dag.py
[2025-05-11T14:34:12.601+0000] {processor.py:829} INFO - Processing file /opt/airflow/dags/train_model_dag.py for tasks to queue
[2025-05-11T14:34:12.602+0000] {logging_mixin.py:151} INFO - [2025-05-11T14:34:12.602+0000] {dagbag.py:539} INFO - Filling up the DagBag from /opt/airflow/dags/train_model_dag.py
[2025-05-11T14:34:12.610+0000] {processor.py:839} INFO - DAG(s) dict_keys(['model_training_dag']) retrieved from /opt/airflow/dags/train_model_dag.py
[2025-05-11T14:34:12.623+0000] {logging_mixin.py:151} INFO - [2025-05-11T14:34:12.622+0000] {dag.py:2915} INFO - Sync 1 DAGs
[2025-05-11T14:34:12.632+0000] {logging_mixin.py:151} INFO - [2025-05-11T14:34:12.632+0000] {dag.py:3696} INFO - Setting next_dagrun for model_training_dag to 2025-05-11T14:33:00+00:00, run_after=2025-05-11T14:34:00+00:00
[2025-05-11T14:34:12.640+0000] {processor.py:179} INFO - Processing /opt/airflow/dags/train_model_dag.py took 0.042 seconds
[2025-05-11T14:34:42.763+0000] {processor.py:157} INFO - Started process (PID=649) to work on /opt/airflow/dags/train_model_dag.py
[2025-05-11T14:34:42.763+0000] {processor.py:829} INFO - Processing file /opt/airflow/dags/train_model_dag.py for tasks to queue
[2025-05-11T14:34:42.764+0000] {logging_mixin.py:151} INFO - [2025-05-11T14:34:42.763+0000] {dagbag.py:539} INFO - Filling up the DagBag from /opt/airflow/dags/train_model_dag.py
[2025-05-11T14:34:42.770+0000] {processor.py:839} INFO - DAG(s) dict_keys(['model_training_dag']) retrieved from /opt/airflow/dags/train_model_dag.py
[2025-05-11T14:34:42.780+0000] {logging_mixin.py:151} INFO - [2025-05-11T14:34:42.780+0000] {dag.py:2915} INFO - Sync 1 DAGs
[2025-05-11T14:34:42.788+0000] {logging_mixin.py:151} INFO - [2025-05-11T14:34:42.788+0000] {dag.py:3696} INFO - Setting next_dagrun for model_training_dag to 2025-05-11T14:33:00+00:00, run_after=2025-05-11T14:34:00+00:00
[2025-05-11T14:34:42.796+0000] {processor.py:179} INFO - Processing /opt/airflow/dags/train_model_dag.py took 0.035 seconds
[2025-05-11T14:35:12.939+0000] {processor.py:157} INFO - Started process (PID=651) to work on /opt/airflow/dags/train_model_dag.py
[2025-05-11T14:35:12.940+0000] {processor.py:829} INFO - Processing file /opt/airflow/dags/train_model_dag.py for tasks to queue
[2025-05-11T14:35:12.940+0000] {logging_mixin.py:151} INFO - [2025-05-11T14:35:12.940+0000] {dagbag.py:539} INFO - Filling up the DagBag from /opt/airflow/dags/train_model_dag.py
[2025-05-11T14:35:12.952+0000] {processor.py:839} INFO - DAG(s) dict_keys(['model_training_dag']) retrieved from /opt/airflow/dags/train_model_dag.py
[2025-05-11T14:35:12.967+0000] {logging_mixin.py:151} INFO - [2025-05-11T14:35:12.967+0000] {dag.py:2915} INFO - Sync 1 DAGs
[2025-05-11T14:35:12.976+0000] {logging_mixin.py:151} INFO - [2025-05-11T14:35:12.976+0000] {dag.py:3696} INFO - Setting next_dagrun for model_training_dag to 2025-05-11T14:34:00+00:00, run_after=2025-05-11T14:35:00+00:00
[2025-05-11T14:35:12.988+0000] {processor.py:179} INFO - Processing /opt/airflow/dags/train_model_dag.py took 0.052 seconds
[2025-05-11T14:35:43.110+0000] {processor.py:157} INFO - Started process (PID=653) to work on /opt/airflow/dags/train_model_dag.py
[2025-05-11T14:35:43.111+0000] {processor.py:829} INFO - Processing file /opt/airflow/dags/train_model_dag.py for tasks to queue
[2025-05-11T14:35:43.112+0000] {logging_mixin.py:151} INFO - [2025-05-11T14:35:43.111+0000] {dagbag.py:539} INFO - Filling up the DagBag from /opt/airflow/dags/train_model_dag.py
[2025-05-11T14:35:43.124+0000] {processor.py:839} INFO - DAG(s) dict_keys(['model_training_dag']) retrieved from /opt/airflow/dags/train_model_dag.py
[2025-05-11T14:35:43.146+0000] {logging_mixin.py:151} INFO - [2025-05-11T14:35:43.146+0000] {dag.py:2915} INFO - Sync 1 DAGs
[2025-05-11T14:35:43.155+0000] {logging_mixin.py:151} INFO - [2025-05-11T14:35:43.155+0000] {dag.py:3696} INFO - Setting next_dagrun for model_training_dag to 2025-05-11T14:34:00+00:00, run_after=2025-05-11T14:35:00+00:00
[2025-05-11T14:35:43.164+0000] {processor.py:179} INFO - Processing /opt/airflow/dags/train_model_dag.py took 0.058 seconds
[2025-05-11T14:36:13.278+0000] {processor.py:157} INFO - Started process (PID=655) to work on /opt/airflow/dags/train_model_dag.py
[2025-05-11T14:36:13.280+0000] {processor.py:829} INFO - Processing file /opt/airflow/dags/train_model_dag.py for tasks to queue
[2025-05-11T14:36:13.281+0000] {logging_mixin.py:151} INFO - [2025-05-11T14:36:13.281+0000] {dagbag.py:539} INFO - Filling up the DagBag from /opt/airflow/dags/train_model_dag.py
[2025-05-11T14:36:13.296+0000] {processor.py:839} INFO - DAG(s) dict_keys(['model_training_dag']) retrieved from /opt/airflow/dags/train_model_dag.py
[2025-05-11T14:36:13.313+0000] {logging_mixin.py:151} INFO - [2025-05-11T14:36:13.313+0000] {dag.py:2915} INFO - Sync 1 DAGs
[2025-05-11T14:36:13.324+0000] {logging_mixin.py:151} INFO - [2025-05-11T14:36:13.324+0000] {dag.py:3696} INFO - Setting next_dagrun for model_training_dag to 2025-05-11T14:35:00+00:00, run_after=2025-05-11T14:36:00+00:00
[2025-05-11T14:36:13.335+0000] {processor.py:179} INFO - Processing /opt/airflow/dags/train_model_dag.py took 0.061 seconds
[2025-05-11T14:36:43.443+0000] {processor.py:157} INFO - Started process (PID=657) to work on /opt/airflow/dags/train_model_dag.py
[2025-05-11T14:36:43.444+0000] {processor.py:829} INFO - Processing file /opt/airflow/dags/train_model_dag.py for tasks to queue
[2025-05-11T14:36:43.444+0000] {logging_mixin.py:151} INFO - [2025-05-11T14:36:43.444+0000] {dagbag.py:539} INFO - Filling up the DagBag from /opt/airflow/dags/train_model_dag.py
[2025-05-11T14:36:43.453+0000] {processor.py:839} INFO - DAG(s) dict_keys(['model_training_dag']) retrieved from /opt/airflow/dags/train_model_dag.py
[2025-05-11T14:36:43.465+0000] {logging_mixin.py:151} INFO - [2025-05-11T14:36:43.465+0000] {dag.py:2915} INFO - Sync 1 DAGs
[2025-05-11T14:36:43.475+0000] {logging_mixin.py:151} INFO - [2025-05-11T14:36:43.475+0000] {dag.py:3696} INFO - Setting next_dagrun for model_training_dag to 2025-05-11T14:35:00+00:00, run_after=2025-05-11T14:36:00+00:00
[2025-05-11T14:36:43.486+0000] {processor.py:179} INFO - Processing /opt/airflow/dags/train_model_dag.py took 0.046 seconds
[2025-05-11T14:37:13.600+0000] {processor.py:157} INFO - Started process (PID=659) to work on /opt/airflow/dags/train_model_dag.py
[2025-05-11T14:37:13.600+0000] {processor.py:829} INFO - Processing file /opt/airflow/dags/train_model_dag.py for tasks to queue
[2025-05-11T14:37:13.601+0000] {logging_mixin.py:151} INFO - [2025-05-11T14:37:13.601+0000] {dagbag.py:539} INFO - Filling up the DagBag from /opt/airflow/dags/train_model_dag.py
[2025-05-11T14:37:13.609+0000] {processor.py:839} INFO - DAG(s) dict_keys(['model_training_dag']) retrieved from /opt/airflow/dags/train_model_dag.py
[2025-05-11T14:37:13.621+0000] {logging_mixin.py:151} INFO - [2025-05-11T14:37:13.621+0000] {dag.py:2915} INFO - Sync 1 DAGs
[2025-05-11T14:37:13.630+0000] {logging_mixin.py:151} INFO - [2025-05-11T14:37:13.630+0000] {dag.py:3696} INFO - Setting next_dagrun for model_training_dag to 2025-05-11T14:36:00+00:00, run_after=2025-05-11T14:37:00+00:00
[2025-05-11T14:37:13.640+0000] {processor.py:179} INFO - Processing /opt/airflow/dags/train_model_dag.py took 0.042 seconds
[2025-05-11T14:37:43.777+0000] {processor.py:157} INFO - Started process (PID=661) to work on /opt/airflow/dags/train_model_dag.py
[2025-05-11T14:37:43.778+0000] {processor.py:829} INFO - Processing file /opt/airflow/dags/train_model_dag.py for tasks to queue
[2025-05-11T14:37:43.779+0000] {logging_mixin.py:151} INFO - [2025-05-11T14:37:43.778+0000] {dagbag.py:539} INFO - Filling up the DagBag from /opt/airflow/dags/train_model_dag.py
[2025-05-11T14:37:43.792+0000] {processor.py:839} INFO - DAG(s) dict_keys(['model_training_dag']) retrieved from /opt/airflow/dags/train_model_dag.py
[2025-05-11T14:37:43.809+0000] {logging_mixin.py:151} INFO - [2025-05-11T14:37:43.809+0000] {dag.py:2915} INFO - Sync 1 DAGs
[2025-05-11T14:37:43.818+0000] {logging_mixin.py:151} INFO - [2025-05-11T14:37:43.818+0000] {dag.py:3696} INFO - Setting next_dagrun for model_training_dag to 2025-05-11T14:36:00+00:00, run_after=2025-05-11T14:37:00+00:00
[2025-05-11T14:37:43.828+0000] {processor.py:179} INFO - Processing /opt/airflow/dags/train_model_dag.py took 0.055 seconds
[2025-05-11T14:38:13.950+0000] {processor.py:157} INFO - Started process (PID=663) to work on /opt/airflow/dags/train_model_dag.py
[2025-05-11T14:38:13.950+0000] {processor.py:829} INFO - Processing file /opt/airflow/dags/train_model_dag.py for tasks to queue
[2025-05-11T14:38:13.951+0000] {logging_mixin.py:151} INFO - [2025-05-11T14:38:13.951+0000] {dagbag.py:539} INFO - Filling up the DagBag from /opt/airflow/dags/train_model_dag.py
[2025-05-11T14:38:13.965+0000] {processor.py:839} INFO - DAG(s) dict_keys(['model_training_dag']) retrieved from /opt/airflow/dags/train_model_dag.py
[2025-05-11T14:38:13.981+0000] {logging_mixin.py:151} INFO - [2025-05-11T14:38:13.981+0000] {dag.py:2915} INFO - Sync 1 DAGs
[2025-05-11T14:38:13.992+0000] {logging_mixin.py:151} INFO - [2025-05-11T14:38:13.992+0000] {dag.py:3696} INFO - Setting next_dagrun for model_training_dag to 2025-05-11T14:37:00+00:00, run_after=2025-05-11T14:38:00+00:00
[2025-05-11T14:38:14.002+0000] {processor.py:179} INFO - Processing /opt/airflow/dags/train_model_dag.py took 0.056 seconds
[2025-05-11T14:38:44.120+0000] {processor.py:157} INFO - Started process (PID=665) to work on /opt/airflow/dags/train_model_dag.py
[2025-05-11T14:38:44.121+0000] {processor.py:829} INFO - Processing file /opt/airflow/dags/train_model_dag.py for tasks to queue
[2025-05-11T14:38:44.123+0000] {logging_mixin.py:151} INFO - [2025-05-11T14:38:44.122+0000] {dagbag.py:539} INFO - Filling up the DagBag from /opt/airflow/dags/train_model_dag.py
[2025-05-11T14:38:44.140+0000] {processor.py:839} INFO - DAG(s) dict_keys(['model_training_dag']) retrieved from /opt/airflow/dags/train_model_dag.py
[2025-05-11T14:38:44.160+0000] {logging_mixin.py:151} INFO - [2025-05-11T14:38:44.160+0000] {dag.py:2915} INFO - Sync 1 DAGs
[2025-05-11T14:38:44.172+0000] {logging_mixin.py:151} INFO - [2025-05-11T14:38:44.172+0000] {dag.py:3696} INFO - Setting next_dagrun for model_training_dag to 2025-05-11T14:37:00+00:00, run_after=2025-05-11T14:38:00+00:00
[2025-05-11T14:38:44.182+0000] {processor.py:179} INFO - Processing /opt/airflow/dags/train_model_dag.py took 0.065 seconds
[2025-05-11T14:39:14.291+0000] {processor.py:157} INFO - Started process (PID=667) to work on /opt/airflow/dags/train_model_dag.py
[2025-05-11T14:39:14.292+0000] {processor.py:829} INFO - Processing file /opt/airflow/dags/train_model_dag.py for tasks to queue
[2025-05-11T14:39:14.293+0000] {logging_mixin.py:151} INFO - [2025-05-11T14:39:14.293+0000] {dagbag.py:539} INFO - Filling up the DagBag from /opt/airflow/dags/train_model_dag.py
[2025-05-11T14:39:14.306+0000] {processor.py:839} INFO - DAG(s) dict_keys(['model_training_dag']) retrieved from /opt/airflow/dags/train_model_dag.py
[2025-05-11T14:39:14.321+0000] {logging_mixin.py:151} INFO - [2025-05-11T14:39:14.321+0000] {dag.py:2915} INFO - Sync 1 DAGs
[2025-05-11T14:39:14.331+0000] {logging_mixin.py:151} INFO - [2025-05-11T14:39:14.331+0000] {dag.py:3696} INFO - Setting next_dagrun for model_training_dag to 2025-05-11T14:38:00+00:00, run_after=2025-05-11T14:39:00+00:00
[2025-05-11T14:39:14.341+0000] {processor.py:179} INFO - Processing /opt/airflow/dags/train_model_dag.py took 0.053 seconds
[2025-05-11T14:39:44.468+0000] {processor.py:157} INFO - Started process (PID=669) to work on /opt/airflow/dags/train_model_dag.py
[2025-05-11T14:39:44.469+0000] {processor.py:829} INFO - Processing file /opt/airflow/dags/train_model_dag.py for tasks to queue
[2025-05-11T14:39:44.470+0000] {logging_mixin.py:151} INFO - [2025-05-11T14:39:44.469+0000] {dagbag.py:539} INFO - Filling up the DagBag from /opt/airflow/dags/train_model_dag.py
[2025-05-11T14:39:44.487+0000] {processor.py:839} INFO - DAG(s) dict_keys(['model_training_dag']) retrieved from /opt/airflow/dags/train_model_dag.py
[2025-05-11T14:39:44.506+0000] {logging_mixin.py:151} INFO - [2025-05-11T14:39:44.506+0000] {dag.py:2915} INFO - Sync 1 DAGs
[2025-05-11T14:39:44.518+0000] {logging_mixin.py:151} INFO - [2025-05-11T14:39:44.518+0000] {dag.py:3696} INFO - Setting next_dagrun for model_training_dag to 2025-05-11T14:38:00+00:00, run_after=2025-05-11T14:39:00+00:00
[2025-05-11T14:39:44.529+0000] {processor.py:179} INFO - Processing /opt/airflow/dags/train_model_dag.py took 0.066 seconds
[2025-05-11T14:40:14.618+0000] {processor.py:157} INFO - Started process (PID=671) to work on /opt/airflow/dags/train_model_dag.py
[2025-05-11T14:40:14.619+0000] {processor.py:829} INFO - Processing file /opt/airflow/dags/train_model_dag.py for tasks to queue
[2025-05-11T14:40:14.619+0000] {logging_mixin.py:151} INFO - [2025-05-11T14:40:14.619+0000] {dagbag.py:539} INFO - Filling up the DagBag from /opt/airflow/dags/train_model_dag.py
[2025-05-11T14:40:14.629+0000] {processor.py:839} INFO - DAG(s) dict_keys(['model_training_dag']) retrieved from /opt/airflow/dags/train_model_dag.py
[2025-05-11T14:40:14.643+0000] {logging_mixin.py:151} INFO - [2025-05-11T14:40:14.643+0000] {dag.py:2915} INFO - Sync 1 DAGs
[2025-05-11T14:40:14.654+0000] {logging_mixin.py:151} INFO - [2025-05-11T14:40:14.654+0000] {dag.py:3696} INFO - Setting next_dagrun for model_training_dag to 2025-05-11T14:39:00+00:00, run_after=2025-05-11T14:40:00+00:00
[2025-05-11T14:40:14.667+0000] {processor.py:179} INFO - Processing /opt/airflow/dags/train_model_dag.py took 0.051 seconds
[2025-05-11T14:40:44.788+0000] {processor.py:157} INFO - Started process (PID=673) to work on /opt/airflow/dags/train_model_dag.py
[2025-05-11T14:40:44.789+0000] {processor.py:829} INFO - Processing file /opt/airflow/dags/train_model_dag.py for tasks to queue
[2025-05-11T14:40:44.790+0000] {logging_mixin.py:151} INFO - [2025-05-11T14:40:44.789+0000] {dagbag.py:539} INFO - Filling up the DagBag from /opt/airflow/dags/train_model_dag.py
[2025-05-11T14:40:44.802+0000] {processor.py:839} INFO - DAG(s) dict_keys(['model_training_dag']) retrieved from /opt/airflow/dags/train_model_dag.py
[2025-05-11T14:40:44.823+0000] {logging_mixin.py:151} INFO - [2025-05-11T14:40:44.823+0000] {dag.py:2915} INFO - Sync 1 DAGs
[2025-05-11T14:40:44.838+0000] {logging_mixin.py:151} INFO - [2025-05-11T14:40:44.838+0000] {dag.py:3696} INFO - Setting next_dagrun for model_training_dag to 2025-05-11T14:39:00+00:00, run_after=2025-05-11T14:40:00+00:00
[2025-05-11T14:40:44.852+0000] {processor.py:179} INFO - Processing /opt/airflow/dags/train_model_dag.py took 0.067 seconds
[2025-05-11T14:41:14.955+0000] {processor.py:157} INFO - Started process (PID=675) to work on /opt/airflow/dags/train_model_dag.py
[2025-05-11T14:41:14.956+0000] {processor.py:829} INFO - Processing file /opt/airflow/dags/train_model_dag.py for tasks to queue
[2025-05-11T14:41:14.956+0000] {logging_mixin.py:151} INFO - [2025-05-11T14:41:14.956+0000] {dagbag.py:539} INFO - Filling up the DagBag from /opt/airflow/dags/train_model_dag.py
[2025-05-11T14:41:14.967+0000] {processor.py:839} INFO - DAG(s) dict_keys(['model_training_dag']) retrieved from /opt/airflow/dags/train_model_dag.py
[2025-05-11T14:41:14.988+0000] {logging_mixin.py:151} INFO - [2025-05-11T14:41:14.987+0000] {dag.py:2915} INFO - Sync 1 DAGs
[2025-05-11T14:41:15.004+0000] {logging_mixin.py:151} INFO - [2025-05-11T14:41:15.004+0000] {dag.py:3696} INFO - Setting next_dagrun for model_training_dag to 2025-05-11T14:40:00+00:00, run_after=2025-05-11T14:41:00+00:00
[2025-05-11T14:41:15.021+0000] {processor.py:179} INFO - Processing /opt/airflow/dags/train_model_dag.py took 0.069 seconds
[2025-05-11T14:41:45.122+0000] {processor.py:157} INFO - Started process (PID=677) to work on /opt/airflow/dags/train_model_dag.py
[2025-05-11T14:41:45.123+0000] {processor.py:829} INFO - Processing file /opt/airflow/dags/train_model_dag.py for tasks to queue
[2025-05-11T14:41:45.124+0000] {logging_mixin.py:151} INFO - [2025-05-11T14:41:45.123+0000] {dagbag.py:539} INFO - Filling up the DagBag from /opt/airflow/dags/train_model_dag.py
[2025-05-11T14:41:45.141+0000] {processor.py:839} INFO - DAG(s) dict_keys(['model_training_dag']) retrieved from /opt/airflow/dags/train_model_dag.py
[2025-05-11T14:41:45.161+0000] {logging_mixin.py:151} INFO - [2025-05-11T14:41:45.161+0000] {dag.py:2915} INFO - Sync 1 DAGs
[2025-05-11T14:41:45.174+0000] {logging_mixin.py:151} INFO - [2025-05-11T14:41:45.174+0000] {dag.py:3696} INFO - Setting next_dagrun for model_training_dag to 2025-05-11T14:40:00+00:00, run_after=2025-05-11T14:41:00+00:00
[2025-05-11T14:41:45.186+0000] {processor.py:179} INFO - Processing /opt/airflow/dags/train_model_dag.py took 0.067 seconds
[2025-05-11T14:42:15.304+0000] {processor.py:157} INFO - Started process (PID=679) to work on /opt/airflow/dags/train_model_dag.py
[2025-05-11T14:42:15.305+0000] {processor.py:829} INFO - Processing file /opt/airflow/dags/train_model_dag.py for tasks to queue
[2025-05-11T14:42:15.308+0000] {logging_mixin.py:151} INFO - [2025-05-11T14:42:15.307+0000] {dagbag.py:539} INFO - Filling up the DagBag from /opt/airflow/dags/train_model_dag.py
[2025-05-11T14:42:15.319+0000] {processor.py:839} INFO - DAG(s) dict_keys(['model_training_dag']) retrieved from /opt/airflow/dags/train_model_dag.py
[2025-05-11T14:42:15.336+0000] {logging_mixin.py:151} INFO - [2025-05-11T14:42:15.336+0000] {dag.py:2915} INFO - Sync 1 DAGs
[2025-05-11T14:42:15.346+0000] {logging_mixin.py:151} INFO - [2025-05-11T14:42:15.346+0000] {dag.py:3696} INFO - Setting next_dagrun for model_training_dag to 2025-05-11T14:41:00+00:00, run_after=2025-05-11T14:42:00+00:00
[2025-05-11T14:42:15.357+0000] {processor.py:179} INFO - Processing /opt/airflow/dags/train_model_dag.py took 0.058 seconds
[2025-05-11T14:42:45.457+0000] {processor.py:157} INFO - Started process (PID=681) to work on /opt/airflow/dags/train_model_dag.py
[2025-05-11T14:42:45.458+0000] {processor.py:829} INFO - Processing file /opt/airflow/dags/train_model_dag.py for tasks to queue
[2025-05-11T14:42:45.459+0000] {logging_mixin.py:151} INFO - [2025-05-11T14:42:45.458+0000] {dagbag.py:539} INFO - Filling up the DagBag from /opt/airflow/dags/train_model_dag.py
[2025-05-11T14:42:45.474+0000] {processor.py:839} INFO - DAG(s) dict_keys(['model_training_dag']) retrieved from /opt/airflow/dags/train_model_dag.py
[2025-05-11T14:42:45.491+0000] {logging_mixin.py:151} INFO - [2025-05-11T14:42:45.491+0000] {dag.py:2915} INFO - Sync 1 DAGs
[2025-05-11T14:42:45.503+0000] {logging_mixin.py:151} INFO - [2025-05-11T14:42:45.503+0000] {dag.py:3696} INFO - Setting next_dagrun for model_training_dag to 2025-05-11T14:41:00+00:00, run_after=2025-05-11T14:42:00+00:00
[2025-05-11T14:42:45.516+0000] {processor.py:179} INFO - Processing /opt/airflow/dags/train_model_dag.py took 0.062 seconds
[2025-05-11T14:43:15.608+0000] {processor.py:157} INFO - Started process (PID=683) to work on /opt/airflow/dags/train_model_dag.py
[2025-05-11T14:43:15.609+0000] {processor.py:829} INFO - Processing file /opt/airflow/dags/train_model_dag.py for tasks to queue
[2025-05-11T14:43:15.609+0000] {logging_mixin.py:151} INFO - [2025-05-11T14:43:15.609+0000] {dagbag.py:539} INFO - Filling up the DagBag from /opt/airflow/dags/train_model_dag.py
[2025-05-11T14:43:15.618+0000] {processor.py:839} INFO - DAG(s) dict_keys(['model_training_dag']) retrieved from /opt/airflow/dags/train_model_dag.py
[2025-05-11T14:43:15.632+0000] {logging_mixin.py:151} INFO - [2025-05-11T14:43:15.632+0000] {dag.py:2915} INFO - Sync 1 DAGs
[2025-05-11T14:43:15.642+0000] {logging_mixin.py:151} INFO - [2025-05-11T14:43:15.642+0000] {dag.py:3696} INFO - Setting next_dagrun for model_training_dag to 2025-05-11T14:42:00+00:00, run_after=2025-05-11T14:43:00+00:00
[2025-05-11T14:43:15.652+0000] {processor.py:179} INFO - Processing /opt/airflow/dags/train_model_dag.py took 0.047 seconds
[2025-05-11T14:43:45.768+0000] {processor.py:157} INFO - Started process (PID=685) to work on /opt/airflow/dags/train_model_dag.py
[2025-05-11T14:43:45.768+0000] {processor.py:829} INFO - Processing file /opt/airflow/dags/train_model_dag.py for tasks to queue
[2025-05-11T14:43:45.769+0000] {logging_mixin.py:151} INFO - [2025-05-11T14:43:45.769+0000] {dagbag.py:539} INFO - Filling up the DagBag from /opt/airflow/dags/train_model_dag.py
[2025-05-11T14:43:45.782+0000] {processor.py:839} INFO - DAG(s) dict_keys(['model_training_dag']) retrieved from /opt/airflow/dags/train_model_dag.py
[2025-05-11T14:43:45.799+0000] {logging_mixin.py:151} INFO - [2025-05-11T14:43:45.799+0000] {dag.py:2915} INFO - Sync 1 DAGs
[2025-05-11T14:43:45.810+0000] {logging_mixin.py:151} INFO - [2025-05-11T14:43:45.810+0000] {dag.py:3696} INFO - Setting next_dagrun for model_training_dag to 2025-05-11T14:42:00+00:00, run_after=2025-05-11T14:43:00+00:00
[2025-05-11T14:43:45.819+0000] {processor.py:179} INFO - Processing /opt/airflow/dags/train_model_dag.py took 0.055 seconds
[2025-05-11T14:44:15.923+0000] {processor.py:157} INFO - Started process (PID=687) to work on /opt/airflow/dags/train_model_dag.py
[2025-05-11T14:44:15.925+0000] {processor.py:829} INFO - Processing file /opt/airflow/dags/train_model_dag.py for tasks to queue
[2025-05-11T14:44:15.926+0000] {logging_mixin.py:151} INFO - [2025-05-11T14:44:15.925+0000] {dagbag.py:539} INFO - Filling up the DagBag from /opt/airflow/dags/train_model_dag.py
[2025-05-11T14:44:15.939+0000] {processor.py:839} INFO - DAG(s) dict_keys(['model_training_dag']) retrieved from /opt/airflow/dags/train_model_dag.py
[2025-05-11T14:44:15.957+0000] {logging_mixin.py:151} INFO - [2025-05-11T14:44:15.957+0000] {dag.py:2915} INFO - Sync 1 DAGs
[2025-05-11T14:44:15.967+0000] {logging_mixin.py:151} INFO - [2025-05-11T14:44:15.967+0000] {dag.py:3696} INFO - Setting next_dagrun for model_training_dag to 2025-05-11T14:43:00+00:00, run_after=2025-05-11T14:44:00+00:00
[2025-05-11T14:44:15.977+0000] {processor.py:179} INFO - Processing /opt/airflow/dags/train_model_dag.py took 0.058 seconds
[2025-05-11T14:44:46.088+0000] {processor.py:157} INFO - Started process (PID=689) to work on /opt/airflow/dags/train_model_dag.py
[2025-05-11T14:44:46.089+0000] {processor.py:829} INFO - Processing file /opt/airflow/dags/train_model_dag.py for tasks to queue
[2025-05-11T14:44:46.091+0000] {logging_mixin.py:151} INFO - [2025-05-11T14:44:46.090+0000] {dagbag.py:539} INFO - Filling up the DagBag from /opt/airflow/dags/train_model_dag.py
[2025-05-11T14:44:46.107+0000] {processor.py:839} INFO - DAG(s) dict_keys(['model_training_dag']) retrieved from /opt/airflow/dags/train_model_dag.py
[2025-05-11T14:44:46.126+0000] {logging_mixin.py:151} INFO - [2025-05-11T14:44:46.126+0000] {dag.py:2915} INFO - Sync 1 DAGs
[2025-05-11T14:44:46.137+0000] {logging_mixin.py:151} INFO - [2025-05-11T14:44:46.136+0000] {dag.py:3696} INFO - Setting next_dagrun for model_training_dag to 2025-05-11T14:43:00+00:00, run_after=2025-05-11T14:44:00+00:00
[2025-05-11T14:44:46.145+0000] {processor.py:179} INFO - Processing /opt/airflow/dags/train_model_dag.py took 0.062 seconds
[2025-05-11T14:45:16.245+0000] {processor.py:157} INFO - Started process (PID=691) to work on /opt/airflow/dags/train_model_dag.py
[2025-05-11T14:45:16.246+0000] {processor.py:829} INFO - Processing file /opt/airflow/dags/train_model_dag.py for tasks to queue
[2025-05-11T14:45:16.247+0000] {logging_mixin.py:151} INFO - [2025-05-11T14:45:16.246+0000] {dagbag.py:539} INFO - Filling up the DagBag from /opt/airflow/dags/train_model_dag.py
[2025-05-11T14:45:16.260+0000] {processor.py:839} INFO - DAG(s) dict_keys(['model_training_dag']) retrieved from /opt/airflow/dags/train_model_dag.py
[2025-05-11T14:45:16.278+0000] {logging_mixin.py:151} INFO - [2025-05-11T14:45:16.278+0000] {dag.py:2915} INFO - Sync 1 DAGs
[2025-05-11T14:45:16.288+0000] {logging_mixin.py:151} INFO - [2025-05-11T14:45:16.288+0000] {dag.py:3696} INFO - Setting next_dagrun for model_training_dag to 2025-05-11T14:44:00+00:00, run_after=2025-05-11T14:45:00+00:00
[2025-05-11T14:45:16.298+0000] {processor.py:179} INFO - Processing /opt/airflow/dags/train_model_dag.py took 0.056 seconds
[2025-05-11T14:45:46.418+0000] {processor.py:157} INFO - Started process (PID=693) to work on /opt/airflow/dags/train_model_dag.py
[2025-05-11T14:45:46.419+0000] {processor.py:829} INFO - Processing file /opt/airflow/dags/train_model_dag.py for tasks to queue
[2025-05-11T14:45:46.420+0000] {logging_mixin.py:151} INFO - [2025-05-11T14:45:46.419+0000] {dagbag.py:539} INFO - Filling up the DagBag from /opt/airflow/dags/train_model_dag.py
[2025-05-11T14:45:46.434+0000] {processor.py:839} INFO - DAG(s) dict_keys(['model_training_dag']) retrieved from /opt/airflow/dags/train_model_dag.py
[2025-05-11T14:45:46.452+0000] {logging_mixin.py:151} INFO - [2025-05-11T14:45:46.452+0000] {dag.py:2915} INFO - Sync 1 DAGs
[2025-05-11T14:45:46.461+0000] {logging_mixin.py:151} INFO - [2025-05-11T14:45:46.461+0000] {dag.py:3696} INFO - Setting next_dagrun for model_training_dag to 2025-05-11T14:44:00+00:00, run_after=2025-05-11T14:45:00+00:00
[2025-05-11T14:45:46.471+0000] {processor.py:179} INFO - Processing /opt/airflow/dags/train_model_dag.py took 0.057 seconds
[2025-05-11T14:46:16.576+0000] {processor.py:157} INFO - Started process (PID=695) to work on /opt/airflow/dags/train_model_dag.py
[2025-05-11T14:46:16.577+0000] {processor.py:829} INFO - Processing file /opt/airflow/dags/train_model_dag.py for tasks to queue
[2025-05-11T14:46:16.578+0000] {logging_mixin.py:151} INFO - [2025-05-11T14:46:16.578+0000] {dagbag.py:539} INFO - Filling up the DagBag from /opt/airflow/dags/train_model_dag.py
[2025-05-11T14:46:16.591+0000] {processor.py:839} INFO - DAG(s) dict_keys(['model_training_dag']) retrieved from /opt/airflow/dags/train_model_dag.py
[2025-05-11T14:46:16.607+0000] {logging_mixin.py:151} INFO - [2025-05-11T14:46:16.607+0000] {dag.py:2915} INFO - Sync 1 DAGs
[2025-05-11T14:46:16.619+0000] {logging_mixin.py:151} INFO - [2025-05-11T14:46:16.619+0000] {dag.py:3696} INFO - Setting next_dagrun for model_training_dag to 2025-05-11T14:45:00+00:00, run_after=2025-05-11T14:46:00+00:00
[2025-05-11T14:46:16.629+0000] {processor.py:179} INFO - Processing /opt/airflow/dags/train_model_dag.py took 0.056 seconds
[2025-05-11T14:46:46.743+0000] {processor.py:157} INFO - Started process (PID=697) to work on /opt/airflow/dags/train_model_dag.py
[2025-05-11T14:46:46.744+0000] {processor.py:829} INFO - Processing file /opt/airflow/dags/train_model_dag.py for tasks to queue
[2025-05-11T14:46:46.745+0000] {logging_mixin.py:151} INFO - [2025-05-11T14:46:46.744+0000] {dagbag.py:539} INFO - Filling up the DagBag from /opt/airflow/dags/train_model_dag.py
[2025-05-11T14:46:46.757+0000] {processor.py:839} INFO - DAG(s) dict_keys(['model_training_dag']) retrieved from /opt/airflow/dags/train_model_dag.py
[2025-05-11T14:46:46.772+0000] {logging_mixin.py:151} INFO - [2025-05-11T14:46:46.772+0000] {dag.py:2915} INFO - Sync 1 DAGs
[2025-05-11T14:46:46.781+0000] {logging_mixin.py:151} INFO - [2025-05-11T14:46:46.781+0000] {dag.py:3696} INFO - Setting next_dagrun for model_training_dag to 2025-05-11T14:45:00+00:00, run_after=2025-05-11T14:46:00+00:00
[2025-05-11T14:46:46.791+0000] {processor.py:179} INFO - Processing /opt/airflow/dags/train_model_dag.py took 0.051 seconds
[2025-05-11T14:47:16.903+0000] {processor.py:157} INFO - Started process (PID=699) to work on /opt/airflow/dags/train_model_dag.py
[2025-05-11T14:47:16.904+0000] {processor.py:829} INFO - Processing file /opt/airflow/dags/train_model_dag.py for tasks to queue
[2025-05-11T14:47:16.905+0000] {logging_mixin.py:151} INFO - [2025-05-11T14:47:16.905+0000] {dagbag.py:539} INFO - Filling up the DagBag from /opt/airflow/dags/train_model_dag.py
[2025-05-11T14:47:16.918+0000] {processor.py:839} INFO - DAG(s) dict_keys(['model_training_dag']) retrieved from /opt/airflow/dags/train_model_dag.py
[2025-05-11T14:47:16.935+0000] {logging_mixin.py:151} INFO - [2025-05-11T14:47:16.935+0000] {dag.py:2915} INFO - Sync 1 DAGs
[2025-05-11T14:47:16.944+0000] {logging_mixin.py:151} INFO - [2025-05-11T14:47:16.944+0000] {dag.py:3696} INFO - Setting next_dagrun for model_training_dag to 2025-05-11T14:46:00+00:00, run_after=2025-05-11T14:47:00+00:00
[2025-05-11T14:47:16.955+0000] {processor.py:179} INFO - Processing /opt/airflow/dags/train_model_dag.py took 0.055 seconds
[2025-05-11T14:47:47.070+0000] {processor.py:157} INFO - Started process (PID=701) to work on /opt/airflow/dags/train_model_dag.py
[2025-05-11T14:47:47.071+0000] {processor.py:829} INFO - Processing file /opt/airflow/dags/train_model_dag.py for tasks to queue
[2025-05-11T14:47:47.072+0000] {logging_mixin.py:151} INFO - [2025-05-11T14:47:47.072+0000] {dagbag.py:539} INFO - Filling up the DagBag from /opt/airflow/dags/train_model_dag.py
[2025-05-11T14:47:47.089+0000] {processor.py:839} INFO - DAG(s) dict_keys(['model_training_dag']) retrieved from /opt/airflow/dags/train_model_dag.py
[2025-05-11T14:47:47.108+0000] {logging_mixin.py:151} INFO - [2025-05-11T14:47:47.108+0000] {dag.py:2915} INFO - Sync 1 DAGs
[2025-05-11T14:47:47.120+0000] {logging_mixin.py:151} INFO - [2025-05-11T14:47:47.120+0000] {dag.py:3696} INFO - Setting next_dagrun for model_training_dag to 2025-05-11T14:46:00+00:00, run_after=2025-05-11T14:47:00+00:00
[2025-05-11T14:47:47.133+0000] {processor.py:179} INFO - Processing /opt/airflow/dags/train_model_dag.py took 0.067 seconds
[2025-05-11T14:48:17.226+0000] {processor.py:157} INFO - Started process (PID=703) to work on /opt/airflow/dags/train_model_dag.py
[2025-05-11T14:48:17.227+0000] {processor.py:829} INFO - Processing file /opt/airflow/dags/train_model_dag.py for tasks to queue
[2025-05-11T14:48:17.228+0000] {logging_mixin.py:151} INFO - [2025-05-11T14:48:17.228+0000] {dagbag.py:539} INFO - Filling up the DagBag from /opt/airflow/dags/train_model_dag.py
[2025-05-11T14:48:17.242+0000] {processor.py:839} INFO - DAG(s) dict_keys(['model_training_dag']) retrieved from /opt/airflow/dags/train_model_dag.py
[2025-05-11T14:48:17.259+0000] {logging_mixin.py:151} INFO - [2025-05-11T14:48:17.259+0000] {dag.py:2915} INFO - Sync 1 DAGs
[2025-05-11T14:48:17.269+0000] {logging_mixin.py:151} INFO - [2025-05-11T14:48:17.269+0000] {dag.py:3696} INFO - Setting next_dagrun for model_training_dag to 2025-05-11T14:47:00+00:00, run_after=2025-05-11T14:48:00+00:00
[2025-05-11T14:48:17.277+0000] {processor.py:179} INFO - Processing /opt/airflow/dags/train_model_dag.py took 0.055 seconds
[2025-05-11T14:48:47.391+0000] {processor.py:157} INFO - Started process (PID=705) to work on /opt/airflow/dags/train_model_dag.py
[2025-05-11T14:48:47.391+0000] {processor.py:829} INFO - Processing file /opt/airflow/dags/train_model_dag.py for tasks to queue
[2025-05-11T14:48:47.392+0000] {logging_mixin.py:151} INFO - [2025-05-11T14:48:47.392+0000] {dagbag.py:539} INFO - Filling up the DagBag from /opt/airflow/dags/train_model_dag.py
[2025-05-11T14:48:47.402+0000] {processor.py:839} INFO - DAG(s) dict_keys(['model_training_dag']) retrieved from /opt/airflow/dags/train_model_dag.py
[2025-05-11T14:48:47.417+0000] {logging_mixin.py:151} INFO - [2025-05-11T14:48:47.417+0000] {dag.py:2915} INFO - Sync 1 DAGs
[2025-05-11T14:48:47.427+0000] {logging_mixin.py:151} INFO - [2025-05-11T14:48:47.427+0000] {dag.py:3696} INFO - Setting next_dagrun for model_training_dag to 2025-05-11T14:47:00+00:00, run_after=2025-05-11T14:48:00+00:00
[2025-05-11T14:48:47.436+0000] {processor.py:179} INFO - Processing /opt/airflow/dags/train_model_dag.py took 0.047 seconds
[2025-05-11T14:49:17.561+0000] {processor.py:157} INFO - Started process (PID=707) to work on /opt/airflow/dags/train_model_dag.py
[2025-05-11T14:49:17.562+0000] {processor.py:829} INFO - Processing file /opt/airflow/dags/train_model_dag.py for tasks to queue
[2025-05-11T14:49:17.563+0000] {logging_mixin.py:151} INFO - [2025-05-11T14:49:17.563+0000] {dagbag.py:539} INFO - Filling up the DagBag from /opt/airflow/dags/train_model_dag.py
[2025-05-11T14:49:17.573+0000] {processor.py:839} INFO - DAG(s) dict_keys(['model_training_dag']) retrieved from /opt/airflow/dags/train_model_dag.py
[2025-05-11T14:49:17.586+0000] {logging_mixin.py:151} INFO - [2025-05-11T14:49:17.586+0000] {dag.py:2915} INFO - Sync 1 DAGs
[2025-05-11T14:49:17.596+0000] {logging_mixin.py:151} INFO - [2025-05-11T14:49:17.596+0000] {dag.py:3696} INFO - Setting next_dagrun for model_training_dag to 2025-05-11T14:48:00+00:00, run_after=2025-05-11T14:49:00+00:00
[2025-05-11T14:49:17.607+0000] {processor.py:179} INFO - Processing /opt/airflow/dags/train_model_dag.py took 0.048 seconds
[2025-05-11T14:49:47.732+0000] {processor.py:157} INFO - Started process (PID=709) to work on /opt/airflow/dags/train_model_dag.py
[2025-05-11T14:49:47.733+0000] {processor.py:829} INFO - Processing file /opt/airflow/dags/train_model_dag.py for tasks to queue
[2025-05-11T14:49:47.734+0000] {logging_mixin.py:151} INFO - [2025-05-11T14:49:47.733+0000] {dagbag.py:539} INFO - Filling up the DagBag from /opt/airflow/dags/train_model_dag.py
[2025-05-11T14:49:47.745+0000] {processor.py:839} INFO - DAG(s) dict_keys(['model_training_dag']) retrieved from /opt/airflow/dags/train_model_dag.py
[2025-05-11T14:49:47.760+0000] {logging_mixin.py:151} INFO - [2025-05-11T14:49:47.760+0000] {dag.py:2915} INFO - Sync 1 DAGs
[2025-05-11T14:49:47.769+0000] {logging_mixin.py:151} INFO - [2025-05-11T14:49:47.769+0000] {dag.py:3696} INFO - Setting next_dagrun for model_training_dag to 2025-05-11T14:48:00+00:00, run_after=2025-05-11T14:49:00+00:00
[2025-05-11T14:49:47.780+0000] {processor.py:179} INFO - Processing /opt/airflow/dags/train_model_dag.py took 0.051 seconds
[2025-05-11T14:50:17.906+0000] {processor.py:157} INFO - Started process (PID=711) to work on /opt/airflow/dags/train_model_dag.py
[2025-05-11T14:50:17.906+0000] {processor.py:829} INFO - Processing file /opt/airflow/dags/train_model_dag.py for tasks to queue
[2025-05-11T14:50:17.908+0000] {logging_mixin.py:151} INFO - [2025-05-11T14:50:17.907+0000] {dagbag.py:539} INFO - Filling up the DagBag from /opt/airflow/dags/train_model_dag.py
[2025-05-11T14:50:17.919+0000] {processor.py:839} INFO - DAG(s) dict_keys(['model_training_dag']) retrieved from /opt/airflow/dags/train_model_dag.py
[2025-05-11T14:50:17.932+0000] {logging_mixin.py:151} INFO - [2025-05-11T14:50:17.932+0000] {dag.py:2915} INFO - Sync 1 DAGs
[2025-05-11T14:50:17.942+0000] {logging_mixin.py:151} INFO - [2025-05-11T14:50:17.942+0000] {dag.py:3696} INFO - Setting next_dagrun for model_training_dag to 2025-05-11T14:49:00+00:00, run_after=2025-05-11T14:50:00+00:00
[2025-05-11T14:50:17.952+0000] {processor.py:179} INFO - Processing /opt/airflow/dags/train_model_dag.py took 0.050 seconds
[2025-05-11T14:50:48.078+0000] {processor.py:157} INFO - Started process (PID=713) to work on /opt/airflow/dags/train_model_dag.py
[2025-05-11T14:50:48.079+0000] {processor.py:829} INFO - Processing file /opt/airflow/dags/train_model_dag.py for tasks to queue
[2025-05-11T14:50:48.080+0000] {logging_mixin.py:151} INFO - [2025-05-11T14:50:48.080+0000] {dagbag.py:539} INFO - Filling up the DagBag from /opt/airflow/dags/train_model_dag.py
[2025-05-11T14:50:48.093+0000] {processor.py:839} INFO - DAG(s) dict_keys(['model_training_dag']) retrieved from /opt/airflow/dags/train_model_dag.py
[2025-05-11T14:50:48.108+0000] {logging_mixin.py:151} INFO - [2025-05-11T14:50:48.108+0000] {dag.py:2915} INFO - Sync 1 DAGs
[2025-05-11T14:50:48.117+0000] {logging_mixin.py:151} INFO - [2025-05-11T14:50:48.117+0000] {dag.py:3696} INFO - Setting next_dagrun for model_training_dag to 2025-05-11T14:49:00+00:00, run_after=2025-05-11T14:50:00+00:00
[2025-05-11T14:50:48.127+0000] {processor.py:179} INFO - Processing /opt/airflow/dags/train_model_dag.py took 0.052 seconds
[2025-05-11T14:51:18.241+0000] {processor.py:157} INFO - Started process (PID=715) to work on /opt/airflow/dags/train_model_dag.py
[2025-05-11T14:51:18.242+0000] {processor.py:829} INFO - Processing file /opt/airflow/dags/train_model_dag.py for tasks to queue
[2025-05-11T14:51:18.243+0000] {logging_mixin.py:151} INFO - [2025-05-11T14:51:18.243+0000] {dagbag.py:539} INFO - Filling up the DagBag from /opt/airflow/dags/train_model_dag.py
[2025-05-11T14:51:18.254+0000] {processor.py:839} INFO - DAG(s) dict_keys(['model_training_dag']) retrieved from /opt/airflow/dags/train_model_dag.py
[2025-05-11T14:51:18.270+0000] {logging_mixin.py:151} INFO - [2025-05-11T14:51:18.270+0000] {dag.py:2915} INFO - Sync 1 DAGs
[2025-05-11T14:51:18.280+0000] {logging_mixin.py:151} INFO - [2025-05-11T14:51:18.279+0000] {dag.py:3696} INFO - Setting next_dagrun for model_training_dag to 2025-05-11T14:50:00+00:00, run_after=2025-05-11T14:51:00+00:00
[2025-05-11T14:51:18.290+0000] {processor.py:179} INFO - Processing /opt/airflow/dags/train_model_dag.py took 0.053 seconds
[2025-05-11T14:51:48.400+0000] {processor.py:157} INFO - Started process (PID=717) to work on /opt/airflow/dags/train_model_dag.py
[2025-05-11T14:51:48.401+0000] {processor.py:829} INFO - Processing file /opt/airflow/dags/train_model_dag.py for tasks to queue
[2025-05-11T14:51:48.402+0000] {logging_mixin.py:151} INFO - [2025-05-11T14:51:48.402+0000] {dagbag.py:539} INFO - Filling up the DagBag from /opt/airflow/dags/train_model_dag.py
[2025-05-11T14:51:48.413+0000] {processor.py:839} INFO - DAG(s) dict_keys(['model_training_dag']) retrieved from /opt/airflow/dags/train_model_dag.py
[2025-05-11T14:51:48.426+0000] {logging_mixin.py:151} INFO - [2025-05-11T14:51:48.426+0000] {dag.py:2915} INFO - Sync 1 DAGs
[2025-05-11T14:51:48.437+0000] {logging_mixin.py:151} INFO - [2025-05-11T14:51:48.437+0000] {dag.py:3696} INFO - Setting next_dagrun for model_training_dag to 2025-05-11T14:50:00+00:00, run_after=2025-05-11T14:51:00+00:00
[2025-05-11T14:51:48.446+0000] {processor.py:179} INFO - Processing /opt/airflow/dags/train_model_dag.py took 0.049 seconds
[2025-05-11T14:52:18.565+0000] {processor.py:157} INFO - Started process (PID=719) to work on /opt/airflow/dags/train_model_dag.py
[2025-05-11T14:52:18.566+0000] {processor.py:829} INFO - Processing file /opt/airflow/dags/train_model_dag.py for tasks to queue
[2025-05-11T14:52:18.567+0000] {logging_mixin.py:151} INFO - [2025-05-11T14:52:18.566+0000] {dagbag.py:539} INFO - Filling up the DagBag from /opt/airflow/dags/train_model_dag.py
[2025-05-11T14:52:18.583+0000] {processor.py:839} INFO - DAG(s) dict_keys(['model_training_dag']) retrieved from /opt/airflow/dags/train_model_dag.py
[2025-05-11T14:52:18.601+0000] {logging_mixin.py:151} INFO - [2025-05-11T14:52:18.601+0000] {dag.py:2915} INFO - Sync 1 DAGs
[2025-05-11T14:52:18.612+0000] {logging_mixin.py:151} INFO - [2025-05-11T14:52:18.612+0000] {dag.py:3696} INFO - Setting next_dagrun for model_training_dag to 2025-05-11T14:51:00+00:00, run_after=2025-05-11T14:52:00+00:00
[2025-05-11T14:52:18.622+0000] {processor.py:179} INFO - Processing /opt/airflow/dags/train_model_dag.py took 0.062 seconds
[2025-05-11T14:52:48.725+0000] {processor.py:157} INFO - Started process (PID=721) to work on /opt/airflow/dags/train_model_dag.py
[2025-05-11T14:52:48.726+0000] {processor.py:829} INFO - Processing file /opt/airflow/dags/train_model_dag.py for tasks to queue
[2025-05-11T14:52:48.727+0000] {logging_mixin.py:151} INFO - [2025-05-11T14:52:48.727+0000] {dagbag.py:539} INFO - Filling up the DagBag from /opt/airflow/dags/train_model_dag.py
[2025-05-11T14:52:48.735+0000] {processor.py:839} INFO - DAG(s) dict_keys(['model_training_dag']) retrieved from /opt/airflow/dags/train_model_dag.py
[2025-05-11T14:52:48.747+0000] {logging_mixin.py:151} INFO - [2025-05-11T14:52:48.746+0000] {dag.py:2915} INFO - Sync 1 DAGs
[2025-05-11T14:52:48.756+0000] {logging_mixin.py:151} INFO - [2025-05-11T14:52:48.756+0000] {dag.py:3696} INFO - Setting next_dagrun for model_training_dag to 2025-05-11T14:51:00+00:00, run_after=2025-05-11T14:52:00+00:00
[2025-05-11T14:52:48.765+0000] {processor.py:179} INFO - Processing /opt/airflow/dags/train_model_dag.py took 0.042 seconds
[2025-05-11T14:53:18.904+0000] {processor.py:157} INFO - Started process (PID=723) to work on /opt/airflow/dags/train_model_dag.py
[2025-05-11T14:53:18.905+0000] {processor.py:829} INFO - Processing file /opt/airflow/dags/train_model_dag.py for tasks to queue
[2025-05-11T14:53:18.906+0000] {logging_mixin.py:151} INFO - [2025-05-11T14:53:18.905+0000] {dagbag.py:539} INFO - Filling up the DagBag from /opt/airflow/dags/train_model_dag.py
[2025-05-11T14:53:18.919+0000] {processor.py:839} INFO - DAG(s) dict_keys(['model_training_dag']) retrieved from /opt/airflow/dags/train_model_dag.py
[2025-05-11T14:53:18.936+0000] {logging_mixin.py:151} INFO - [2025-05-11T14:53:18.936+0000] {dag.py:2915} INFO - Sync 1 DAGs
[2025-05-11T14:53:18.945+0000] {logging_mixin.py:151} INFO - [2025-05-11T14:53:18.945+0000] {dag.py:3696} INFO - Setting next_dagrun for model_training_dag to 2025-05-11T14:52:00+00:00, run_after=2025-05-11T14:53:00+00:00
[2025-05-11T14:53:18.955+0000] {processor.py:179} INFO - Processing /opt/airflow/dags/train_model_dag.py took 0.054 seconds
[2025-05-11T14:53:49.072+0000] {processor.py:157} INFO - Started process (PID=725) to work on /opt/airflow/dags/train_model_dag.py
[2025-05-11T14:53:49.073+0000] {processor.py:829} INFO - Processing file /opt/airflow/dags/train_model_dag.py for tasks to queue
[2025-05-11T14:53:49.074+0000] {logging_mixin.py:151} INFO - [2025-05-11T14:53:49.074+0000] {dagbag.py:539} INFO - Filling up the DagBag from /opt/airflow/dags/train_model_dag.py
[2025-05-11T14:53:49.087+0000] {processor.py:839} INFO - DAG(s) dict_keys(['model_training_dag']) retrieved from /opt/airflow/dags/train_model_dag.py
[2025-05-11T14:53:49.106+0000] {logging_mixin.py:151} INFO - [2025-05-11T14:53:49.106+0000] {dag.py:2915} INFO - Sync 1 DAGs
[2025-05-11T14:53:49.117+0000] {logging_mixin.py:151} INFO - [2025-05-11T14:53:49.117+0000] {dag.py:3696} INFO - Setting next_dagrun for model_training_dag to 2025-05-11T14:52:00+00:00, run_after=2025-05-11T14:53:00+00:00
[2025-05-11T14:53:49.126+0000] {processor.py:179} INFO - Processing /opt/airflow/dags/train_model_dag.py took 0.058 seconds
[2025-05-11T14:54:19.248+0000] {processor.py:157} INFO - Started process (PID=727) to work on /opt/airflow/dags/train_model_dag.py
[2025-05-11T14:54:19.249+0000] {processor.py:829} INFO - Processing file /opt/airflow/dags/train_model_dag.py for tasks to queue
[2025-05-11T14:54:19.250+0000] {logging_mixin.py:151} INFO - [2025-05-11T14:54:19.250+0000] {dagbag.py:539} INFO - Filling up the DagBag from /opt/airflow/dags/train_model_dag.py
[2025-05-11T14:54:19.278+0000] {processor.py:839} INFO - DAG(s) dict_keys(['model_training_dag']) retrieved from /opt/airflow/dags/train_model_dag.py
[2025-05-11T14:54:19.297+0000] {logging_mixin.py:151} INFO - [2025-05-11T14:54:19.296+0000] {dag.py:2915} INFO - Sync 1 DAGs
[2025-05-11T14:54:19.308+0000] {logging_mixin.py:151} INFO - [2025-05-11T14:54:19.307+0000] {dag.py:3696} INFO - Setting next_dagrun for model_training_dag to 2025-05-11T14:53:00+00:00, run_after=2025-05-11T14:54:00+00:00
[2025-05-11T14:54:19.318+0000] {processor.py:179} INFO - Processing /opt/airflow/dags/train_model_dag.py took 0.074 seconds
[2025-05-11T14:54:49.409+0000] {processor.py:157} INFO - Started process (PID=729) to work on /opt/airflow/dags/train_model_dag.py
[2025-05-11T14:54:49.410+0000] {processor.py:829} INFO - Processing file /opt/airflow/dags/train_model_dag.py for tasks to queue
[2025-05-11T14:54:49.411+0000] {logging_mixin.py:151} INFO - [2025-05-11T14:54:49.410+0000] {dagbag.py:539} INFO - Filling up the DagBag from /opt/airflow/dags/train_model_dag.py
[2025-05-11T14:54:49.421+0000] {processor.py:839} INFO - DAG(s) dict_keys(['model_training_dag']) retrieved from /opt/airflow/dags/train_model_dag.py
[2025-05-11T14:54:49.435+0000] {logging_mixin.py:151} INFO - [2025-05-11T14:54:49.435+0000] {dag.py:2915} INFO - Sync 1 DAGs
[2025-05-11T14:54:49.445+0000] {logging_mixin.py:151} INFO - [2025-05-11T14:54:49.445+0000] {dag.py:3696} INFO - Setting next_dagrun for model_training_dag to 2025-05-11T14:53:00+00:00, run_after=2025-05-11T14:54:00+00:00
[2025-05-11T14:54:49.455+0000] {processor.py:179} INFO - Processing /opt/airflow/dags/train_model_dag.py took 0.049 seconds
[2025-05-11T14:55:19.573+0000] {processor.py:157} INFO - Started process (PID=731) to work on /opt/airflow/dags/train_model_dag.py
[2025-05-11T14:55:19.574+0000] {processor.py:829} INFO - Processing file /opt/airflow/dags/train_model_dag.py for tasks to queue
[2025-05-11T14:55:19.575+0000] {logging_mixin.py:151} INFO - [2025-05-11T14:55:19.575+0000] {dagbag.py:539} INFO - Filling up the DagBag from /opt/airflow/dags/train_model_dag.py
[2025-05-11T14:55:19.587+0000] {processor.py:839} INFO - DAG(s) dict_keys(['model_training_dag']) retrieved from /opt/airflow/dags/train_model_dag.py
[2025-05-11T14:55:19.604+0000] {logging_mixin.py:151} INFO - [2025-05-11T14:55:19.604+0000] {dag.py:2915} INFO - Sync 1 DAGs
[2025-05-11T14:55:19.613+0000] {logging_mixin.py:151} INFO - [2025-05-11T14:55:19.613+0000] {dag.py:3696} INFO - Setting next_dagrun for model_training_dag to 2025-05-11T14:54:00+00:00, run_after=2025-05-11T14:55:00+00:00
[2025-05-11T14:55:19.624+0000] {processor.py:179} INFO - Processing /opt/airflow/dags/train_model_dag.py took 0.054 seconds
[2025-05-11T14:55:49.758+0000] {processor.py:157} INFO - Started process (PID=733) to work on /opt/airflow/dags/train_model_dag.py
[2025-05-11T14:55:49.759+0000] {processor.py:829} INFO - Processing file /opt/airflow/dags/train_model_dag.py for tasks to queue
[2025-05-11T14:55:49.760+0000] {logging_mixin.py:151} INFO - [2025-05-11T14:55:49.760+0000] {dagbag.py:539} INFO - Filling up the DagBag from /opt/airflow/dags/train_model_dag.py
[2025-05-11T14:55:49.772+0000] {processor.py:839} INFO - DAG(s) dict_keys(['model_training_dag']) retrieved from /opt/airflow/dags/train_model_dag.py
[2025-05-11T14:55:49.787+0000] {logging_mixin.py:151} INFO - [2025-05-11T14:55:49.786+0000] {dag.py:2915} INFO - Sync 1 DAGs
[2025-05-11T14:55:49.798+0000] {logging_mixin.py:151} INFO - [2025-05-11T14:55:49.798+0000] {dag.py:3696} INFO - Setting next_dagrun for model_training_dag to 2025-05-11T14:54:00+00:00, run_after=2025-05-11T14:55:00+00:00
[2025-05-11T14:55:49.807+0000] {processor.py:179} INFO - Processing /opt/airflow/dags/train_model_dag.py took 0.053 seconds
[2025-05-11T14:56:19.931+0000] {processor.py:157} INFO - Started process (PID=735) to work on /opt/airflow/dags/train_model_dag.py
[2025-05-11T14:56:19.933+0000] {processor.py:829} INFO - Processing file /opt/airflow/dags/train_model_dag.py for tasks to queue
[2025-05-11T14:56:19.934+0000] {logging_mixin.py:151} INFO - [2025-05-11T14:56:19.933+0000] {dagbag.py:539} INFO - Filling up the DagBag from /opt/airflow/dags/train_model_dag.py
[2025-05-11T14:56:19.946+0000] {processor.py:839} INFO - DAG(s) dict_keys(['model_training_dag']) retrieved from /opt/airflow/dags/train_model_dag.py
[2025-05-11T14:56:19.962+0000] {logging_mixin.py:151} INFO - [2025-05-11T14:56:19.962+0000] {dag.py:2915} INFO - Sync 1 DAGs
[2025-05-11T14:56:19.972+0000] {logging_mixin.py:151} INFO - [2025-05-11T14:56:19.972+0000] {dag.py:3696} INFO - Setting next_dagrun for model_training_dag to 2025-05-11T14:55:00+00:00, run_after=2025-05-11T14:56:00+00:00
[2025-05-11T14:56:19.981+0000] {processor.py:179} INFO - Processing /opt/airflow/dags/train_model_dag.py took 0.054 seconds
[2025-05-11T14:56:50.097+0000] {processor.py:157} INFO - Started process (PID=737) to work on /opt/airflow/dags/train_model_dag.py
[2025-05-11T14:56:50.097+0000] {processor.py:829} INFO - Processing file /opt/airflow/dags/train_model_dag.py for tasks to queue
[2025-05-11T14:56:50.098+0000] {logging_mixin.py:151} INFO - [2025-05-11T14:56:50.098+0000] {dagbag.py:539} INFO - Filling up the DagBag from /opt/airflow/dags/train_model_dag.py
[2025-05-11T14:56:50.110+0000] {processor.py:839} INFO - DAG(s) dict_keys(['model_training_dag']) retrieved from /opt/airflow/dags/train_model_dag.py
[2025-05-11T14:56:50.124+0000] {logging_mixin.py:151} INFO - [2025-05-11T14:56:50.124+0000] {dag.py:2915} INFO - Sync 1 DAGs
[2025-05-11T14:56:50.133+0000] {logging_mixin.py:151} INFO - [2025-05-11T14:56:50.133+0000] {dag.py:3696} INFO - Setting next_dagrun for model_training_dag to 2025-05-11T14:55:00+00:00, run_after=2025-05-11T14:56:00+00:00
[2025-05-11T14:56:50.142+0000] {processor.py:179} INFO - Processing /opt/airflow/dags/train_model_dag.py took 0.048 seconds
[2025-05-11T14:57:20.253+0000] {processor.py:157} INFO - Started process (PID=739) to work on /opt/airflow/dags/train_model_dag.py
[2025-05-11T14:57:20.254+0000] {processor.py:829} INFO - Processing file /opt/airflow/dags/train_model_dag.py for tasks to queue
[2025-05-11T14:57:20.254+0000] {logging_mixin.py:151} INFO - [2025-05-11T14:57:20.254+0000] {dagbag.py:539} INFO - Filling up the DagBag from /opt/airflow/dags/train_model_dag.py
[2025-05-11T14:57:20.266+0000] {processor.py:839} INFO - DAG(s) dict_keys(['model_training_dag']) retrieved from /opt/airflow/dags/train_model_dag.py
[2025-05-11T14:57:20.282+0000] {logging_mixin.py:151} INFO - [2025-05-11T14:57:20.282+0000] {dag.py:2915} INFO - Sync 1 DAGs
[2025-05-11T14:57:20.293+0000] {logging_mixin.py:151} INFO - [2025-05-11T14:57:20.293+0000] {dag.py:3696} INFO - Setting next_dagrun for model_training_dag to 2025-05-11T14:56:00+00:00, run_after=2025-05-11T14:57:00+00:00
[2025-05-11T14:57:20.304+0000] {processor.py:179} INFO - Processing /opt/airflow/dags/train_model_dag.py took 0.053 seconds
[2025-05-11T14:57:50.406+0000] {processor.py:157} INFO - Started process (PID=741) to work on /opt/airflow/dags/train_model_dag.py
[2025-05-11T14:57:50.407+0000] {processor.py:829} INFO - Processing file /opt/airflow/dags/train_model_dag.py for tasks to queue
[2025-05-11T14:57:50.408+0000] {logging_mixin.py:151} INFO - [2025-05-11T14:57:50.407+0000] {dagbag.py:539} INFO - Filling up the DagBag from /opt/airflow/dags/train_model_dag.py
[2025-05-11T14:57:50.422+0000] {processor.py:839} INFO - DAG(s) dict_keys(['model_training_dag']) retrieved from /opt/airflow/dags/train_model_dag.py
[2025-05-11T14:57:50.437+0000] {logging_mixin.py:151} INFO - [2025-05-11T14:57:50.437+0000] {dag.py:2915} INFO - Sync 1 DAGs
[2025-05-11T14:57:50.452+0000] {logging_mixin.py:151} INFO - [2025-05-11T14:57:50.452+0000] {dag.py:3696} INFO - Setting next_dagrun for model_training_dag to 2025-05-11T14:56:00+00:00, run_after=2025-05-11T14:57:00+00:00
[2025-05-11T14:57:50.642+0000] {processor.py:179} INFO - Processing /opt/airflow/dags/train_model_dag.py took 0.239 seconds
[2025-05-11T14:58:20.779+0000] {processor.py:157} INFO - Started process (PID=743) to work on /opt/airflow/dags/train_model_dag.py
[2025-05-11T14:58:20.780+0000] {processor.py:829} INFO - Processing file /opt/airflow/dags/train_model_dag.py for tasks to queue
[2025-05-11T14:58:20.781+0000] {logging_mixin.py:151} INFO - [2025-05-11T14:58:20.781+0000] {dagbag.py:539} INFO - Filling up the DagBag from /opt/airflow/dags/train_model_dag.py
[2025-05-11T14:58:20.792+0000] {processor.py:839} INFO - DAG(s) dict_keys(['model_training_dag']) retrieved from /opt/airflow/dags/train_model_dag.py
[2025-05-11T14:58:20.805+0000] {logging_mixin.py:151} INFO - [2025-05-11T14:58:20.805+0000] {dag.py:2915} INFO - Sync 1 DAGs
[2025-05-11T14:58:20.814+0000] {logging_mixin.py:151} INFO - [2025-05-11T14:58:20.814+0000] {dag.py:3696} INFO - Setting next_dagrun for model_training_dag to 2025-05-11T14:57:00+00:00, run_after=2025-05-11T14:58:00+00:00
[2025-05-11T14:58:20.825+0000] {processor.py:179} INFO - Processing /opt/airflow/dags/train_model_dag.py took 0.049 seconds
[2025-05-11T14:58:50.947+0000] {processor.py:157} INFO - Started process (PID=745) to work on /opt/airflow/dags/train_model_dag.py
[2025-05-11T14:58:50.948+0000] {processor.py:829} INFO - Processing file /opt/airflow/dags/train_model_dag.py for tasks to queue
[2025-05-11T14:58:50.949+0000] {logging_mixin.py:151} INFO - [2025-05-11T14:58:50.948+0000] {dagbag.py:539} INFO - Filling up the DagBag from /opt/airflow/dags/train_model_dag.py
[2025-05-11T14:58:50.962+0000] {processor.py:839} INFO - DAG(s) dict_keys(['model_training_dag']) retrieved from /opt/airflow/dags/train_model_dag.py
[2025-05-11T14:58:50.978+0000] {logging_mixin.py:151} INFO - [2025-05-11T14:58:50.978+0000] {dag.py:2915} INFO - Sync 1 DAGs
[2025-05-11T14:58:50.990+0000] {logging_mixin.py:151} INFO - [2025-05-11T14:58:50.990+0000] {dag.py:3696} INFO - Setting next_dagrun for model_training_dag to 2025-05-11T14:57:00+00:00, run_after=2025-05-11T14:58:00+00:00
[2025-05-11T14:58:51.000+0000] {processor.py:179} INFO - Processing /opt/airflow/dags/train_model_dag.py took 0.056 seconds
[2025-05-11T14:59:21.095+0000] {processor.py:157} INFO - Started process (PID=747) to work on /opt/airflow/dags/train_model_dag.py
[2025-05-11T14:59:21.096+0000] {processor.py:829} INFO - Processing file /opt/airflow/dags/train_model_dag.py for tasks to queue
[2025-05-11T14:59:21.096+0000] {logging_mixin.py:151} INFO - [2025-05-11T14:59:21.096+0000] {dagbag.py:539} INFO - Filling up the DagBag from /opt/airflow/dags/train_model_dag.py
[2025-05-11T14:59:21.105+0000] {processor.py:839} INFO - DAG(s) dict_keys(['model_training_dag']) retrieved from /opt/airflow/dags/train_model_dag.py
[2025-05-11T14:59:21.116+0000] {logging_mixin.py:151} INFO - [2025-05-11T14:59:21.116+0000] {dag.py:2915} INFO - Sync 1 DAGs
[2025-05-11T14:59:21.127+0000] {logging_mixin.py:151} INFO - [2025-05-11T14:59:21.127+0000] {dag.py:3696} INFO - Setting next_dagrun for model_training_dag to 2025-05-11T14:58:00+00:00, run_after=2025-05-11T14:59:00+00:00
[2025-05-11T14:59:21.136+0000] {processor.py:179} INFO - Processing /opt/airflow/dags/train_model_dag.py took 0.044 seconds
[2025-05-11T14:59:51.257+0000] {processor.py:157} INFO - Started process (PID=749) to work on /opt/airflow/dags/train_model_dag.py
[2025-05-11T14:59:51.258+0000] {processor.py:829} INFO - Processing file /opt/airflow/dags/train_model_dag.py for tasks to queue
[2025-05-11T14:59:51.258+0000] {logging_mixin.py:151} INFO - [2025-05-11T14:59:51.258+0000] {dagbag.py:539} INFO - Filling up the DagBag from /opt/airflow/dags/train_model_dag.py
[2025-05-11T14:59:51.265+0000] {processor.py:839} INFO - DAG(s) dict_keys(['model_training_dag']) retrieved from /opt/airflow/dags/train_model_dag.py
[2025-05-11T14:59:51.275+0000] {logging_mixin.py:151} INFO - [2025-05-11T14:59:51.275+0000] {dag.py:2915} INFO - Sync 1 DAGs
[2025-05-11T14:59:51.283+0000] {logging_mixin.py:151} INFO - [2025-05-11T14:59:51.283+0000] {dag.py:3696} INFO - Setting next_dagrun for model_training_dag to 2025-05-11T14:58:00+00:00, run_after=2025-05-11T14:59:00+00:00
[2025-05-11T14:59:51.292+0000] {processor.py:179} INFO - Processing /opt/airflow/dags/train_model_dag.py took 0.037 seconds
[2025-05-11T15:00:21.417+0000] {processor.py:157} INFO - Started process (PID=751) to work on /opt/airflow/dags/train_model_dag.py
[2025-05-11T15:00:21.418+0000] {processor.py:829} INFO - Processing file /opt/airflow/dags/train_model_dag.py for tasks to queue
[2025-05-11T15:00:21.418+0000] {logging_mixin.py:151} INFO - [2025-05-11T15:00:21.418+0000] {dagbag.py:539} INFO - Filling up the DagBag from /opt/airflow/dags/train_model_dag.py
[2025-05-11T15:00:21.428+0000] {processor.py:839} INFO - DAG(s) dict_keys(['model_training_dag']) retrieved from /opt/airflow/dags/train_model_dag.py
[2025-05-11T15:00:21.440+0000] {logging_mixin.py:151} INFO - [2025-05-11T15:00:21.440+0000] {dag.py:2915} INFO - Sync 1 DAGs
[2025-05-11T15:00:21.451+0000] {logging_mixin.py:151} INFO - [2025-05-11T15:00:21.451+0000] {dag.py:3696} INFO - Setting next_dagrun for model_training_dag to 2025-05-11T14:59:00+00:00, run_after=2025-05-11T15:00:00+00:00
[2025-05-11T15:00:21.461+0000] {processor.py:179} INFO - Processing /opt/airflow/dags/train_model_dag.py took 0.046 seconds
[2025-05-11T15:00:51.579+0000] {processor.py:157} INFO - Started process (PID=753) to work on /opt/airflow/dags/train_model_dag.py
[2025-05-11T15:00:51.580+0000] {processor.py:829} INFO - Processing file /opt/airflow/dags/train_model_dag.py for tasks to queue
[2025-05-11T15:00:51.581+0000] {logging_mixin.py:151} INFO - [2025-05-11T15:00:51.581+0000] {dagbag.py:539} INFO - Filling up the DagBag from /opt/airflow/dags/train_model_dag.py
[2025-05-11T15:00:51.591+0000] {processor.py:839} INFO - DAG(s) dict_keys(['model_training_dag']) retrieved from /opt/airflow/dags/train_model_dag.py
[2025-05-11T15:00:51.606+0000] {logging_mixin.py:151} INFO - [2025-05-11T15:00:51.606+0000] {dag.py:2915} INFO - Sync 1 DAGs
[2025-05-11T15:00:51.617+0000] {logging_mixin.py:151} INFO - [2025-05-11T15:00:51.617+0000] {dag.py:3696} INFO - Setting next_dagrun for model_training_dag to 2025-05-11T14:59:00+00:00, run_after=2025-05-11T15:00:00+00:00
[2025-05-11T15:00:51.626+0000] {processor.py:179} INFO - Processing /opt/airflow/dags/train_model_dag.py took 0.050 seconds
[2025-05-11T15:01:21.759+0000] {processor.py:157} INFO - Started process (PID=755) to work on /opt/airflow/dags/train_model_dag.py
[2025-05-11T15:01:21.760+0000] {processor.py:829} INFO - Processing file /opt/airflow/dags/train_model_dag.py for tasks to queue
[2025-05-11T15:01:21.761+0000] {logging_mixin.py:151} INFO - [2025-05-11T15:01:21.761+0000] {dagbag.py:539} INFO - Filling up the DagBag from /opt/airflow/dags/train_model_dag.py
[2025-05-11T15:01:21.774+0000] {processor.py:839} INFO - DAG(s) dict_keys(['model_training_dag']) retrieved from /opt/airflow/dags/train_model_dag.py
[2025-05-11T15:01:21.792+0000] {logging_mixin.py:151} INFO - [2025-05-11T15:01:21.791+0000] {dag.py:2915} INFO - Sync 1 DAGs
[2025-05-11T15:01:21.802+0000] {logging_mixin.py:151} INFO - [2025-05-11T15:01:21.801+0000] {dag.py:3696} INFO - Setting next_dagrun for model_training_dag to 2025-05-11T15:00:00+00:00, run_after=2025-05-11T15:01:00+00:00
[2025-05-11T15:01:21.811+0000] {processor.py:179} INFO - Processing /opt/airflow/dags/train_model_dag.py took 0.056 seconds
[2025-05-11T15:01:51.943+0000] {processor.py:157} INFO - Started process (PID=757) to work on /opt/airflow/dags/train_model_dag.py
[2025-05-11T15:01:51.944+0000] {processor.py:829} INFO - Processing file /opt/airflow/dags/train_model_dag.py for tasks to queue
[2025-05-11T15:01:51.946+0000] {logging_mixin.py:151} INFO - [2025-05-11T15:01:51.945+0000] {dagbag.py:539} INFO - Filling up the DagBag from /opt/airflow/dags/train_model_dag.py
[2025-05-11T15:01:51.965+0000] {processor.py:839} INFO - DAG(s) dict_keys(['model_training_dag']) retrieved from /opt/airflow/dags/train_model_dag.py
[2025-05-11T15:01:51.986+0000] {logging_mixin.py:151} INFO - [2025-05-11T15:01:51.986+0000] {dag.py:2915} INFO - Sync 1 DAGs
[2025-05-11T15:01:51.995+0000] {logging_mixin.py:151} INFO - [2025-05-11T15:01:51.995+0000] {dag.py:3696} INFO - Setting next_dagrun for model_training_dag to 2025-05-11T15:00:00+00:00, run_after=2025-05-11T15:01:00+00:00
[2025-05-11T15:01:52.004+0000] {processor.py:179} INFO - Processing /opt/airflow/dags/train_model_dag.py took 0.065 seconds
[2025-05-11T15:02:22.104+0000] {processor.py:157} INFO - Started process (PID=759) to work on /opt/airflow/dags/train_model_dag.py
[2025-05-11T15:02:22.105+0000] {processor.py:829} INFO - Processing file /opt/airflow/dags/train_model_dag.py for tasks to queue
[2025-05-11T15:02:22.105+0000] {logging_mixin.py:151} INFO - [2025-05-11T15:02:22.105+0000] {dagbag.py:539} INFO - Filling up the DagBag from /opt/airflow/dags/train_model_dag.py
[2025-05-11T15:02:22.117+0000] {processor.py:839} INFO - DAG(s) dict_keys(['model_training_dag']) retrieved from /opt/airflow/dags/train_model_dag.py
[2025-05-11T15:02:22.136+0000] {logging_mixin.py:151} INFO - [2025-05-11T15:02:22.136+0000] {dag.py:2915} INFO - Sync 1 DAGs
[2025-05-11T15:02:22.148+0000] {logging_mixin.py:151} INFO - [2025-05-11T15:02:22.147+0000] {dag.py:3696} INFO - Setting next_dagrun for model_training_dag to 2025-05-11T15:01:00+00:00, run_after=2025-05-11T15:02:00+00:00
[2025-05-11T15:02:22.159+0000] {processor.py:179} INFO - Processing /opt/airflow/dags/train_model_dag.py took 0.059 seconds
[2025-05-11T15:02:52.268+0000] {processor.py:157} INFO - Started process (PID=761) to work on /opt/airflow/dags/train_model_dag.py
[2025-05-11T15:02:52.269+0000] {processor.py:829} INFO - Processing file /opt/airflow/dags/train_model_dag.py for tasks to queue
[2025-05-11T15:02:52.270+0000] {logging_mixin.py:151} INFO - [2025-05-11T15:02:52.269+0000] {dagbag.py:539} INFO - Filling up the DagBag from /opt/airflow/dags/train_model_dag.py
[2025-05-11T15:02:52.281+0000] {processor.py:839} INFO - DAG(s) dict_keys(['model_training_dag']) retrieved from /opt/airflow/dags/train_model_dag.py
[2025-05-11T15:02:52.296+0000] {logging_mixin.py:151} INFO - [2025-05-11T15:02:52.296+0000] {dag.py:2915} INFO - Sync 1 DAGs
[2025-05-11T15:02:52.306+0000] {logging_mixin.py:151} INFO - [2025-05-11T15:02:52.306+0000] {dag.py:3696} INFO - Setting next_dagrun for model_training_dag to 2025-05-11T15:01:00+00:00, run_after=2025-05-11T15:02:00+00:00
[2025-05-11T15:02:52.316+0000] {processor.py:179} INFO - Processing /opt/airflow/dags/train_model_dag.py took 0.050 seconds
[2025-05-11T15:03:22.424+0000] {processor.py:157} INFO - Started process (PID=763) to work on /opt/airflow/dags/train_model_dag.py
[2025-05-11T15:03:22.425+0000] {processor.py:829} INFO - Processing file /opt/airflow/dags/train_model_dag.py for tasks to queue
[2025-05-11T15:03:22.425+0000] {logging_mixin.py:151} INFO - [2025-05-11T15:03:22.425+0000] {dagbag.py:539} INFO - Filling up the DagBag from /opt/airflow/dags/train_model_dag.py
[2025-05-11T15:03:22.432+0000] {processor.py:839} INFO - DAG(s) dict_keys(['model_training_dag']) retrieved from /opt/airflow/dags/train_model_dag.py
[2025-05-11T15:03:22.443+0000] {logging_mixin.py:151} INFO - [2025-05-11T15:03:22.443+0000] {dag.py:2915} INFO - Sync 1 DAGs
[2025-05-11T15:03:22.452+0000] {logging_mixin.py:151} INFO - [2025-05-11T15:03:22.452+0000] {dag.py:3696} INFO - Setting next_dagrun for model_training_dag to 2025-05-11T15:02:00+00:00, run_after=2025-05-11T15:03:00+00:00
[2025-05-11T15:03:22.462+0000] {processor.py:179} INFO - Processing /opt/airflow/dags/train_model_dag.py took 0.039 seconds
[2025-05-11T15:03:52.582+0000] {processor.py:157} INFO - Started process (PID=765) to work on /opt/airflow/dags/train_model_dag.py
[2025-05-11T15:03:52.582+0000] {processor.py:829} INFO - Processing file /opt/airflow/dags/train_model_dag.py for tasks to queue
[2025-05-11T15:03:52.583+0000] {logging_mixin.py:151} INFO - [2025-05-11T15:03:52.583+0000] {dagbag.py:539} INFO - Filling up the DagBag from /opt/airflow/dags/train_model_dag.py
[2025-05-11T15:03:52.590+0000] {processor.py:839} INFO - DAG(s) dict_keys(['model_training_dag']) retrieved from /opt/airflow/dags/train_model_dag.py
[2025-05-11T15:03:52.601+0000] {logging_mixin.py:151} INFO - [2025-05-11T15:03:52.601+0000] {dag.py:2915} INFO - Sync 1 DAGs
[2025-05-11T15:03:52.611+0000] {logging_mixin.py:151} INFO - [2025-05-11T15:03:52.611+0000] {dag.py:3696} INFO - Setting next_dagrun for model_training_dag to 2025-05-11T15:02:00+00:00, run_after=2025-05-11T15:03:00+00:00
[2025-05-11T15:03:52.620+0000] {processor.py:179} INFO - Processing /opt/airflow/dags/train_model_dag.py took 0.040 seconds
[2025-05-11T15:04:22.766+0000] {processor.py:157} INFO - Started process (PID=767) to work on /opt/airflow/dags/train_model_dag.py
[2025-05-11T15:04:22.767+0000] {processor.py:829} INFO - Processing file /opt/airflow/dags/train_model_dag.py for tasks to queue
[2025-05-11T15:04:22.767+0000] {logging_mixin.py:151} INFO - [2025-05-11T15:04:22.767+0000] {dagbag.py:539} INFO - Filling up the DagBag from /opt/airflow/dags/train_model_dag.py
[2025-05-11T15:04:22.779+0000] {processor.py:839} INFO - DAG(s) dict_keys(['model_training_dag']) retrieved from /opt/airflow/dags/train_model_dag.py
[2025-05-11T15:04:22.795+0000] {logging_mixin.py:151} INFO - [2025-05-11T15:04:22.795+0000] {dag.py:2915} INFO - Sync 1 DAGs
[2025-05-11T15:04:22.805+0000] {logging_mixin.py:151} INFO - [2025-05-11T15:04:22.805+0000] {dag.py:3696} INFO - Setting next_dagrun for model_training_dag to 2025-05-11T15:03:00+00:00, run_after=2025-05-11T15:04:00+00:00
[2025-05-11T15:04:22.815+0000] {processor.py:179} INFO - Processing /opt/airflow/dags/train_model_dag.py took 0.053 seconds
[2025-05-11T15:04:52.927+0000] {processor.py:157} INFO - Started process (PID=769) to work on /opt/airflow/dags/train_model_dag.py
[2025-05-11T15:04:52.928+0000] {processor.py:829} INFO - Processing file /opt/airflow/dags/train_model_dag.py for tasks to queue
[2025-05-11T15:04:52.929+0000] {logging_mixin.py:151} INFO - [2025-05-11T15:04:52.928+0000] {dagbag.py:539} INFO - Filling up the DagBag from /opt/airflow/dags/train_model_dag.py
[2025-05-11T15:04:52.942+0000] {processor.py:839} INFO - DAG(s) dict_keys(['model_training_dag']) retrieved from /opt/airflow/dags/train_model_dag.py
[2025-05-11T15:04:52.954+0000] {logging_mixin.py:151} INFO - [2025-05-11T15:04:52.954+0000] {dag.py:2915} INFO - Sync 1 DAGs
[2025-05-11T15:04:52.964+0000] {logging_mixin.py:151} INFO - [2025-05-11T15:04:52.964+0000] {dag.py:3696} INFO - Setting next_dagrun for model_training_dag to 2025-05-11T15:03:00+00:00, run_after=2025-05-11T15:04:00+00:00
[2025-05-11T15:04:52.978+0000] {processor.py:179} INFO - Processing /opt/airflow/dags/train_model_dag.py took 0.054 seconds
[2025-05-11T15:05:23.079+0000] {processor.py:157} INFO - Started process (PID=771) to work on /opt/airflow/dags/train_model_dag.py
[2025-05-11T15:05:23.079+0000] {processor.py:829} INFO - Processing file /opt/airflow/dags/train_model_dag.py for tasks to queue
[2025-05-11T15:05:23.081+0000] {logging_mixin.py:151} INFO - [2025-05-11T15:05:23.080+0000] {dagbag.py:539} INFO - Filling up the DagBag from /opt/airflow/dags/train_model_dag.py
[2025-05-11T15:05:23.095+0000] {processor.py:839} INFO - DAG(s) dict_keys(['model_training_dag']) retrieved from /opt/airflow/dags/train_model_dag.py
[2025-05-11T15:05:23.112+0000] {logging_mixin.py:151} INFO - [2025-05-11T15:05:23.112+0000] {dag.py:2915} INFO - Sync 1 DAGs
[2025-05-11T15:05:23.123+0000] {logging_mixin.py:151} INFO - [2025-05-11T15:05:23.123+0000] {dag.py:3696} INFO - Setting next_dagrun for model_training_dag to 2025-05-11T15:04:00+00:00, run_after=2025-05-11T15:05:00+00:00
[2025-05-11T15:05:23.133+0000] {processor.py:179} INFO - Processing /opt/airflow/dags/train_model_dag.py took 0.057 seconds
[2025-05-11T15:05:53.232+0000] {processor.py:157} INFO - Started process (PID=773) to work on /opt/airflow/dags/train_model_dag.py
[2025-05-11T15:05:53.233+0000] {processor.py:829} INFO - Processing file /opt/airflow/dags/train_model_dag.py for tasks to queue
[2025-05-11T15:05:53.234+0000] {logging_mixin.py:151} INFO - [2025-05-11T15:05:53.233+0000] {dagbag.py:539} INFO - Filling up the DagBag from /opt/airflow/dags/train_model_dag.py
[2025-05-11T15:05:53.244+0000] {processor.py:839} INFO - DAG(s) dict_keys(['model_training_dag']) retrieved from /opt/airflow/dags/train_model_dag.py
[2025-05-11T15:05:53.259+0000] {logging_mixin.py:151} INFO - [2025-05-11T15:05:53.259+0000] {dag.py:2915} INFO - Sync 1 DAGs
[2025-05-11T15:05:53.269+0000] {logging_mixin.py:151} INFO - [2025-05-11T15:05:53.269+0000] {dag.py:3696} INFO - Setting next_dagrun for model_training_dag to 2025-05-11T15:04:00+00:00, run_after=2025-05-11T15:05:00+00:00
[2025-05-11T15:05:53.279+0000] {processor.py:179} INFO - Processing /opt/airflow/dags/train_model_dag.py took 0.049 seconds
[2025-05-11T15:06:23.389+0000] {processor.py:157} INFO - Started process (PID=775) to work on /opt/airflow/dags/train_model_dag.py
[2025-05-11T15:06:23.390+0000] {processor.py:829} INFO - Processing file /opt/airflow/dags/train_model_dag.py for tasks to queue
[2025-05-11T15:06:23.391+0000] {logging_mixin.py:151} INFO - [2025-05-11T15:06:23.391+0000] {dagbag.py:539} INFO - Filling up the DagBag from /opt/airflow/dags/train_model_dag.py
[2025-05-11T15:06:23.408+0000] {processor.py:839} INFO - DAG(s) dict_keys(['model_training_dag']) retrieved from /opt/airflow/dags/train_model_dag.py
[2025-05-11T15:06:23.425+0000] {logging_mixin.py:151} INFO - [2025-05-11T15:06:23.425+0000] {dag.py:2915} INFO - Sync 1 DAGs
[2025-05-11T15:06:23.439+0000] {logging_mixin.py:151} INFO - [2025-05-11T15:06:23.439+0000] {dag.py:3696} INFO - Setting next_dagrun for model_training_dag to 2025-05-11T15:05:00+00:00, run_after=2025-05-11T15:06:00+00:00
[2025-05-11T15:06:23.451+0000] {processor.py:179} INFO - Processing /opt/airflow/dags/train_model_dag.py took 0.064 seconds
[2025-05-11T15:06:53.543+0000] {processor.py:157} INFO - Started process (PID=777) to work on /opt/airflow/dags/train_model_dag.py
[2025-05-11T15:06:53.544+0000] {processor.py:829} INFO - Processing file /opt/airflow/dags/train_model_dag.py for tasks to queue
[2025-05-11T15:06:53.545+0000] {logging_mixin.py:151} INFO - [2025-05-11T15:06:53.544+0000] {dagbag.py:539} INFO - Filling up the DagBag from /opt/airflow/dags/train_model_dag.py
[2025-05-11T15:06:53.559+0000] {processor.py:839} INFO - DAG(s) dict_keys(['model_training_dag']) retrieved from /opt/airflow/dags/train_model_dag.py
[2025-05-11T15:06:53.591+0000] {logging_mixin.py:151} INFO - [2025-05-11T15:06:53.590+0000] {dag.py:2915} INFO - Sync 1 DAGs
[2025-05-11T15:06:53.615+0000] {logging_mixin.py:151} INFO - [2025-05-11T15:06:53.614+0000] {dag.py:3696} INFO - Setting next_dagrun for model_training_dag to 2025-05-11T15:05:00+00:00, run_after=2025-05-11T15:06:00+00:00
[2025-05-11T15:06:53.643+0000] {processor.py:179} INFO - Processing /opt/airflow/dags/train_model_dag.py took 0.102 seconds
[2025-05-11T15:07:23.805+0000] {processor.py:157} INFO - Started process (PID=779) to work on /opt/airflow/dags/train_model_dag.py
[2025-05-11T15:07:23.805+0000] {processor.py:829} INFO - Processing file /opt/airflow/dags/train_model_dag.py for tasks to queue
[2025-05-11T15:07:23.806+0000] {logging_mixin.py:151} INFO - [2025-05-11T15:07:23.806+0000] {dagbag.py:539} INFO - Filling up the DagBag from /opt/airflow/dags/train_model_dag.py
[2025-05-11T15:07:23.817+0000] {processor.py:839} INFO - DAG(s) dict_keys(['model_training_dag']) retrieved from /opt/airflow/dags/train_model_dag.py
[2025-05-11T15:07:23.836+0000] {logging_mixin.py:151} INFO - [2025-05-11T15:07:23.835+0000] {dag.py:2915} INFO - Sync 1 DAGs
[2025-05-11T15:07:23.848+0000] {logging_mixin.py:151} INFO - [2025-05-11T15:07:23.848+0000] {dag.py:3696} INFO - Setting next_dagrun for model_training_dag to 2025-05-11T15:06:00+00:00, run_after=2025-05-11T15:07:00+00:00
[2025-05-11T15:07:23.859+0000] {processor.py:179} INFO - Processing /opt/airflow/dags/train_model_dag.py took 0.057 seconds
[2025-05-11T15:07:53.996+0000] {processor.py:157} INFO - Started process (PID=781) to work on /opt/airflow/dags/train_model_dag.py
[2025-05-11T15:07:53.997+0000] {processor.py:829} INFO - Processing file /opt/airflow/dags/train_model_dag.py for tasks to queue
[2025-05-11T15:07:53.998+0000] {logging_mixin.py:151} INFO - [2025-05-11T15:07:53.998+0000] {dagbag.py:539} INFO - Filling up the DagBag from /opt/airflow/dags/train_model_dag.py
[2025-05-11T15:07:54.012+0000] {processor.py:839} INFO - DAG(s) dict_keys(['model_training_dag']) retrieved from /opt/airflow/dags/train_model_dag.py
[2025-05-11T15:07:54.026+0000] {logging_mixin.py:151} INFO - [2025-05-11T15:07:54.025+0000] {dag.py:2915} INFO - Sync 1 DAGs
[2025-05-11T15:07:54.036+0000] {logging_mixin.py:151} INFO - [2025-05-11T15:07:54.036+0000] {dag.py:3696} INFO - Setting next_dagrun for model_training_dag to 2025-05-11T15:06:00+00:00, run_after=2025-05-11T15:07:00+00:00
[2025-05-11T15:07:54.046+0000] {processor.py:179} INFO - Processing /opt/airflow/dags/train_model_dag.py took 0.055 seconds
[2025-05-11T15:08:24.170+0000] {processor.py:157} INFO - Started process (PID=783) to work on /opt/airflow/dags/train_model_dag.py
[2025-05-11T15:08:24.171+0000] {processor.py:829} INFO - Processing file /opt/airflow/dags/train_model_dag.py for tasks to queue
[2025-05-11T15:08:24.172+0000] {logging_mixin.py:151} INFO - [2025-05-11T15:08:24.172+0000] {dagbag.py:539} INFO - Filling up the DagBag from /opt/airflow/dags/train_model_dag.py
[2025-05-11T15:08:24.188+0000] {processor.py:839} INFO - DAG(s) dict_keys(['model_training_dag']) retrieved from /opt/airflow/dags/train_model_dag.py
[2025-05-11T15:08:24.210+0000] {logging_mixin.py:151} INFO - [2025-05-11T15:08:24.210+0000] {dag.py:2915} INFO - Sync 1 DAGs
[2025-05-11T15:08:24.223+0000] {logging_mixin.py:151} INFO - [2025-05-11T15:08:24.223+0000] {dag.py:3696} INFO - Setting next_dagrun for model_training_dag to 2025-05-11T15:07:00+00:00, run_after=2025-05-11T15:08:00+00:00
[2025-05-11T15:08:24.235+0000] {processor.py:179} INFO - Processing /opt/airflow/dags/train_model_dag.py took 0.068 seconds
[2025-05-11T15:08:54.343+0000] {processor.py:157} INFO - Started process (PID=785) to work on /opt/airflow/dags/train_model_dag.py
[2025-05-11T15:08:54.344+0000] {processor.py:829} INFO - Processing file /opt/airflow/dags/train_model_dag.py for tasks to queue
[2025-05-11T15:08:54.344+0000] {logging_mixin.py:151} INFO - [2025-05-11T15:08:54.344+0000] {dagbag.py:539} INFO - Filling up the DagBag from /opt/airflow/dags/train_model_dag.py
[2025-05-11T15:08:54.358+0000] {processor.py:839} INFO - DAG(s) dict_keys(['model_training_dag']) retrieved from /opt/airflow/dags/train_model_dag.py
[2025-05-11T15:08:54.375+0000] {logging_mixin.py:151} INFO - [2025-05-11T15:08:54.375+0000] {dag.py:2915} INFO - Sync 1 DAGs
[2025-05-11T15:08:54.386+0000] {logging_mixin.py:151} INFO - [2025-05-11T15:08:54.386+0000] {dag.py:3696} INFO - Setting next_dagrun for model_training_dag to 2025-05-11T15:07:00+00:00, run_after=2025-05-11T15:08:00+00:00
[2025-05-11T15:08:54.395+0000] {processor.py:179} INFO - Processing /opt/airflow/dags/train_model_dag.py took 0.055 seconds
[2025-05-11T15:09:24.514+0000] {processor.py:157} INFO - Started process (PID=787) to work on /opt/airflow/dags/train_model_dag.py
[2025-05-11T15:09:24.515+0000] {processor.py:829} INFO - Processing file /opt/airflow/dags/train_model_dag.py for tasks to queue
[2025-05-11T15:09:24.516+0000] {logging_mixin.py:151} INFO - [2025-05-11T15:09:24.516+0000] {dagbag.py:539} INFO - Filling up the DagBag from /opt/airflow/dags/train_model_dag.py
[2025-05-11T15:09:24.533+0000] {processor.py:839} INFO - DAG(s) dict_keys(['model_training_dag']) retrieved from /opt/airflow/dags/train_model_dag.py
[2025-05-11T15:09:24.548+0000] {logging_mixin.py:151} INFO - [2025-05-11T15:09:24.548+0000] {dag.py:2915} INFO - Sync 1 DAGs
[2025-05-11T15:09:24.560+0000] {logging_mixin.py:151} INFO - [2025-05-11T15:09:24.560+0000] {dag.py:3696} INFO - Setting next_dagrun for model_training_dag to 2025-05-11T15:08:00+00:00, run_after=2025-05-11T15:09:00+00:00
[2025-05-11T15:09:24.570+0000] {processor.py:179} INFO - Processing /opt/airflow/dags/train_model_dag.py took 0.061 seconds
[2025-05-11T15:09:54.666+0000] {processor.py:157} INFO - Started process (PID=789) to work on /opt/airflow/dags/train_model_dag.py
[2025-05-11T15:09:54.667+0000] {processor.py:829} INFO - Processing file /opt/airflow/dags/train_model_dag.py for tasks to queue
[2025-05-11T15:09:54.668+0000] {logging_mixin.py:151} INFO - [2025-05-11T15:09:54.668+0000] {dagbag.py:539} INFO - Filling up the DagBag from /opt/airflow/dags/train_model_dag.py
[2025-05-11T15:09:54.681+0000] {processor.py:839} INFO - DAG(s) dict_keys(['model_training_dag']) retrieved from /opt/airflow/dags/train_model_dag.py
[2025-05-11T15:09:54.702+0000] {logging_mixin.py:151} INFO - [2025-05-11T15:09:54.702+0000] {dag.py:2915} INFO - Sync 1 DAGs
[2025-05-11T15:09:54.713+0000] {logging_mixin.py:151} INFO - [2025-05-11T15:09:54.713+0000] {dag.py:3696} INFO - Setting next_dagrun for model_training_dag to 2025-05-11T15:08:00+00:00, run_after=2025-05-11T15:09:00+00:00
[2025-05-11T15:09:54.722+0000] {processor.py:179} INFO - Processing /opt/airflow/dags/train_model_dag.py took 0.060 seconds
[2025-05-11T15:10:24.844+0000] {processor.py:157} INFO - Started process (PID=791) to work on /opt/airflow/dags/train_model_dag.py
[2025-05-11T15:10:24.846+0000] {processor.py:829} INFO - Processing file /opt/airflow/dags/train_model_dag.py for tasks to queue
[2025-05-11T15:10:24.847+0000] {logging_mixin.py:151} INFO - [2025-05-11T15:10:24.846+0000] {dagbag.py:539} INFO - Filling up the DagBag from /opt/airflow/dags/train_model_dag.py
[2025-05-11T15:10:24.863+0000] {processor.py:839} INFO - DAG(s) dict_keys(['model_training_dag']) retrieved from /opt/airflow/dags/train_model_dag.py
[2025-05-11T15:10:24.882+0000] {logging_mixin.py:151} INFO - [2025-05-11T15:10:24.882+0000] {dag.py:2915} INFO - Sync 1 DAGs
[2025-05-11T15:10:24.894+0000] {logging_mixin.py:151} INFO - [2025-05-11T15:10:24.894+0000] {dag.py:3696} INFO - Setting next_dagrun for model_training_dag to 2025-05-11T15:09:00+00:00, run_after=2025-05-11T15:10:00+00:00
[2025-05-11T15:10:24.905+0000] {processor.py:179} INFO - Processing /opt/airflow/dags/train_model_dag.py took 0.064 seconds
[2025-05-11T15:10:55.024+0000] {processor.py:157} INFO - Started process (PID=793) to work on /opt/airflow/dags/train_model_dag.py
[2025-05-11T15:10:55.026+0000] {processor.py:829} INFO - Processing file /opt/airflow/dags/train_model_dag.py for tasks to queue
[2025-05-11T15:10:55.027+0000] {logging_mixin.py:151} INFO - [2025-05-11T15:10:55.026+0000] {dagbag.py:539} INFO - Filling up the DagBag from /opt/airflow/dags/train_model_dag.py
[2025-05-11T15:10:55.046+0000] {processor.py:839} INFO - DAG(s) dict_keys(['model_training_dag']) retrieved from /opt/airflow/dags/train_model_dag.py
[2025-05-11T15:10:55.063+0000] {logging_mixin.py:151} INFO - [2025-05-11T15:10:55.063+0000] {dag.py:2915} INFO - Sync 1 DAGs
[2025-05-11T15:10:55.074+0000] {logging_mixin.py:151} INFO - [2025-05-11T15:10:55.074+0000] {dag.py:3696} INFO - Setting next_dagrun for model_training_dag to 2025-05-11T15:09:00+00:00, run_after=2025-05-11T15:10:00+00:00
[2025-05-11T15:10:55.083+0000] {processor.py:179} INFO - Processing /opt/airflow/dags/train_model_dag.py took 0.064 seconds
[2025-05-11T15:11:25.188+0000] {processor.py:157} INFO - Started process (PID=795) to work on /opt/airflow/dags/train_model_dag.py
[2025-05-11T15:11:25.189+0000] {processor.py:829} INFO - Processing file /opt/airflow/dags/train_model_dag.py for tasks to queue
[2025-05-11T15:11:25.189+0000] {logging_mixin.py:151} INFO - [2025-05-11T15:11:25.189+0000] {dagbag.py:539} INFO - Filling up the DagBag from /opt/airflow/dags/train_model_dag.py
[2025-05-11T15:11:25.199+0000] {processor.py:839} INFO - DAG(s) dict_keys(['model_training_dag']) retrieved from /opt/airflow/dags/train_model_dag.py
[2025-05-11T15:11:25.214+0000] {logging_mixin.py:151} INFO - [2025-05-11T15:11:25.214+0000] {dag.py:2915} INFO - Sync 1 DAGs
[2025-05-11T15:11:25.224+0000] {logging_mixin.py:151} INFO - [2025-05-11T15:11:25.224+0000] {dag.py:3696} INFO - Setting next_dagrun for model_training_dag to 2025-05-11T15:10:00+00:00, run_after=2025-05-11T15:11:00+00:00
[2025-05-11T15:11:25.234+0000] {processor.py:179} INFO - Processing /opt/airflow/dags/train_model_dag.py took 0.048 seconds
[2025-05-11T15:11:55.360+0000] {processor.py:157} INFO - Started process (PID=797) to work on /opt/airflow/dags/train_model_dag.py
[2025-05-11T15:11:55.361+0000] {processor.py:829} INFO - Processing file /opt/airflow/dags/train_model_dag.py for tasks to queue
[2025-05-11T15:11:55.362+0000] {logging_mixin.py:151} INFO - [2025-05-11T15:11:55.361+0000] {dagbag.py:539} INFO - Filling up the DagBag from /opt/airflow/dags/train_model_dag.py
[2025-05-11T15:11:55.374+0000] {processor.py:839} INFO - DAG(s) dict_keys(['model_training_dag']) retrieved from /opt/airflow/dags/train_model_dag.py
[2025-05-11T15:11:55.391+0000] {logging_mixin.py:151} INFO - [2025-05-11T15:11:55.391+0000] {dag.py:2915} INFO - Sync 1 DAGs
[2025-05-11T15:11:55.402+0000] {logging_mixin.py:151} INFO - [2025-05-11T15:11:55.402+0000] {dag.py:3696} INFO - Setting next_dagrun for model_training_dag to 2025-05-11T15:10:00+00:00, run_after=2025-05-11T15:11:00+00:00
[2025-05-11T15:11:55.412+0000] {processor.py:179} INFO - Processing /opt/airflow/dags/train_model_dag.py took 0.055 seconds
[2025-05-11T15:12:25.526+0000] {processor.py:157} INFO - Started process (PID=799) to work on /opt/airflow/dags/train_model_dag.py
[2025-05-11T15:12:25.527+0000] {processor.py:829} INFO - Processing file /opt/airflow/dags/train_model_dag.py for tasks to queue
[2025-05-11T15:12:25.528+0000] {logging_mixin.py:151} INFO - [2025-05-11T15:12:25.527+0000] {dagbag.py:539} INFO - Filling up the DagBag from /opt/airflow/dags/train_model_dag.py
[2025-05-11T15:12:25.545+0000] {processor.py:839} INFO - DAG(s) dict_keys(['model_training_dag']) retrieved from /opt/airflow/dags/train_model_dag.py
[2025-05-11T15:12:25.564+0000] {logging_mixin.py:151} INFO - [2025-05-11T15:12:25.564+0000] {dag.py:2915} INFO - Sync 1 DAGs
[2025-05-11T15:12:25.578+0000] {logging_mixin.py:151} INFO - [2025-05-11T15:12:25.577+0000] {dag.py:3696} INFO - Setting next_dagrun for model_training_dag to 2025-05-11T15:11:00+00:00, run_after=2025-05-11T15:12:00+00:00
[2025-05-11T15:12:25.587+0000] {processor.py:179} INFO - Processing /opt/airflow/dags/train_model_dag.py took 0.063 seconds
[2025-05-11T15:12:55.697+0000] {processor.py:157} INFO - Started process (PID=801) to work on /opt/airflow/dags/train_model_dag.py
[2025-05-11T15:12:55.698+0000] {processor.py:829} INFO - Processing file /opt/airflow/dags/train_model_dag.py for tasks to queue
[2025-05-11T15:12:55.698+0000] {logging_mixin.py:151} INFO - [2025-05-11T15:12:55.698+0000] {dagbag.py:539} INFO - Filling up the DagBag from /opt/airflow/dags/train_model_dag.py
[2025-05-11T15:12:55.712+0000] {processor.py:839} INFO - DAG(s) dict_keys(['model_training_dag']) retrieved from /opt/airflow/dags/train_model_dag.py
[2025-05-11T15:12:55.730+0000] {logging_mixin.py:151} INFO - [2025-05-11T15:12:55.730+0000] {dag.py:2915} INFO - Sync 1 DAGs
[2025-05-11T15:12:55.741+0000] {logging_mixin.py:151} INFO - [2025-05-11T15:12:55.741+0000] {dag.py:3696} INFO - Setting next_dagrun for model_training_dag to 2025-05-11T15:11:00+00:00, run_after=2025-05-11T15:12:00+00:00
[2025-05-11T15:12:55.752+0000] {processor.py:179} INFO - Processing /opt/airflow/dags/train_model_dag.py took 0.059 seconds
[2025-05-11T15:13:25.865+0000] {processor.py:157} INFO - Started process (PID=803) to work on /opt/airflow/dags/train_model_dag.py
[2025-05-11T15:13:25.866+0000] {processor.py:829} INFO - Processing file /opt/airflow/dags/train_model_dag.py for tasks to queue
[2025-05-11T15:13:25.866+0000] {logging_mixin.py:151} INFO - [2025-05-11T15:13:25.866+0000] {dagbag.py:539} INFO - Filling up the DagBag from /opt/airflow/dags/train_model_dag.py
[2025-05-11T15:13:25.875+0000] {processor.py:839} INFO - DAG(s) dict_keys(['model_training_dag']) retrieved from /opt/airflow/dags/train_model_dag.py
[2025-05-11T15:13:25.889+0000] {logging_mixin.py:151} INFO - [2025-05-11T15:13:25.889+0000] {dag.py:2915} INFO - Sync 1 DAGs
[2025-05-11T15:13:25.902+0000] {logging_mixin.py:151} INFO - [2025-05-11T15:13:25.902+0000] {dag.py:3696} INFO - Setting next_dagrun for model_training_dag to 2025-05-11T15:12:00+00:00, run_after=2025-05-11T15:13:00+00:00
[2025-05-11T15:13:25.913+0000] {processor.py:179} INFO - Processing /opt/airflow/dags/train_model_dag.py took 0.050 seconds
[2025-05-11T15:13:56.041+0000] {processor.py:157} INFO - Started process (PID=805) to work on /opt/airflow/dags/train_model_dag.py
[2025-05-11T15:13:56.042+0000] {processor.py:829} INFO - Processing file /opt/airflow/dags/train_model_dag.py for tasks to queue
[2025-05-11T15:13:56.043+0000] {logging_mixin.py:151} INFO - [2025-05-11T15:13:56.043+0000] {dagbag.py:539} INFO - Filling up the DagBag from /opt/airflow/dags/train_model_dag.py
[2025-05-11T15:13:56.055+0000] {processor.py:839} INFO - DAG(s) dict_keys(['model_training_dag']) retrieved from /opt/airflow/dags/train_model_dag.py
[2025-05-11T15:13:56.071+0000] {logging_mixin.py:151} INFO - [2025-05-11T15:13:56.071+0000] {dag.py:2915} INFO - Sync 1 DAGs
[2025-05-11T15:13:56.080+0000] {logging_mixin.py:151} INFO - [2025-05-11T15:13:56.080+0000] {dag.py:3696} INFO - Setting next_dagrun for model_training_dag to 2025-05-11T15:12:00+00:00, run_after=2025-05-11T15:13:00+00:00
[2025-05-11T15:13:56.090+0000] {processor.py:179} INFO - Processing /opt/airflow/dags/train_model_dag.py took 0.052 seconds
[2025-05-11T15:14:26.202+0000] {processor.py:157} INFO - Started process (PID=807) to work on /opt/airflow/dags/train_model_dag.py
[2025-05-11T15:14:26.202+0000] {processor.py:829} INFO - Processing file /opt/airflow/dags/train_model_dag.py for tasks to queue
[2025-05-11T15:14:26.203+0000] {logging_mixin.py:151} INFO - [2025-05-11T15:14:26.203+0000] {dagbag.py:539} INFO - Filling up the DagBag from /opt/airflow/dags/train_model_dag.py
[2025-05-11T15:14:26.213+0000] {processor.py:839} INFO - DAG(s) dict_keys(['model_training_dag']) retrieved from /opt/airflow/dags/train_model_dag.py
[2025-05-11T15:14:26.227+0000] {logging_mixin.py:151} INFO - [2025-05-11T15:14:26.227+0000] {dag.py:2915} INFO - Sync 1 DAGs
[2025-05-11T15:14:26.236+0000] {logging_mixin.py:151} INFO - [2025-05-11T15:14:26.236+0000] {dag.py:3696} INFO - Setting next_dagrun for model_training_dag to 2025-05-11T15:13:00+00:00, run_after=2025-05-11T15:14:00+00:00
[2025-05-11T15:14:26.246+0000] {processor.py:179} INFO - Processing /opt/airflow/dags/train_model_dag.py took 0.047 seconds
[2025-05-11T15:14:56.355+0000] {processor.py:157} INFO - Started process (PID=809) to work on /opt/airflow/dags/train_model_dag.py
[2025-05-11T15:14:56.355+0000] {processor.py:829} INFO - Processing file /opt/airflow/dags/train_model_dag.py for tasks to queue
[2025-05-11T15:14:56.356+0000] {logging_mixin.py:151} INFO - [2025-05-11T15:14:56.356+0000] {dagbag.py:539} INFO - Filling up the DagBag from /opt/airflow/dags/train_model_dag.py
[2025-05-11T15:14:56.364+0000] {processor.py:839} INFO - DAG(s) dict_keys(['model_training_dag']) retrieved from /opt/airflow/dags/train_model_dag.py
[2025-05-11T15:14:56.375+0000] {logging_mixin.py:151} INFO - [2025-05-11T15:14:56.374+0000] {dag.py:2915} INFO - Sync 1 DAGs
[2025-05-11T15:14:56.384+0000] {logging_mixin.py:151} INFO - [2025-05-11T15:14:56.384+0000] {dag.py:3696} INFO - Setting next_dagrun for model_training_dag to 2025-05-11T15:13:00+00:00, run_after=2025-05-11T15:14:00+00:00
[2025-05-11T15:14:56.393+0000] {processor.py:179} INFO - Processing /opt/airflow/dags/train_model_dag.py took 0.040 seconds
[2025-05-11T15:15:26.512+0000] {processor.py:157} INFO - Started process (PID=811) to work on /opt/airflow/dags/train_model_dag.py
[2025-05-11T15:15:26.513+0000] {processor.py:829} INFO - Processing file /opt/airflow/dags/train_model_dag.py for tasks to queue
[2025-05-11T15:15:26.514+0000] {logging_mixin.py:151} INFO - [2025-05-11T15:15:26.514+0000] {dagbag.py:539} INFO - Filling up the DagBag from /opt/airflow/dags/train_model_dag.py
[2025-05-11T15:15:26.524+0000] {processor.py:839} INFO - DAG(s) dict_keys(['model_training_dag']) retrieved from /opt/airflow/dags/train_model_dag.py
[2025-05-11T15:15:26.538+0000] {logging_mixin.py:151} INFO - [2025-05-11T15:15:26.538+0000] {dag.py:2915} INFO - Sync 1 DAGs
[2025-05-11T15:15:26.548+0000] {logging_mixin.py:151} INFO - [2025-05-11T15:15:26.548+0000] {dag.py:3696} INFO - Setting next_dagrun for model_training_dag to 2025-05-11T15:14:00+00:00, run_after=2025-05-11T15:15:00+00:00
[2025-05-11T15:15:26.558+0000] {processor.py:179} INFO - Processing /opt/airflow/dags/train_model_dag.py took 0.049 seconds
[2025-05-11T15:15:56.677+0000] {processor.py:157} INFO - Started process (PID=813) to work on /opt/airflow/dags/train_model_dag.py
[2025-05-11T15:15:56.679+0000] {processor.py:829} INFO - Processing file /opt/airflow/dags/train_model_dag.py for tasks to queue
[2025-05-11T15:15:56.680+0000] {logging_mixin.py:151} INFO - [2025-05-11T15:15:56.679+0000] {dagbag.py:539} INFO - Filling up the DagBag from /opt/airflow/dags/train_model_dag.py
[2025-05-11T15:15:56.697+0000] {processor.py:839} INFO - DAG(s) dict_keys(['model_training_dag']) retrieved from /opt/airflow/dags/train_model_dag.py
[2025-05-11T15:15:56.718+0000] {logging_mixin.py:151} INFO - [2025-05-11T15:15:56.717+0000] {dag.py:2915} INFO - Sync 1 DAGs
[2025-05-11T15:15:56.728+0000] {logging_mixin.py:151} INFO - [2025-05-11T15:15:56.728+0000] {dag.py:3696} INFO - Setting next_dagrun for model_training_dag to 2025-05-11T15:14:00+00:00, run_after=2025-05-11T15:15:00+00:00
[2025-05-11T15:15:56.738+0000] {processor.py:179} INFO - Processing /opt/airflow/dags/train_model_dag.py took 0.066 seconds
[2025-05-11T15:16:26.844+0000] {processor.py:157} INFO - Started process (PID=815) to work on /opt/airflow/dags/train_model_dag.py
[2025-05-11T15:16:26.845+0000] {processor.py:829} INFO - Processing file /opt/airflow/dags/train_model_dag.py for tasks to queue
[2025-05-11T15:16:26.847+0000] {logging_mixin.py:151} INFO - [2025-05-11T15:16:26.846+0000] {dagbag.py:539} INFO - Filling up the DagBag from /opt/airflow/dags/train_model_dag.py
[2025-05-11T15:16:26.865+0000] {processor.py:839} INFO - DAG(s) dict_keys(['model_training_dag']) retrieved from /opt/airflow/dags/train_model_dag.py
[2025-05-11T15:16:26.886+0000] {logging_mixin.py:151} INFO - [2025-05-11T15:16:26.886+0000] {dag.py:2915} INFO - Sync 1 DAGs
[2025-05-11T15:16:26.897+0000] {logging_mixin.py:151} INFO - [2025-05-11T15:16:26.897+0000] {dag.py:3696} INFO - Setting next_dagrun for model_training_dag to 2025-05-11T15:15:00+00:00, run_after=2025-05-11T15:16:00+00:00
[2025-05-11T15:16:26.908+0000] {processor.py:179} INFO - Processing /opt/airflow/dags/train_model_dag.py took 0.069 seconds
[2025-05-11T15:16:57.021+0000] {processor.py:157} INFO - Started process (PID=817) to work on /opt/airflow/dags/train_model_dag.py
[2025-05-11T15:16:57.022+0000] {processor.py:829} INFO - Processing file /opt/airflow/dags/train_model_dag.py for tasks to queue
[2025-05-11T15:16:57.024+0000] {logging_mixin.py:151} INFO - [2025-05-11T15:16:57.023+0000] {dagbag.py:539} INFO - Filling up the DagBag from /opt/airflow/dags/train_model_dag.py
[2025-05-11T15:16:57.039+0000] {processor.py:839} INFO - DAG(s) dict_keys(['model_training_dag']) retrieved from /opt/airflow/dags/train_model_dag.py
[2025-05-11T15:16:57.057+0000] {logging_mixin.py:151} INFO - [2025-05-11T15:16:57.057+0000] {dag.py:2915} INFO - Sync 1 DAGs
[2025-05-11T15:16:57.068+0000] {logging_mixin.py:151} INFO - [2025-05-11T15:16:57.068+0000] {dag.py:3696} INFO - Setting next_dagrun for model_training_dag to 2025-05-11T15:15:00+00:00, run_after=2025-05-11T15:16:00+00:00
[2025-05-11T15:16:57.082+0000] {processor.py:179} INFO - Processing /opt/airflow/dags/train_model_dag.py took 0.065 seconds
[2025-05-11T15:17:27.188+0000] {processor.py:157} INFO - Started process (PID=819) to work on /opt/airflow/dags/train_model_dag.py
[2025-05-11T15:17:27.189+0000] {processor.py:829} INFO - Processing file /opt/airflow/dags/train_model_dag.py for tasks to queue
[2025-05-11T15:17:27.190+0000] {logging_mixin.py:151} INFO - [2025-05-11T15:17:27.190+0000] {dagbag.py:539} INFO - Filling up the DagBag from /opt/airflow/dags/train_model_dag.py
[2025-05-11T15:17:27.203+0000] {processor.py:839} INFO - DAG(s) dict_keys(['model_training_dag']) retrieved from /opt/airflow/dags/train_model_dag.py
[2025-05-11T15:17:27.219+0000] {logging_mixin.py:151} INFO - [2025-05-11T15:17:27.218+0000] {dag.py:2915} INFO - Sync 1 DAGs
[2025-05-11T15:17:27.229+0000] {logging_mixin.py:151} INFO - [2025-05-11T15:17:27.229+0000] {dag.py:3696} INFO - Setting next_dagrun for model_training_dag to 2025-05-11T15:16:00+00:00, run_after=2025-05-11T15:17:00+00:00
[2025-05-11T15:17:27.238+0000] {processor.py:179} INFO - Processing /opt/airflow/dags/train_model_dag.py took 0.054 seconds
[2025-05-11T15:17:57.357+0000] {processor.py:157} INFO - Started process (PID=821) to work on /opt/airflow/dags/train_model_dag.py
[2025-05-11T15:17:57.358+0000] {processor.py:829} INFO - Processing file /opt/airflow/dags/train_model_dag.py for tasks to queue
[2025-05-11T15:17:57.359+0000] {logging_mixin.py:151} INFO - [2025-05-11T15:17:57.358+0000] {dagbag.py:539} INFO - Filling up the DagBag from /opt/airflow/dags/train_model_dag.py
[2025-05-11T15:17:57.367+0000] {processor.py:839} INFO - DAG(s) dict_keys(['model_training_dag']) retrieved from /opt/airflow/dags/train_model_dag.py
[2025-05-11T15:17:57.378+0000] {logging_mixin.py:151} INFO - [2025-05-11T15:17:57.377+0000] {dag.py:2915} INFO - Sync 1 DAGs
[2025-05-11T15:17:57.387+0000] {logging_mixin.py:151} INFO - [2025-05-11T15:17:57.387+0000] {dag.py:3696} INFO - Setting next_dagrun for model_training_dag to 2025-05-11T15:16:00+00:00, run_after=2025-05-11T15:17:00+00:00
[2025-05-11T15:17:57.397+0000] {processor.py:179} INFO - Processing /opt/airflow/dags/train_model_dag.py took 0.042 seconds
[2025-05-11T15:18:27.531+0000] {processor.py:157} INFO - Started process (PID=823) to work on /opt/airflow/dags/train_model_dag.py
[2025-05-11T15:18:27.532+0000] {processor.py:829} INFO - Processing file /opt/airflow/dags/train_model_dag.py for tasks to queue
[2025-05-11T15:18:27.533+0000] {logging_mixin.py:151} INFO - [2025-05-11T15:18:27.533+0000] {dagbag.py:539} INFO - Filling up the DagBag from /opt/airflow/dags/train_model_dag.py
[2025-05-11T15:18:27.550+0000] {processor.py:839} INFO - DAG(s) dict_keys(['model_training_dag']) retrieved from /opt/airflow/dags/train_model_dag.py
[2025-05-11T15:18:27.578+0000] {logging_mixin.py:151} INFO - [2025-05-11T15:18:27.578+0000] {dag.py:2915} INFO - Sync 1 DAGs
[2025-05-11T15:18:27.596+0000] {logging_mixin.py:151} INFO - [2025-05-11T15:18:27.596+0000] {dag.py:3696} INFO - Setting next_dagrun for model_training_dag to 2025-05-11T15:17:00+00:00, run_after=2025-05-11T15:18:00+00:00
[2025-05-11T15:18:27.607+0000] {processor.py:179} INFO - Processing /opt/airflow/dags/train_model_dag.py took 0.080 seconds
[2025-05-11T15:18:57.706+0000] {processor.py:157} INFO - Started process (PID=825) to work on /opt/airflow/dags/train_model_dag.py
[2025-05-11T15:18:57.707+0000] {processor.py:829} INFO - Processing file /opt/airflow/dags/train_model_dag.py for tasks to queue
[2025-05-11T15:18:57.708+0000] {logging_mixin.py:151} INFO - [2025-05-11T15:18:57.707+0000] {dagbag.py:539} INFO - Filling up the DagBag from /opt/airflow/dags/train_model_dag.py
[2025-05-11T15:18:57.725+0000] {processor.py:839} INFO - DAG(s) dict_keys(['model_training_dag']) retrieved from /opt/airflow/dags/train_model_dag.py
[2025-05-11T15:18:57.744+0000] {logging_mixin.py:151} INFO - [2025-05-11T15:18:57.744+0000] {dag.py:2915} INFO - Sync 1 DAGs
[2025-05-11T15:18:57.755+0000] {logging_mixin.py:151} INFO - [2025-05-11T15:18:57.754+0000] {dag.py:3696} INFO - Setting next_dagrun for model_training_dag to 2025-05-11T15:17:00+00:00, run_after=2025-05-11T15:18:00+00:00
[2025-05-11T15:18:57.765+0000] {processor.py:179} INFO - Processing /opt/airflow/dags/train_model_dag.py took 0.063 seconds
[2025-05-11T15:19:27.875+0000] {processor.py:157} INFO - Started process (PID=827) to work on /opt/airflow/dags/train_model_dag.py
[2025-05-11T15:19:27.876+0000] {processor.py:829} INFO - Processing file /opt/airflow/dags/train_model_dag.py for tasks to queue
[2025-05-11T15:19:27.878+0000] {logging_mixin.py:151} INFO - [2025-05-11T15:19:27.878+0000] {dagbag.py:539} INFO - Filling up the DagBag from /opt/airflow/dags/train_model_dag.py
[2025-05-11T15:19:27.890+0000] {processor.py:839} INFO - DAG(s) dict_keys(['model_training_dag']) retrieved from /opt/airflow/dags/train_model_dag.py
[2025-05-11T15:19:27.950+0000] {logging_mixin.py:151} INFO - [2025-05-11T15:19:27.950+0000] {dag.py:2915} INFO - Sync 1 DAGs
[2025-05-11T15:19:27.965+0000] {logging_mixin.py:151} INFO - [2025-05-11T15:19:27.965+0000] {dag.py:3696} INFO - Setting next_dagrun for model_training_dag to 2025-05-11T15:18:00+00:00, run_after=2025-05-11T15:19:00+00:00
[2025-05-11T15:19:27.978+0000] {processor.py:179} INFO - Processing /opt/airflow/dags/train_model_dag.py took 0.106 seconds
[2025-05-11T15:23:01.100+0000] {processor.py:157} INFO - Started process (PID=829) to work on /opt/airflow/dags/train_model_dag.py
[2025-05-11T15:23:01.106+0000] {processor.py:829} INFO - Processing file /opt/airflow/dags/train_model_dag.py for tasks to queue
[2025-05-11T15:23:01.114+0000] {logging_mixin.py:151} INFO - [2025-05-11T15:23:01.113+0000] {dagbag.py:539} INFO - Filling up the DagBag from /opt/airflow/dags/train_model_dag.py
[2025-05-11T15:23:01.227+0000] {processor.py:839} INFO - DAG(s) dict_keys(['model_training_dag']) retrieved from /opt/airflow/dags/train_model_dag.py
[2025-05-11T15:23:01.306+0000] {logging_mixin.py:151} INFO - [2025-05-11T15:23:01.306+0000] {dag.py:2915} INFO - Sync 1 DAGs
[2025-05-11T15:23:01.366+0000] {logging_mixin.py:151} INFO - [2025-05-11T15:23:01.366+0000] {dag.py:3696} INFO - Setting next_dagrun for model_training_dag to 2025-05-11T15:22:00+00:00, run_after=2025-05-11T15:23:00+00:00
[2025-05-11T15:23:01.490+0000] {processor.py:179} INFO - Processing /opt/airflow/dags/train_model_dag.py took 0.421 seconds
[2025-05-11T15:25:10.191+0000] {processor.py:157} INFO - Started process (PID=835) to work on /opt/airflow/dags/train_model_dag.py
[2025-05-11T15:25:10.196+0000] {processor.py:829} INFO - Processing file /opt/airflow/dags/train_model_dag.py for tasks to queue
[2025-05-11T15:25:10.200+0000] {logging_mixin.py:151} INFO - [2025-05-11T15:25:10.198+0000] {dagbag.py:539} INFO - Filling up the DagBag from /opt/airflow/dags/train_model_dag.py
[2025-05-11T15:25:10.248+0000] {processor.py:839} INFO - DAG(s) dict_keys(['model_training_dag']) retrieved from /opt/airflow/dags/train_model_dag.py
[2025-05-11T15:25:10.281+0000] {logging_mixin.py:151} INFO - [2025-05-11T15:25:10.281+0000] {dag.py:2915} INFO - Sync 1 DAGs
[2025-05-11T15:25:10.298+0000] {logging_mixin.py:151} INFO - [2025-05-11T15:25:10.298+0000] {dag.py:3696} INFO - Setting next_dagrun for model_training_dag to 2025-05-11T15:24:00+00:00, run_after=2025-05-11T15:25:00+00:00
[2025-05-11T15:25:10.327+0000] {processor.py:179} INFO - Processing /opt/airflow/dags/train_model_dag.py took 0.152 seconds
[2025-05-11T15:25:41.330+0000] {processor.py:157} INFO - Started process (PID=837) to work on /opt/airflow/dags/train_model_dag.py
[2025-05-11T15:25:41.332+0000] {processor.py:829} INFO - Processing file /opt/airflow/dags/train_model_dag.py for tasks to queue
[2025-05-11T15:25:41.334+0000] {logging_mixin.py:151} INFO - [2025-05-11T15:25:41.333+0000] {dagbag.py:539} INFO - Filling up the DagBag from /opt/airflow/dags/train_model_dag.py
[2025-05-11T15:25:41.357+0000] {processor.py:839} INFO - DAG(s) dict_keys(['model_training_dag']) retrieved from /opt/airflow/dags/train_model_dag.py
[2025-05-11T15:25:41.380+0000] {logging_mixin.py:151} INFO - [2025-05-11T15:25:41.380+0000] {dag.py:2915} INFO - Sync 1 DAGs
[2025-05-11T15:25:41.392+0000] {logging_mixin.py:151} INFO - [2025-05-11T15:25:41.392+0000] {dag.py:3696} INFO - Setting next_dagrun for model_training_dag to 2025-05-11T15:24:00+00:00, run_after=2025-05-11T15:25:00+00:00
[2025-05-11T15:25:41.403+0000] {processor.py:179} INFO - Processing /opt/airflow/dags/train_model_dag.py took 0.081 seconds
[2025-05-11T15:26:11.490+0000] {processor.py:157} INFO - Started process (PID=839) to work on /opt/airflow/dags/train_model_dag.py
[2025-05-11T15:26:11.490+0000] {processor.py:829} INFO - Processing file /opt/airflow/dags/train_model_dag.py for tasks to queue
[2025-05-11T15:26:11.491+0000] {logging_mixin.py:151} INFO - [2025-05-11T15:26:11.490+0000] {dagbag.py:539} INFO - Filling up the DagBag from /opt/airflow/dags/train_model_dag.py
[2025-05-11T15:26:11.498+0000] {processor.py:839} INFO - DAG(s) dict_keys(['model_training_dag']) retrieved from /opt/airflow/dags/train_model_dag.py
[2025-05-11T15:26:11.526+0000] {logging_mixin.py:151} INFO - [2025-05-11T15:26:11.526+0000] {dag.py:2915} INFO - Sync 1 DAGs
[2025-05-11T15:26:11.540+0000] {logging_mixin.py:151} INFO - [2025-05-11T15:26:11.540+0000] {dag.py:3696} INFO - Setting next_dagrun for model_training_dag to 2025-05-11T15:25:00+00:00, run_after=2025-05-11T15:26:00+00:00
[2025-05-11T15:26:11.554+0000] {processor.py:179} INFO - Processing /opt/airflow/dags/train_model_dag.py took 0.066 seconds
[2025-05-11T15:26:41.701+0000] {processor.py:157} INFO - Started process (PID=841) to work on /opt/airflow/dags/train_model_dag.py
[2025-05-11T15:26:41.702+0000] {processor.py:829} INFO - Processing file /opt/airflow/dags/train_model_dag.py for tasks to queue
[2025-05-11T15:26:41.703+0000] {logging_mixin.py:151} INFO - [2025-05-11T15:26:41.702+0000] {dagbag.py:539} INFO - Filling up the DagBag from /opt/airflow/dags/train_model_dag.py
[2025-05-11T15:26:41.715+0000] {processor.py:839} INFO - DAG(s) dict_keys(['model_training_dag']) retrieved from /opt/airflow/dags/train_model_dag.py
[2025-05-11T15:26:41.729+0000] {logging_mixin.py:151} INFO - [2025-05-11T15:26:41.729+0000] {dag.py:2915} INFO - Sync 1 DAGs
[2025-05-11T15:26:41.742+0000] {logging_mixin.py:151} INFO - [2025-05-11T15:26:41.742+0000] {dag.py:3696} INFO - Setting next_dagrun for model_training_dag to 2025-05-11T15:25:00+00:00, run_after=2025-05-11T15:26:00+00:00
[2025-05-11T15:26:41.754+0000] {processor.py:179} INFO - Processing /opt/airflow/dags/train_model_dag.py took 0.056 seconds
[2025-05-11T15:27:23.231+0000] {processor.py:157} INFO - Started process (PID=25) to work on /opt/airflow/dags/train_model_dag.py
[2025-05-11T15:27:23.232+0000] {processor.py:829} INFO - Processing file /opt/airflow/dags/train_model_dag.py for tasks to queue
[2025-05-11T15:27:23.232+0000] {logging_mixin.py:151} INFO - [2025-05-11T15:27:23.232+0000] {dagbag.py:539} INFO - Filling up the DagBag from /opt/airflow/dags/train_model_dag.py
[2025-05-11T15:27:23.239+0000] {processor.py:839} INFO - DAG(s) dict_keys(['model_training_dag']) retrieved from /opt/airflow/dags/train_model_dag.py
[2025-05-11T15:27:23.243+0000] {logging_mixin.py:151} INFO - [2025-05-11T15:27:23.243+0000] {dag.py:2915} INFO - Sync 1 DAGs
[2025-05-11T15:27:23.254+0000] {logging_mixin.py:151} INFO - [2025-05-11T15:27:23.254+0000] {dag.py:3696} INFO - Setting next_dagrun for model_training_dag to 2025-05-11T15:26:00+00:00, run_after=2025-05-11T15:27:00+00:00
[2025-05-11T15:27:23.262+0000] {processor.py:179} INFO - Processing /opt/airflow/dags/train_model_dag.py took 0.033 seconds
[2025-05-11T15:27:53.362+0000] {processor.py:157} INFO - Started process (PID=27) to work on /opt/airflow/dags/train_model_dag.py
[2025-05-11T15:27:53.364+0000] {processor.py:829} INFO - Processing file /opt/airflow/dags/train_model_dag.py for tasks to queue
[2025-05-11T15:27:53.365+0000] {logging_mixin.py:151} INFO - [2025-05-11T15:27:53.364+0000] {dagbag.py:539} INFO - Filling up the DagBag from /opt/airflow/dags/train_model_dag.py
[2025-05-11T15:27:53.381+0000] {processor.py:839} INFO - DAG(s) dict_keys(['model_training_dag']) retrieved from /opt/airflow/dags/train_model_dag.py
[2025-05-11T15:27:53.397+0000] {logging_mixin.py:151} INFO - [2025-05-11T15:27:53.397+0000] {dag.py:2915} INFO - Sync 1 DAGs
[2025-05-11T15:27:53.410+0000] {logging_mixin.py:151} INFO - [2025-05-11T15:27:53.410+0000] {dag.py:3696} INFO - Setting next_dagrun for model_training_dag to 2025-05-11T15:26:00+00:00, run_after=2025-05-11T15:27:00+00:00
[2025-05-11T15:27:53.421+0000] {processor.py:179} INFO - Processing /opt/airflow/dags/train_model_dag.py took 0.063 seconds
[2025-05-11T15:28:23.736+0000] {processor.py:157} INFO - Started process (PID=29) to work on /opt/airflow/dags/train_model_dag.py
[2025-05-11T15:28:23.737+0000] {processor.py:829} INFO - Processing file /opt/airflow/dags/train_model_dag.py for tasks to queue
[2025-05-11T15:28:23.738+0000] {logging_mixin.py:151} INFO - [2025-05-11T15:28:23.737+0000] {dagbag.py:539} INFO - Filling up the DagBag from /opt/airflow/dags/train_model_dag.py
[2025-05-11T15:28:23.752+0000] {processor.py:839} INFO - DAG(s) dict_keys(['model_training_dag']) retrieved from /opt/airflow/dags/train_model_dag.py
[2025-05-11T15:28:23.770+0000] {logging_mixin.py:151} INFO - [2025-05-11T15:28:23.770+0000] {dag.py:2915} INFO - Sync 1 DAGs
[2025-05-11T15:28:23.782+0000] {logging_mixin.py:151} INFO - [2025-05-11T15:28:23.782+0000] {dag.py:3696} INFO - Setting next_dagrun for model_training_dag to 2025-05-11T15:27:00+00:00, run_after=2025-05-11T15:28:00+00:00
[2025-05-11T15:28:23.794+0000] {processor.py:179} INFO - Processing /opt/airflow/dags/train_model_dag.py took 0.060 seconds
[2025-05-11T15:28:54.059+0000] {processor.py:157} INFO - Started process (PID=31) to work on /opt/airflow/dags/train_model_dag.py
[2025-05-11T15:28:54.059+0000] {processor.py:829} INFO - Processing file /opt/airflow/dags/train_model_dag.py for tasks to queue
[2025-05-11T15:28:54.060+0000] {logging_mixin.py:151} INFO - [2025-05-11T15:28:54.060+0000] {dagbag.py:539} INFO - Filling up the DagBag from /opt/airflow/dags/train_model_dag.py
[2025-05-11T15:28:54.069+0000] {processor.py:839} INFO - DAG(s) dict_keys(['model_training_dag']) retrieved from /opt/airflow/dags/train_model_dag.py
[2025-05-11T15:28:54.084+0000] {logging_mixin.py:151} INFO - [2025-05-11T15:28:54.084+0000] {dag.py:2915} INFO - Sync 1 DAGs
[2025-05-11T15:28:54.094+0000] {logging_mixin.py:151} INFO - [2025-05-11T15:28:54.094+0000] {dag.py:3696} INFO - Setting next_dagrun for model_training_dag to 2025-05-11T15:27:00+00:00, run_after=2025-05-11T15:28:00+00:00
[2025-05-11T15:28:54.103+0000] {processor.py:179} INFO - Processing /opt/airflow/dags/train_model_dag.py took 0.047 seconds
[2025-05-11T15:29:24.372+0000] {processor.py:157} INFO - Started process (PID=33) to work on /opt/airflow/dags/train_model_dag.py
[2025-05-11T15:29:24.373+0000] {processor.py:829} INFO - Processing file /opt/airflow/dags/train_model_dag.py for tasks to queue
[2025-05-11T15:29:24.374+0000] {logging_mixin.py:151} INFO - [2025-05-11T15:29:24.374+0000] {dagbag.py:539} INFO - Filling up the DagBag from /opt/airflow/dags/train_model_dag.py
[2025-05-11T15:29:24.387+0000] {processor.py:839} INFO - DAG(s) dict_keys(['model_training_dag']) retrieved from /opt/airflow/dags/train_model_dag.py
[2025-05-11T15:29:24.403+0000] {logging_mixin.py:151} INFO - [2025-05-11T15:29:24.403+0000] {dag.py:2915} INFO - Sync 1 DAGs
[2025-05-11T15:29:24.415+0000] {logging_mixin.py:151} INFO - [2025-05-11T15:29:24.415+0000] {dag.py:3696} INFO - Setting next_dagrun for model_training_dag to 2025-05-11T15:28:00+00:00, run_after=2025-05-11T15:29:00+00:00
[2025-05-11T15:29:24.428+0000] {processor.py:179} INFO - Processing /opt/airflow/dags/train_model_dag.py took 0.059 seconds
[2025-05-11T15:29:54.615+0000] {processor.py:157} INFO - Started process (PID=35) to work on /opt/airflow/dags/train_model_dag.py
[2025-05-11T15:29:54.616+0000] {processor.py:829} INFO - Processing file /opt/airflow/dags/train_model_dag.py for tasks to queue
[2025-05-11T15:29:54.617+0000] {logging_mixin.py:151} INFO - [2025-05-11T15:29:54.617+0000] {dagbag.py:539} INFO - Filling up the DagBag from /opt/airflow/dags/train_model_dag.py
[2025-05-11T15:29:54.627+0000] {processor.py:839} INFO - DAG(s) dict_keys(['model_training_dag']) retrieved from /opt/airflow/dags/train_model_dag.py
[2025-05-11T15:29:54.640+0000] {logging_mixin.py:151} INFO - [2025-05-11T15:29:54.640+0000] {dag.py:2915} INFO - Sync 1 DAGs
[2025-05-11T15:29:54.651+0000] {logging_mixin.py:151} INFO - [2025-05-11T15:29:54.651+0000] {dag.py:3696} INFO - Setting next_dagrun for model_training_dag to 2025-05-11T15:28:00+00:00, run_after=2025-05-11T15:29:00+00:00
[2025-05-11T15:29:54.660+0000] {processor.py:179} INFO - Processing /opt/airflow/dags/train_model_dag.py took 0.047 seconds
[2025-05-11T15:30:24.921+0000] {processor.py:157} INFO - Started process (PID=37) to work on /opt/airflow/dags/train_model_dag.py
[2025-05-11T15:30:24.922+0000] {processor.py:829} INFO - Processing file /opt/airflow/dags/train_model_dag.py for tasks to queue
[2025-05-11T15:30:24.924+0000] {logging_mixin.py:151} INFO - [2025-05-11T15:30:24.923+0000] {dagbag.py:539} INFO - Filling up the DagBag from /opt/airflow/dags/train_model_dag.py
[2025-05-11T15:30:24.946+0000] {processor.py:839} INFO - DAG(s) dict_keys(['model_training_dag']) retrieved from /opt/airflow/dags/train_model_dag.py
[2025-05-11T15:30:24.964+0000] {logging_mixin.py:151} INFO - [2025-05-11T15:30:24.964+0000] {dag.py:2915} INFO - Sync 1 DAGs
[2025-05-11T15:30:24.983+0000] {logging_mixin.py:151} INFO - [2025-05-11T15:30:24.983+0000] {dag.py:3696} INFO - Setting next_dagrun for model_training_dag to 2025-05-11T15:29:00+00:00, run_after=2025-05-11T15:30:00+00:00
[2025-05-11T15:30:24.995+0000] {processor.py:179} INFO - Processing /opt/airflow/dags/train_model_dag.py took 0.079 seconds
[2025-05-11T15:30:55.250+0000] {processor.py:157} INFO - Started process (PID=39) to work on /opt/airflow/dags/train_model_dag.py
[2025-05-11T15:30:55.251+0000] {processor.py:829} INFO - Processing file /opt/airflow/dags/train_model_dag.py for tasks to queue
[2025-05-11T15:30:55.252+0000] {logging_mixin.py:151} INFO - [2025-05-11T15:30:55.252+0000] {dagbag.py:539} INFO - Filling up the DagBag from /opt/airflow/dags/train_model_dag.py
[2025-05-11T15:30:55.267+0000] {processor.py:839} INFO - DAG(s) dict_keys(['model_training_dag']) retrieved from /opt/airflow/dags/train_model_dag.py
[2025-05-11T15:30:55.288+0000] {logging_mixin.py:151} INFO - [2025-05-11T15:30:55.287+0000] {dag.py:2915} INFO - Sync 1 DAGs
[2025-05-11T15:30:55.302+0000] {logging_mixin.py:151} INFO - [2025-05-11T15:30:55.302+0000] {dag.py:3696} INFO - Setting next_dagrun for model_training_dag to 2025-05-11T15:29:00+00:00, run_after=2025-05-11T15:30:00+00:00
[2025-05-11T15:30:55.313+0000] {processor.py:179} INFO - Processing /opt/airflow/dags/train_model_dag.py took 0.067 seconds
[2025-05-11T15:31:25.573+0000] {processor.py:157} INFO - Started process (PID=41) to work on /opt/airflow/dags/train_model_dag.py
[2025-05-11T15:31:25.575+0000] {processor.py:829} INFO - Processing file /opt/airflow/dags/train_model_dag.py for tasks to queue
[2025-05-11T15:31:25.576+0000] {logging_mixin.py:151} INFO - [2025-05-11T15:31:25.575+0000] {dagbag.py:539} INFO - Filling up the DagBag from /opt/airflow/dags/train_model_dag.py
[2025-05-11T15:31:25.593+0000] {processor.py:839} INFO - DAG(s) dict_keys(['model_training_dag']) retrieved from /opt/airflow/dags/train_model_dag.py
[2025-05-11T15:31:25.610+0000] {logging_mixin.py:151} INFO - [2025-05-11T15:31:25.610+0000] {dag.py:2915} INFO - Sync 1 DAGs
[2025-05-11T15:31:25.622+0000] {logging_mixin.py:151} INFO - [2025-05-11T15:31:25.622+0000] {dag.py:3696} INFO - Setting next_dagrun for model_training_dag to 2025-05-11T15:30:00+00:00, run_after=2025-05-11T15:31:00+00:00
[2025-05-11T15:31:25.632+0000] {processor.py:179} INFO - Processing /opt/airflow/dags/train_model_dag.py took 0.064 seconds
[2025-05-11T15:31:55.859+0000] {processor.py:157} INFO - Started process (PID=43) to work on /opt/airflow/dags/train_model_dag.py
[2025-05-11T15:31:55.862+0000] {processor.py:829} INFO - Processing file /opt/airflow/dags/train_model_dag.py for tasks to queue
[2025-05-11T15:31:55.864+0000] {logging_mixin.py:151} INFO - [2025-05-11T15:31:55.863+0000] {dagbag.py:539} INFO - Filling up the DagBag from /opt/airflow/dags/train_model_dag.py
[2025-05-11T15:31:55.888+0000] {processor.py:839} INFO - DAG(s) dict_keys(['model_training_dag']) retrieved from /opt/airflow/dags/train_model_dag.py
[2025-05-11T15:31:55.920+0000] {logging_mixin.py:151} INFO - [2025-05-11T15:31:55.920+0000] {dag.py:2915} INFO - Sync 1 DAGs
[2025-05-11T15:31:55.948+0000] {logging_mixin.py:151} INFO - [2025-05-11T15:31:55.948+0000] {dag.py:3696} INFO - Setting next_dagrun for model_training_dag to 2025-05-11T15:30:00+00:00, run_after=2025-05-11T15:31:00+00:00
[2025-05-11T15:31:56.036+0000] {processor.py:179} INFO - Processing /opt/airflow/dags/train_model_dag.py took 0.182 seconds
[2025-05-11T15:32:26.291+0000] {processor.py:157} INFO - Started process (PID=45) to work on /opt/airflow/dags/train_model_dag.py
[2025-05-11T15:32:26.292+0000] {processor.py:829} INFO - Processing file /opt/airflow/dags/train_model_dag.py for tasks to queue
[2025-05-11T15:32:26.294+0000] {logging_mixin.py:151} INFO - [2025-05-11T15:32:26.293+0000] {dagbag.py:539} INFO - Filling up the DagBag from /opt/airflow/dags/train_model_dag.py
[2025-05-11T15:32:26.316+0000] {processor.py:839} INFO - DAG(s) dict_keys(['model_training_dag']) retrieved from /opt/airflow/dags/train_model_dag.py
[2025-05-11T15:32:26.342+0000] {logging_mixin.py:151} INFO - [2025-05-11T15:32:26.342+0000] {dag.py:2915} INFO - Sync 1 DAGs
[2025-05-11T15:32:26.355+0000] {logging_mixin.py:151} INFO - [2025-05-11T15:32:26.355+0000] {dag.py:3696} INFO - Setting next_dagrun for model_training_dag to 2025-05-11T15:31:00+00:00, run_after=2025-05-11T15:32:00+00:00
[2025-05-11T15:32:26.381+0000] {processor.py:179} INFO - Processing /opt/airflow/dags/train_model_dag.py took 0.095 seconds
[2025-05-11T15:32:56.652+0000] {processor.py:157} INFO - Started process (PID=47) to work on /opt/airflow/dags/train_model_dag.py
[2025-05-11T15:32:56.653+0000] {processor.py:829} INFO - Processing file /opt/airflow/dags/train_model_dag.py for tasks to queue
[2025-05-11T15:32:56.655+0000] {logging_mixin.py:151} INFO - [2025-05-11T15:32:56.654+0000] {dagbag.py:539} INFO - Filling up the DagBag from /opt/airflow/dags/train_model_dag.py
[2025-05-11T15:32:56.676+0000] {processor.py:839} INFO - DAG(s) dict_keys(['model_training_dag']) retrieved from /opt/airflow/dags/train_model_dag.py
[2025-05-11T15:32:56.695+0000] {logging_mixin.py:151} INFO - [2025-05-11T15:32:56.695+0000] {dag.py:2915} INFO - Sync 1 DAGs
[2025-05-11T15:32:56.707+0000] {logging_mixin.py:151} INFO - [2025-05-11T15:32:56.707+0000] {dag.py:3696} INFO - Setting next_dagrun for model_training_dag to 2025-05-11T15:31:00+00:00, run_after=2025-05-11T15:32:00+00:00
[2025-05-11T15:32:56.718+0000] {processor.py:179} INFO - Processing /opt/airflow/dags/train_model_dag.py took 0.071 seconds
[2025-05-11T15:33:27.005+0000] {processor.py:157} INFO - Started process (PID=49) to work on /opt/airflow/dags/train_model_dag.py
[2025-05-11T15:33:27.007+0000] {processor.py:829} INFO - Processing file /opt/airflow/dags/train_model_dag.py for tasks to queue
[2025-05-11T15:33:27.009+0000] {logging_mixin.py:151} INFO - [2025-05-11T15:33:27.008+0000] {dagbag.py:539} INFO - Filling up the DagBag from /opt/airflow/dags/train_model_dag.py
[2025-05-11T15:33:27.024+0000] {processor.py:839} INFO - DAG(s) dict_keys(['model_training_dag']) retrieved from /opt/airflow/dags/train_model_dag.py
[2025-05-11T15:33:27.041+0000] {logging_mixin.py:151} INFO - [2025-05-11T15:33:27.041+0000] {dag.py:2915} INFO - Sync 1 DAGs
[2025-05-11T15:33:27.052+0000] {logging_mixin.py:151} INFO - [2025-05-11T15:33:27.052+0000] {dag.py:3696} INFO - Setting next_dagrun for model_training_dag to 2025-05-11T15:32:00+00:00, run_after=2025-05-11T15:33:00+00:00
[2025-05-11T15:33:27.063+0000] {processor.py:179} INFO - Processing /opt/airflow/dags/train_model_dag.py took 0.063 seconds
[2025-05-11T15:33:57.346+0000] {processor.py:157} INFO - Started process (PID=51) to work on /opt/airflow/dags/train_model_dag.py
[2025-05-11T15:33:57.347+0000] {processor.py:829} INFO - Processing file /opt/airflow/dags/train_model_dag.py for tasks to queue
[2025-05-11T15:33:57.348+0000] {logging_mixin.py:151} INFO - [2025-05-11T15:33:57.347+0000] {dagbag.py:539} INFO - Filling up the DagBag from /opt/airflow/dags/train_model_dag.py
[2025-05-11T15:33:57.363+0000] {processor.py:839} INFO - DAG(s) dict_keys(['model_training_dag']) retrieved from /opt/airflow/dags/train_model_dag.py
[2025-05-11T15:33:57.383+0000] {logging_mixin.py:151} INFO - [2025-05-11T15:33:57.383+0000] {dag.py:2915} INFO - Sync 1 DAGs
[2025-05-11T15:33:57.395+0000] {logging_mixin.py:151} INFO - [2025-05-11T15:33:57.395+0000] {dag.py:3696} INFO - Setting next_dagrun for model_training_dag to 2025-05-11T15:32:00+00:00, run_after=2025-05-11T15:33:00+00:00
[2025-05-11T15:33:57.405+0000] {processor.py:179} INFO - Processing /opt/airflow/dags/train_model_dag.py took 0.063 seconds
[2025-05-11T15:34:27.513+0000] {processor.py:157} INFO - Started process (PID=53) to work on /opt/airflow/dags/train_model_dag.py
[2025-05-11T15:34:27.514+0000] {processor.py:829} INFO - Processing file /opt/airflow/dags/train_model_dag.py for tasks to queue
[2025-05-11T15:34:27.516+0000] {logging_mixin.py:151} INFO - [2025-05-11T15:34:27.515+0000] {dagbag.py:539} INFO - Filling up the DagBag from /opt/airflow/dags/train_model_dag.py
[2025-05-11T15:34:27.530+0000] {processor.py:839} INFO - DAG(s) dict_keys(['model_training_dag']) retrieved from /opt/airflow/dags/train_model_dag.py
[2025-05-11T15:34:27.547+0000] {logging_mixin.py:151} INFO - [2025-05-11T15:34:27.546+0000] {dag.py:2915} INFO - Sync 1 DAGs
[2025-05-11T15:34:27.558+0000] {logging_mixin.py:151} INFO - [2025-05-11T15:34:27.558+0000] {dag.py:3696} INFO - Setting next_dagrun for model_training_dag to 2025-05-11T15:33:00+00:00, run_after=2025-05-11T15:34:00+00:00
[2025-05-11T15:34:27.568+0000] {processor.py:179} INFO - Processing /opt/airflow/dags/train_model_dag.py took 0.059 seconds
[2025-05-11T15:34:57.930+0000] {processor.py:157} INFO - Started process (PID=55) to work on /opt/airflow/dags/train_model_dag.py
[2025-05-11T15:34:57.930+0000] {processor.py:829} INFO - Processing file /opt/airflow/dags/train_model_dag.py for tasks to queue
[2025-05-11T15:34:57.931+0000] {logging_mixin.py:151} INFO - [2025-05-11T15:34:57.931+0000] {dagbag.py:539} INFO - Filling up the DagBag from /opt/airflow/dags/train_model_dag.py
[2025-05-11T15:34:57.942+0000] {processor.py:839} INFO - DAG(s) dict_keys(['model_training_dag']) retrieved from /opt/airflow/dags/train_model_dag.py
[2025-05-11T15:34:57.957+0000] {logging_mixin.py:151} INFO - [2025-05-11T15:34:57.957+0000] {dag.py:2915} INFO - Sync 1 DAGs
[2025-05-11T15:34:57.968+0000] {logging_mixin.py:151} INFO - [2025-05-11T15:34:57.968+0000] {dag.py:3696} INFO - Setting next_dagrun for model_training_dag to 2025-05-11T15:33:00+00:00, run_after=2025-05-11T15:34:00+00:00
[2025-05-11T15:34:57.979+0000] {processor.py:179} INFO - Processing /opt/airflow/dags/train_model_dag.py took 0.053 seconds
[2025-05-11T15:35:28.296+0000] {processor.py:157} INFO - Started process (PID=57) to work on /opt/airflow/dags/train_model_dag.py
[2025-05-11T15:35:28.298+0000] {processor.py:829} INFO - Processing file /opt/airflow/dags/train_model_dag.py for tasks to queue
[2025-05-11T15:35:28.300+0000] {logging_mixin.py:151} INFO - [2025-05-11T15:35:28.299+0000] {dagbag.py:539} INFO - Filling up the DagBag from /opt/airflow/dags/train_model_dag.py
[2025-05-11T15:35:28.323+0000] {processor.py:839} INFO - DAG(s) dict_keys(['model_training_dag']) retrieved from /opt/airflow/dags/train_model_dag.py
[2025-05-11T15:35:28.351+0000] {logging_mixin.py:151} INFO - [2025-05-11T15:35:28.350+0000] {dag.py:2915} INFO - Sync 1 DAGs
[2025-05-11T15:35:28.377+0000] {logging_mixin.py:151} INFO - [2025-05-11T15:35:28.376+0000] {dag.py:3696} INFO - Setting next_dagrun for model_training_dag to 2025-05-11T15:34:00+00:00, run_after=2025-05-11T15:35:00+00:00
[2025-05-11T15:35:28.389+0000] {processor.py:179} INFO - Processing /opt/airflow/dags/train_model_dag.py took 0.098 seconds
[2025-05-11T15:35:58.765+0000] {processor.py:157} INFO - Started process (PID=59) to work on /opt/airflow/dags/train_model_dag.py
[2025-05-11T15:35:58.766+0000] {processor.py:829} INFO - Processing file /opt/airflow/dags/train_model_dag.py for tasks to queue
[2025-05-11T15:35:58.766+0000] {logging_mixin.py:151} INFO - [2025-05-11T15:35:58.766+0000] {dagbag.py:539} INFO - Filling up the DagBag from /opt/airflow/dags/train_model_dag.py
[2025-05-11T15:35:58.775+0000] {processor.py:839} INFO - DAG(s) dict_keys(['model_training_dag']) retrieved from /opt/airflow/dags/train_model_dag.py
[2025-05-11T15:35:58.790+0000] {logging_mixin.py:151} INFO - [2025-05-11T15:35:58.790+0000] {dag.py:2915} INFO - Sync 1 DAGs
[2025-05-11T15:35:58.801+0000] {logging_mixin.py:151} INFO - [2025-05-11T15:35:58.801+0000] {dag.py:3696} INFO - Setting next_dagrun for model_training_dag to 2025-05-11T15:34:00+00:00, run_after=2025-05-11T15:35:00+00:00
[2025-05-11T15:35:58.811+0000] {processor.py:179} INFO - Processing /opt/airflow/dags/train_model_dag.py took 0.048 seconds
[2025-05-11T15:36:28.967+0000] {processor.py:157} INFO - Started process (PID=61) to work on /opt/airflow/dags/train_model_dag.py
[2025-05-11T15:36:28.969+0000] {processor.py:829} INFO - Processing file /opt/airflow/dags/train_model_dag.py for tasks to queue
[2025-05-11T15:36:28.970+0000] {logging_mixin.py:151} INFO - [2025-05-11T15:36:28.969+0000] {dagbag.py:539} INFO - Filling up the DagBag from /opt/airflow/dags/train_model_dag.py
[2025-05-11T15:36:28.990+0000] {processor.py:839} INFO - DAG(s) dict_keys(['model_training_dag']) retrieved from /opt/airflow/dags/train_model_dag.py
[2025-05-11T15:36:29.009+0000] {logging_mixin.py:151} INFO - [2025-05-11T15:36:29.009+0000] {dag.py:2915} INFO - Sync 1 DAGs
[2025-05-11T15:36:29.021+0000] {logging_mixin.py:151} INFO - [2025-05-11T15:36:29.021+0000] {dag.py:3696} INFO - Setting next_dagrun for model_training_dag to 2025-05-11T15:35:00+00:00, run_after=2025-05-11T15:36:00+00:00
[2025-05-11T15:36:29.032+0000] {processor.py:179} INFO - Processing /opt/airflow/dags/train_model_dag.py took 0.069 seconds
[2025-05-11T15:36:59.294+0000] {processor.py:157} INFO - Started process (PID=63) to work on /opt/airflow/dags/train_model_dag.py
[2025-05-11T15:36:59.296+0000] {processor.py:829} INFO - Processing file /opt/airflow/dags/train_model_dag.py for tasks to queue
[2025-05-11T15:36:59.297+0000] {logging_mixin.py:151} INFO - [2025-05-11T15:36:59.297+0000] {dagbag.py:539} INFO - Filling up the DagBag from /opt/airflow/dags/train_model_dag.py
[2025-05-11T15:36:59.314+0000] {processor.py:839} INFO - DAG(s) dict_keys(['model_training_dag']) retrieved from /opt/airflow/dags/train_model_dag.py
[2025-05-11T15:36:59.335+0000] {logging_mixin.py:151} INFO - [2025-05-11T15:36:59.335+0000] {dag.py:2915} INFO - Sync 1 DAGs
[2025-05-11T15:36:59.347+0000] {logging_mixin.py:151} INFO - [2025-05-11T15:36:59.347+0000] {dag.py:3696} INFO - Setting next_dagrun for model_training_dag to 2025-05-11T15:35:00+00:00, run_after=2025-05-11T15:36:00+00:00
[2025-05-11T15:36:59.357+0000] {processor.py:179} INFO - Processing /opt/airflow/dags/train_model_dag.py took 0.067 seconds
[2025-05-11T15:37:29.618+0000] {processor.py:157} INFO - Started process (PID=65) to work on /opt/airflow/dags/train_model_dag.py
[2025-05-11T15:37:29.620+0000] {processor.py:829} INFO - Processing file /opt/airflow/dags/train_model_dag.py for tasks to queue
[2025-05-11T15:37:29.621+0000] {logging_mixin.py:151} INFO - [2025-05-11T15:37:29.620+0000] {dagbag.py:539} INFO - Filling up the DagBag from /opt/airflow/dags/train_model_dag.py
[2025-05-11T15:37:29.641+0000] {processor.py:839} INFO - DAG(s) dict_keys(['model_training_dag']) retrieved from /opt/airflow/dags/train_model_dag.py
[2025-05-11T15:37:29.660+0000] {logging_mixin.py:151} INFO - [2025-05-11T15:37:29.660+0000] {dag.py:2915} INFO - Sync 1 DAGs
[2025-05-11T15:37:29.672+0000] {logging_mixin.py:151} INFO - [2025-05-11T15:37:29.672+0000] {dag.py:3696} INFO - Setting next_dagrun for model_training_dag to 2025-05-11T15:36:00+00:00, run_after=2025-05-11T15:37:00+00:00
[2025-05-11T15:37:29.683+0000] {processor.py:179} INFO - Processing /opt/airflow/dags/train_model_dag.py took 0.070 seconds
[2025-05-11T15:37:59.930+0000] {processor.py:157} INFO - Started process (PID=67) to work on /opt/airflow/dags/train_model_dag.py
[2025-05-11T15:37:59.931+0000] {processor.py:829} INFO - Processing file /opt/airflow/dags/train_model_dag.py for tasks to queue
[2025-05-11T15:37:59.932+0000] {logging_mixin.py:151} INFO - [2025-05-11T15:37:59.932+0000] {dagbag.py:539} INFO - Filling up the DagBag from /opt/airflow/dags/train_model_dag.py
[2025-05-11T15:37:59.943+0000] {processor.py:839} INFO - DAG(s) dict_keys(['model_training_dag']) retrieved from /opt/airflow/dags/train_model_dag.py
[2025-05-11T15:37:59.957+0000] {logging_mixin.py:151} INFO - [2025-05-11T15:37:59.957+0000] {dag.py:2915} INFO - Sync 1 DAGs
[2025-05-11T15:37:59.966+0000] {logging_mixin.py:151} INFO - [2025-05-11T15:37:59.966+0000] {dag.py:3696} INFO - Setting next_dagrun for model_training_dag to 2025-05-11T15:36:00+00:00, run_after=2025-05-11T15:37:00+00:00
[2025-05-11T15:37:59.976+0000] {processor.py:179} INFO - Processing /opt/airflow/dags/train_model_dag.py took 0.050 seconds
[2025-05-11T15:38:30.281+0000] {processor.py:157} INFO - Started process (PID=69) to work on /opt/airflow/dags/train_model_dag.py
[2025-05-11T15:38:30.282+0000] {processor.py:829} INFO - Processing file /opt/airflow/dags/train_model_dag.py for tasks to queue
[2025-05-11T15:38:30.283+0000] {logging_mixin.py:151} INFO - [2025-05-11T15:38:30.282+0000] {dagbag.py:539} INFO - Filling up the DagBag from /opt/airflow/dags/train_model_dag.py
[2025-05-11T15:38:30.302+0000] {processor.py:839} INFO - DAG(s) dict_keys(['model_training_dag']) retrieved from /opt/airflow/dags/train_model_dag.py
[2025-05-11T15:38:30.323+0000] {logging_mixin.py:151} INFO - [2025-05-11T15:38:30.323+0000] {dag.py:2915} INFO - Sync 1 DAGs
[2025-05-11T15:38:30.336+0000] {logging_mixin.py:151} INFO - [2025-05-11T15:38:30.336+0000] {dag.py:3696} INFO - Setting next_dagrun for model_training_dag to 2025-05-11T15:37:00+00:00, run_after=2025-05-11T15:38:00+00:00
[2025-05-11T15:38:30.346+0000] {processor.py:179} INFO - Processing /opt/airflow/dags/train_model_dag.py took 0.072 seconds
[2025-05-11T15:39:00.576+0000] {processor.py:157} INFO - Started process (PID=71) to work on /opt/airflow/dags/train_model_dag.py
[2025-05-11T15:39:00.577+0000] {processor.py:829} INFO - Processing file /opt/airflow/dags/train_model_dag.py for tasks to queue
[2025-05-11T15:39:00.578+0000] {logging_mixin.py:151} INFO - [2025-05-11T15:39:00.578+0000] {dagbag.py:539} INFO - Filling up the DagBag from /opt/airflow/dags/train_model_dag.py
[2025-05-11T15:39:00.602+0000] {processor.py:839} INFO - DAG(s) dict_keys(['model_training_dag']) retrieved from /opt/airflow/dags/train_model_dag.py
[2025-05-11T15:39:00.627+0000] {logging_mixin.py:151} INFO - [2025-05-11T15:39:00.627+0000] {dag.py:2915} INFO - Sync 1 DAGs
[2025-05-11T15:39:00.649+0000] {logging_mixin.py:151} INFO - [2025-05-11T15:39:00.648+0000] {dag.py:3696} INFO - Setting next_dagrun for model_training_dag to 2025-05-11T15:38:00+00:00, run_after=2025-05-11T15:39:00+00:00
[2025-05-11T15:39:00.660+0000] {processor.py:179} INFO - Processing /opt/airflow/dags/train_model_dag.py took 0.088 seconds
[2025-05-11T15:39:30.920+0000] {processor.py:157} INFO - Started process (PID=73) to work on /opt/airflow/dags/train_model_dag.py
[2025-05-11T15:39:30.921+0000] {processor.py:829} INFO - Processing file /opt/airflow/dags/train_model_dag.py for tasks to queue
[2025-05-11T15:39:30.922+0000] {logging_mixin.py:151} INFO - [2025-05-11T15:39:30.921+0000] {dagbag.py:539} INFO - Filling up the DagBag from /opt/airflow/dags/train_model_dag.py
[2025-05-11T15:39:30.938+0000] {processor.py:839} INFO - DAG(s) dict_keys(['model_training_dag']) retrieved from /opt/airflow/dags/train_model_dag.py
[2025-05-11T15:39:30.953+0000] {logging_mixin.py:151} INFO - [2025-05-11T15:39:30.953+0000] {dag.py:2915} INFO - Sync 1 DAGs
[2025-05-11T15:39:30.964+0000] {logging_mixin.py:151} INFO - [2025-05-11T15:39:30.964+0000] {dag.py:3696} INFO - Setting next_dagrun for model_training_dag to 2025-05-11T15:38:00+00:00, run_after=2025-05-11T15:39:00+00:00
[2025-05-11T15:39:30.974+0000] {processor.py:179} INFO - Processing /opt/airflow/dags/train_model_dag.py took 0.059 seconds
[2025-05-11T15:40:01.244+0000] {processor.py:157} INFO - Started process (PID=75) to work on /opt/airflow/dags/train_model_dag.py
[2025-05-11T15:40:01.245+0000] {processor.py:829} INFO - Processing file /opt/airflow/dags/train_model_dag.py for tasks to queue
[2025-05-11T15:40:01.245+0000] {logging_mixin.py:151} INFO - [2025-05-11T15:40:01.245+0000] {dagbag.py:539} INFO - Filling up the DagBag from /opt/airflow/dags/train_model_dag.py
[2025-05-11T15:40:01.257+0000] {processor.py:839} INFO - DAG(s) dict_keys(['model_training_dag']) retrieved from /opt/airflow/dags/train_model_dag.py
[2025-05-11T15:40:01.272+0000] {logging_mixin.py:151} INFO - [2025-05-11T15:40:01.272+0000] {dag.py:2915} INFO - Sync 1 DAGs
[2025-05-11T15:40:01.283+0000] {logging_mixin.py:151} INFO - [2025-05-11T15:40:01.283+0000] {dag.py:3696} INFO - Setting next_dagrun for model_training_dag to 2025-05-11T15:39:00+00:00, run_after=2025-05-11T15:40:00+00:00
[2025-05-11T15:40:01.293+0000] {processor.py:179} INFO - Processing /opt/airflow/dags/train_model_dag.py took 0.052 seconds
[2025-05-11T15:40:31.591+0000] {processor.py:157} INFO - Started process (PID=77) to work on /opt/airflow/dags/train_model_dag.py
[2025-05-11T15:40:31.593+0000] {processor.py:829} INFO - Processing file /opt/airflow/dags/train_model_dag.py for tasks to queue
[2025-05-11T15:40:31.594+0000] {logging_mixin.py:151} INFO - [2025-05-11T15:40:31.594+0000] {dagbag.py:539} INFO - Filling up the DagBag from /opt/airflow/dags/train_model_dag.py
[2025-05-11T15:40:31.611+0000] {processor.py:839} INFO - DAG(s) dict_keys(['model_training_dag']) retrieved from /opt/airflow/dags/train_model_dag.py
[2025-05-11T15:40:31.629+0000] {logging_mixin.py:151} INFO - [2025-05-11T15:40:31.629+0000] {dag.py:2915} INFO - Sync 1 DAGs
[2025-05-11T15:40:31.641+0000] {logging_mixin.py:151} INFO - [2025-05-11T15:40:31.641+0000] {dag.py:3696} INFO - Setting next_dagrun for model_training_dag to 2025-05-11T15:39:00+00:00, run_after=2025-05-11T15:40:00+00:00
[2025-05-11T15:40:31.651+0000] {processor.py:179} INFO - Processing /opt/airflow/dags/train_model_dag.py took 0.065 seconds
[2025-05-11T15:41:01.935+0000] {processor.py:157} INFO - Started process (PID=79) to work on /opt/airflow/dags/train_model_dag.py
[2025-05-11T15:41:01.936+0000] {processor.py:829} INFO - Processing file /opt/airflow/dags/train_model_dag.py for tasks to queue
[2025-05-11T15:41:01.937+0000] {logging_mixin.py:151} INFO - [2025-05-11T15:41:01.937+0000] {dagbag.py:539} INFO - Filling up the DagBag from /opt/airflow/dags/train_model_dag.py
[2025-05-11T15:41:01.954+0000] {processor.py:839} INFO - DAG(s) dict_keys(['model_training_dag']) retrieved from /opt/airflow/dags/train_model_dag.py
[2025-05-11T15:41:01.974+0000] {logging_mixin.py:151} INFO - [2025-05-11T15:41:01.974+0000] {dag.py:2915} INFO - Sync 1 DAGs
[2025-05-11T15:41:01.990+0000] {logging_mixin.py:151} INFO - [2025-05-11T15:41:01.990+0000] {dag.py:3696} INFO - Setting next_dagrun for model_training_dag to 2025-05-11T15:40:00+00:00, run_after=2025-05-11T15:41:00+00:00
[2025-05-11T15:41:02.002+0000] {processor.py:179} INFO - Processing /opt/airflow/dags/train_model_dag.py took 0.071 seconds
[2025-05-11T15:41:32.299+0000] {processor.py:157} INFO - Started process (PID=81) to work on /opt/airflow/dags/train_model_dag.py
[2025-05-11T15:41:32.301+0000] {processor.py:829} INFO - Processing file /opt/airflow/dags/train_model_dag.py for tasks to queue
[2025-05-11T15:41:32.302+0000] {logging_mixin.py:151} INFO - [2025-05-11T15:41:32.301+0000] {dagbag.py:539} INFO - Filling up the DagBag from /opt/airflow/dags/train_model_dag.py
[2025-05-11T15:41:32.316+0000] {processor.py:839} INFO - DAG(s) dict_keys(['model_training_dag']) retrieved from /opt/airflow/dags/train_model_dag.py
[2025-05-11T15:41:32.332+0000] {logging_mixin.py:151} INFO - [2025-05-11T15:41:32.332+0000] {dag.py:2915} INFO - Sync 1 DAGs
[2025-05-11T15:41:32.342+0000] {logging_mixin.py:151} INFO - [2025-05-11T15:41:32.342+0000] {dag.py:3696} INFO - Setting next_dagrun for model_training_dag to 2025-05-11T15:40:00+00:00, run_after=2025-05-11T15:41:00+00:00
[2025-05-11T15:41:32.353+0000] {processor.py:179} INFO - Processing /opt/airflow/dags/train_model_dag.py took 0.058 seconds
[2025-05-11T15:42:02.666+0000] {processor.py:157} INFO - Started process (PID=83) to work on /opt/airflow/dags/train_model_dag.py
[2025-05-11T15:42:02.667+0000] {processor.py:829} INFO - Processing file /opt/airflow/dags/train_model_dag.py for tasks to queue
[2025-05-11T15:42:02.668+0000] {logging_mixin.py:151} INFO - [2025-05-11T15:42:02.668+0000] {dagbag.py:539} INFO - Filling up the DagBag from /opt/airflow/dags/train_model_dag.py
[2025-05-11T15:42:02.684+0000] {processor.py:839} INFO - DAG(s) dict_keys(['model_training_dag']) retrieved from /opt/airflow/dags/train_model_dag.py
[2025-05-11T15:42:02.701+0000] {logging_mixin.py:151} INFO - [2025-05-11T15:42:02.701+0000] {dag.py:2915} INFO - Sync 1 DAGs
[2025-05-11T15:42:02.711+0000] {logging_mixin.py:151} INFO - [2025-05-11T15:42:02.711+0000] {dag.py:3696} INFO - Setting next_dagrun for model_training_dag to 2025-05-11T15:41:00+00:00, run_after=2025-05-11T15:42:00+00:00
[2025-05-11T15:42:02.722+0000] {processor.py:179} INFO - Processing /opt/airflow/dags/train_model_dag.py took 0.061 seconds
[2025-05-11T15:42:32.980+0000] {processor.py:157} INFO - Started process (PID=85) to work on /opt/airflow/dags/train_model_dag.py
[2025-05-11T15:42:32.982+0000] {processor.py:829} INFO - Processing file /opt/airflow/dags/train_model_dag.py for tasks to queue
[2025-05-11T15:42:32.983+0000] {logging_mixin.py:151} INFO - [2025-05-11T15:42:32.983+0000] {dagbag.py:539} INFO - Filling up the DagBag from /opt/airflow/dags/train_model_dag.py
[2025-05-11T15:42:33.001+0000] {processor.py:839} INFO - DAG(s) dict_keys(['model_training_dag']) retrieved from /opt/airflow/dags/train_model_dag.py
[2025-05-11T15:42:33.025+0000] {logging_mixin.py:151} INFO - [2025-05-11T15:42:33.025+0000] {dag.py:2915} INFO - Sync 1 DAGs
[2025-05-11T15:42:33.050+0000] {logging_mixin.py:151} INFO - [2025-05-11T15:42:33.049+0000] {dag.py:3696} INFO - Setting next_dagrun for model_training_dag to 2025-05-11T15:41:00+00:00, run_after=2025-05-11T15:42:00+00:00
[2025-05-11T15:42:33.060+0000] {processor.py:179} INFO - Processing /opt/airflow/dags/train_model_dag.py took 0.084 seconds
[2025-05-11T15:43:03.291+0000] {processor.py:157} INFO - Started process (PID=87) to work on /opt/airflow/dags/train_model_dag.py
[2025-05-11T15:43:03.293+0000] {processor.py:829} INFO - Processing file /opt/airflow/dags/train_model_dag.py for tasks to queue
[2025-05-11T15:43:03.294+0000] {logging_mixin.py:151} INFO - [2025-05-11T15:43:03.293+0000] {dagbag.py:539} INFO - Filling up the DagBag from /opt/airflow/dags/train_model_dag.py
[2025-05-11T15:43:03.321+0000] {processor.py:839} INFO - DAG(s) dict_keys(['model_training_dag']) retrieved from /opt/airflow/dags/train_model_dag.py
[2025-05-11T15:43:03.342+0000] {logging_mixin.py:151} INFO - [2025-05-11T15:43:03.341+0000] {dag.py:2915} INFO - Sync 1 DAGs
[2025-05-11T15:43:03.355+0000] {logging_mixin.py:151} INFO - [2025-05-11T15:43:03.354+0000] {dag.py:3696} INFO - Setting next_dagrun for model_training_dag to 2025-05-11T15:42:00+00:00, run_after=2025-05-11T15:43:00+00:00
[2025-05-11T15:43:03.365+0000] {processor.py:179} INFO - Processing /opt/airflow/dags/train_model_dag.py took 0.079 seconds
[2025-05-11T15:43:33.631+0000] {processor.py:157} INFO - Started process (PID=89) to work on /opt/airflow/dags/train_model_dag.py
[2025-05-11T15:43:33.632+0000] {processor.py:829} INFO - Processing file /opt/airflow/dags/train_model_dag.py for tasks to queue
[2025-05-11T15:43:33.633+0000] {logging_mixin.py:151} INFO - [2025-05-11T15:43:33.632+0000] {dagbag.py:539} INFO - Filling up the DagBag from /opt/airflow/dags/train_model_dag.py
[2025-05-11T15:43:33.647+0000] {processor.py:839} INFO - DAG(s) dict_keys(['model_training_dag']) retrieved from /opt/airflow/dags/train_model_dag.py
[2025-05-11T15:43:33.671+0000] {logging_mixin.py:151} INFO - [2025-05-11T15:43:33.671+0000] {dag.py:2915} INFO - Sync 1 DAGs
[2025-05-11T15:43:33.685+0000] {logging_mixin.py:151} INFO - [2025-05-11T15:43:33.685+0000] {dag.py:3696} INFO - Setting next_dagrun for model_training_dag to 2025-05-11T15:42:00+00:00, run_after=2025-05-11T15:43:00+00:00
[2025-05-11T15:43:33.696+0000] {processor.py:179} INFO - Processing /opt/airflow/dags/train_model_dag.py took 0.069 seconds
[2025-05-11T15:44:03.966+0000] {processor.py:157} INFO - Started process (PID=91) to work on /opt/airflow/dags/train_model_dag.py
[2025-05-11T15:44:03.968+0000] {processor.py:829} INFO - Processing file /opt/airflow/dags/train_model_dag.py for tasks to queue
[2025-05-11T15:44:03.969+0000] {logging_mixin.py:151} INFO - [2025-05-11T15:44:03.968+0000] {dagbag.py:539} INFO - Filling up the DagBag from /opt/airflow/dags/train_model_dag.py
[2025-05-11T15:44:03.984+0000] {processor.py:839} INFO - DAG(s) dict_keys(['model_training_dag']) retrieved from /opt/airflow/dags/train_model_dag.py
[2025-05-11T15:44:04.002+0000] {logging_mixin.py:151} INFO - [2025-05-11T15:44:04.002+0000] {dag.py:2915} INFO - Sync 1 DAGs
[2025-05-11T15:44:04.016+0000] {logging_mixin.py:151} INFO - [2025-05-11T15:44:04.016+0000] {dag.py:3696} INFO - Setting next_dagrun for model_training_dag to 2025-05-11T15:43:00+00:00, run_after=2025-05-11T15:44:00+00:00
[2025-05-11T15:44:04.028+0000] {processor.py:179} INFO - Processing /opt/airflow/dags/train_model_dag.py took 0.066 seconds
[2025-05-11T15:44:34.288+0000] {processor.py:157} INFO - Started process (PID=93) to work on /opt/airflow/dags/train_model_dag.py
[2025-05-11T15:44:34.289+0000] {processor.py:829} INFO - Processing file /opt/airflow/dags/train_model_dag.py for tasks to queue
[2025-05-11T15:44:34.290+0000] {logging_mixin.py:151} INFO - [2025-05-11T15:44:34.290+0000] {dagbag.py:539} INFO - Filling up the DagBag from /opt/airflow/dags/train_model_dag.py
[2025-05-11T15:44:34.306+0000] {processor.py:839} INFO - DAG(s) dict_keys(['model_training_dag']) retrieved from /opt/airflow/dags/train_model_dag.py
[2025-05-11T15:44:34.330+0000] {logging_mixin.py:151} INFO - [2025-05-11T15:44:34.330+0000] {dag.py:2915} INFO - Sync 1 DAGs
[2025-05-11T15:44:34.342+0000] {logging_mixin.py:151} INFO - [2025-05-11T15:44:34.342+0000] {dag.py:3696} INFO - Setting next_dagrun for model_training_dag to 2025-05-11T15:43:00+00:00, run_after=2025-05-11T15:44:00+00:00
[2025-05-11T15:44:34.353+0000] {processor.py:179} INFO - Processing /opt/airflow/dags/train_model_dag.py took 0.069 seconds
[2025-05-11T15:45:04.635+0000] {processor.py:157} INFO - Started process (PID=95) to work on /opt/airflow/dags/train_model_dag.py
[2025-05-11T15:45:04.638+0000] {processor.py:829} INFO - Processing file /opt/airflow/dags/train_model_dag.py for tasks to queue
[2025-05-11T15:45:04.639+0000] {logging_mixin.py:151} INFO - [2025-05-11T15:45:04.638+0000] {dagbag.py:539} INFO - Filling up the DagBag from /opt/airflow/dags/train_model_dag.py
[2025-05-11T15:45:04.655+0000] {processor.py:839} INFO - DAG(s) dict_keys(['model_training_dag']) retrieved from /opt/airflow/dags/train_model_dag.py
[2025-05-11T15:45:04.674+0000] {logging_mixin.py:151} INFO - [2025-05-11T15:45:04.674+0000] {dag.py:2915} INFO - Sync 1 DAGs
[2025-05-11T15:45:04.686+0000] {logging_mixin.py:151} INFO - [2025-05-11T15:45:04.686+0000] {dag.py:3696} INFO - Setting next_dagrun for model_training_dag to 2025-05-11T15:44:00+00:00, run_after=2025-05-11T15:45:00+00:00
[2025-05-11T15:45:04.696+0000] {processor.py:179} INFO - Processing /opt/airflow/dags/train_model_dag.py took 0.066 seconds
[2025-05-11T15:45:34.973+0000] {processor.py:157} INFO - Started process (PID=97) to work on /opt/airflow/dags/train_model_dag.py
[2025-05-11T15:45:34.975+0000] {processor.py:829} INFO - Processing file /opt/airflow/dags/train_model_dag.py for tasks to queue
[2025-05-11T15:45:34.976+0000] {logging_mixin.py:151} INFO - [2025-05-11T15:45:34.975+0000] {dagbag.py:539} INFO - Filling up the DagBag from /opt/airflow/dags/train_model_dag.py
[2025-05-11T15:45:34.996+0000] {processor.py:839} INFO - DAG(s) dict_keys(['model_training_dag']) retrieved from /opt/airflow/dags/train_model_dag.py
[2025-05-11T15:45:35.014+0000] {logging_mixin.py:151} INFO - [2025-05-11T15:45:35.014+0000] {dag.py:2915} INFO - Sync 1 DAGs
[2025-05-11T15:45:35.025+0000] {logging_mixin.py:151} INFO - [2025-05-11T15:45:35.025+0000] {dag.py:3696} INFO - Setting next_dagrun for model_training_dag to 2025-05-11T15:44:00+00:00, run_after=2025-05-11T15:45:00+00:00
[2025-05-11T15:45:35.036+0000] {processor.py:179} INFO - Processing /opt/airflow/dags/train_model_dag.py took 0.069 seconds
[2025-05-11T15:46:05.254+0000] {processor.py:157} INFO - Started process (PID=99) to work on /opt/airflow/dags/train_model_dag.py
[2025-05-11T15:46:05.255+0000] {processor.py:829} INFO - Processing file /opt/airflow/dags/train_model_dag.py for tasks to queue
[2025-05-11T15:46:05.256+0000] {logging_mixin.py:151} INFO - [2025-05-11T15:46:05.255+0000] {dagbag.py:539} INFO - Filling up the DagBag from /opt/airflow/dags/train_model_dag.py
[2025-05-11T15:46:05.274+0000] {processor.py:839} INFO - DAG(s) dict_keys(['model_training_dag']) retrieved from /opt/airflow/dags/train_model_dag.py
[2025-05-11T15:46:05.296+0000] {logging_mixin.py:151} INFO - [2025-05-11T15:46:05.296+0000] {dag.py:2915} INFO - Sync 1 DAGs
[2025-05-11T15:46:05.322+0000] {logging_mixin.py:151} INFO - [2025-05-11T15:46:05.322+0000] {dag.py:3696} INFO - Setting next_dagrun for model_training_dag to 2025-05-11T15:45:00+00:00, run_after=2025-05-11T15:46:00+00:00
[2025-05-11T15:46:05.337+0000] {processor.py:179} INFO - Processing /opt/airflow/dags/train_model_dag.py took 0.087 seconds
[2025-05-11T15:46:35.609+0000] {processor.py:157} INFO - Started process (PID=101) to work on /opt/airflow/dags/train_model_dag.py
[2025-05-11T15:46:35.610+0000] {processor.py:829} INFO - Processing file /opt/airflow/dags/train_model_dag.py for tasks to queue
[2025-05-11T15:46:35.611+0000] {logging_mixin.py:151} INFO - [2025-05-11T15:46:35.610+0000] {dagbag.py:539} INFO - Filling up the DagBag from /opt/airflow/dags/train_model_dag.py
[2025-05-11T15:46:35.637+0000] {processor.py:839} INFO - DAG(s) dict_keys(['model_training_dag']) retrieved from /opt/airflow/dags/train_model_dag.py
[2025-05-11T15:46:35.660+0000] {logging_mixin.py:151} INFO - [2025-05-11T15:46:35.660+0000] {dag.py:2915} INFO - Sync 1 DAGs
[2025-05-11T15:46:35.677+0000] {logging_mixin.py:151} INFO - [2025-05-11T15:46:35.677+0000] {dag.py:3696} INFO - Setting next_dagrun for model_training_dag to 2025-05-11T15:45:00+00:00, run_after=2025-05-11T15:46:00+00:00
[2025-05-11T15:46:35.698+0000] {processor.py:179} INFO - Processing /opt/airflow/dags/train_model_dag.py took 0.093 seconds
[2025-05-11T15:47:05.976+0000] {processor.py:157} INFO - Started process (PID=103) to work on /opt/airflow/dags/train_model_dag.py
[2025-05-11T15:47:05.977+0000] {processor.py:829} INFO - Processing file /opt/airflow/dags/train_model_dag.py for tasks to queue
[2025-05-11T15:47:05.978+0000] {logging_mixin.py:151} INFO - [2025-05-11T15:47:05.978+0000] {dagbag.py:539} INFO - Filling up the DagBag from /opt/airflow/dags/train_model_dag.py
[2025-05-11T15:47:05.996+0000] {processor.py:839} INFO - DAG(s) dict_keys(['model_training_dag']) retrieved from /opt/airflow/dags/train_model_dag.py
[2025-05-11T15:47:06.015+0000] {logging_mixin.py:151} INFO - [2025-05-11T15:47:06.015+0000] {dag.py:2915} INFO - Sync 1 DAGs
[2025-05-11T15:47:06.029+0000] {logging_mixin.py:151} INFO - [2025-05-11T15:47:06.029+0000] {dag.py:3696} INFO - Setting next_dagrun for model_training_dag to 2025-05-11T15:46:00+00:00, run_after=2025-05-11T15:47:00+00:00
[2025-05-11T15:47:06.041+0000] {processor.py:179} INFO - Processing /opt/airflow/dags/train_model_dag.py took 0.070 seconds
[2025-05-11T15:47:36.281+0000] {processor.py:157} INFO - Started process (PID=105) to work on /opt/airflow/dags/train_model_dag.py
[2025-05-11T15:47:36.282+0000] {processor.py:829} INFO - Processing file /opt/airflow/dags/train_model_dag.py for tasks to queue
[2025-05-11T15:47:36.282+0000] {logging_mixin.py:151} INFO - [2025-05-11T15:47:36.282+0000] {dagbag.py:539} INFO - Filling up the DagBag from /opt/airflow/dags/train_model_dag.py
[2025-05-11T15:47:36.296+0000] {processor.py:839} INFO - DAG(s) dict_keys(['model_training_dag']) retrieved from /opt/airflow/dags/train_model_dag.py
[2025-05-11T15:47:36.311+0000] {logging_mixin.py:151} INFO - [2025-05-11T15:47:36.311+0000] {dag.py:2915} INFO - Sync 1 DAGs
[2025-05-11T15:47:36.323+0000] {logging_mixin.py:151} INFO - [2025-05-11T15:47:36.323+0000] {dag.py:3696} INFO - Setting next_dagrun for model_training_dag to 2025-05-11T15:46:00+00:00, run_after=2025-05-11T15:47:00+00:00
[2025-05-11T15:47:36.333+0000] {processor.py:179} INFO - Processing /opt/airflow/dags/train_model_dag.py took 0.054 seconds
[2025-05-11T15:48:06.627+0000] {processor.py:157} INFO - Started process (PID=107) to work on /opt/airflow/dags/train_model_dag.py
[2025-05-11T15:48:06.628+0000] {processor.py:829} INFO - Processing file /opt/airflow/dags/train_model_dag.py for tasks to queue
[2025-05-11T15:48:06.629+0000] {logging_mixin.py:151} INFO - [2025-05-11T15:48:06.629+0000] {dagbag.py:539} INFO - Filling up the DagBag from /opt/airflow/dags/train_model_dag.py
[2025-05-11T15:48:06.646+0000] {processor.py:839} INFO - DAG(s) dict_keys(['model_training_dag']) retrieved from /opt/airflow/dags/train_model_dag.py
[2025-05-11T15:48:06.665+0000] {logging_mixin.py:151} INFO - [2025-05-11T15:48:06.665+0000] {dag.py:2915} INFO - Sync 1 DAGs
[2025-05-11T15:48:06.676+0000] {logging_mixin.py:151} INFO - [2025-05-11T15:48:06.676+0000] {dag.py:3696} INFO - Setting next_dagrun for model_training_dag to 2025-05-11T15:47:00+00:00, run_after=2025-05-11T15:48:00+00:00
[2025-05-11T15:48:06.686+0000] {processor.py:179} INFO - Processing /opt/airflow/dags/train_model_dag.py took 0.064 seconds
[2025-05-11T15:48:36.973+0000] {processor.py:157} INFO - Started process (PID=109) to work on /opt/airflow/dags/train_model_dag.py
[2025-05-11T15:48:36.974+0000] {processor.py:829} INFO - Processing file /opt/airflow/dags/train_model_dag.py for tasks to queue
[2025-05-11T15:48:36.975+0000] {logging_mixin.py:151} INFO - [2025-05-11T15:48:36.975+0000] {dagbag.py:539} INFO - Filling up the DagBag from /opt/airflow/dags/train_model_dag.py
[2025-05-11T15:48:36.992+0000] {processor.py:839} INFO - DAG(s) dict_keys(['model_training_dag']) retrieved from /opt/airflow/dags/train_model_dag.py
[2025-05-11T15:48:37.011+0000] {logging_mixin.py:151} INFO - [2025-05-11T15:48:37.011+0000] {dag.py:2915} INFO - Sync 1 DAGs
[2025-05-11T15:48:37.023+0000] {logging_mixin.py:151} INFO - [2025-05-11T15:48:37.023+0000] {dag.py:3696} INFO - Setting next_dagrun for model_training_dag to 2025-05-11T15:47:00+00:00, run_after=2025-05-11T15:48:00+00:00
[2025-05-11T15:48:37.032+0000] {processor.py:179} INFO - Processing /opt/airflow/dags/train_model_dag.py took 0.063 seconds
[2025-05-11T15:49:07.310+0000] {processor.py:157} INFO - Started process (PID=111) to work on /opt/airflow/dags/train_model_dag.py
[2025-05-11T15:49:07.311+0000] {processor.py:829} INFO - Processing file /opt/airflow/dags/train_model_dag.py for tasks to queue
[2025-05-11T15:49:07.312+0000] {logging_mixin.py:151} INFO - [2025-05-11T15:49:07.312+0000] {dagbag.py:539} INFO - Filling up the DagBag from /opt/airflow/dags/train_model_dag.py
[2025-05-11T15:49:07.331+0000] {processor.py:839} INFO - DAG(s) dict_keys(['model_training_dag']) retrieved from /opt/airflow/dags/train_model_dag.py
[2025-05-11T15:49:07.350+0000] {logging_mixin.py:151} INFO - [2025-05-11T15:49:07.350+0000] {dag.py:2915} INFO - Sync 1 DAGs
[2025-05-11T15:49:07.360+0000] {logging_mixin.py:151} INFO - [2025-05-11T15:49:07.360+0000] {dag.py:3696} INFO - Setting next_dagrun for model_training_dag to 2025-05-11T15:48:00+00:00, run_after=2025-05-11T15:49:00+00:00
[2025-05-11T15:49:07.370+0000] {processor.py:179} INFO - Processing /opt/airflow/dags/train_model_dag.py took 0.064 seconds
[2025-05-11T15:49:37.668+0000] {processor.py:157} INFO - Started process (PID=113) to work on /opt/airflow/dags/train_model_dag.py
[2025-05-11T15:49:37.670+0000] {processor.py:829} INFO - Processing file /opt/airflow/dags/train_model_dag.py for tasks to queue
[2025-05-11T15:49:37.671+0000] {logging_mixin.py:151} INFO - [2025-05-11T15:49:37.670+0000] {dagbag.py:539} INFO - Filling up the DagBag from /opt/airflow/dags/train_model_dag.py
[2025-05-11T15:49:37.694+0000] {processor.py:839} INFO - DAG(s) dict_keys(['model_training_dag']) retrieved from /opt/airflow/dags/train_model_dag.py
[2025-05-11T15:49:37.726+0000] {logging_mixin.py:151} INFO - [2025-05-11T15:49:37.726+0000] {dag.py:2915} INFO - Sync 1 DAGs
[2025-05-11T15:49:37.740+0000] {logging_mixin.py:151} INFO - [2025-05-11T15:49:37.740+0000] {dag.py:3696} INFO - Setting next_dagrun for model_training_dag to 2025-05-11T15:48:00+00:00, run_after=2025-05-11T15:49:00+00:00
[2025-05-11T15:49:37.753+0000] {processor.py:179} INFO - Processing /opt/airflow/dags/train_model_dag.py took 0.091 seconds
[2025-05-11T15:50:08.010+0000] {processor.py:157} INFO - Started process (PID=115) to work on /opt/airflow/dags/train_model_dag.py
[2025-05-11T15:50:08.010+0000] {processor.py:829} INFO - Processing file /opt/airflow/dags/train_model_dag.py for tasks to queue
[2025-05-11T15:50:08.011+0000] {logging_mixin.py:151} INFO - [2025-05-11T15:50:08.011+0000] {dagbag.py:539} INFO - Filling up the DagBag from /opt/airflow/dags/train_model_dag.py
[2025-05-11T15:50:08.021+0000] {processor.py:839} INFO - DAG(s) dict_keys(['model_training_dag']) retrieved from /opt/airflow/dags/train_model_dag.py
[2025-05-11T15:50:08.036+0000] {logging_mixin.py:151} INFO - [2025-05-11T15:50:08.036+0000] {dag.py:2915} INFO - Sync 1 DAGs
[2025-05-11T15:50:08.047+0000] {logging_mixin.py:151} INFO - [2025-05-11T15:50:08.047+0000] {dag.py:3696} INFO - Setting next_dagrun for model_training_dag to 2025-05-11T15:49:00+00:00, run_after=2025-05-11T15:50:00+00:00
[2025-05-11T15:50:08.059+0000] {processor.py:179} INFO - Processing /opt/airflow/dags/train_model_dag.py took 0.051 seconds
